{"type":"Topology","objects":{"type":"GeometryCollection","geometries":[{"type":"Polygon","properties":{"NAME_1":"Anantapur","ST_NM":"Andhra Pradesh","ST_CEN_CD":28,"DT_CEN_CD":22,"CENSUSCODE":553,"iso_a2":"IN_AP_AN"},"arcs":[[0,1,2,3]]},{"type":"Polygon","properties":{"NAME_1":"Chittoor","ST_NM":"Andhra Pradesh","ST_CEN_CD":28,"DT_CEN_CD":23,"CENSUSCODE":554,"iso_a2":"IN_AP_CH"},"arcs":[[-2,4,5,6],[7]]},{"type":"Polygon","properties":{"NAME_1":"Cudappah","ST_NM":"Andhra Pradesh","ST_CEN_CD":28,"DT_CEN_CD":20,"CENSUSCODE":551,"iso_a2":"IN_AP_CU"},"arcs":[[8,-5,-1,9,10]]},{"type":"Polygon","properties":{"NAME_1":"East Godavari","ST_NM":"Andhra Pradesh","ST_CEN_CD":28,"DT_CEN_CD":14,"CENSUSCODE":545,"iso_a2":"IN_AP_EG"},"arcs":[[11,12,13,14],[15]]},{"type":"Polygon","properties":{"NAME_1":"Guntur","ST_NM":"Andhra Pradesh","ST_CEN_CD":28,"DT_CEN_CD":17,"CENSUSCODE":548,"iso_a2":"IN_AP_GU"},"arcs":[[16,17,18,19]]},{"type":"MultiPolygon","properties":{"NAME_1":"Krishna","ST_NM":"Andhra Pradesh","ST_CEN_CD":28,"DT_CEN_CD":16,"CENSUSCODE":547,"iso_a2":"IN_AP_KR"},"arcs":[[[20,21,-20,22]],[[23]]]},{"type":"Polygon","properties":{"NAME_1":"Kurnool","ST_NM":"Andhra Pradesh","ST_CEN_CD":28,"DT_CEN_CD":21,"CENSUSCODE":552,"iso_a2":"IN_AP_KU"},"arcs":[[24,-10,-4,25]]},{"type":"Polygon","properties":{"NAME_1":"Sri Potti Sriramulu Nellore","ST_NM":"Andhra Pradesh","ST_CEN_CD":28,"DT_CEN_CD":19,"CENSUSCODE":550,"iso_a2":"IN_AP_NE"},"arcs":[[26,-6,-9,27]]},{"type":"Polygon","properties":{"NAME_1":"Prakasam","ST_NM":"Andhra Pradesh","ST_CEN_CD":28,"DT_CEN_CD":18,"CENSUSCODE":549,"iso_a2":"IN_AP_PR"},"arcs":[[28,-28,-11,-25,29,-18]]},{"type":"Polygon","properties":{"NAME_1":"Srikakulam","ST_NM":"Andhra Pradesh","ST_CEN_CD":28,"DT_CEN_CD":11,"CENSUSCODE":542,"iso_a2":"IN_AP_SR"},"arcs":[[30,31]]},{"type":"Polygon","properties":{"NAME_1":"Visakhapatnam","ST_NM":"Andhra Pradesh","ST_CEN_CD":28,"DT_CEN_CD":13,"CENSUSCODE":544,"iso_a2":"IN_AP_VS"},"arcs":[[32,33,-15,34]]},{"type":"Polygon","properties":{"NAME_1":"Vizianagaram","ST_NM":"Andhra Pradesh","ST_CEN_CD":28,"DT_CEN_CD":12,"CENSUSCODE":543,"iso_a2":"IN_AP_VZ"},"arcs":[[-31,35,-33,36]]},{"type":"Polygon","properties":{"NAME_1":"West Godavari","ST_NM":"Andhra Pradesh","ST_CEN_CD":28,"DT_CEN_CD":15,"CENSUSCODE":546,"iso_a2":"IN_AP_WG"},"arcs":[[37,-21,38,-13]]}]},"arcs":[[[1727,3550],[0,-8],[-8,-6],[-15,-4],[-8,-10],[-24,-83],[0,-19],[10,-5],[11,-2],[0,-15],[-7,-31],[-7,-9],[-16,6],[-7,4],[-5,-8],[-5,-15],[-6,-13],[-9,-18],[-8,-12],[-5,-10],[17,-18],[8,-10],[11,-4],[1,-10],[-2,-12],[-11,-20],[-2,-11],[9,-1],[12,2],[8,-2],[8,-6],[3,-8],[1,-13],[6,0],[7,-13],[8,0],[9,5],[11,-5],[5,-15],[-4,-24],[-4,-10],[0,-25],[-3,-7],[-7,-10],[6,-9],[-8,-6],[-21,7],[-8,-1],[-9,-5],[-4,-9],[-8,-27],[-6,-14],[-6,-21],[-8,-10],[-10,-5],[-11,-8],[-2,-8],[0,-17],[-8,-14],[-11,-2],[-13,3],[-6,3],[-29,-2],[-2,1],[-7,-1],[-6,1],[-4,8],[0,22],[-12,18],[-6,6],[-4,12],[-4,-7],[-4,-5],[-7,-3],[-9,-11],[7,-10],[12,-6],[10,-13],[5,-11],[6,-7],[-5,-8],[2,-9],[9,-12],[9,-12],[4,-5],[2,-7],[4,-4],[18,-15],[12,-13],[17,-25],[17,-11],[13,-14],[60,-59],[38,-41],[14,-13],[34,-20],[18,-7],[18,-13],[13,-7],[11,-17],[11,-14],[13,-11],[14,-5],[10,-1],[28,-10],[13,-10],[26,-10],[17,-4],[41,-3],[36,-5],[11,-3],[29,-4],[-3,-17],[-12,-49],[-5,-43],[7,-8],[10,-2],[4,7],[9,-12],[-1,-12],[-8,-23],[-1,-14],[3,-17],[6,-11],[25,-18],[15,-35],[0,-14],[-4,-12],[-9,-10],[-8,0],[-1,-12],[4,-9],[2,-12],[-3,-19],[-5,-10],[-4,-31],[1,-9],[10,-9],[19,-5],[6,-4],[-7,-16],[0,-10]],[[2129,2096],[-11,-12],[-21,-8],[-10,-2],[-6,-3],[-5,-12],[-8,-11],[-22,-15],[-15,-18],[-5,-1],[-9,3],[-3,6],[0,8],[-2,5],[-8,-6],[-21,-23],[-13,1],[-3,-14],[-4,-12],[-3,-2],[-10,2],[-11,-6],[-8,-9],[-5,-4],[-4,-6],[-4,-15],[-4,-3],[-6,3],[-7,4],[-10,-1],[3,-5],[-3,-8],[0,-6],[-2,-7],[-5,-6],[-2,-9],[-3,-5],[0,-10],[-6,-2],[-3,-4],[-16,-6],[-2,-6],[7,-11],[6,-10],[1,-9],[-1,-15],[2,-16],[4,-6],[4,-9],[-6,-8],[-20,-13],[-15,-5],[-9,2],[-19,2],[-6,4],[-16,3],[-27,-5],[-12,3],[-17,-6],[-12,2],[-10,4]],[[1706,1778],[-4,16],[-7,16],[-2,8],[12,28],[-5,29],[-9,20],[-11,-2],[-11,4],[-17,0],[-5,26],[-4,3],[-9,4],[-7,4],[-8,8],[-9,3],[2,-20],[0,-15],[-2,-9],[-5,-8],[-27,3],[-7,3],[-7,8],[-17,1],[-7,-1],[-4,-8],[-1,-12],[-14,-34],[-6,-10],[-26,0],[4,7],[0,7],[-3,16],[-5,48],[1,14],[9,6],[28,7],[8,7],[-5,18],[0,11],[-1,11],[0,7],[5,21],[1,15],[-15,4],[-6,-1],[-8,-12],[-1,-7],[-5,-14],[-2,-2],[-4,2],[-9,-5],[-4,-11],[-7,-14],[-12,-15],[-11,-2],[-7,3],[-7,4],[-5,9],[-8,5],[-3,10],[1,15],[-1,5],[-31,-6],[-11,0],[-10,2],[-20,-2],[-10,5],[-4,7],[-6,-6],[-7,-13],[-2,-8],[0,-13],[1,-8],[5,-13],[4,-6],[8,-3],[5,-14],[3,-13],[-10,-8],[11,-8],[-22,-13],[-3,-9],[-7,-9],[-10,0],[-10,-1],[-13,-6],[-3,-7],[5,-11],[3,-7],[0,-5],[-2,-5],[-12,-7],[-17,-2],[-9,-2],[-9,-3],[-9,-1],[-7,-3],[-12,-13],[-7,-4],[3,-11],[-3,-13],[2,-21],[-2,-15],[1,-7],[-3,-13],[-3,-8],[-2,2],[-6,-5],[-9,47],[-13,-5],[-8,-4],[-13,-5],[-6,0],[8,15],[2,12],[-1,11],[-8,-2],[-10,1],[-9,-1],[-43,-24],[-5,-8],[3,-13],[26,-8],[4,-9],[-4,-4],[-7,-4],[-9,-4],[-7,1],[-14,22],[-11,1],[-11,-10],[-6,-10],[-10,-6],[-9,5],[-13,-20],[-10,6],[-4,12],[-4,10],[-3,13],[-13,4],[-12,-4],[-6,-10],[10,-9],[5,-9],[1,-9],[0,-19],[-2,-15],[-5,-14],[-12,-3],[-5,4],[-2,6],[0,12],[-5,6],[-19,4],[-10,-6],[4,-6],[1,-11],[2,-8],[-3,-11],[-8,-3],[-33,-3],[-7,31],[2,7],[9,6],[5,13],[1,16],[0,11],[2,5],[4,15],[-1,8],[-4,1],[-6,43],[-2,4],[-2,8],[2,9],[6,8],[-2,5],[-11,3],[-8,0],[-6,-4],[-9,-17],[-11,1],[-4,3],[4,7],[-1,6],[-5,1],[-4,-2],[-4,1],[-1,5],[7,7],[-1,7],[3,5],[12,18],[2,4],[-2,9],[-7,-3],[-19,-3],[-6,1],[-12,1],[-11,-3],[-10,1],[0,10],[-7,8],[-10,3],[-9,-2],[-6,-7],[-9,-7],[-7,-8],[-9,-8],[-9,2],[-5,21],[-7,18],[-4,9],[-14,-6],[-8,-5],[-5,-6],[-4,-8],[-9,3],[-24,-5],[-7,0],[3,25],[-12,6],[-3,9],[-2,12],[-1,12],[4,11],[-2,8],[-8,1],[-11,1],[-4,-10],[-1,-11],[-5,-19],[-7,-12],[-4,-1],[1,27],[-5,4],[-3,-9],[-2,-13],[-5,-11],[-5,-5],[-18,6],[-5,2],[4,15],[2,11],[0,7],[2,12],[1,16],[0,14],[-6,10],[-9,-1],[-13,-12],[-5,-13],[2,-13],[6,-14],[0,-9],[4,-16],[-3,-14],[-18,4],[-11,-1],[-12,-14],[-8,-1],[2,-9],[19,-8],[7,-5],[2,-9],[13,-5],[5,-7],[0,-8],[-7,-7],[-1,-6],[1,-5],[-3,-5],[2,-4],[1,-7],[3,-10],[7,-10],[6,-7],[3,-5],[-2,-17],[-4,-10],[-11,0],[-14,0],[-11,1],[-5,-4],[-13,-3],[-16,6],[-19,9],[-12,-4],[-1,-5],[-6,-2],[-1,-11],[1,-14],[-11,2],[-14,1],[-7,8],[-9,18],[-16,20],[-11,3],[-8,-2],[-2,-13],[-5,-21],[-3,-23],[-12,6],[-10,7],[-2,2],[-1,4],[0,7],[-2,5],[-1,11],[-4,10],[-2,15],[-4,14],[4,4],[1,7],[-2,17],[-5,5],[-14,4],[0,7],[4,6],[6,4],[9,10],[3,18],[5,0],[5,-1],[15,17],[1,6],[1,14],[6,2],[0,4],[-1,7],[6,25],[1,8],[13,6],[17,1],[-7,43],[-22,14],[-5,7],[-8,12],[-11,4],[-5,4],[-1,1],[-7,5],[2,21],[1,8],[4,9],[-12,9],[-9,10],[-3,4],[-14,8],[-20,7],[-4,6],[-3,8],[-2,7],[-12,4],[3,27],[5,11],[7,-1],[8,1],[27,7],[3,8],[1,12],[-3,4],[0,12],[-5,6],[-10,5],[-11,3],[-6,0],[2,9],[0,8],[-2,10],[-5,14],[-7,5],[-13,18],[-5,3],[-7,-7],[-6,-4],[-17,8],[-10,1],[-9,5],[4,8],[3,22],[3,13],[6,4],[26,-6],[7,8],[18,4],[3,3],[2,16],[-3,13],[3,4],[3,-2],[7,-6],[6,-5],[6,-8],[9,-2],[8,0],[7,-2],[10,-1],[11,2],[14,2],[10,-3],[7,0],[2,-7],[0,-6],[-6,-18],[-2,-31],[-1,-7],[7,-4],[1,-4],[-5,-7],[1,-9],[-1,-9],[-10,-12],[3,-9],[5,-5],[12,-9],[1,-9],[-6,-24],[4,-13],[6,-2],[8,0],[11,0],[10,-3],[22,-4],[1,-12],[9,-2],[17,1],[8,3],[9,0],[8,3],[13,0],[5,-12],[4,-24],[8,-14],[-2,-8],[2,-9],[7,-2],[6,-5],[3,-3],[9,-2],[5,5],[6,6],[-2,13],[13,4],[29,-9],[16,3],[14,5],[11,0],[19,-3],[16,23],[11,8],[9,3],[3,-19],[-2,-12],[8,-2],[8,7],[9,5],[7,13],[7,6],[12,-3],[4,-5],[1,-10],[4,-9],[5,-6],[7,-16],[0,-2],[1,-5],[4,-3],[15,-4],[10,-5],[-1,-9],[-8,-24],[1,-8],[-5,-7],[23,-8],[1,-5],[-12,-21],[-13,-25],[1,-10],[3,-4],[3,-10],[13,-1],[40,3],[2,-27],[5,1],[1,0],[15,12],[13,10],[8,11],[2,11],[-6,4],[-15,4],[-2,10],[-1,23],[18,4],[8,7],[0,20],[3,8],[-1,11],[-5,6],[-8,6],[-12,0],[-30,-5],[-14,-7],[-3,10],[0,9],[9,18],[4,21],[-10,8],[-16,5],[-16,1],[-7,4],[-23,6],[7,26],[4,12],[4,9],[15,-1],[11,9],[3,11],[14,9],[9,28],[8,5],[12,15],[1,11],[-2,6],[-6,6],[-12,-3],[-9,-6],[-18,-6],[-8,-5],[-5,-9],[-5,-5],[3,22],[0,11],[1,10],[9,-1],[13,5],[14,4],[3,13],[5,15],[8,8],[1,18],[9,2],[16,5],[8,0],[9,-7],[38,-3],[12,2],[31,-17],[15,-3],[3,9],[5,11],[5,12],[-2,8],[-6,5],[-4,19],[-2,18],[-8,14],[0,9],[-4,12],[8,19],[3,14],[1,17],[-4,17],[-5,-1],[-10,7],[-6,14],[-1,-2],[-13,-6],[-17,-11],[-14,8],[-2,20],[0,29],[-18,-7],[-2,24],[-7,2],[-14,7],[-18,4],[-12,-7],[-8,-12],[-6,-18],[1,-15],[8,-19],[5,-16],[-1,-10],[7,-7],[14,-1],[4,-18],[2,-19],[4,-20],[7,-9],[1,-8],[-1,-14],[-30,-19],[-9,2],[-4,16],[1,12],[-6,10],[-15,10],[-11,10],[4,21],[-1,25],[1,14],[-7,2],[-13,0],[-28,4],[-17,1],[-15,4],[-12,-3],[-7,2],[2,22],[1,18],[-2,44],[-9,1],[-8,-7],[-12,-2],[-8,-8],[-8,-9],[-16,-5],[-11,5],[-17,-3],[-17,2],[-21,19],[-3,0],[-6,6],[-10,0],[-6,9],[-9,2],[-7,-8],[-8,6],[-6,-4],[-4,-5],[0,-10],[-2,-16],[-6,-18],[-11,-16],[-6,-6],[-2,-19],[-5,-20],[11,-8],[-5,-12],[2,-13],[-3,-13],[-1,-16],[-6,-12],[-12,-6],[-13,-1],[-12,1],[-10,13],[-9,9],[-6,13],[-7,11],[-12,2],[-9,-1],[-11,-6],[-15,-2],[-10,-5],[-12,6],[-3,-4],[-4,5],[-8,3],[-9,-2],[-7,-3],[-11,1],[-12,-3],[-10,4],[-7,5],[-3,14],[-3,7],[-9,17],[-2,11],[14,7],[10,8],[6,8],[2,11],[-4,10],[-5,7],[-8,5],[-17,2],[-8,4],[-13,4],[-9,6],[-17,31],[-8,11],[-1,7],[6,60],[4,3],[7,1],[6,2],[5,6],[15,23],[8,-3],[22,-15],[6,-3],[3,6],[1,8],[-1,25],[-2,22],[2,8],[18,1],[8,10],[12,28],[-1,12],[-6,1],[-16,1],[-13,4],[-49,3],[-15,-5],[-11,-8],[-7,-8],[-12,-3],[-8,9],[-5,19],[-8,18],[-12,16],[-15,9],[-5,11],[-1,1],[-10,-4],[-11,5],[-7,2],[-7,4],[-6,20],[-11,19],[-2,13],[-8,27],[-2,17],[-3,0],[-2,-5],[-15,14],[0,9],[3,15],[8,67],[2,27],[13,26],[5,25],[16,42],[-4,10],[-9,16],[-2,16],[-6,19],[-1,7],[38,4],[7,1],[1,5],[4,1],[7,1],[6,-4],[3,1],[2,23],[3,6],[12,-3],[2,3],[1,12],[-1,4],[-5,2],[-2,13],[-3,6],[-1,3],[6,5],[6,8],[6,35],[-3,1],[-1,16],[-3,11],[-7,2],[1,8],[3,6],[18,1],[3,16],[1,16],[-1,5],[3,34],[-2,27],[1,13],[-30,-4],[-6,-3],[-4,-9],[-6,-4],[-5,4],[-5,9],[-6,7],[-23,-1],[-31,8],[-10,2],[-3,8],[-4,7],[-2,5],[3,3],[4,7],[3,-1],[2,3],[2,7],[2,8],[12,8],[6,17],[-3,10],[-1,16],[-7,15],[-5,16],[-1,6],[2,10],[4,7],[-2,3],[3,3],[3,-3],[7,7],[-3,4],[3,3],[4,0],[12,16],[19,-16],[11,-9],[11,0],[10,-3],[7,-10],[22,-14],[4,-10],[7,-10],[9,-23],[15,5],[9,0],[12,-4],[10,3],[7,-4],[16,-3],[14,1],[10,-4],[20,-17],[18,-5],[3,16],[15,5],[4,5],[2,4],[11,0],[17,-3],[18,0],[12,2],[2,-8],[-3,-12],[-6,-16],[12,-2],[13,-4],[9,-1],[13,-1],[2,12],[2,22],[8,1],[3,7],[14,0],[9,1],[3,15],[6,3],[3,16],[3,7],[5,20],[3,39],[15,9],[10,12],[8,20],[-2,17]],[[495,3843],[5,12],[20,-5],[6,1],[7,19],[6,2],[3,0],[3,4],[8,-2],[14,-6],[0,-3],[8,-3],[1,-4],[8,-4],[13,-2],[17,0],[10,-2],[6,-1],[6,-6],[2,-11],[9,1],[19,0],[6,18],[4,16],[10,0],[13,34],[24,0],[15,1],[3,27],[3,4],[0,6],[3,1],[2,7],[7,25],[9,-2],[16,-6],[13,0],[11,2],[5,7],[20,0],[9,-4],[2,-6],[2,-11],[21,-6],[-6,10],[4,3],[2,10],[21,-9],[12,-7],[6,-2],[3,5],[15,5],[2,6],[6,3],[27,4],[5,-3],[16,-18],[7,-4],[11,-3],[10,-4],[9,-5],[12,-16],[6,-6],[12,-4],[19,0],[6,34],[24,3],[6,23],[4,1],[9,4],[1,8],[13,3],[8,0],[9,-3],[3,-6],[1,-10],[7,-9],[6,-1],[2,-6],[6,-2],[4,-6],[1,-5],[-3,-7],[-2,-20],[5,-4],[11,2],[5,5],[5,-9],[5,-11],[14,-3],[1,-31],[19,-10],[3,-22],[30,-9],[-2,-16],[7,-2],[5,-2],[5,-2],[4,-4],[5,-2],[7,16],[5,6],[9,7],[4,4],[1,12],[5,11],[6,0],[21,3],[3,-18],[8,-2],[9,6],[25,1],[6,14],[9,49],[8,2],[11,0],[13,-5],[9,-5],[0,-5],[3,-5],[2,-8],[-4,-10],[5,-2],[0,-2],[-14,-13],[-3,-8],[5,-8],[0,-2],[-9,0],[-1,-8],[6,-2],[5,-4],[23,-13],[37,-13],[3,18],[2,15],[9,20],[20,-1],[7,-2],[2,-5],[13,-13],[10,-6],[9,-8],[0,-18],[0,-12],[-4,-10],[-9,-17],[-7,-5],[-8,-2],[-3,0],[-7,4],[-1,-9],[5,-6],[-3,-2],[-2,-20],[2,-7],[6,-3],[6,11],[11,10],[3,-5],[1,-8],[3,-37],[5,-10],[15,-17],[12,-12],[20,-8],[37,-20],[6,-8],[10,-11],[27,-4],[20,-15],[4,-13],[-1,-4]],[[2129,2096],[3,-6],[4,-5],[3,-8],[-6,-21],[1,-13],[5,-10],[15,-10],[7,-11],[6,0],[5,9],[5,13],[5,9],[13,9],[4,10],[24,18],[6,10],[24,-2],[8,-5],[7,-3],[8,-1],[-4,-13],[-4,-9],[-6,-9],[23,-9],[10,2],[-4,-12],[-6,-34],[-3,-16],[0,-10],[12,0],[13,0],[22,-7],[12,0],[2,-5],[20,7],[5,-2],[-1,-11],[-15,-17],[0,-12],[-3,-10],[4,-8],[16,-1],[18,2],[18,2],[15,3],[9,6],[2,13],[9,4],[12,-2],[9,-8],[9,-10],[3,-7],[5,-3],[7,-14],[0,-8],[3,-10],[7,-15],[10,-12],[7,-2],[8,0],[6,4],[1,11],[5,19],[-2,13],[-5,9],[1,4],[20,18],[13,4],[62,8],[12,11],[16,5],[23,-3],[29,3],[16,-2],[5,-13],[13,-4],[12,3],[16,0],[9,2],[5,2],[6,15],[2,14],[4,1],[7,-1],[8,-2],[4,-6],[22,-10],[1,-13],[3,-2],[20,-4],[17,-7],[7,-2],[9,1],[10,-2],[8,-4],[5,-10],[12,-31],[12,-1],[15,1],[12,5],[23,13],[5,-7],[38,-34],[35,-29],[7,-6],[-8,-6],[-12,-2],[-10,-9],[-3,-9],[4,-5],[7,-10],[20,-17],[5,-9],[3,-8],[5,-7],[7,-5],[6,-1],[9,10],[15,-2],[39,3],[8,-4],[8,-17],[5,-24],[8,-10],[51,27],[37,23],[9,4],[8,-1],[20,2],[10,2],[3,13],[1,16],[5,4],[15,-5],[14,-1],[8,3],[7,7],[7,10],[6,5],[-7,3],[-8,6],[-8,40],[-5,17],[-15,33],[-3,14],[2,13],[9,18]],[[3351,1936],[8,4],[29,7],[5,14],[4,6],[27,0],[33,6],[17,0],[14,-2],[44,10],[10,-6],[0,-23],[-1,-16],[2,-2],[13,-3],[17,-2],[5,-13],[1,-10],[-2,-9],[-6,-7],[-6,-2],[-5,-6],[5,-8],[14,-11],[10,2],[13,-6],[13,-4],[18,-3],[2,11],[0,25],[3,14],[2,15],[-3,8],[-2,11],[4,17],[4,11],[4,23],[5,-3],[9,-10],[22,-9],[20,-4],[6,-7],[3,-18],[-4,-34],[4,-12],[14,-6],[24,-8],[10,-1],[4,11],[3,10],[8,0],[6,15],[-3,9],[2,17],[0,10],[-1,9],[4,12],[15,16],[6,4],[6,1],[4,-23],[3,-7],[9,-7],[4,-8],[2,-14],[5,-5],[5,-11],[-1,-12],[2,-9],[5,-9],[5,-2],[8,7],[6,11],[5,6],[11,-2],[9,-5],[7,-15],[2,-12],[-2,-9],[-2,-16],[0,-12],[-3,-28],[-3,-14],[0,-18],[-5,-12],[-6,-6],[-6,-4],[-5,1],[-5,-2],[-3,-3],[-1,-12],[8,-5],[4,-10],[-1,-11],[5,-7],[3,-10],[-1,-16],[2,-11],[4,-9],[12,-3],[6,-6],[10,-1],[16,1],[5,4],[11,0],[37,6],[12,-2],[2,-10],[11,-9],[6,-7],[1,-3],[-7,-13],[-7,-9],[-3,-10],[9,-22],[6,-9],[10,-3],[12,4],[12,-5],[2,-1],[2,-9],[1,-20],[2,-7],[8,-10],[0,-7],[7,0],[2,-12],[-4,-7],[11,0],[-1,-28],[18,2],[4,-3],[1,-2],[5,-1],[7,-25],[-7,-6],[-7,-2],[1,-26]],[[4097,1397],[-15,2],[-4,5],[-8,6],[-17,-4],[-6,-4],[0,-12],[0,-9],[1,-5],[13,4],[7,4],[3,-10],[6,-7],[7,-3],[8,3],[9,-3],[5,-4],[1,-10],[-2,-13],[-14,4],[-7,-1],[-16,2],[-1,-2],[-5,-4],[-13,-7],[-15,-11],[-7,-7],[-1,-6],[-2,-7],[-2,-3],[-1,-1],[-8,-8],[0,-10],[1,-6],[-2,-20],[2,-14],[-5,-8],[-10,-7],[-8,4],[-11,-2],[-4,-8],[4,-21],[0,-9],[18,-4],[4,-12],[-6,-11],[-11,3],[1,-12],[0,-5],[-14,-22],[-5,-12],[-10,8],[-8,4],[-6,-7],[-3,-9],[-8,-6],[-7,-7],[-7,-5],[-7,-1],[-7,-5],[-5,-9],[-7,-1],[-8,4],[-4,-8],[-5,-7],[-16,-1],[-2,0],[-8,-2],[-8,1],[-20,4],[-10,-1],[-7,-9],[-3,-11],[-6,-10],[-10,-4],[-7,4],[-7,7],[-18,20],[-4,-6],[-1,-12],[-5,-17],[-5,-5],[-15,-2],[-11,-5],[1,-9],[22,-18],[8,-9],[9,-7],[28,-14],[10,-10],[2,-7],[-2,-8],[-7,-1],[-5,0],[-8,-6],[-5,-7],[-7,-5],[-7,-1],[-10,-15],[-7,5],[-1,11],[-5,7],[-2,7],[-7,4],[-5,7],[-5,1],[-4,-13],[-5,-6],[-7,-2],[-8,-10],[-9,8],[-4,-1],[1,6],[8,19],[0,16],[-5,7],[-10,-7],[-4,-9],[-10,2],[-2,10],[3,17],[13,15],[-3,13],[-3,6],[-14,19],[-3,-13],[-4,-8],[-7,1],[-5,9],[-6,-2],[-6,0],[-6,4],[-8,-4],[-2,-8],[-1,-11],[-7,2],[-4,-5],[-7,2],[-6,6],[-7,5],[-5,0],[-8,-7],[-7,-4],[-3,-11],[-1,-9],[-7,-3],[-12,3],[-7,3],[-13,15],[-7,12],[-3,11],[-7,7],[-2,17],[-1,17],[-4,15],[-16,8],[-16,-2],[-15,0],[-13,2],[-10,8],[-31,4],[-32,-1],[-15,-3],[-20,-9],[-33,-20],[14,-12],[16,-9],[8,-5],[21,2],[4,-9],[-8,-10],[-1,-8],[1,-4],[-8,-14],[-4,-16],[-2,-14],[3,-15],[-1,-13],[2,-11],[8,0],[1,9],[11,7],[12,11],[8,-1],[4,-11],[0,-8],[-30,-13],[2,-7],[0,-7],[-2,-9],[3,-9],[-4,-4],[-10,2],[-19,0],[-6,-3],[-11,1],[-7,-4],[-12,-9],[2,-12],[-4,-4],[-3,-8],[-5,-7],[-8,8],[-8,3],[-1,-14],[1,-16],[-2,-5],[0,-8],[10,-8],[-5,-7],[-8,-3],[-8,0],[-3,6],[-6,-9],[-17,-3],[-6,-9],[-3,-10],[1,-11],[-3,-4],[-13,0],[1,27],[-13,5],[-4,7],[-9,-5],[-5,2],[-1,9],[-2,17],[-5,5],[-8,-1],[-6,-6],[-4,7],[-2,8],[-5,2],[-4,-10],[-1,-12],[-8,-10],[-5,1],[-8,11],[-10,1],[-5,-12],[5,-11],[5,-7],[-5,-8],[0,-10],[-5,-11],[-9,-8],[-6,-2],[-11,-1],[-6,-8],[-2,-11],[-5,-6],[-3,-9],[-2,-11],[-12,-11],[6,-5],[-3,-9],[6,-8],[0,-8],[0,-5],[-3,-7],[-2,-9],[-3,-6],[-11,-6],[-11,-7],[-14,4],[-13,11],[-15,8],[-18,3],[-27,-18],[-18,2],[-10,11],[-9,11],[0,15],[-12,9],[-13,2],[-10,6],[-4,11],[-14,2],[-14,0],[-6,8],[-9,14],[-8,6],[-3,0],[-10,-2],[-8,-3],[-2,-2],[-5,-10],[-5,0],[-7,1],[-5,-4],[-11,10],[-9,-6],[-19,3],[-3,-7],[-2,-11],[-2,-9],[-10,3],[-9,-26],[6,-5],[7,-1],[17,2],[3,-6],[9,-8],[2,-3],[-5,-4],[-2,5],[-9,2],[-32,-5],[-11,-1],[-3,9],[2,29],[-1,38],[4,19],[-9,7],[-7,1],[-7,-4],[-5,-7],[-3,-13],[-18,0],[-15,-3],[-24,8],[-6,5],[-9,-4],[-9,-9],[-9,-11],[-4,-9],[-7,-5],[-29,-9],[-11,-3],[-8,0],[-9,8],[-8,3],[-29,5],[-2,-18],[-6,-48],[-3,-13],[-18,7],[-14,3],[-21,11],[-3,-3],[-5,-13],[-4,-9],[-6,-7],[-11,-11],[-10,-11],[-8,-6],[8,-7],[22,-30],[-11,-2],[8,-23],[14,-29],[-11,-5],[-9,0],[-6,5],[-1,-8],[-7,-18],[-5,-14],[-4,-7],[-8,-22],[-1,-12],[0,-13],[-17,-29],[3,-9],[3,-26],[2,-7],[-12,-10],[3,-10],[-1,-9],[-9,-10],[1,-14],[-1,-9],[-3,-5],[-18,-13],[2,-10],[-7,0],[-4,-1],[-5,-8],[-4,1],[-6,-2],[-1,-3],[6,-8],[-6,-15],[7,-4],[4,0],[-2,-9],[-5,-8],[-4,-12],[5,-10],[4,-5],[-1,-4],[-5,1],[-3,-4],[3,-5],[0,-6],[-4,-2],[-4,1],[-13,-7],[-4,-2],[-4,1],[-6,11],[-2,8],[3,8],[6,-4],[3,4],[-2,6],[-13,3],[0,5],[-4,2],[-2,21],[-2,-3],[-3,-10],[-4,0],[-1,8],[-2,5],[-5,4],[-4,9],[-7,3],[-5,4],[-6,-7],[6,-11],[8,-9],[3,-9],[20,-9],[1,-5],[0,-5],[-7,-1],[-1,-7],[-7,8],[-4,8],[-2,-1],[1,-8],[-1,-7],[-7,-1],[-2,-3],[4,-6],[5,-2],[0,-7],[5,-3],[0,-4],[-4,-3],[-1,-7],[-6,-10],[-18,-6],[-21,4],[3,-36],[4,-5],[-1,-4],[-4,-2],[1,-17],[0,-4],[-6,-8],[-4,5],[-5,1],[-10,1],[-19,-3],[-8,9],[-7,-4],[-7,-1],[-9,-7],[-3,1],[-14,0],[-15,-1],[-7,-2],[-10,5],[-15,13],[-12,13],[-12,9],[-9,-1],[-17,19],[-17,6],[-6,-2],[-2,6],[-2,2],[-4,15],[-21,30],[-3,7],[-32,1],[-8,2],[-7,-7],[-1,-14],[2,-10],[-35,3],[-6,6],[-7,2],[0,4],[11,8],[1,2],[-6,8],[2,2],[5,-1],[4,5],[8,0],[5,5],[8,1],[9,18],[2,8],[-12,41],[2,8],[5,4],[6,11],[7,39],[6,24],[2,14],[-1,53],[4,6],[6,-2],[6,0],[5,9],[6,1],[10,-9],[6,-2],[35,-3],[3,14],[-2,14],[8,0],[14,-4],[1,8],[6,9],[-6,3],[-2,-7],[-6,1],[-7,3],[-1,4],[4,5],[-1,5],[1,8],[4,6],[7,-4],[7,-1],[13,27],[0,10],[0,4],[8,3],[-5,6],[1,5],[5,5],[20,-25],[9,-15],[13,-10],[6,0],[2,1],[4,14],[14,-14],[4,-7],[11,-1],[7,-3],[10,7],[0,7],[2,6],[12,-2],[-1,-18],[4,-4],[0,-10],[10,-7],[8,-14],[-1,-15],[3,-4],[3,19],[2,21],[-3,20],[-9,6],[-8,11],[-2,3],[-8,4],[-11,13],[-4,1],[-7,4],[-3,-4],[-1,-6],[-5,-11],[-3,2],[0,11],[-6,14],[-2,13],[3,4],[9,4],[1,4],[-4,5],[1,5],[5,-3],[4,-1],[4,3],[1,2],[9,4],[-5,6],[-1,5],[-1,8],[1,9],[4,2],[10,-2],[30,-8],[0,11],[2,8],[2,5],[-7,17],[-4,21],[0,7],[-3,10],[0,16],[2,9],[4,2],[8,-1],[4,4],[3,10],[5,4],[8,-1],[5,2],[8,8],[21,5],[0,10],[-7,16],[1,9],[3,9],[6,4],[9,0],[1,10],[16,10],[-7,3],[-7,2],[-7,8],[-3,11],[0,10],[5,1],[11,13],[18,3],[1,9],[-5,8],[1,6],[7,8],[10,3],[14,-1],[4,5],[5,2],[5,-1],[-5,23],[-3,9],[-4,4],[-8,0],[-8,-2],[-6,2],[-2,11],[16,3],[6,5],[2,9],[8,4],[3,5],[-5,6],[-9,6],[2,23],[1,9],[4,8],[7,8],[4,8],[7,20],[-2,8],[-11,7],[-3,18],[-4,7],[-2,8],[-5,9],[-2,-2],[-1,-20],[-4,-14],[-4,-5],[-4,1],[-10,4],[-9,0],[-4,-10],[-2,-13],[-4,-8],[-7,3],[-4,4],[-5,14],[-5,5],[-4,7],[-7,3],[-15,14],[-13,4],[-3,4],[2,22],[-7,3],[-7,-3],[-8,-6],[-8,-2],[-8,-5],[-7,-2],[-7,15],[-2,14],[-6,3],[-4,0],[-7,-3],[-10,-11],[-7,-4],[-13,-6],[-11,16],[-4,4],[-5,3],[-11,2],[2,13],[4,6],[8,-2],[-3,-7],[4,-3],[7,-2],[5,-7],[4,8],[5,-2],[2,15],[-6,5],[-9,4],[-2,6],[-11,6],[-8,3],[-5,0],[-5,-2],[-5,0],[-1,12],[5,15],[6,9],[5,14],[4,17],[0,10],[-3,18],[-2,9],[-3,14],[2,11],[-3,10],[0,12],[-2,10],[1,11],[5,11],[0,23],[1,12],[-2,8],[3,8],[6,8],[-1,10],[15,30],[1,19],[14,34],[-4,7],[-4,11],[-13,5],[-17,-2],[-7,-2],[-22,-2],[-26,8],[-13,1],[-26,-7],[-14,-2],[-19,1],[-9,-5],[-11,-1],[-16,15],[-11,4],[-7,-15],[-5,1],[-5,4],[-7,2],[-8,-21],[-8,-11],[-7,-6],[-2,-1],[-7,0],[-2,4],[-2,8],[1,15],[-2,8],[12,14],[6,10],[2,10],[-2,23],[-10,7],[-25,0],[-6,4],[-2,33],[-5,5],[-12,2],[-21,-3],[-7,1],[-9,-5],[-11,2],[-17,-10],[-4,-11],[-5,1],[-7,2],[-2,14],[1,9],[-9,8],[-9,14],[-9,4],[3,7],[4,4],[1,9],[-3,8],[2,4],[26,-11],[18,3],[7,2],[3,22],[3,8],[-1,10],[-5,7],[-6,5],[-4,8],[-5,6],[-10,9],[5,15],[8,11],[7,4],[7,6],[5,7],[9,24]],[[3851,1082],[-4,-6],[1,-5],[4,0],[-1,11]],[[2891,3717],[-3,-35],[0,-48],[1,0],[0,-16],[-2,-15],[-2,-14],[2,-14],[6,-12],[5,-19],[3,-23],[3,-17],[6,-18],[3,-18],[6,-3],[7,-2],[-2,-6],[7,-11],[10,-9],[8,-9],[6,-12],[7,-18],[10,-40],[0,-33],[3,-16],[7,-16],[7,-10],[7,-17],[4,-11],[0,-16],[5,-18],[12,-25],[3,-41],[-2,-4],[-9,-7],[-2,-4],[7,-19],[-4,-8],[4,-3],[1,-23],[4,-20],[1,-12],[4,-11],[11,-6],[4,-5],[4,-9],[11,-8],[10,-13],[11,13],[9,-2],[7,-10],[5,-14],[11,-30],[19,-23],[12,-25],[21,-66],[6,-8],[13,-3],[14,-13],[6,-14],[1,-15],[6,-31],[4,-12],[18,-33],[17,-34],[4,-13],[3,-22],[10,-7],[12,-7],[7,-6],[10,-29],[9,-18],[9,-13],[5,-10],[5,-15],[1,-32],[13,-26],[0,-15],[-5,-17],[-1,-17],[3,-18],[6,-17],[0,-4],[0,-19],[8,-50],[2,-27],[3,-11],[5,-9],[7,-11],[1,-7],[-2,-10],[-1,-27],[-3,-8],[-8,-15],[0,-15],[-6,-26],[-2,-16],[-1,-12],[4,-15],[8,-13],[1,-12],[8,-2],[3,-4],[2,-8],[-4,-27],[3,-11],[-1,-9],[5,-5],[2,-7],[-2,-10],[-1,-27],[-4,-9],[-7,-7],[-3,-10],[-5,-10],[4,-12]],[[1727,3550],[14,9],[8,2],[5,7],[17,3],[12,0],[33,-8],[14,-9],[14,10],[4,10],[4,38],[5,22],[8,8],[6,8],[10,20],[9,6],[11,2],[5,5],[3,12],[-1,11],[-7,10],[1,12],[6,9],[9,8],[21,-5],[30,-3],[25,-5],[15,-5],[6,-6],[15,0],[12,-5],[0,-12],[-3,-6],[-10,-4],[-5,-6],[-5,-12],[-7,-1],[-10,3],[-5,-2],[-5,-20],[-7,-22],[1,-11],[5,-6],[14,-8],[10,-4],[16,-13],[9,-8],[17,-10],[7,4],[4,18],[0,15],[2,14],[4,9],[6,41],[5,10],[11,0],[5,3],[8,0],[8,-5],[12,3],[8,6],[9,-1],[12,-4],[9,3],[-6,17],[-1,15],[6,8],[5,7],[15,0],[14,-3],[5,-11],[3,-24],[1,-16],[-3,-26],[-1,-23],[-7,-13],[-4,-19],[-2,-17],[-8,-17],[-8,-10],[-9,-19],[-12,-40],[-4,-18],[12,1],[2,5],[3,10],[7,11],[9,9],[12,15],[8,16],[12,18],[16,7],[7,-6],[-1,-11],[-1,-25],[5,-11],[10,1],[10,3],[16,10],[8,3],[9,7],[7,11],[7,1],[6,-7],[11,0],[9,-4],[5,-8],[0,-16],[3,-5],[36,10],[8,-2],[17,13],[4,10],[1,12],[3,18],[2,2],[17,-4],[15,6],[1,16],[-3,26],[2,11],[2,19],[-1,13],[14,2],[12,4],[9,5],[9,10],[10,5],[-3,20],[6,9],[5,11],[-3,13],[-8,22],[0,13],[-1,14],[12,97],[-1,14],[1,12]],[[2508,3917],[6,5],[10,13],[8,7],[10,4],[33,5],[9,0],[32,-6],[22,-3],[40,-7],[22,-1],[9,8],[6,26],[5,12],[7,13],[6,3],[4,-19],[3,-33],[5,-15],[4,-21],[10,-11],[11,-5],[17,-2],[9,8],[9,13],[19,2],[10,-4],[10,-2],[13,-2],[13,1],[11,-3],[-3,-12],[-6,-15],[-4,-26],[7,-41],[3,-31],[4,-11],[9,-50]],[[7228,7069],[-1,-1],[-2,-3],[-10,-9],[-18,-16],[-2,-2],[-5,-6],[-1,-1],[-1,-1],[-1,-2],[-6,-6],[-5,-8],[-26,-24],[-31,-33],[-21,-17],[-5,-6],[-4,-6],[-7,-8],[-4,-5],[-5,-6],[0,-1],[-1,-3],[-2,-1],[-4,-5],[-2,-3],[-10,-13],[-14,-12],[-5,-5],[-7,-8],[-2,-1],[-1,-1],[-3,-6],[-3,-3],[-3,-2],[-3,-5],[-8,-7],[0,-1],[-5,-6],[-1,-2],[-1,-4],[-4,-4],[-1,-1],[-1,-1],[0,-2],[-5,-4],[-1,-3],[-2,-2],[-6,-7],[-2,-3],[-14,-13],[-7,-9],[-5,-5],[-4,-7],[-12,-12],[-10,-12],[-5,-6],[-1,-2],[-6,-16],[-5,-9],[-2,-4],[-2,-3],[-7,-12],[0,-3],[-3,-11],[-1,-1],[-1,-3],[-1,-20],[-8,-30],[-2,-23],[-1,-4],[-1,-2],[-4,-2],[-8,3],[-8,-1],[0,-1],[-2,-10],[-1,-3],[1,-17],[-1,-5],[-1,-4],[-1,-14],[1,-9],[2,-6],[4,-2],[7,-1],[2,-2],[4,-9],[2,-9],[1,-1],[2,-5],[1,-2],[3,-1],[2,0],[5,4],[2,0],[3,-3],[0,-6],[1,-2],[4,-2],[17,-4],[5,-1],[1,-1],[7,-5],[1,-2],[1,-2],[5,-16],[4,-2],[1,0],[2,1],[2,4],[-1,8],[1,3],[3,2],[2,1],[11,-3],[1,1],[1,-1],[4,2],[4,1],[11,-3],[1,-1],[5,-10],[0,-3],[-3,-14],[0,-3],[4,-11],[0,-2],[1,-8],[5,5],[3,12],[0,8],[0,25],[0,4],[1,6],[-1,12],[2,7],[0,10],[0,29],[0,17],[-1,38],[-2,8],[-2,8],[-2,1],[-3,7],[-3,3],[-1,7],[-2,7],[-4,4],[-1,0],[-10,9],[0,1],[-2,2],[-6,12],[-2,6],[-1,6],[2,3],[3,0],[8,-5],[5,-5],[3,-4],[1,-2],[5,-12],[1,-1],[2,-6],[5,-10],[8,-22],[6,-26],[0,-21],[0,-1],[0,-3],[0,-4],[1,-1],[3,-36],[-1,-15],[0,-1],[1,-40],[-4,-19],[-1,-7],[-2,-7],[-1,-2],[-2,-6],[-1,-1],[-5,-21],[-2,-15],[-4,-15],[-3,-14],[-2,-7],[-4,-16],[0,-3],[-1,-2],[-1,-4],[-1,-1],[1,-21],[2,-14],[0,-7],[0,-3],[-3,-2],[-4,1],[-16,10],[-3,2],[-7,-2],[-5,-4],[0,-3],[1,-4],[10,-8],[12,-4],[3,-2],[0,-1],[2,-1],[0,-10],[0,-4],[-2,-4],[-2,-8],[0,-4],[0,-2],[7,-3],[3,1],[6,3],[5,4],[1,2],[1,4],[0,2],[-1,9],[2,3],[3,1],[1,0],[1,0],[1,0],[2,-2],[3,-4],[0,-5],[-4,-8],[-1,-1],[-7,-8],[0,-1],[-1,-2],[-3,-3],[-1,-1],[-1,-2],[-2,-2],[-8,-9],[-2,-3],[-11,-8],[-2,-2],[-2,-5],[-1,-1],[-3,-6],[-1,-2],[-4,-7],[-1,-2],[0,-6],[1,-3],[5,-5],[2,-6],[0,-4],[6,-16],[2,-12],[0,-8],[0,-11],[0,-2],[-2,-8],[-2,-3],[0,-7],[0,-11],[-1,-6],[-3,-4],[-2,-6],[-1,-2],[-4,2],[-4,2],[-1,3],[-6,8],[-3,6],[7,-2],[7,-3],[3,-1],[2,3],[0,4],[-3,7],[0,9],[0,3],[1,7],[1,1],[0,11],[-6,19],[-2,1],[-1,2],[-3,2],[-1,0],[-3,-2],[-2,-13],[-2,-2],[0,-2],[-1,-5],[0,-2],[0,-2],[0,-4],[-2,-1],[-1,-2],[-3,1],[-4,2],[-4,5],[-3,5],[-3,8],[-1,0],[-1,2],[-1,1],[-3,1],[-3,-3],[1,-8],[1,-4],[0,-1],[2,-3],[5,-6],[1,-10],[8,-3],[2,-1],[1,-6],[0,-5],[-1,0],[0,-2],[0,-2],[-1,-7],[-3,-3],[-1,-2],[-2,-2],[0,-9],[-1,0],[-1,-2],[-9,-4],[-1,-1],[-7,0],[-6,-1],[-10,-2],[-6,-4],[-1,-1],[-1,-4],[0,-2],[2,-1],[19,-2],[4,0],[3,0],[13,2],[4,1],[13,5],[8,-1],[-3,-4],[-1,-3],[-11,-4],[-5,-1],[-7,0],[-8,-5],[-6,0],[-2,-1],[-1,0],[-1,1],[-11,-2],[-17,-3],[-9,-3],[-2,-1],[-23,-13],[-12,-9],[-2,-4],[-8,-4],[-3,-3],[-11,-7],[-4,-5],[-10,-7],[0,-1],[-2,-2],[-5,-3],[-2,-2],[-19,-10],[-3,-1],[-8,-3],[-2,-2],[-2,-1],[-3,-4],[-4,-3],[-1,0],[-1,0],[1,2],[4,3],[0,2],[2,2],[1,1],[3,7],[9,9],[1,1],[2,3],[1,5],[0,12],[1,4],[3,4],[3,5],[2,2],[3,5],[6,8],[2,4],[4,7],[6,7],[8,13],[0,1],[2,2],[-1,7],[-2,2],[0,1],[-4,0],[-7,-1],[-11,-5],[-13,-9],[-7,-8],[-12,-29],[-7,-9],[-7,-12],[-2,-20],[-1,-9],[0,-16],[0,-5],[-3,0],[-9,-5],[-3,-3],[-2,-1],[-10,-6],[-2,-1],[-12,-5],[-5,-2],[-18,-11],[-13,-11],[-10,-5],[-2,-3],[-16,-7],[-12,-8],[-1,-1],[-12,-4],[-4,-4],[-4,-1],[-6,-2],[-5,-3],[-4,-5],[-14,-6],[-2,-2],[-9,-7],[-6,-6],[-7,-6],[-11,-8],[-11,-10],[-4,-2],[-1,0],[-2,1],[-1,2],[-2,15],[3,13],[2,5],[4,20],[0,5],[-1,1],[-1,1],[-3,0],[-1,0],[-1,-1],[-4,-6],[-5,-11],[-2,-16],[-3,-11],[-2,-5],[-1,-10],[-7,-6],[-8,-4],[-13,-2],[-2,0],[-21,-5],[-8,-4],[-11,-5],[-23,-8],[-3,-1],[-7,-3],[-4,-2],[-5,-1],[-8,-1],[-4,-4],[-13,-6],[-7,-5],[-3,-3],[-7,-5],[-24,-12],[-10,-8],[-6,-4],[-2,-1],[-12,-7],[-8,-8],[-8,-3],[-1,-1],[-6,-4],[-4,-2],[-10,-6],[-5,-3],[-6,-3],[-13,-6],[-2,-2],[-4,-2],[-5,-2],[-4,4],[0,5],[4,10],[2,5],[0,2],[5,14],[4,14],[0,10],[0,11],[-13,-1],[-1,-6],[-1,-13],[1,-4],[2,-4],[-1,-9],[-5,-6]],[[6193,5663],[3,60],[-5,42],[-12,40],[-4,27],[1,5],[7,26],[5,5],[9,0],[10,-6],[16,-27],[9,-7],[7,1],[8,6],[11,13],[26,46],[14,20],[18,17],[21,15],[9,9],[13,8],[8,14],[5,22],[5,70],[0,34],[-8,27],[-19,35],[-22,25],[-18,23],[-19,27],[-13,41],[4,31],[-1,8],[-6,11],[-17,9],[-14,18],[-16,46],[0,26],[3,23],[1,20],[3,12],[-3,13],[-8,12],[-10,23],[-8,29],[-3,32],[6,52],[11,44],[-2,29],[-2,24],[-3,16],[-6,19],[-7,19],[-43,65],[-13,24],[-11,25],[-5,41],[-4,25],[-7,16],[-9,27],[-4,16],[-2,40],[7,24],[2,51],[4,16],[1,14],[-6,14],[-5,5],[-31,23],[-10,15],[-6,21],[-5,22],[-2,22],[1,11],[6,19],[1,7],[-3,3],[-4,3],[-7,1],[-19,-1],[-7,5],[-11,21],[-7,9],[-10,6],[-23,6],[-9,4],[-10,6],[-6,9],[-7,12],[-8,23],[-2,4]],[[5926,7451],[2,18],[-2,13],[2,33],[2,12],[10,15],[6,12],[8,11],[4,8],[0,4],[-3,5],[-11,11],[-12,11],[6,8],[2,5],[0,8],[3,9],[9,14],[19,18],[13,22],[2,9],[9,24],[9,15],[10,10],[3,7],[0,23],[1,14],[2,10],[4,12],[7,7],[34,19],[4,5],[8,18],[5,7],[24,4],[13,0],[28,2],[12,6],[8,8],[9,13],[7,23],[7,8],[17,16],[8,6],[12,4],[17,-5],[14,17],[23,4],[7,11],[8,7],[-2,13],[-7,15],[-7,13],[-16,12],[-7,10],[-6,12],[5,5],[17,13],[8,7],[4,6],[5,12],[5,13],[9,9],[24,15],[17,8],[8,-1],[8,1],[34,14],[14,9],[18,4],[6,8],[12,9],[14,2],[14,5],[19,12],[7,8],[9,4],[11,9]],[[6519,8239],[11,-21],[6,-9],[6,-10],[0,-1],[2,-1],[9,-21],[2,-14],[4,-11],[10,-9],[6,-8],[6,-13],[-1,-10],[-4,-11],[-22,-32],[-4,-10],[-4,-15],[5,-7],[8,-16],[2,-11],[7,-12],[1,-7],[-1,-9],[-2,-5],[-5,-4],[-8,12],[-11,4],[-9,2],[-6,-2],[-13,-11],[-6,-14],[-4,-14],[-3,-6],[-6,-6],[-7,-3],[-31,-7],[-3,-2],[-4,-9],[-2,-3],[-19,-14],[-16,-16],[-6,-2],[-7,-8],[-12,-17],[-4,-7],[-7,-7],[-1,-3],[1,-4],[4,-6],[8,-4],[6,-3],[20,5],[8,-1],[7,-5],[22,4],[11,-5],[22,2],[10,5],[9,0],[5,3],[1,4],[-11,4],[-2,7],[4,8],[8,3],[9,5],[6,2],[14,-5],[4,-2],[11,0],[11,-5],[2,-5],[-4,-6],[-1,-4],[5,-11],[14,-21],[4,-11],[0,-14],[-7,-20],[3,-19],[-4,-7],[-6,-6],[1,-9],[-5,-13],[-17,-5],[5,-11],[1,-9],[-3,-9],[-6,-9],[15,-27],[6,-3],[14,24],[9,6],[10,4],[14,1],[10,-2],[31,22],[14,2],[33,1],[11,-7],[4,-10],[2,-12],[16,-23],[10,-8],[20,-7],[9,4],[9,15],[7,9],[13,9],[10,5],[15,-2],[12,-8],[7,-10],[10,-4],[10,2],[10,-2],[8,-6],[6,-7],[11,-8],[10,-6],[4,-6],[7,-8],[6,-4],[7,-6],[6,-3],[8,1],[13,4],[9,-9],[3,-8],[-4,-7],[-9,-7],[-6,-17],[1,-16],[4,-16],[4,-9],[-4,-20],[-4,-5],[3,-7],[16,-18],[6,-2],[9,22],[7,8],[6,2],[2,-7],[0,-28],[1,-11],[7,-6],[24,-4],[18,-15],[19,6],[16,0],[5,7],[9,2],[7,7],[0,39],[4,2],[7,3],[5,6],[-3,19],[1,7],[4,2],[9,-5],[-1,-15],[5,-3],[3,-22],[8,-3],[6,4],[6,9],[5,-7],[13,-2],[28,7],[8,4],[10,14],[8,-1],[3,-7],[1,-18],[4,-7],[13,-19],[6,-7],[3,-2],[2,0],[20,-17],[6,-9],[0,-9],[-9,-24],[-8,-13],[-28,-25],[-12,-26],[-3,-12],[-2,-9],[3,-6],[9,-28],[1,-9],[-2,-15],[-4,-15],[-5,-8],[-6,-4],[-12,-3],[-3,-4],[-4,-19],[-6,-5],[-5,-9],[-4,-13],[-1,-13],[2,-11],[3,-6],[7,-4],[8,-6],[4,-8],[9,-33]],[[6800,6304],[-10,-14],[-11,1],[-7,-5],[6,-13],[18,-12],[11,-1],[16,3],[15,-8],[24,-20],[8,-2],[14,1],[15,4],[11,6],[12,14],[6,12],[4,13],[-2,16],[-4,11],[-5,4],[-6,-3],[-5,-10],[-6,-18],[-21,-5],[-23,-1],[-23,-3],[-8,2],[-7,11],[-5,4],[-1,5],[12,21],[3,8],[-5,2],[-8,-5],[-5,-7],[-13,-11]],[[5068,4768],[0,3],[-1,3],[-1,6],[0,2],[-4,9],[-3,19],[0,5],[2,11],[0,10],[-1,12],[0,4],[2,12],[1,6],[-2,17],[-8,23],[-2,2],[-1,4],[-7,7],[-1,2],[-2,2],[-6,8],[0,1],[-4,4],[-2,5],[-2,2],[-4,4],[-1,1],[-6,5],[-19,16],[-8,5],[-14,7],[-8,2],[-9,1],[-6,-1],[-24,-1],[-2,-1],[-4,-2],[-13,0],[-9,-3],[-14,-2],[-1,1],[-3,-2],[-1,0],[-9,1],[-9,-1],[-17,-1],[-11,-4],[-13,-5],[-6,-3],[-9,-2],[-5,-3],[-3,1],[-10,1],[-1,0],[-15,-3],[-4,0],[-20,-9],[-5,-3],[-17,-9],[-6,-3],[-5,-1],[-3,-1],[-2,3],[2,3],[3,3],[5,3],[1,2],[3,1],[1,1],[3,2],[3,1],[2,1],[3,1],[3,3],[-3,-1],[-1,0],[-2,0],[-6,-2],[-4,-1],[-1,0],[-13,-4],[-8,1],[-2,0],[-14,-4],[-9,-1],[-5,0],[-4,-1],[-2,-1],[-1,-1],[0,-1],[2,-1],[5,-2],[4,-1],[1,0],[5,2],[10,-1],[3,-1],[1,-2],[2,-4],[-1,-4],[-7,-6],[-12,-6],[-9,-6],[-11,-8],[-3,-2],[-2,-2],[-6,-3],[-14,-8],[-13,-5],[-6,-4],[-9,-6],[-11,-5]],[[4593,4865],[-8,65],[2,11],[17,13],[6,9],[0,13],[18,8],[11,7],[7,14],[-5,7],[-17,12],[-7,-1],[-9,-10],[-7,15],[-16,-9],[-10,-10],[-23,-11],[-9,17],[-9,24],[-7,31],[-3,32],[0,15],[-7,23],[19,17],[12,2],[7,-3],[15,-13],[6,2],[-4,18],[-26,16],[-28,11],[-16,5],[-6,5],[-8,3],[-6,1],[-13,-19],[-9,5],[-6,10],[-8,8],[-2,9],[4,11],[-14,7],[-7,8],[-2,-1],[-2,-3],[-6,1],[-7,-3],[-13,-3],[-13,7],[-4,-1],[-5,-8],[-12,5],[-14,3],[-3,-21],[-8,-1],[-2,-9],[-22,6],[-21,3],[-4,-1],[-1,-3],[-3,-13],[-7,-1],[-1,6],[1,8],[-6,4],[-24,5],[-14,6],[-7,0],[-9,-7],[-3,-12],[0,-9],[2,-6],[5,-7],[-36,-3],[-6,-6],[-8,-4],[-5,3],[-12,15],[-2,12],[1,22],[-11,7],[3,9],[-9,10],[1,9],[-5,5],[2,10],[1,12],[0,5],[-3,7],[-8,-8],[-12,-3],[-5,2],[-9,6],[3,12],[8,13],[3,15],[-3,12],[-2,3],[-5,-1],[-15,-15],[-10,-4],[-5,1],[-11,3],[-3,11],[-14,26],[-18,-4],[-21,9],[-15,14],[-15,9],[-9,-5],[-10,-3],[-13,3],[-18,13],[-8,3],[-16,2],[-13,-6],[-9,-14],[-2,-20],[5,-25],[19,-14],[22,-26],[23,-29],[0,-13],[-9,-9],[-18,-5],[-10,-4],[-8,-14],[-17,-36],[-3,-15],[15,-1],[20,-7],[9,-5],[5,-10],[-6,-10],[2,-5],[9,-9],[2,-5],[-5,-14],[5,-3],[10,0],[3,-8],[-7,-19],[-4,-8],[-10,-6],[-12,-2],[-3,-8],[-2,-10],[-4,-8],[-5,-8],[-9,-2],[-22,8],[-3,11],[-10,3],[-13,5],[-6,1],[-10,3],[-24,3],[-9,-3],[-2,-15],[-4,-13],[-7,-11],[-23,-15],[-7,-11],[-1,-17],[-2,-13],[-7,-21],[3,-10],[7,-10],[13,-5],[7,-6],[0,-10],[-5,-13],[-9,-6],[-16,1],[-12,6],[-12,9],[-21,11],[3,12],[3,17],[-13,16],[-22,15],[0,9],[5,19],[-21,10],[-24,20],[-7,3],[-8,-6],[-8,-7],[-12,-2],[-12,7],[-9,8],[-7,3],[4,14],[-5,9],[-6,4],[-9,2],[-13,1],[-20,-4],[-9,7],[-3,4],[-3,13],[-1,9],[-5,59],[-2,10],[3,8],[4,7],[21,8],[3,8],[-3,13],[-16,44],[-4,31],[-3,35],[2,23],[-11,30],[-2,15],[4,16],[11,25],[9,28],[-1,14],[-5,17],[-10,53],[-4,57],[-4,24],[-11,12],[-18,9],[-17,-12],[-8,-9],[-18,-5],[-43,14],[-22,-13],[-26,-27],[-21,-14],[-28,-32],[-22,-17],[-12,0],[-20,5],[-18,-6],[-31,-19],[-22,-16],[-12,-10],[-25,-17],[-38,-32],[-3,44],[-2,19],[-9,10],[-18,2]],[[3046,5513],[19,12],[14,14],[8,16],[6,76],[-3,56],[-5,21],[-15,19],[2,17],[-1,30],[3,33],[5,35],[9,21],[13,10],[-2,18],[-5,17],[-8,16],[1,24],[6,17],[38,42],[7,23],[20,6],[16,3],[31,13],[17,4],[15,2],[72,1],[30,3],[9,5],[11,12],[10,24],[24,15],[34,18],[18,4],[31,-3],[22,5],[12,5],[13,9],[14,12],[18,18],[21,2],[21,-6],[18,2],[10,18],[16,16],[18,9],[50,4],[14,8],[20,34],[16,11],[15,3],[10,-7],[34,-52],[20,1],[23,8],[22,3],[14,-15],[9,-19],[13,-40],[14,-18],[15,-7],[12,-4],[24,3],[19,14],[19,27],[23,50],[2,3],[11,13],[18,14],[8,10],[12,20],[13,13],[6,8],[5,40],[7,16],[9,31],[6,17]],[[4142,6416],[11,16],[15,3],[15,1],[12,-8],[11,-25],[6,-19],[4,-28],[14,-40],[-1,-24],[2,-54],[-14,-31],[-1,-9],[3,-9],[8,-14],[15,-10],[21,-11],[22,-15],[44,-25],[19,-2],[38,1],[31,1],[26,4],[19,-3],[17,-5],[21,0],[13,-4],[7,-11],[10,-13],[11,-1],[22,6],[41,-3],[44,-10],[32,-18],[35,-29],[37,-33],[34,-24],[32,-21],[32,-25],[35,-43],[21,-41],[61,-95],[25,-46],[22,-38],[23,-32],[19,-32],[14,-40],[17,-63],[20,-66],[13,-29],[10,-20],[1,-18],[-1,-16],[8,-17],[3,-34],[15,-19],[3,-42],[12,-35],[4,-36],[-2,-2],[2,-20],[-3,-11],[1,-2],[0,-18],[0,-7],[2,-13],[1,-27],[0,-4],[0,-14],[-6,-11],[-7,-20],[-13,-24],[-11,-26],[-1,-5],[-2,-4],[-4,-16],[-2,-9],[-6,-11],[-4,-11],[-1,-2],[0,-2],[-6,-9],[-5,-9],[-3,-11],[-4,-18],[-3,-13],[-2,-9],[-1,-2],[0,-5],[-3,-20],[-24,-39]],[[5128,6780],[8,9],[8,3],[24,-6],[10,5],[12,-4],[8,0],[18,2],[6,-1],[22,-25],[5,-11],[-3,-34],[-18,-28],[-1,-3],[-5,-11],[-9,-42],[1,-11],[4,-15],[6,-9],[8,-9],[10,-17],[6,-26],[14,-18],[18,-32],[13,-7],[4,-20],[7,-25],[16,-16],[19,-20],[3,-28],[-21,-32],[-10,-20],[-2,-32],[-16,-32],[-21,-8],[12,-55],[9,-9],[12,-1],[8,-7],[4,-8],[0,-10],[-3,-11],[-7,-10],[-14,-6],[-8,3],[-14,19],[-7,12],[-8,10],[-9,2],[-8,1],[-2,-10],[0,-6],[12,-12],[5,-9],[3,-11],[1,-11],[11,-15],[24,-28],[6,-10],[1,-18],[7,-38],[12,-3],[17,11],[13,11],[20,4],[7,4],[18,8],[8,4],[5,7],[-1,3],[-10,9],[-1,4],[2,6],[5,6],[7,4],[24,-22],[4,0],[15,9],[9,4],[20,-13],[8,19],[9,16],[11,1],[10,3],[7,0],[22,-34],[9,-19],[13,-16],[7,-3],[6,0],[6,3],[0,5],[0,10],[2,6],[12,9],[22,12],[4,6],[8,33],[4,31],[9,24],[9,15],[15,18],[4,4],[4,1],[5,-1],[9,-5],[10,-8],[1,1],[3,-8],[-2,-31],[-5,-23],[-4,-29],[2,-5],[9,-11],[11,-8],[8,1],[5,-5],[-6,-18],[-3,-23],[-1,-12],[13,-6],[-7,-24],[-6,-16],[-8,-17],[1,-7],[-10,-3],[-1,-6],[4,-5],[8,-4],[16,3],[11,4],[4,-10],[4,-3],[4,0],[1,-8],[-4,-7],[0,-18],[8,-13],[-4,-9],[9,-18],[7,-5],[0,-4],[2,-3],[13,-4],[3,-14],[5,-8],[6,-7],[13,-2],[3,0],[5,-8],[16,-19],[21,7],[29,-17],[3,-10],[6,-13],[9,-9],[11,-3],[35,15],[13,-4],[10,-4],[1,-2]],[[5978,5753],[-1,-2],[0,-4],[1,-3],[2,-3],[2,-2],[3,-4],[1,-1],[1,-11],[-1,-11],[-2,-2],[-6,-5],[-21,-6],[-4,-1],[-17,1],[-14,-3],[-8,-2],[-15,-3],[-11,-1],[-2,-1],[-1,1],[-3,-1],[-3,0],[-12,-2],[-21,-1],[-11,-2],[-22,-4],[-5,-2],[-3,0],[-6,-2],[-2,0],[-1,1],[-1,1],[0,2],[3,5],[-1,5],[-1,1],[-1,2],[-4,2],[-8,4],[-2,1],[0,1],[1,2],[0,3],[3,2],[7,4],[2,0],[1,-1],[2,-4],[1,-1],[5,-1],[1,1],[-1,23],[5,2],[2,4],[-1,4],[-3,4],[-3,1],[-4,-1],[-6,-5],[-1,-2],[-2,-2],[-1,-2],[-3,-5],[-2,-3],[-6,-6],[-2,-2],[-2,-2],[-1,-2],[-3,-1],[-8,2],[-3,-1],[-1,0],[0,-2],[-3,-3],[-1,-1],[-1,0],[-6,1],[-9,4],[-3,3],[-3,3],[-5,3],[-5,1],[-3,0],[-13,-3],[-6,-3],[-4,-1],[-1,0],[-7,0],[-4,-2],[-1,-2],[1,-4],[1,-1],[-1,-5],[-2,-1],[-9,-5],[-2,-2],[0,-2],[0,-2],[0,-2],[2,0],[5,-1],[4,2],[2,1],[5,1],[4,-1],[2,-1],[-1,-2],[-2,-2],[-3,-3],[-2,-1],[-5,-3],[-7,-5],[-6,-3],[-1,0],[-2,-2],[-9,-7],[-5,-2],[-36,-8],[-5,-4],[-1,-12],[-1,-1],[-2,-2],[-6,-3],[-1,-3],[0,-2],[10,-4],[9,-2],[6,-5],[1,-6],[-1,-7],[-3,-10],[-3,-4],[-10,-10],[-1,-1],[-4,-2],[-5,-4],[-3,-3],[-2,-2],[1,-2],[2,0],[4,0],[5,2],[3,3],[1,1],[4,2],[8,6],[5,1],[-1,-5],[-6,-7],[-5,-7],[-11,-9],[-1,-2],[-3,-4],[-2,-1],[-1,-2],[-7,-5],[0,-1],[0,-1],[-9,-10],[-1,-1],[0,-1],[-1,0],[-1,-3],[-5,-5],[0,-1],[-2,-2],[-1,-4],[-3,-6],[-4,-11],[-6,-12],[-1,-18],[-3,-16],[-1,-1],[-2,-7],[-4,-8],[-1,-5],[-1,-5],[-1,-3],[-3,-27],[-4,-22],[-1,-4],[-6,-41],[-3,-19],[-2,-9],[-5,-13],[0,-1],[-2,-3],[-2,-2],[0,-1],[-3,-4],[-5,-7],[-13,-21],[-6,-16],[-1,-4],[-4,-7],[-4,-17],[-1,-3],[-2,-16],[0,-15],[1,-5],[1,-4],[4,-15],[2,-6],[0,-7],[-2,-2],[-4,-1],[-4,2],[-2,1],[-11,8],[-3,2],[-3,2],[-2,3],[-4,6],[-3,6],[-3,6],[-3,4],[-5,6],[-6,3],[-8,3],[-4,2],[-6,-2],[-3,-1],[-6,-3],[-1,-1],[-3,-3],[0,-1],[2,-2],[4,0],[5,-1],[2,1],[12,-1],[7,-4],[2,-2],[0,-1],[1,-5],[1,-3],[3,-3],[1,-3],[4,-4],[4,-4],[1,-3],[2,-4],[2,-3],[16,-11],[2,-1],[1,-2],[-1,-3],[-1,-2],[-13,-10],[-4,-4],[-2,-1],[-17,-12],[-11,-11],[-6,-4],[-9,-5],[-14,-10],[-6,-6],[0,-1],[-2,-2],[-7,-8],[-3,-5],[-2,-2],[-15,-11],[-7,-6],[-3,-4],[-2,-3],[-1,-1],[-2,-5],[-1,-4],[-2,-1],[-1,-2],[-2,-6],[-4,-5],[-4,-9],[-5,-5],[0,-1],[-2,-2],[-1,-3],[-4,-6],[-7,-10],[-2,-4],[-1,-2],[-1,-2],[-1,-2],[-1,-2],[-10,-19],[-5,-13],[1,-10],[2,-8],[2,-19],[2,-2],[1,-4],[2,-9],[1,-1],[0,-1],[1,-2],[2,-3],[1,-1],[5,-14],[0,-11],[-1,-5],[-3,-3],[-2,-1],[-2,0],[-1,2],[-4,4],[-1,1],[-1,2],[-3,4],[-5,5],[-3,6],[-17,12],[-1,4],[-2,2],[-1,1],[-9,10],[-4,4],[0,1],[-1,2],[-1,0],[0,1],[-1,1],[-1,1],[-1,1],[-4,3],[-9,7],[-1,-1],[-11,-5],[0,-4],[3,-2],[9,-2],[7,-5],[0,-2],[6,-5],[1,-5],[1,-1],[2,-3],[3,-4],[1,-3],[6,-5],[0,-2],[2,-1],[1,0],[9,-10],[1,-1],[1,0],[1,-1],[4,-5],[4,-3],[0,-2],[0,-5],[-1,-1],[-2,-7],[-8,-8],[-1,-2],[-6,-3],[0,-1],[-1,-1],[-6,-6],[-6,-3],[0,-2],[-2,0],[-2,-2],[-1,-2],[-15,-9],[-4,-3],[-1,0],[-6,1],[-2,1],[-2,0],[0,1],[-1,2],[-3,4],[-1,1],[-2,2],[-1,3],[-2,2],[0,1],[-3,2],[-2,3],[-1,1],[-1,3],[-3,2],[-13,12],[-2,4],[-1,0],[-2,3],[-1,1],[-1,0],[-2,3],[-4,6],[-4,8],[-2,2],[-7,18],[0,1],[-2,6],[-2,1],[-3,4],[-1,3],[-1,0],[-4,9],[-2,6],[-2,2],[-2,3],[-1,7],[-2,13],[-2,3],[-1,0],[-1,1],[-7,-1],[-1,-3],[-1,0],[-2,-4],[2,-8],[2,-3],[3,-7],[2,-2],[1,0],[1,-2],[1,-2],[1,-1],[2,-2],[1,-2],[2,-5],[1,-1],[1,-1],[1,0],[9,-25],[7,-18],[3,-8],[4,-5],[2,-4],[0,-1],[1,-1],[1,-1],[9,-8],[2,-4],[5,-6],[2,-3],[1,-3],[2,-2],[1,-2],[1,-6],[0,-3],[-2,-2],[-12,-3],[-18,-2],[-13,-3],[-3,0],[-11,-2],[-10,-6],[-2,-2],[0,-1],[-2,-3],[-3,-2],[-1,-1],[-5,-5],[-6,-3],[-9,1],[-7,3],[-7,6],[-5,2],[-14,-1],[-2,0],[-8,3],[0,2],[-1,6],[3,6],[1,5],[1,10],[-1,9],[-1,4],[-2,1],[0,3],[1,8],[7,0],[0,-2],[3,-3],[0,-1],[3,-7],[2,-1],[2,1],[1,1]],[[4142,6416],[-35,19],[-6,10],[-3,10],[0,13],[-2,7],[-24,1],[-24,14],[-3,2],[4,21],[9,22],[9,24],[11,18],[13,13],[10,14],[11,44],[48,-3],[0,22],[5,15],[14,-8],[8,-2],[9,2],[2,5],[7,2],[9,-3],[8,0],[9,13],[2,12],[8,10],[23,24],[4,10],[15,22],[15,-3],[2,-26],[-1,-12],[7,-7],[15,9],[6,1],[18,-22],[5,-4],[6,0],[12,7],[15,5],[17,-26],[16,-25],[16,-32],[3,-25],[5,-24],[9,-17],[-2,-1],[3,-26],[0,-17],[3,-10],[1,-10],[10,1],[13,-6],[-3,-18],[20,-3],[9,2],[4,-7],[4,-17],[3,-19],[7,-24],[4,0],[2,2],[2,11],[19,9],[6,10],[1,8],[0,19],[23,-11],[4,-8],[2,-12],[11,-3],[0,-5],[16,-7],[10,-6],[3,-14],[2,-25],[18,-2],[10,-5],[7,-6],[6,-8],[27,-9],[9,-2],[15,2],[20,-4],[21,-7],[8,12],[35,22],[8,4],[-8,7],[-5,9],[-10,13],[-17,8],[-6,8],[-7,0],[-7,2],[-2,10],[10,17],[2,10],[1,11],[0,29],[15,6],[12,2],[-1,20],[-3,5],[-3,9],[2,10],[4,2],[5,4],[1,7],[-2,8],[-6,15],[-18,0],[-47,36],[-14,-21],[-14,9],[-23,9],[-5,-18],[-2,-15],[3,-14],[-14,5],[-9,9],[-8,5],[-13,13],[-13,10],[-38,14],[-18,4],[-21,8],[-26,12],[-2,1],[3,5],[11,13],[2,7],[0,9],[0,4],[13,6],[6,5],[2,7],[1,10],[-6,9],[-8,5],[-1,7],[2,9],[-9,21],[-5,8],[0,6],[8,10],[7,4],[13,16],[4,2],[3,0],[2,-6],[3,-13],[-1,-8],[3,-9],[17,-19],[4,-20],[3,-6],[16,-4],[17,-7],[8,30],[14,0],[9,2],[5,7],[9,11],[3,10],[0,17],[2,23],[3,7],[4,8],[5,13],[0,10],[19,-2],[10,3],[12,8],[8,9],[8,1],[9,5],[14,22],[16,-4],[9,-6],[19,-18],[10,-6],[12,2],[4,-2],[10,-5],[7,-3],[-6,-13],[14,-7],[12,-4],[13,-10],[-1,-6],[-14,-10],[-8,-8],[0,-10],[-5,-10],[7,-6],[12,-1],[14,4],[9,4],[10,3],[7,4],[4,7],[14,-1],[21,-4],[17,-1],[26,-15],[24,-7],[18,-2],[6,-2],[10,-7],[13,-1],[25,-7],[7,-8],[4,-10],[16,11],[7,11],[5,6],[5,10]],[[5785,5672],[-2,-5],[-3,-2],[-4,-1],[-8,-2],[-3,-2],[-9,-2],[-17,-9],[-9,-6],[-22,-10],[-6,-3],[-3,-3],[-10,-6],[-10,-8],[-25,-17],[-17,-9],[-5,1],[0,2],[-1,9],[2,2],[8,3],[2,2],[0,2],[-1,4],[0,1],[-4,4],[0,1],[-7,6],[0,1],[-3,10],[0,2],[3,3],[8,5],[2,1],[2,-1],[1,-3],[1,-1],[6,-3],[3,1],[5,4],[1,1],[6,2],[1,0],[19,3],[3,0],[10,2],[3,2],[4,-2],[-5,-5],[-10,-4],[-8,-10],[13,4],[5,3],[5,3],[6,3],[21,11],[11,7],[3,6],[1,1],[6,2],[3,-2],[11,0],[10,4],[4,2],[3,-2],[0,-2]],[[2697,5338],[16,-70],[-8,-67],[-7,-40],[-10,-23],[-3,-13],[-12,-18],[-10,-10],[-25,-26],[-17,-15],[-33,-36],[-16,-27],[-5,-9],[-5,-14],[-8,-45],[-8,-66],[-2,-15],[-4,-56],[-4,-28],[-15,-55],[-6,-34],[-1,-33],[-1,9],[-1,-96],[5,-36],[4,-68],[-2,-33],[-6,-58],[-1,-31],[1,-49],[0,-22],[-9,-28],[-16,-39],[-4,-13],[-3,-19],[-4,-31],[-1,-24],[0,-53],[-1,-45],[4,-48],[5,-42],[14,0],[8,3],[2,2]],[[495,3843],[-21,6],[-4,11],[6,10],[10,2],[10,-3],[6,0],[2,5],[-1,9],[5,5],[2,11],[-4,21],[-4,18],[-3,1],[-7,20],[-4,2],[-7,14],[-26,5],[4,18],[11,2],[10,26],[8,-2],[14,2],[9,-1],[-1,12],[-9,2],[-9,10],[-6,-1],[-1,5],[4,2],[1,11],[-1,12],[-11,0],[-19,3],[-11,3],[-2,45],[-4,2],[-1,10],[-13,-1],[-38,-11],[-9,4],[2,9],[0,15],[-7,9],[-19,13],[-6,10],[6,25],[2,13],[-4,12],[-10,7],[-5,8],[-3,10],[6,16],[-1,12],[-4,14],[-4,5],[-11,4],[-12,11],[-5,11],[-1,9],[-6,9],[-9,9],[-16,13],[-7,14],[-1,6],[2,17],[13,-2],[11,-6],[7,-2],[11,5],[27,-4],[3,13],[0,25],[-7,78],[1,13],[6,21],[-1,13],[-2,34],[3,7],[4,-3],[5,1],[41,13],[15,18],[10,-8],[9,-5],[5,-8],[5,-8],[15,-13],[6,18],[5,34],[-7,4],[-11,14],[-12,12],[-31,18],[2,4],[5,3],[3,21],[-10,2],[0,17],[-17,3],[-20,2],[1,13],[-5,2],[4,25],[6,-1],[2,13],[-6,3],[2,5],[5,-1],[3,13],[4,10],[4,0],[6,27],[-8,3],[3,38],[-14,2],[-3,-7],[-11,3],[-4,6],[-5,-2],[-7,2],[-5,6],[-3,3],[9,20],[5,13],[10,16],[14,19],[7,17],[10,18],[13,16],[17,13],[18,10],[20,7],[12,2],[8,9],[9,7],[17,5],[17,2],[12,7],[9,1],[19,-1],[20,3],[11,-1],[11,2],[10,6],[6,2],[11,-6],[7,-4],[24,-6],[11,4],[11,1],[18,-8],[26,-3],[23,1],[8,-4],[10,-8],[10,-4],[12,2],[9,3],[9,-2],[10,1],[11,3],[6,5],[6,2],[13,-5],[20,-12],[18,-6],[20,1],[18,-3],[15,-8],[28,-7],[21,-4],[29,-2],[10,-3],[11,-5],[13,3],[9,4],[10,-5],[6,-7],[9,-7],[7,-11],[10,-13],[11,-7],[13,-3],[31,-4],[11,2],[9,8],[10,6],[11,3],[11,-2],[9,-4],[8,-6],[14,-4],[13,1],[12,-5],[11,-6],[14,-4],[12,-2],[12,3],[11,3],[9,7],[11,3],[7,-3],[13,0],[7,3],[14,26],[12,5],[14,0],[25,-17],[26,-13],[20,-2],[24,2],[12,-3],[26,-20],[10,-3],[6,20],[10,25],[3,10],[9,5],[6,7],[9,-1],[5,-6],[1,-40],[10,-2],[12,-31],[7,-9],[47,-25],[10,-1],[13,4],[9,7],[-2,22],[16,2],[13,-1],[3,-1],[17,0],[5,6],[3,21],[4,9],[6,11],[3,12],[-3,11],[1,9],[21,18],[11,7],[28,10],[13,8],[6,13],[1,15],[4,20],[2,12],[3,4],[2,12],[9,25],[-1,15],[-10,32],[7,8],[14,6],[16,-4],[14,-6],[30,1],[10,13],[9,15],[12,8],[16,3],[21,8],[18,19],[26,14],[19,2],[38,-2],[56,-12],[31,-12],[15,-5],[18,-9],[15,0],[10,9],[12,13],[20,26],[14,14],[17,3],[24,-11],[13,-13],[14,-17],[13,-24],[8,-11],[15,-13],[34,-21],[15,-5],[16,-3],[19,0],[26,4],[19,14],[23,20],[7,10],[10,15],[18,38],[4,11],[1,13],[-3,12],[-5,14],[-3,20],[-1,14],[2,15],[7,7],[10,4],[13,-1],[8,-8],[4,-14],[3,-13],[1,-21],[4,-18],[21,-17],[15,-2],[12,12],[3,5]],[[4106,3661],[2,-17],[3,-11],[1,-1],[2,-4],[1,0],[0,-1],[2,-2],[2,-2],[2,-5],[3,-4],[1,-8],[2,-8],[0,-3],[2,-19],[8,-57],[6,-28],[6,-31],[2,-13],[1,-3],[0,-1],[3,-29],[6,-35],[0,-8],[0,-2],[-2,-2],[-2,0],[-2,1],[-1,-1],[-2,-1],[0,-4],[4,-12],[-17,4],[-1,-5],[3,-7],[7,-7],[5,-1],[1,-2],[3,-3],[1,0],[5,-20],[1,-12],[8,-25],[1,-4],[5,-16],[1,-1],[1,-5],[3,-10],[1,-3],[1,0],[2,-7],[3,-4],[1,-1],[1,-1],[1,-2],[2,-3],[1,-1],[0,-1],[4,-5],[0,-1],[2,-3],[0,-2],[5,-6],[3,-7],[2,-8],[0,-13],[-5,-4],[-1,0],[-9,-4],[-2,0],[1,-9],[0,-2],[4,-2],[4,0],[2,0],[5,4],[4,7],[2,6],[1,2],[3,0],[2,-1],[2,-2],[1,-1],[1,-2],[5,-14],[4,-11],[1,-4],[7,-54],[6,-23],[2,-7],[1,-1],[6,-15],[4,-4],[1,-3],[1,-2],[1,-1],[6,-5],[2,-9],[-1,-2],[-1,-6],[-2,-3],[-10,-5],[-2,-1],[-5,-3],[0,-1],[-2,-2],[-3,-1],[-3,-1],[-13,-7],[-4,-2],[-9,-7],[-1,-1],[-2,-4],[-1,0],[-2,-3],[-9,-6],[-2,-2],[-3,-3],[-1,-1],[-6,-4],[-13,-5],[-7,-5],[-9,-6],[-2,-1],[0,-1],[0,-2],[12,-4],[7,-2],[3,-1],[6,0],[0,2],[1,0],[7,8],[2,2],[6,8],[1,2],[1,2],[7,6],[5,4],[4,4],[0,1],[3,1],[2,1],[8,4],[2,1],[9,4],[11,6],[8,0],[9,0],[5,1],[5,-2],[3,-3],[-1,-3],[-1,-4],[1,-2],[-4,-12],[-3,-26],[-2,-30],[-6,-52],[-3,-35],[-1,-23],[-2,-34],[-4,-55],[-1,-14],[0,-21],[0,-13],[0,-8],[-5,-10],[-4,-13],[-4,-14],[-5,-11],[-9,-24],[-4,-16],[-2,-8],[-1,-10],[-2,-16],[0,-7],[1,-6],[1,-6],[-2,-4],[-4,-4],[-5,-3],[-6,1],[-7,-2],[-3,-4],[-1,-2],[2,-4],[3,2],[5,0],[6,-2],[1,-4],[-2,-18],[-4,-22],[-2,-24],[-3,-17],[1,-54],[0,-12],[1,-8],[4,-18],[5,-31],[3,-18],[1,-18],[6,-37],[5,-18],[4,-22],[2,-9],[-1,-2],[-2,-1],[-4,0],[-4,1],[-1,-1],[-1,-2],[1,-5],[3,-6],[2,-2],[3,-4],[3,-4],[4,-8],[3,-13],[7,0],[1,6],[1,3],[2,-6],[2,-4],[6,-17],[7,-24],[6,-20],[3,-8],[2,-7],[0,1],[3,-8],[4,-14],[0,-1],[6,-18],[2,-5],[6,-16],[1,-2],[0,-3],[1,-1],[11,-35],[1,-3],[4,-10],[3,-5],[2,-6],[1,-1],[2,-7],[6,-16],[2,-7],[5,-13],[1,-1],[1,-3],[1,-2],[0,-2],[1,-13],[0,-3],[-1,-2],[-1,0],[-1,-2],[1,-6],[1,-2],[7,-3],[1,-1],[2,-9],[1,-3],[2,-14],[0,-1],[-1,-2],[0,-16],[0,-27],[-2,-7],[-1,-4],[0,-9],[-3,-24],[-3,-11],[-2,-9],[0,-5],[-4,-33],[-1,-13],[1,-42],[3,-13],[0,-5],[2,-14],[2,-5],[3,-16],[0,-3],[11,-35],[3,-10],[1,0],[4,-13],[1,0],[1,-3],[1,-2],[0,-2],[3,-5],[1,-1],[2,-4],[3,-10],[-6,-4],[0,-4],[-2,-13],[-1,-5],[-11,-62],[-6,-25],[-1,-3],[-7,-27],[0,-1],[0,-2],[-9,9],[-1,1],[-11,14],[-8,1],[-5,2],[1,3],[-5,0],[-1,-5],[-10,4],[-29,2],[-13,5],[-6,1],[-21,4],[-1,14],[-18,3],[-8,2],[-6,-1],[-10,3],[0,-12],[0,-5],[-3,-8],[-8,-3],[-30,2],[-2,27],[0,12],[2,13],[3,10],[8,8],[-1,4],[-4,11],[-4,6],[-3,-3],[-2,-2],[-7,-3],[-11,-3],[-7,-13],[-14,-1],[-6,3]],[[2891,3717],[6,9],[1,12],[6,12],[4,14],[6,4],[10,1],[8,2],[7,3],[3,11],[8,6],[9,-2],[10,-6],[21,-10],[26,-6],[28,0],[21,9],[25,19],[11,4],[14,0],[2,-12],[19,1],[10,-2],[9,-4],[8,0],[6,-10],[8,3],[5,9],[12,26],[7,2],[9,-6],[-4,-13],[-1,-11],[6,-12],[8,0],[2,11],[4,13],[4,8],[8,1],[-1,-14],[2,-11],[8,-13],[13,-2],[10,2],[8,4],[5,-1],[-3,-13],[7,-5],[23,1],[6,-3],[-2,-19],[9,-9],[21,-2],[11,5],[25,8],[8,-7],[33,-7],[6,-4],[0,-10],[8,-3],[7,-9],[22,-9],[8,-9],[15,-4],[13,16],[0,14],[41,-8],[14,2],[12,-1],[12,-4],[10,1],[7,0],[13,-2],[15,0],[9,2],[15,-4],[14,0],[31,19],[6,3],[6,1],[-4,-15],[11,-7],[14,-4],[10,7],[5,12],[2,11],[12,0],[9,10],[8,5],[12,0],[11,-4],[7,-4],[-1,-15],[-5,-17],[-7,-8],[-9,-7],[4,-7],[13,-9],[-6,-22],[-1,0],[-10,-18],[-4,-9],[-2,-11],[6,-6],[9,0],[13,-10],[23,-4],[7,-3],[17,-6],[19,-4],[13,2],[5,8],[7,19],[6,5],[9,4],[7,9],[5,11],[5,13],[10,8],[15,3],[2,6],[28,13],[6,0],[10,-4],[19,0],[6,-2],[6,-7],[7,-10],[1,-8],[11,-19],[35,10],[6,4],[0,5],[0,6],[0,2],[0,5],[4,7],[5,4],[11,4]],[[4593,4865],[-7,-2],[-3,-2],[-11,-7],[-3,-1],[-4,-3],[-9,-6],[-21,-13],[-25,-19],[-4,-2],[-2,-2],[-10,-7],[-11,-13],[-1,0],[-6,-5],[-4,-6],[-6,-7],[-1,0],[-1,-1],[0,-1],[-4,-7],[-3,-3],[-6,-9],[-5,-8],[-1,-1],[-4,-5],[-8,-6],[-7,-9],[-1,-1],[0,-1],[-1,-2],[-8,-9],[-3,-6],[-1,-1],[-2,-4],[-6,-9],[-10,-8],[-3,-3],[-5,-9],[-2,-8],[-1,-1],[0,-1],[-4,-5],[-1,-2],[-2,-6],[0,-2],[-3,-4],[-2,-3],[-2,-8],[-4,-5],[-2,-3],[-2,-7],[-1,0],[-1,-1],[-1,-1],[-4,-11],[-4,-16],[-2,-2],[-2,-5],[-2,-4],[-4,-20],[-3,-16],[-1,-10],[-2,-9],[-1,-3],[-1,-2],[-2,-9],[-2,-14],[-3,-8],[-1,-12],[-1,-2],[-1,-1],[-4,-2],[-15,6],[-1,3],[0,1],[-5,4],[-2,1],[0,2],[-1,1],[-2,1],[-2,3],[-1,1],[-15,11],[-2,1],[-1,1],[-1,5],[-4,4],[-2,0],[-6,-1],[-2,-3],[0,-1],[0,-5],[0,-8],[-1,-1],[0,-1],[-1,-1],[-4,0],[-9,0],[-4,1],[-10,-1],[-10,-1],[-3,0],[-1,-2],[1,-7],[2,-2],[0,-1],[4,-1],[8,1],[6,2],[9,1],[9,-2],[5,1],[2,2],[9,10],[4,3],[1,-1],[3,-2],[2,-6],[4,-4],[1,-2],[0,-1],[4,-3],[8,-5],[1,-1],[2,-2],[1,-2],[5,-3],[4,-5],[0,-1],[0,-1],[1,-1],[1,-1],[1,-1],[0,-5],[0,-4],[0,-3],[-2,-11],[-1,-3],[-1,-1],[-4,-12],[-1,-1],[-2,-1],[-3,-3],[-1,-2],[-5,-5],[-2,-3],[-11,-5],[-2,-2],[-1,-1],[-1,-2],[0,-3],[1,-1],[3,-1],[1,0],[8,1],[3,1],[1,2],[5,5],[4,7],[5,4],[3,0],[-1,-5],[0,-6],[-6,-6],[-4,-10],[0,-2],[0,-11],[-4,-13],[-1,-3],[-1,-1],[0,-2],[-1,-2],[-8,-10],[-1,-2],[-2,-2],[-4,-5],[-7,-12],[-3,-5],[-1,-4],[-4,-4],[-1,-5],[-1,-1],[-1,-2],[0,-2],[-1,-1],[-3,-3],[-1,-2],[-5,-8],[-1,-2],[-3,-3],[-2,-1],[0,-3],[-1,-2],[-2,-3],[-2,-4],[-3,-4],[-2,-3],[-2,-4],[-1,0],[0,-1],[-5,-8],[-10,-12],[-5,-7],[-6,-13],[-1,-1],[-1,-3],[-3,-6],[-1,-1],[-1,-4],[-2,-4],[-3,-5],[-2,-4],[-4,-5],[0,-2],[-3,-5],[-3,-8],[-5,-10],[-4,-13],[0,-1],[-1,-7],[-2,-7],[0,-1],[-3,-10],[0,-6],[-4,-18],[-1,-3],[-6,-13],[-3,-7],[-4,-17],[-1,-14],[2,-22],[1,-6],[1,-9],[2,-8],[4,-19],[0,-6],[0,-2],[-3,-17],[-2,-6],[-2,-5],[-2,0],[-2,0],[-9,2],[-5,3],[0,1],[-2,2],[-2,3],[-2,2],[-1,3],[-3,2],[-1,1],[-9,8],[0,1],[-4,4],[-1,0],[-5,1],[-11,-1],[-4,-2],[-2,-2],[0,-2],[2,-2],[1,-1],[10,-3],[1,1],[2,-1],[1,0],[8,-5],[1,-1],[3,-4],[6,-11],[2,-3],[1,0],[1,-1],[1,-3],[1,-1],[12,-5],[2,-2],[-1,-3],[-1,-1],[-2,-9],[-4,-6],[-2,-5],[-1,-4],[-4,-20],[-1,-5],[-1,-2],[-1,-6],[0,-8],[-1,-1],[-3,-11],[-1,-1],[0,-9],[-3,-2],[-1,-9],[-2,-3],[1,-13],[-2,-2],[-1,-20],[-1,-8],[-1,-2],[0,-5],[-1,-10],[-1,-25],[0,-12],[3,-42],[1,-6]],[[2697,5338],[5,7],[6,13],[-1,18],[-19,48],[-1,26],[4,14],[21,17],[20,11],[22,12],[24,9],[18,8],[22,18],[13,6],[13,2],[15,-1],[14,-3],[18,-7],[68,0],[13,-3],[12,-10],[11,-7],[14,-7],[17,-5],[20,9]],[[8627,8345],[-18,23],[-13,19],[-4,2],[-10,-1],[-13,15],[-5,9],[9,10],[-11,11],[-11,12],[-5,12],[-1,15],[-1,2],[10,9],[1,3],[-1,22],[-3,1],[-1,1],[-1,0],[-15,8],[-5,-1],[-15,2],[-3,3],[-2,4],[2,2],[-1,1],[-1,5],[-1,6],[0,3],[0,7],[1,3],[2,9],[0,3],[-4,5],[-2,2],[-6,-8],[-4,-2],[-4,0],[-2,0],[-2,4],[0,3],[-1,2],[-2,2],[-4,0],[-2,2],[-2,1],[3,4],[4,6],[4,5],[3,4],[1,5],[0,3],[-4,6],[-3,8],[-5,0],[-2,-3],[-1,-5],[-3,-12],[-3,-12],[-10,-5],[-5,0],[-5,2],[-3,2],[-4,0],[-2,3],[0,5],[0,6],[0,5],[2,7],[-4,1],[0,4],[0,3],[3,7],[3,3],[10,-5],[6,7],[3,6],[-1,2],[-11,2],[-3,4],[-2,1],[0,11],[0,1],[-6,0],[-7,2],[-7,4],[-12,10],[-5,-3],[-6,-10],[-4,-2],[-1,0],[-3,2],[-2,4],[-2,1],[-4,2],[-5,4],[-6,2],[-5,1],[-3,9],[-7,12],[-2,5],[-3,0],[-4,-1],[-9,-3],[-3,0],[-1,2],[-10,14],[0,4],[1,5],[3,2],[2,0],[3,1],[-1,3],[1,6],[1,4],[-1,7],[-2,-1],[-5,1],[-3,0],[-1,2],[-1,5],[0,9],[0,5],[1,3],[2,6],[1,3],[0,7],[-1,1],[-3,2],[-2,0],[-2,1],[1,3],[1,4],[1,2],[3,-1],[2,0],[2,2],[0,2],[2,1],[4,1],[4,1],[4,4],[-3,7],[-1,4],[-2,3],[1,9],[-1,3],[-1,-1],[-5,-1],[-3,-4],[-4,0],[-3,6],[-2,3],[-4,1],[-3,3],[-4,4],[-4,9],[2,4],[3,7],[7,7],[4,6],[5,6],[5,5],[0,6],[5,0],[3,1],[4,-1],[3,1],[1,4],[2,3],[3,0],[3,-3],[0,-4],[3,-2],[4,-3],[5,-2],[5,-2],[6,1],[4,0],[5,3],[0,4],[4,-2],[4,-4],[4,-2],[4,-2],[5,0],[4,-1],[4,-1],[4,-1],[3,4],[2,4],[5,-2],[3,-4],[7,-1],[4,-1],[5,-2],[2,3],[1,4],[1,4],[1,3],[2,1],[2,-1],[2,-1],[2,-2],[4,-2],[4,-2],[3,0],[2,0],[2,2],[1,-1],[0,-2],[0,-1],[4,-4],[-2,-3],[-1,-3],[3,2],[5,1],[16,0],[2,4],[-1,6],[-8,13],[1,5],[4,5],[19,7],[9,7],[-2,8],[-2,5],[-17,19],[-19,14],[-3,8],[5,12],[8,3],[19,2],[11,4],[11,5],[9,8],[-2,15],[2,32],[0,15],[-4,3],[-22,-2],[-7,1],[-27,9],[-11,-6],[-5,-6],[-9,-16],[-9,-3],[-8,2],[-6,7],[-5,9],[1,9],[3,13],[1,8],[-3,22],[4,9],[12,11],[6,10],[4,11],[1,20],[0,22],[4,36],[-19,29],[-6,15],[2,8],[4,9],[6,11],[10,11],[10,7],[8,6],[18,10],[10,11],[6,11],[38,18],[21,8],[10,6],[9,6],[6,7],[16,23],[9,8],[8,3],[8,-4],[16,-11],[16,-9],[23,-11],[11,-7],[13,-6],[4,4],[5,18],[2,19],[2,11],[3,8],[6,9],[6,7],[6,2],[10,1],[20,-1],[12,1],[15,4],[3,6],[-1,16],[0,16],[-1,7],[-3,5],[-17,15],[-10,13],[-10,19],[-8,10],[-7,16]],[[8762,9608],[1,0],[8,5],[3,5],[-3,17],[-9,21],[-6,6],[-5,12],[-8,-4],[-6,4],[-2,10],[1,11],[-4,7],[-6,6],[-2,18],[2,8],[10,10],[1,3],[1,1],[2,0],[1,0],[2,0],[1,1],[1,0],[1,1],[1,2],[2,0],[1,1],[1,1],[2,0],[1,0],[2,1],[1,0],[2,1],[1,1],[1,1],[1,1],[1,2],[0,2],[1,1],[0,2],[1,1],[1,2],[1,1],[1,1],[1,1],[1,1],[1,1],[2,0],[2,0],[1,-1],[1,0],[2,0],[1,-1],[2,0],[1,-1],[2,-1],[0,-14],[3,-9],[14,-16],[7,-21],[3,-5],[6,-18],[1,-7],[-3,-23],[2,-5],[5,-6],[3,-6],[-6,-20],[2,-3],[6,-3],[15,6],[3,-1],[3,-7],[2,-9],[1,-15],[-7,-23],[-1,-6],[2,-7],[8,-20],[5,-6],[14,-7],[7,-6],[3,-24],[4,-7],[4,-1],[12,3],[2,-3],[1,-12],[2,-7],[4,2],[6,12],[4,3],[5,1],[7,-1],[16,-8],[2,-4],[5,-3],[9,0],[3,-5],[1,-6],[4,-4],[5,-1],[6,1],[3,5],[5,4],[11,2],[7,0],[16,-6],[11,7],[11,0],[9,-1],[6,-5],[5,1],[4,-6],[4,2],[1,4],[5,1],[4,-3],[0,-7],[5,-8],[5,-4],[12,-6],[-1,-6],[3,-4],[-2,-4],[1,-6],[6,-3],[6,-1],[2,-8],[7,-17],[5,-3],[10,-1],[2,-4],[3,-2],[5,0],[4,3],[3,-3],[12,12],[8,3],[8,1],[6,-4],[5,-7],[8,7],[-1,13],[4,5],[4,3],[7,2],[10,6],[4,6],[4,1],[6,-2],[1,-4],[-3,-5],[6,-1],[5,3],[16,-2],[2,13],[7,3],[4,-4],[17,9],[16,7],[6,-1],[4,-4],[3,5],[5,-3],[0,-8],[19,-10],[8,-2],[8,4],[7,9],[5,-1],[6,4],[2,7],[4,4],[7,1],[21,-14],[5,-1],[3,1],[2,-5],[5,2],[0,4],[4,6],[14,6],[6,3],[2,5],[-5,14],[0,7],[18,5],[-4,9],[2,5],[2,2],[2,6],[-1,9],[-8,6],[-3,8],[-2,15],[0,10],[0,9],[2,4],[5,-1],[6,-5],[3,-4],[5,-14],[4,1],[1,2],[4,-2],[5,-1],[9,12],[2,7],[1,6],[-7,7],[-6,1],[-2,-1],[-8,5],[-2,4],[-1,8],[5,0],[20,-12],[4,2],[5,-4],[6,-7],[4,4],[2,9],[-2,8],[-9,4],[-6,5],[-8,1],[-4,6],[1,4],[5,-1],[6,-2],[5,-1],[11,-6],[8,-6],[5,1],[15,7],[3,5],[-2,6],[-3,5],[-2,7],[4,3],[10,-11],[3,6],[12,14],[-12,24],[-4,6],[-2,7],[6,17],[18,21],[4,4],[4,2],[-8,15],[-8,9],[-2,2],[-1,8],[0,4],[-1,5],[-6,9],[-3,6],[-3,5],[-1,6],[1,3],[6,-2],[3,-7],[9,-11],[4,1],[6,-6],[8,-5],[5,-4],[5,-5],[13,-8],[11,-3],[2,2],[3,14],[0,6],[3,19],[5,3],[9,16],[11,6],[7,7],[5,10],[3,3],[22,2],[5,8],[4,2],[16,1],[8,2],[7,18],[8,9],[2,-3],[1,-4],[3,0],[7,6],[2,-4],[-4,-37],[-1,-4],[2,-12],[3,-13],[12,-9],[3,1],[9,10],[4,20],[9,19],[2,2],[6,0],[-2,5],[-1,6],[1,1],[14,2],[2,-5],[1,-4],[5,-1],[5,9],[3,3],[14,-2],[8,-5],[6,17],[5,1],[2,3],[-6,7],[-7,15],[-7,5],[-5,1],[-12,-9],[-2,-6],[-2,-4],[-9,3],[-6,3],[-4,14],[0,7],[-3,3],[-6,-2],[-5,3],[-3,6],[-9,28],[-5,9],[0,5],[4,-1],[18,-9],[20,1],[5,4],[14,2],[1,4],[7,-7],[8,4],[5,-2],[5,1],[4,9],[2,11],[-1,14],[-3,5],[3,14],[5,-2],[5,2],[6,-5],[4,-6],[13,3],[7,-2],[6,1],[4,-3],[1,-8],[-11,-28],[-4,-6],[-1,-3],[5,-6],[1,-8],[-1,-2],[18,-14],[62,-44],[-3,-7],[-5,-9],[-1,-2],[-1,-2],[-6,-18],[-3,-2],[-5,1],[-7,6],[-4,0],[-2,-1],[-8,-4],[-6,-6],[-6,-20],[0,-5],[2,-5],[1,-2],[3,-2],[4,1],[2,2],[1,11],[1,2],[1,1],[1,4],[2,4],[1,3],[3,4],[3,0],[2,-1],[1,-3],[1,-3],[-1,-3],[0,-4],[-1,-3],[0,-2],[-1,-4],[-9,-10],[-3,-3],[0,-2],[-2,-3],[-1,-2],[-18,-18],[-5,-8],[-3,-4],[-4,-9],[-2,-7],[-3,-5],[-1,-2],[-6,-11],[-2,-5],[-1,-2],[-4,-9],[-1,-1],[-3,-3],[-3,-2],[-1,-4],[-3,-4],[-14,-12],[-1,-4],[-2,-2],[-1,-1],[-1,-2],[-9,-9],[-1,-1],[-7,-9],[-2,-2],[-2,-2],[-18,-17],[-6,-6],[-2,-4],[-8,-9],[-2,-2],[-1,-1],[-2,-5],[-2,-2],[-1,0],[-2,-5],[-4,-7],[-1,-2],[-1,-1],[-3,-5],[0,-1],[-2,-2],[-2,-4],[-10,-14],[-8,-5],[-7,2],[-8,2],[-7,2],[-3,1],[-3,0],[-14,-2],[-1,-1],[1,-4],[0,-1],[1,-1],[15,-1],[2,0],[10,-2],[1,-1],[1,-8],[1,-7],[-4,-22],[-8,-7],[-2,-3],[-3,-11],[-4,-9],[-7,-24],[-5,-9],[-2,-24],[-1,-4],[-4,-5],[-9,-7],[-11,-9],[-5,-3],[-4,-5],[-1,0],[-1,-1],[-12,-12],[-1,-2],[-7,-9],[-2,-1],[-1,-1],[-2,-3],[-7,-7],[0,-1],[-9,-10],[-1,-3],[-4,-4],[0,-2],[-9,-10],[-5,-10],[-5,-7],[-1,-1],[-6,-8],[-2,-5],[-1,-1],[-13,-17],[-2,-2],[-7,-17],[-3,-5],[-4,0],[-4,1],[-2,6],[-1,1],[-3,0],[-1,-1],[-2,-1],[-3,-10],[-2,-2],[-8,-2],[-3,1],[-2,0],[-2,-1],[-3,-1],[-3,-1],[0,-1],[0,-1],[3,-2],[3,-2],[4,-2],[3,0],[3,0],[6,1],[10,3],[2,-1],[4,-4],[0,-2],[2,0],[0,-2],[-2,-4],[-1,-1],[-4,-6],[-1,-2],[-15,-13],[-3,-1],[-4,-2],[-9,-5],[-3,-4],[-7,-14],[-2,0],[-3,-4],[0,-1],[-11,-12],[-3,-3],[-1,-1],[-1,-1],[-2,-3],[0,-2],[-5,-5],[-1,-2],[-2,-2],[-2,-5],[0,-1],[-2,-2],[-1,0],[-1,-3],[-6,-10],[-6,-12],[-3,-4],[-1,-4],[-4,-13],[-2,-3],[-4,-2],[-4,1],[-3,4],[0,7],[1,3],[2,3],[1,2],[0,5],[-4,7],[-5,-6],[-5,-7],[-1,-1],[-6,0],[-1,-1],[-1,-2],[0,-4],[2,-5],[0,-12],[-2,-2],[-3,1],[-9,3],[0,2],[-1,1],[-1,0],[-8,-2],[-2,-1],[0,-3],[-5,-5],[0,-1],[0,-2],[2,-2],[1,-3],[-1,-7],[-1,-1],[-2,-3],[-14,-9],[-10,-7],[-6,-8],[-2,-1],[-5,-4],[-3,-4],[-3,-3],[-2,-6],[2,-4],[2,-2],[5,3],[6,7],[4,6],[3,4],[3,3],[4,4],[2,1],[2,1],[0,1],[6,3],[21,7],[5,2],[14,12],[0,1],[3,2],[2,1],[5,4],[5,6],[1,-10],[-7,-9],[-1,-1],[-10,-8],[-9,-9],[-4,-3],[-1,-1],[-5,-6],[-15,-15],[-11,-11],[-14,-13],[-6,-6],[-1,-2],[-9,-10],[-5,-5],[-7,-8],[-5,-5],[-6,-7],[-1,-2],[-2,-2],[-2,-2],[0,-3],[-1,-1],[-1,-2],[-11,-9],[-3,-4],[-7,-3],[-8,-9],[-5,-6],[-2,-1],[-8,-11],[-2,-1],[-2,-4],[-2,-1],[-2,-2],[0,-2],[-1,0],[-2,-4],[-7,-9],[-2,-3],[-8,-8],[-2,-2],[0,-1],[-7,-9],[-4,-4],[-9,-10],[-4,-6],[-13,-15],[-4,-6],[-1,-2],[-10,-12],[-2,-2],[-6,-11],[0,-2],[-1,-3],[-1,-1],[-4,-7],[-2,-1],[-2,-1],[-7,-2],[-16,2],[-16,-2],[-9,-3],[-5,-2],[-9,-8],[-9,-4],[-10,-3],[-3,0],[-8,0],[-19,7],[-8,6],[-15,5],[-2,0],[-8,2],[-7,3],[-5,4],[-10,5],[-7,4],[-5,-2],[-2,-9],[3,-4],[8,-3],[13,-4],[2,-1],[1,-1],[1,0],[8,-3],[1,0],[5,-1],[2,-1],[3,-1],[15,-8],[2,-1],[0,-1],[10,-8],[10,-4],[8,0],[10,1],[8,6],[4,1],[5,5],[6,3],[5,2],[17,4],[4,1],[9,-2],[1,-1],[2,-1],[0,-2],[0,-1],[2,-1],[0,-1],[3,-3],[2,-1],[0,-5],[0,-12],[-1,-12],[-3,-10],[-7,-8],[-8,-6],[-13,-8],[0,-1],[-10,-4],[-23,-15],[-1,-2],[-4,-4],[-16,-17],[0,-1],[-5,-3],[-18,-7],[-12,-7],[-30,-13],[-18,-11],[-19,-9],[0,-1],[-3,-2],[-12,-9],[-6,-8],[-7,-6],[-6,2],[-8,2],[-5,3],[0,2],[0,1],[-1,2],[-3,2],[-4,3],[-3,1],[-4,0],[-1,-2],[-1,-7],[2,-5],[8,-6],[1,-1],[-1,-3],[0,-1],[-1,-1],[-7,-3],[-37,-14],[-13,-9],[-7,-6],[-1,-1],[-2,-6],[-3,-5],[-2,-6],[-7,-7],[-17,-9],[-20,-6],[-5,-3],[-19,-7],[-14,-7],[-5,-2],[-21,-9],[-14,-5],[-1,-1],[0,-1],[-6,-5],[-15,-8],[-10,-7],[-14,-8],[-2,-3],[-13,-5],[-16,-10],[-15,-10],[-14,-15],[-16,-12],[-1,0],[-5,-2],[-6,1]],[[7883,8832],[20,19],[14,1],[-5,-16],[-28,-36],[-3,-11],[0,-8],[7,-28],[-1,-6],[-3,-6],[-1,-12],[3,-17],[4,-8],[3,-2],[3,3],[3,3],[5,10],[4,15],[2,13],[0,6],[4,11],[4,3],[20,-4],[3,-3],[2,-8],[2,-1],[10,7],[5,-3],[4,-3],[8,-4],[5,-4],[7,-4],[4,-4],[1,-2],[3,-8],[4,-21],[3,-11],[8,-2],[12,7],[38,29],[10,5],[7,-3],[2,-6],[-4,-7],[-3,-5],[-5,-15],[0,-9],[1,-5],[4,-9],[6,-6],[10,-8],[11,-4],[8,-5],[10,-4],[12,-8],[3,-13],[1,-10],[-2,-33],[2,-10],[3,-10],[-1,-6],[-2,-7],[-5,-1],[-10,16],[-7,1],[-6,-4],[1,-20],[-1,-7],[-3,-8],[-4,-4],[-8,4],[-7,13],[-5,3],[-7,-2],[-3,-9],[0,-16],[-2,-6],[-7,-1],[-6,2],[-9,6],[-7,10],[-4,10],[-6,22],[-5,10],[-30,36],[-13,9],[-7,2],[-6,1],[-3,-9],[3,-9],[14,-19],[5,-9],[3,-7],[-1,-8],[-5,-14],[1,-8],[14,-27],[1,-7],[-5,-6],[-7,-4],[-9,-1],[-10,0],[-9,3],[-7,13],[1,8],[3,17],[-1,9],[-3,7],[-5,6],[-7,5],[-5,2],[-5,0],[-5,-2],[-4,-6],[0,-9],[2,-8],[12,-29],[1,-6],[1,-7],[-1,-7],[-7,-22],[0,-5],[1,-5],[4,1],[8,4],[14,12],[5,3],[10,1],[14,-3],[3,-3],[-3,-13],[-4,-5],[-11,-6],[-16,-3],[-6,-3],[-5,-7],[-5,-4],[-17,-5],[-4,-19],[0,-6],[6,-14],[-1,-6],[-1,-3],[-13,-11],[-13,-9],[-9,-2],[-19,0],[-4,-12],[-3,-4],[-8,-5],[-4,-6],[-10,-25],[-8,-11],[-17,-20],[-6,-12],[-12,-38],[3,-15],[-1,-14],[9,-19],[12,-6],[12,0],[10,-4],[20,-12],[11,-10],[13,-11],[10,-2],[9,-6],[23,-6],[9,-24],[9,-11],[5,-11],[2,-13],[-1,-14],[2,-12],[-2,-9],[11,2],[7,-2],[7,-40],[6,-10],[8,-11],[0,2],[2,7],[4,7],[7,5],[8,3],[17,1],[8,-1],[10,-2],[4,16],[2,17],[3,7],[5,3],[9,-5],[15,-1],[-2,10],[2,14],[5,17],[7,11],[18,14],[-6,10],[-4,4],[-9,3],[-7,6],[-6,19],[5,9],[11,5],[12,8],[37,26],[36,19],[16,28],[-7,14],[-3,13],[-1,4],[12,15],[10,8],[6,11],[10,2],[7,3],[7,10],[4,4],[7,0],[18,-6],[23,-1],[10,-6],[3,-5],[1,-9],[-3,-21],[1,-9],[6,-6],[7,-14],[0,-7],[0,-13],[-1,-9],[-6,-10],[-10,-10],[-6,-8],[1,-15],[-2,-6],[-6,-12],[-8,-5],[-8,-19],[-2,-15],[6,-13],[7,-6],[12,-8],[7,0],[1,13],[-2,8],[3,7],[9,4],[7,6],[6,12],[6,7],[6,0],[7,-2],[18,-13],[6,2],[12,6],[8,-1],[7,-3],[8,-9],[5,-13]],[[8403,8095],[-9,-7],[-1,-1],[-10,-6],[-2,0],[-16,7],[-2,1],[-1,0],[-2,1],[-3,4],[-2,2],[-1,1],[-4,1],[-1,-1],[-1,-1],[-1,-1],[1,-12],[1,-1],[2,-1],[0,-12],[2,-6],[2,-2],[0,-2],[2,-2],[2,-4],[-1,-11],[-1,-7],[-1,-2],[-3,-4],[0,-1],[-12,-14],[-3,-4],[-19,-17],[-4,-4],[-5,-9],[-1,-1],[-1,-4],[-5,2],[-1,1],[-1,2],[-2,2],[-2,0],[-2,-2],[0,-1],[1,-8],[0,-1],[9,-5],[5,-6],[1,0],[3,-9],[0,-13],[-1,-1],[-3,-13],[-5,-5],[0,-1],[-1,-1],[-4,-6],[-9,-9],[-2,-3],[0,-1],[-4,-3],[-9,-11],[-3,-7],[-6,-8],[-2,-1],[0,-2],[-2,-2],[-6,-6],[-1,0],[-1,-1],[-1,-2],[-16,-10],[-3,-4],[-3,-6],[-5,-16],[-1,-6],[-1,-1],[-1,-2],[-1,-17],[-3,-5],[-4,-6],[-9,-7],[-1,-1],[-3,-3],[-15,-6],[-5,-2],[-12,-9],[-5,-6],[-1,-3],[-1,-6],[0,-2],[-1,-1],[-5,-20],[-1,-6],[-1,-2],[-3,-6],[-8,-9],[-8,-5],[-4,-2],[-6,-4],[-9,-8],[-2,-1],[-1,-1],[0,-1],[-1,-1],[-5,-6],[-2,-2],[-4,-2],[-8,-10],[0,-1],[-3,-3],[-7,1],[-4,0],[-6,4],[-5,17],[-2,1],[-3,3],[0,1],[-1,1],[0,1],[-3,3],[-1,1],[-2,0],[-8,-2],[-10,-8],[-2,-3],[0,-1],[-2,-11],[1,-6],[4,-3],[1,-1],[0,-2],[16,-8],[2,-1],[12,-3],[2,1],[5,1],[1,-4],[1,-8],[-3,-7],[-1,-1],[-4,-6],[-1,-3],[-7,-7],[0,-1],[-1,-1],[-2,-2],[-1,-1],[-11,-7],[-5,-2],[-7,-4],[-12,-8],[-8,-4],[-10,-8],[-1,-1],[-1,-5],[-5,-5],[-16,-12],[-11,-5],[-9,-4],[-10,-1],[-10,-2],[-15,-6],[-2,-2],[-5,-1],[1,5],[2,6],[2,3],[1,5],[-4,-1],[-6,-2],[-4,-3],[-4,-5],[-5,-11],[-2,-2],[-3,-5],[-2,-1],[-1,-2],[-15,-9],[-9,-1],[-8,-5],[-2,0],[-18,-6],[-6,-4],[-6,-5],[-1,0],[-3,0],[-7,-4],[-12,-10],[-3,-1],[-9,-10],[-1,-2],[-1,-4],[0,-9],[-1,-3],[-3,-3],[-2,-3],[-5,-5],[-4,-6],[0,-1],[-3,-2],[-13,-6],[-14,-4],[-22,-11],[-2,-2],[-6,-2],[-3,-3],[-6,-3],[-7,-6],[-16,-8],[-2,-1],[-4,-4],[-6,-3],[-1,-2],[-54,-28],[-11,-9],[-2,-2],[-8,-5],[-11,-8],[-19,-8],[-3,-1],[-4,-2],[-11,-3],[-1,-1],[-3,-2],[-23,-11],[-22,-11],[-8,-5],[-15,-7],[-20,-13],[-3,-1],[-12,-10],[-2,-1],[-5,-4],[-1,-2],[-1,0],[-4,-1],[-8,-4],[-3,-2],[-8,-7],[-2,-1],[0,-1],[-13,-8],[-8,-8],[-13,-6],[-10,-7],[-1,-1],[-6,-3],[-11,-8],[-5,-3],[-7,-5],[-1,-1],[-9,-5],[-9,-7],[-3,-2],[-18,-14],[-3,-3],[-17,-12],[-6,-6],[-8,-4],[-7,-7],[-3,-2],[-14,-9],[-10,-10],[-3,-2]],[[6519,8239],[9,8],[7,5],[4,9],[3,3],[13,2],[0,7],[4,10],[-4,16],[6,6],[13,9],[9,5],[7,-2],[3,-8],[16,-9],[7,-2],[11,1],[8,6],[-1,4],[-5,4],[-3,7],[7,-1],[7,4],[3,8],[10,-8],[11,-5],[4,-7],[19,2],[4,5],[3,1],[8,-10],[9,-1],[3,-3],[1,-12],[3,-8],[12,12],[7,-5],[16,5],[4,-3],[12,-24],[5,-8],[-4,-8],[4,-7],[10,-5],[7,2],[8,0],[13,-12],[13,-10],[6,-2],[10,1],[8,-2],[1,-13],[5,-6],[14,1],[10,3],[7,6],[2,9],[2,8],[1,20],[-3,14],[-3,9],[-10,14],[5,2],[3,4],[1,6],[2,8],[15,11],[5,1],[3,5],[3,2],[13,2],[-2,-6],[-5,-5],[5,-13],[6,-3],[6,1],[-2,-8],[1,-2],[5,0],[5,-5],[4,2],[-5,14],[4,2],[2,3],[3,0],[2,2],[6,-5],[-2,-6],[6,-3],[9,10],[0,3],[8,28],[-1,6],[2,5],[-1,12],[-3,7],[-8,4],[-3,6],[1,20],[-3,18],[6,13],[-2,23],[6,-7],[8,-5],[16,-14],[5,6],[3,9],[2,7],[-8,14],[-13,20],[-9,2],[-11,0],[-10,5],[-7,7],[-11,5],[-3,10],[2,13],[-4,9],[17,9],[16,22],[-8,1],[-6,9],[1,9],[10,5],[1,3],[1,10],[0,10],[2,9],[4,21],[9,8],[29,-1],[6,5],[13,16],[4,7],[2,17],[7,9],[-6,8],[-5,11],[-4,1],[-7,-2],[-8,0],[-5,-2],[-9,-13],[-4,1],[-7,-4],[-7,2],[-3,5],[-8,10],[2,4],[12,3],[6,11],[8,7],[4,15],[12,10],[8,5],[5,6],[-2,7],[3,7],[4,4],[0,5],[-7,9],[-4,7],[-1,15],[-3,8],[-8,8],[-6,10],[6,5],[2,6],[6,5],[7,3],[4,6],[2,8],[18,31],[19,20],[10,8],[8,11],[3,12],[10,19],[16,21],[4,9],[26,30],[10,2],[4,-7],[-9,-3],[-3,-3],[7,-22],[21,-14],[2,-7],[3,0],[3,6],[4,4],[8,-7],[4,3],[7,-2],[1,-7],[-2,-4],[3,-11],[-5,-4],[-1,-7],[6,1],[4,-8],[-8,-8],[6,-3],[2,-4],[-7,-9],[-5,-4],[-2,-5],[9,-5],[-4,-4],[1,-5],[3,-2],[4,2],[3,-6],[0,-4],[1,-9],[4,-1],[3,4],[4,2],[0,8],[7,-3],[4,1],[3,-4],[5,-2],[-4,-6],[-1,-11],[-5,-4],[-1,-10],[-7,-1],[-4,-13],[1,-6],[4,-1],[0,-3],[-10,-8],[0,-5],[4,-6],[9,0],[8,-9],[3,6],[6,2],[11,-7],[7,0],[6,-6],[2,-4],[5,2],[10,-2],[6,-11],[6,2],[2,-4],[1,-4],[-4,-6],[2,-4],[-2,-5],[1,-4],[9,-1],[3,-3],[4,-7],[-5,-7],[-10,1],[-4,-3],[2,-11],[3,-4],[4,-16],[-2,-5],[-8,-2],[-7,6],[-5,-6],[-3,-7],[-7,-3],[-2,-4],[4,-8],[4,-1],[6,2],[4,-15],[0,-7],[-4,-4],[-2,-6],[3,-4],[0,-5],[-5,-3],[-4,-5],[3,-5],[5,-1],[1,-6],[1,-8],[11,-3],[4,-4],[10,-4],[3,-5],[-1,-4],[3,-6],[9,-5],[8,-12],[6,0],[7,10],[10,8],[3,7],[-3,19],[5,10],[4,13],[5,10],[3,12],[8,6],[9,2],[12,1],[10,7],[5,0],[5,-2],[3,6],[3,13],[10,7],[8,3],[10,-5],[11,2],[-2,8],[7,3],[10,0],[6,5],[0,7],[4,3],[5,-4],[5,1],[6,5],[6,13],[16,22],[-8,25],[4,3],[8,9],[-1,9],[1,9],[7,7],[-8,8],[-7,-1],[0,7],[-4,8],[-2,9],[0,7],[13,11],[6,9],[9,10],[24,-1],[1,-8],[14,-11],[7,-3],[1,-15],[4,-4],[6,-3],[5,8],[9,-7],[9,-4],[9,-3],[8,9],[3,4],[7,-3],[5,-9],[3,-12],[0,-10],[-8,-21],[9,-17],[8,-12],[6,-5],[7,5],[4,-3],[4,-1],[6,5],[10,2],[6,-15],[16,-1],[8,6],[10,4],[11,0],[10,-4],[2,10],[3,7],[7,0],[1,6],[6,8],[1,0],[5,0],[8,3],[10,2],[7,10],[4,-2],[5,-11],[10,-4],[6,-6],[3,1],[18,8],[3,3],[12,18],[1,5],[-1,1]],[[8627,8345],[-7,2],[-4,-1],[-5,-4],[5,-2],[7,-4],[2,-2],[1,-2],[0,-2],[-1,-1],[-8,-7],[-18,-11],[-16,-11],[-5,-3],[-4,-3],[-11,-8],[-3,-4],[-8,-7],[-6,-6],[-2,-3],[-1,0],[0,-1],[-2,-2],[-8,-9],[-2,-4],[-3,-4],[-4,-6],[-6,-4],[-1,0],[-5,0],[-1,1],[-1,2],[-1,3],[-2,-1],[-1,0],[-2,-2],[-1,-1],[-5,2],[0,1],[-9,8],[-2,-1],[-2,-1],[-1,-2],[2,-6],[1,-2],[7,-5],[1,-1],[1,-2],[1,-1],[0,-7],[-3,-17],[-1,-14],[-2,-14],[-2,-2],[-6,-13],[-22,-22],[-16,-12],[-6,-4],[-4,-5],[-19,-13],[-4,-4],[-9,-6]],[[7883,8832],[-3,4],[-5,5],[-4,8],[-1,6],[6,8],[1,9],[1,2],[-2,12],[-2,1],[-12,-7],[-8,-10],[-6,1],[-3,2],[-3,5],[7,5],[1,8],[-3,4],[-6,2],[-9,1],[-9,6],[-3,6],[1,5],[11,9],[2,5],[10,6],[3,4],[9,13],[10,8],[4,17],[6,9],[6,5],[5,7],[5,19],[12,19],[7,9],[1,8],[-3,4],[-19,3],[-18,-12],[-7,0],[-8,7],[-6,8],[-10,5],[2,16],[-10,9],[1,5],[6,6],[3,6],[3,3],[7,0],[4,1],[8,7],[3,6],[-2,10],[-4,3],[-10,2],[1,9],[3,6],[7,11],[4,3],[14,-2],[3,-2],[4,-6],[-1,-5],[2,-6],[6,3],[5,6],[7,17],[1,5],[-7,16],[-2,11],[0,11],[2,7],[5,6],[5,2],[12,-6],[11,3],[13,-5],[7,3],[12,12],[8,-1],[4,9],[6,40],[4,3],[8,2],[11,-5],[3,8],[0,6],[-1,7],[-4,11],[4,3],[21,15],[4,0],[3,-4],[3,-1],[5,4],[3,0],[1,-8],[2,-1],[4,1],[2,-6],[2,3],[7,26],[2,4],[8,7],[2,5],[1,4],[0,1],[-1,5],[-6,11],[0,7],[3,3],[4,1],[8,-3],[13,-8],[7,-1],[13,1],[4,-2],[9,-1],[5,4],[2,6],[-1,6],[-2,5],[1,7],[6,15],[6,7],[15,4],[11,9],[4,1],[13,-5],[5,0],[6,4],[-1,5],[1,5],[2,5],[4,4],[20,11],[8,6],[4,9],[7,7],[4,0],[13,-17],[4,1],[9,7],[4,-1],[12,8],[3,4],[-2,24],[1,5],[3,2],[8,0],[3,1],[2,4],[1,3],[-7,10],[-5,2],[-9,2],[-8,4],[-3,4],[0,3],[-8,7],[-7,9],[-1,6],[2,3],[11,8],[1,4],[-4,3],[-5,1],[-12,-3],[-8,1],[-5,6],[-8,17],[-3,7],[-2,9],[2,8],[1,3],[8,-1],[9,-5],[2,-11],[9,-9],[3,0],[3,1],[5,6],[0,3],[-16,15],[-4,7],[-4,16],[0,8],[-2,2],[-6,-1],[-11,4],[-1,-1],[0,-17],[-2,-15],[-4,-3],[-1,-2],[0,-9],[3,-12],[-3,-3],[-6,-1],[-7,2],[-8,10],[-3,4],[-1,4],[-1,8],[4,3],[12,3],[2,2],[0,6],[-2,4],[-3,2],[-2,1],[-1,4],[-1,4],[2,7],[-2,2],[-7,4],[-8,8],[-5,15],[-1,6],[-1,4],[-5,6],[2,4],[3,2],[11,-1],[11,-2],[4,-1],[3,3],[-1,3],[0,7],[0,2],[3,3],[3,10],[7,4],[7,1],[11,-1],[3,-5],[6,-17],[6,-2],[12,2],[10,4],[5,4],[5,-1],[4,-5],[7,0],[1,-1],[3,-3],[2,2],[3,2],[2,-5],[1,-6],[-3,-14],[7,-3],[23,-25],[4,-5],[5,-12],[3,-4],[5,-3],[6,-2],[5,2],[9,21],[0,6],[-1,7],[-4,4],[0,3],[2,13],[-3,2],[-9,0],[-2,16],[-1,5],[0,5],[2,4],[4,1],[7,-1],[11,-5],[6,0],[3,3],[3,5],[-2,12],[3,14],[-1,7],[-14,16],[-4,12],[1,13],[-8,6],[0,5],[3,6],[-1,5],[1,4],[6,3],[4,-2],[4,0],[2,4],[1,8],[5,-4],[1,-8],[3,-6],[15,-17],[2,-3],[3,4],[5,10],[3,4],[3,0],[1,-16],[3,-7],[3,-3],[-1,-12],[0,-6],[4,-9],[1,-8],[-7,-4],[-5,6],[-6,1],[-7,0],[-2,-4],[1,-9],[3,-11],[11,-2],[14,-7],[20,0],[2,11],[0,11],[2,14],[1,2],[9,10],[6,13],[6,3],[-1,5],[-8,18],[0,11],[2,7],[6,6],[4,0],[7,-18],[0,-3],[-4,-6],[-1,-7],[2,-6],[4,-2],[8,3],[14,-4],[2,8],[2,12],[0,20],[3,6],[4,5],[7,3],[8,0],[6,5],[0,7],[-10,19],[-3,8],[0,7],[0,8],[8,11],[6,5],[7,0],[4,4],[6,13],[5,4],[-3,6],[1,5],[2,3],[7,-6],[2,-8],[-2,-20],[2,-7],[4,-4],[15,-2],[5,-2],[2,-5],[-1,-6],[-5,0],[-2,-2],[2,-7],[2,-4],[0,-6],[3,-3],[9,-19],[1,-8],[-2,-11],[4,-8],[4,-5],[5,-3],[12,-19],[10,-13],[12,-34],[4,-7],[3,-3],[21,-1],[6,-1],[2,-2],[-4,-12],[-6,-3],[-7,-1],[-5,-3],[-1,-7],[0,-4],[0,-1],[1,-10],[4,-2],[4,1],[6,-3],[12,-11],[2,-14],[3,-9],[8,-33],[4,-7],[2,-6],[1,-11],[5,-7],[12,-3],[9,-15],[6,-6],[3,-2]],[[6193,5663],[-2,-1],[-3,-10],[-1,-13],[-9,-15],[-3,0],[-6,4],[-1,10],[-1,11],[-3,5],[-2,0],[-4,3],[-12,6],[-23,9],[-5,3],[-13,3],[-5,0],[-9,1],[-10,1],[-14,1],[-2,0],[-2,0],[-8,1],[-1,0],[-12,1],[-6,0],[-3,1],[-13,4],[-11,5],[-3,3],[-2,2],[-2,3],[-3,4],[9,1],[6,2],[3,1],[1,3],[-10,9],[-7,3],[-3,3],[-4,8],[-5,15],[-9,8],[-2,-4],[0,-1]],[[5128,6780],[-3,27],[8,20],[0,6],[2,16],[-12,23],[11,11],[4,10],[4,33],[8,-2],[16,-6],[9,-1],[9,1],[7,2],[5,5],[-1,12],[2,11],[1,14],[-2,6],[-6,6],[-2,9],[1,14],[-3,13],[11,6],[8,1],[13,-2],[10,-7],[11,-10],[10,-8],[13,-6],[24,-8],[7,1],[9,3],[9,4],[26,4],[7,8],[4,8],[6,4],[5,7],[3,14],[10,-5],[10,-10],[28,15],[42,17],[34,11],[22,1],[6,15],[16,19],[-8,8],[-4,10],[-1,45],[2,14],[8,14],[4,12],[11,8],[35,-9],[20,2],[29,0],[6,-1],[6,-3],[18,14],[9,12],[12,23],[4,11],[12,23],[14,22],[3,2],[7,3],[9,-4],[7,-7],[0,-14],[8,-11],[18,-13],[10,-5],[16,-3],[27,10],[11,0],[4,8],[2,8],[17,5],[10,10],[5,14],[7,11],[7,11],[19,22],[12,19],[14,26],[3,7],[0,10],[-2,9],[0,17],[5,19]]],"transform":{"scale":[0.0008008573195487188,0.0006543943093739218],"translate":[76.76080956709913,12.622343222354871]}}