{"type":"Topology","objects":{"type":"GeometryCollection","geometries":[{"type":"Polygon","properties":{"NAME_1":"Anjaw","ST_NM":"Arunanchal Pradesh","ST_CEN_CD":12,"DT_CEN_CD":16,"CENSUSCODE":260,"iso_a2":"IN_AR_AJ"},"arcs":[[0,1,2,3]]},{"type":"Polygon","properties":{"NAME_1":"Changlang","ST_NM":"Arunanchal Pradesh","ST_CEN_CD":12,"DT_CEN_CD":9,"CENSUSCODE":253,"iso_a2":"IN_AR_CH"},"arcs":[[4,5,6,7,-1]]},{"type":"Polygon","properties":{"NAME_1":"Dibang Valley","ST_NM":"Arunanchal Pradesh","ST_CEN_CD":12,"DT_CEN_CD":13,"CENSUSCODE":257,"iso_a2":"IN_AR_UD"},"arcs":[[8,9,10]]},{"type":"MultiPolygon","properties":{"NAME_1":"East Kameng","ST_NM":"Arunanchal Pradesh","ST_CEN_CD":12,"DT_CEN_CD":3,"CENSUSCODE":247,"iso_a2":"IN_AR_EK"},"arcs":[[[11,12,13,14,15,16]],[[17,18]]]},{"type":"Polygon","properties":{"NAME_1":"East Siang","ST_NM":"Arunanchal Pradesh","ST_CEN_CD":12,"DT_CEN_CD":7,"CENSUSCODE":251,"iso_a2":"IN_AR_ES"},"arcs":[[19,20,21,22]]},{"type":"Polygon","properties":{"NAME_1":"Kurung Kumey","ST_NM":"Arunanchal Pradesh","ST_CEN_CD":12,"DT_CEN_CD":12,"CENSUSCODE":256,"iso_a2":"IN_AR_KK"},"arcs":[[23,24,-17,25,26]]},{"type":"Polygon","properties":{"NAME_1":"Lohit","ST_NM":"Arunanchal Pradesh","ST_CEN_CD":12,"DT_CEN_CD":15,"CENSUSCODE":259,"iso_a2":"IN_AR_EL"},"arcs":[[-8,27,28,-2]]},{"type":"Polygon","properties":{"NAME_1":"Lower Dibang Valley","ST_NM":"Arunanchal Pradesh","ST_CEN_CD":12,"DT_CEN_CD":14,"CENSUSCODE":258,"iso_a2":"IN_AR_DV"},"arcs":[[29,-3,-29,30,-20,31,-9]]},{"type":"Polygon","properties":{"NAME_1":"Lower Subansiri","ST_NM":"Arunanchal Pradesh","ST_CEN_CD":12,"DT_CEN_CD":11,"CENSUSCODE":255,"iso_a2":"IN_AR_LB"},"arcs":[[32,33,34,-24,35]]},{"type":"Polygon","properties":{"NAME_1":"Papum Pare","ST_NM":"Arunanchal Pradesh","ST_CEN_CD":12,"DT_CEN_CD":4,"CENSUSCODE":248,"iso_a2":"IN_AR_PA"},"arcs":[[-35,36,-12,-25]]},{"type":"Polygon","properties":{"NAME_1":"Tawang","ST_NM":"Arunanchal Pradesh","ST_CEN_CD":12,"DT_CEN_CD":1,"CENSUSCODE":245,"iso_a2":"IN_AR_TA"},"arcs":[[-18,37,-15,38,39]]},{"type":"Polygon","properties":{"NAME_1":"Tirap","ST_NM":"Arunanchal Pradesh","ST_CEN_CD":12,"DT_CEN_CD":10,"CENSUSCODE":254,"iso_a2":"IN_AR_TI"},"arcs":[[-6,40]]},{"type":"Polygon","properties":{"NAME_1":"Upper Siang","ST_NM":"Arunanchal Pradesh","ST_CEN_CD":12,"DT_CEN_CD":8,"CENSUSCODE":252,"iso_a2":"IN_AR_US"},"arcs":[[-10,-32,-23,41,42]]},{"type":"Polygon","properties":{"NAME_1":"Upper Subansiri","ST_NM":"Arunanchal Pradesh","ST_CEN_CD":12,"DT_CEN_CD":5,"CENSUSCODE":249,"iso_a2":"IN_AR_UB"},"arcs":[[-36,-27,43,44]]},{"type":"Polygon","properties":{"NAME_1":"West Kameng","ST_NM":"Arunanchal Pradesh","ST_CEN_CD":12,"DT_CEN_CD":2,"CENSUSCODE":246,"iso_a2":"IN_AR_WK"},"arcs":[[45,-39,-14]]},{"type":"Polygon","properties":{"NAME_1":"West Siang","ST_NM":"Arunanchal Pradesh","ST_CEN_CD":12,"DT_CEN_CD":6,"CENSUSCODE":250,"iso_a2":"IN_AR_WS"},"arcs":[[-22,46,-33,-45,47,-42]]}]},"arcs":[[[9121,3435],[-18,21],[-5,8],[-37,25],[-9,-5],[-12,-20],[-33,17],[-6,14],[-13,-2],[-10,4],[-9,-6],[-9,3],[-18,27],[-15,9],[-6,-7],[-9,-34],[-1,-27],[-9,-26],[-5,3],[-15,16],[-17,40],[-24,32],[-9,20],[-28,4],[-9,8],[-9,35]],[[8786,3594],[-13,18],[-21,12],[-53,17],[-34,39],[-17,50],[-5,37],[8,39],[24,34],[8,29],[-15,44],[-30,56],[-1,28],[13,38],[25,68],[-1,40],[-7,44],[-19,30],[2,44],[-11,34],[-9,7],[-16,-11],[-22,-12],[-23,35],[-38,82],[-37,52],[-32,18],[-48,12],[-87,17],[-24,33],[-15,44],[-19,78],[-8,62],[-36,81],[-63,89],[-79,139],[-24,66],[-1,39],[11,17],[39,34],[24,45],[18,45],[1,34],[-3,26],[10,38],[7,48],[0,46],[-21,58],[-21,62],[-23,63],[-4,45],[-1,67],[12,56],[16,54],[40,103],[4,42],[-14,52],[-30,40],[-12,30]],[[8111,6131],[7,10],[9,24]],[[8127,6165],[8,-8],[18,5],[54,21],[15,2],[7,-25],[9,-83],[20,-5],[12,-65],[23,8],[17,15],[8,45],[3,32],[2,30],[1,18],[2,21],[12,33],[14,21],[11,31],[8,12],[20,13],[17,6],[29,-3],[16,-13],[7,-6],[16,18],[24,40],[29,27],[15,38],[34,36],[32,11],[39,-7],[30,-1],[36,8],[8,-2],[18,-33],[10,-19],[10,-11],[32,-39],[18,-16],[30,-8],[10,-12],[19,-20],[11,-23],[9,-40],[7,-51],[6,-32],[6,-24],[14,-13],[25,0],[24,-9],[26,-3],[44,4],[17,35],[12,9],[18,7],[24,12],[8,-1],[9,-22],[11,-30],[16,-29],[0,-14],[2,-25],[8,-26],[28,-11],[18,-7],[15,-29],[21,-30],[10,-5],[12,0],[16,-21],[13,7],[32,28],[7,14],[16,30],[9,38],[6,17],[12,14],[15,1],[9,4],[22,20],[23,16],[10,-8],[10,-16],[14,-14],[14,-4],[9,-6],[6,-17],[16,-25],[22,-37],[12,-26],[11,-49],[7,-39],[7,-11],[7,-7],[9,-3],[16,-7],[17,4],[20,12],[17,3],[6,-19],[11,-49],[12,-20],[22,4],[24,7],[23,-8],[18,-20],[24,-24],[2,-21],[9,-22],[15,0],[9,-4],[11,-11],[14,-20],[16,-28],[23,-10],[17,-21],[11,-22],[14,-26],[19,-42],[0,-25],[-14,-8],[-9,12],[-8,7],[-18,14],[-14,-14],[-8,-29],[-12,-24],[-18,-33],[-18,-33],[-7,-31],[-4,-22],[4,-23],[8,-21],[6,-16],[8,-24],[-1,-18],[-20,-36],[-18,-32],[-11,-26],[-4,-26],[-1,-31],[7,-26],[12,-10],[22,-6],[23,4],[20,3],[16,2],[12,8],[1,-28],[-10,-36],[15,-47],[9,3],[13,-10],[15,-11],[12,-15],[10,-10],[6,-11],[-2,-18],[-4,-14],[-16,-8],[-19,-3],[-4,-21],[-10,-49],[-8,-22],[0,-28],[0,-54],[-5,-67],[12,-30],[9,-19],[0,-15],[-11,-19],[-5,-11],[2,-20],[14,-31],[2,-27],[-18,-11],[-12,-22],[-11,-6],[-36,32],[-14,-3],[-25,-13],[3,49],[2,30],[-3,16],[-12,32],[-11,17],[-12,-10],[-23,-19],[-12,-8],[-42,-35],[-15,-20],[-11,-30],[-7,-20],[-18,-28],[-10,-17],[-14,-19],[-17,-27],[-12,-28],[-10,-21],[-4,-16],[-9,-15],[-13,-12],[-11,-8],[2,-24],[-15,-24],[-13,-12],[-14,-8],[-12,-7],[-6,-31],[-10,-19],[-6,-9],[-16,-9],[-21,-9],[-7,-17],[3,-21],[7,-27],[-6,-28],[-5,-36],[-3,-26],[-8,-5],[-16,12],[-25,28],[-9,-8],[-10,-19],[-14,-9],[-18,10],[-15,-11],[-22,-30],[-5,-19],[-5,-35],[-8,-36],[-11,-49],[-11,-57],[1,-35],[-4,-17],[-22,3],[-33,9],[-17,-10],[-11,-14],[-6,-27],[-8,-27],[-5,-21],[-9,-22],[-11,-31],[-10,-15],[-22,-11]],[[9121,3435],[-5,-12],[3,-73],[0,-24],[6,-13],[12,0],[7,-6],[0,-14],[-1,-29],[1,-32],[3,-32],[8,-10],[7,-15],[7,-32],[8,-18],[7,-26],[-2,-24],[-5,-27],[-5,-14],[-8,-31],[-10,-18],[-8,-19],[-3,-17],[-4,-23],[-1,-25],[0,-23],[2,-19],[10,-14],[14,-8],[12,-22],[7,-39],[7,-45],[13,-21],[28,-20],[6,-49],[11,-20],[-11,-35],[5,-26],[8,-8],[9,-11],[5,-40],[8,-14],[13,-12],[2,-16],[3,-38],[5,-36],[11,-16],[12,-19],[40,-44],[6,-65],[13,-12],[9,-3],[3,-31],[8,-16],[9,-17],[9,-21],[14,-28],[12,-11],[8,-11],[4,-23],[-2,-71],[9,-23],[13,-7],[15,-14],[6,-16],[6,-17],[3,-27],[3,-26],[10,-15],[12,-12],[16,3],[5,-36],[6,-22],[19,-24],[8,-40],[-1,-27],[-10,-16],[-17,-21],[-6,-23],[-4,-29],[-6,-31],[-11,-6],[-15,9],[-15,30],[-13,28],[-10,5],[-16,-10],[-17,-16],[-18,-14],[-12,-3],[-16,7],[-17,28],[-8,17],[-4,11],[-6,16],[-12,21],[-8,17],[-15,13],[-14,5],[-11,11],[-13,15],[-11,26],[-13,19],[-19,16],[-17,5],[-14,4],[-18,2],[-29,4],[-16,1],[-27,19],[-10,9],[-23,26],[-13,11],[-16,22],[-4,26],[0,19],[-1,25],[5,15],[14,11],[10,15],[9,6],[8,15],[2,15],[2,24],[-9,25],[1,17],[2,15],[-6,15],[-17,-3],[-16,7],[-7,13],[-11,27],[-3,37],[-3,35],[-3,21],[-23,15],[-9,15],[-11,21],[-5,14],[-8,18],[-7,25],[-7,30],[-5,20],[-6,14],[-13,8],[-16,8],[-10,12],[-11,10],[-22,-6],[-10,-2],[-11,5],[-12,2],[-21,28],[-10,16],[-17,14],[-6,-20],[-4,-14],[-13,-20],[-9,0],[-18,12],[-12,7],[-10,5],[-16,-3],[-8,-9],[-17,-3],[-12,5],[-15,9],[-17,4],[-13,-13],[-6,-14],[-11,-17],[-7,-14],[-1,-18],[5,-25],[-8,-7],[-8,-6],[-10,-14],[-10,-12],[-8,-15],[-16,-9],[-7,-5],[-9,-17],[-10,-21],[-9,-18],[-13,-19],[-12,-22],[-14,-14],[-9,23],[-9,13],[-11,12],[-9,7],[-10,-11],[-14,-4],[-12,10],[-14,16],[-7,-5],[-8,-7],[-16,3],[-11,2],[-11,0],[-10,-2],[-15,-13],[-15,-22],[-13,0],[-11,-5],[-18,-14],[-15,11],[-15,5],[-17,4],[-4,-22],[-11,-14],[-12,-6],[-12,12],[-9,15],[-26,8],[-16,14],[-13,-10],[-22,-18],[-14,-28],[-6,-24],[-19,-5],[-23,11],[-22,12],[-12,2],[-12,-15],[-15,-39],[-21,-13],[-16,-3],[-25,-39],[-31,1],[-23,-17],[-61,-58],[-26,-6],[-12,-17],[-10,-34],[-29,-14],[-20,-37],[-36,-24],[-11,-29],[-12,-76],[-10,-42],[-22,-51],[-25,-54],[-18,-51],[-12,-43],[-15,-60],[-10,-49],[-19,-30],[-17,-24],[-22,-14],[-13,-13],[-11,-18],[-15,-30],[-19,-14],[-21,-26],[-16,7],[-17,0],[-33,-25],[-17,10],[-22,15],[-13,-6],[-5,-30],[-43,-79],[-11,-26],[-2,-14],[-8,-20],[-11,-32],[5,-68],[-5,-10],[-7,-7],[-7,-35],[3,-19],[5,-16],[1,-20],[-5,-25],[-17,-25],[-15,-29],[-9,-18],[-17,-14],[-16,3],[-14,10],[-8,28],[-11,17],[-19,18]],[[7042,883],[17,20],[12,49],[-2,61],[1,34],[-20,62],[1,37],[-2,46],[-37,1],[-28,19],[-20,72],[-4,57],[36,129],[-2,62],[-8,35],[-9,34],[10,40],[18,28],[14,21],[6,31],[6,58],[3,64],[-7,38],[-19,26],[-28,25],[2,30],[-2,25],[-9,48],[-3,31]],[[6968,2066],[72,61],[0,8],[9,4],[19,2],[11,-9],[23,13],[9,-6],[8,6],[11,26],[7,1],[6,11],[30,16],[47,16],[10,23],[17,11],[10,11],[0,-13],[3,-9],[3,-16],[47,21],[21,22],[18,4],[2,-15],[-2,-24],[0,-13],[8,-11],[12,-35],[9,2],[8,-2],[9,-13],[11,-1],[7,5],[5,43],[5,12],[1,23],[-4,5],[7,15],[10,4],[11,22],[37,37],[39,26],[4,16],[-5,10],[9,1],[2,13],[-1,13],[16,3],[11,5],[-21,2],[-3,8],[7,8],[5,11],[28,32],[2,32],[3,11],[9,2],[2,2],[17,-2],[9,14],[4,12],[-10,15],[-7,20],[-4,22],[-11,22],[-3,15],[2,21],[-11,31],[-7,8],[1,17],[-3,9],[-17,0],[-2,13],[4,2],[-1,15],[-4,7],[0,12],[-8,4],[-2,-22],[-7,-23],[-1,26],[0,19],[-6,-4],[-4,-24],[-7,15],[-7,1],[-4,14],[5,13],[-1,9],[-5,6],[-12,5],[-17,1],[-28,-12],[-9,-12],[-6,-26],[-3,-33],[-10,-42],[-12,-19],[-2,13],[4,16],[0,14],[-7,29],[-1,19],[1,29],[-3,15],[-10,0],[-12,-31],[-18,-22],[-3,-15],[2,-13],[4,-7],[1,-8],[-16,13],[-1,15],[-3,10],[-11,10],[1,16],[5,35],[4,9],[8,6],[7,11],[-7,38],[3,13],[8,9],[17,8],[4,16],[5,42],[-4,18],[0,24],[3,6],[9,9],[6,10],[-4,18],[-9,13],[-6,17],[4,10],[-1,26],[2,57],[0,26]],[[7385,3191],[205,44],[6,-10],[23,37],[13,14],[16,31],[14,24],[12,6],[10,17],[5,25],[8,22],[20,6],[28,12],[23,15],[9,0],[30,14],[3,-11],[10,-4],[2,-12],[-7,-9],[4,-10],[12,2],[36,-21],[10,-15],[5,4],[3,-12],[17,-16],[12,-3],[7,-4],[7,-18],[5,3],[6,-12],[8,-3],[3,-9],[10,0],[8,-13],[8,-19],[11,-6],[10,2],[9,-13],[17,3],[12,-5],[8,1],[7,-19],[13,4],[12,-10],[10,-3],[12,11],[20,26],[10,22],[24,26],[6,18],[3,17],[2,19],[4,14],[13,14],[7,14],[6,65],[29,64],[7,9],[9,-16],[10,-6],[7,14],[10,9],[0,12],[29,3],[3,6],[12,-1],[5,-9],[14,3],[3,10],[6,-4],[6,5],[8,-1],[5,-25],[7,-5],[2,-9],[10,2],[10,5],[8,-2],[8,12],[11,1],[13,-4],[6,-6],[20,-6],[10,5],[4,-3],[14,-20],[12,27],[7,9],[21,2],[11,-2],[15,14],[14,22],[27,-3],[10,-10],[14,3],[12,-26],[9,0],[-1,-13],[10,-18],[19,-23],[15,-2],[12,-11],[30,21],[13,30],[5,18],[13,9],[10,17],[9,2],[12,8],[9,11]],[[8328,6895],[-224,261],[12,278],[26,159],[-122,-13],[-116,74],[-121,-72],[-182,-310],[-31,16],[-231,78],[32,-336],[-56,-46],[-108,-142],[44,-48],[71,-44],[62,-100],[-91,-161],[0,3],[-25,55],[-29,43],[-20,22],[-33,17],[-26,50],[-30,23],[-22,-10],[-34,-18],[-51,26],[-47,47],[-59,42],[-53,15],[-35,30],[-36,57],[-25,32],[-46,-10],[-26,18],[-35,54],[-25,97],[-13,7],[-21,-30],[-17,-66],[-17,-79],[-15,-4],[-25,43]],[[6528,6953],[-1,33],[-17,42],[4,64],[-5,26],[-8,28],[0,39],[-4,39],[2,20],[-3,31],[-4,22],[-6,9],[8,10],[20,25],[12,46],[10,7],[11,26],[4,18],[-16,43],[-10,39],[0,17],[6,30],[-25,33],[-4,21],[1,19],[-4,4],[-1,18],[-8,49],[3,18],[-13,10],[-2,0],[-5,10],[-4,16],[-18,2],[-4,7],[-2,19],[-5,7],[-2,26],[9,11],[-11,31],[3,42],[-12,42],[15,21],[-4,39],[-8,25],[17,32],[-2,17],[-5,22],[-20,15],[-5,28],[-3,3],[-3,11],[3,16],[-13,22],[-7,-13],[-12,-12],[-9,-10],[-14,-4],[-4,-1],[-6,-1],[-9,5],[-14,17],[0,16],[7,23],[-5,19],[-3,9],[1,31],[-19,31],[-2,47],[14,9],[7,13],[16,64],[10,5],[8,9],[0,54],[-7,4],[-5,10]],[[6346,8528],[8,32],[10,3],[14,10],[19,3],[9,-1],[10,-13],[16,-15],[22,-13],[25,-19],[48,-17],[18,-12],[26,-9],[18,-5],[11,15],[8,10],[14,1],[15,-15],[15,-4],[12,3],[8,22],[10,41],[9,22],[7,18],[15,19],[5,18],[5,48],[5,69],[0,52],[8,59],[12,10],[18,-15],[24,-15],[17,-15],[15,-7],[0,61],[0,20],[0,27],[-1,33],[-1,45],[-7,58],[-7,40],[1,21],[12,5],[26,4],[33,3],[11,2],[-1,36],[4,51],[9,42],[10,27],[11,2],[26,-27],[18,-21],[12,3],[8,22],[16,16],[14,17],[22,21],[17,22],[15,33],[9,28],[8,21],[7,1],[15,-9],[21,15],[28,49],[3,46],[34,55],[13,26],[8,16],[9,0],[7,-32],[7,-34],[9,-5],[11,10],[28,46],[13,13],[23,-8],[13,18],[19,31],[27,65],[10,21],[14,-1],[35,-11],[44,-14],[37,-6],[15,17],[20,46],[16,23],[10,13],[16,6],[21,33],[19,43],[15,34],[16,26],[20,29],[24,13],[19,4],[11,-6],[9,-19],[15,-39],[20,-64],[18,-35],[26,-35],[18,-31],[14,-58],[10,-23],[19,-43],[9,-32],[9,-39],[-1,-20],[-4,-106],[9,-17],[26,-39],[11,-67],[28,-54],[13,-58],[16,-30],[12,-7],[26,12],[29,-4],[17,1],[34,83],[13,9],[43,20],[9,17],[13,34],[8,15],[10,2],[10,-9],[12,-27],[9,-44],[9,-27],[-2,-36],[-7,-45],[-12,-25],[-15,-31],[-9,-37],[-6,-33],[-7,-59],[-21,-38],[-24,-5],[-42,-4],[-29,-22],[-31,-5],[-10,1],[-11,-3],[-8,-22],[-11,-14],[-19,-6],[-17,-7],[-18,-30],[-4,-17],[-11,-45],[-6,-22],[-8,-30],[-25,-41],[-28,-24],[-24,-7],[-53,-18],[-17,-11],[38,-47],[23,-40],[18,-60],[8,-58],[6,-26],[11,-33],[8,-15],[8,-40],[-1,-37],[-7,-33],[-31,-32],[-12,-14],[-2,-32],[-6,-12],[-9,-21],[17,-32],[13,-23],[5,-28],[1,-29],[14,-6],[19,27],[32,26],[19,14],[21,22],[35,48],[12,58],[9,21],[13,22],[23,44],[8,30],[12,24],[13,12],[14,12],[21,26],[27,42],[16,27],[18,7],[19,3],[35,-3],[26,4],[28,6],[25,2],[24,16],[16,13],[13,29],[18,22],[25,20],[15,18],[13,10],[18,17],[11,3],[-23,-95],[-11,-39],[-11,-37],[-11,-39],[-7,-36],[-7,-18],[-12,-40],[7,-46],[5,-30],[5,-26],[10,-11],[13,5],[21,23],[10,2],[4,-20],[2,-35],[2,-27],[11,-39],[9,-25],[5,-32],[-3,-40],[-1,-45],[2,-47],[16,-34],[11,-41],[11,-25],[5,-29],[7,-21],[15,-41],[14,-32],[19,-23],[15,-38],[7,-23],[5,-29],[8,-40],[-1,-49],[-3,-18],[-7,-23],[-19,-55],[-21,-58],[-23,-25],[-21,-10],[-48,-1],[-17,-9],[-24,-28],[-16,-30],[-14,-15],[-10,0],[-20,-1],[-4,-13],[8,-18],[5,-23],[10,-28],[5,-23],[7,-28],[7,-25],[-2,-20],[-17,-24],[-19,-32],[-25,-31],[-24,-28],[-8,-18],[-8,-14],[-4,-12]],[[2885,3432],[-7,-20],[12,-17],[6,-17],[12,-11],[16,-6],[13,1],[20,-20],[1,-27],[5,-16],[24,5],[7,-15],[15,-27],[17,-6],[7,-13],[8,-26],[-2,-20],[-11,-4],[-6,-13],[-2,-28],[-12,-21],[-9,-9],[-11,-5],[-8,-12],[10,-12],[4,-19],[4,-22],[10,-9],[5,-21],[4,-18],[6,-19],[-1,-19],[1,-21],[4,-35],[7,-13],[-2,-21],[-1,-25],[-7,-29],[14,2],[16,-39],[23,-28],[18,-11],[10,-20],[3,-16],[-1,-36],[5,-29],[1,-24],[-8,-26],[7,-29],[-15,-17],[-10,-7],[-26,-25],[-24,-11],[-10,-7],[-11,-18],[-15,-11],[-11,-36],[-8,-11],[-10,-7],[3,-55],[6,-19],[-1,-20],[0,-44],[-11,-18],[-12,-6],[-15,-15],[-14,-11],[-10,-6],[-8,-11],[-4,-19],[-8,-6],[-16,-25],[-11,-10],[-7,-13],[9,-25],[3,-18],[-8,-9],[-7,-12],[-4,-17],[6,-19],[-7,-15],[-2,-25],[2,-23],[7,-20],[16,4],[23,7],[10,15],[13,11],[18,4],[11,-12],[6,-28],[12,-22],[17,-24],[0,-26],[9,-19],[-18,-39],[-19,-1],[-8,-9],[-9,-10],[-6,-14],[-13,3],[-21,1],[-9,-3],[-14,-29],[-13,-19],[-22,-6],[-9,-28],[4,-51],[13,-9],[15,-16],[22,7],[24,-12],[27,-17],[10,-24],[8,-16],[5,-24],[13,-27],[10,-6],[9,11],[14,0],[11,-31],[7,-30],[10,-14],[13,-46],[3,-18],[7,-13],[-4,-15],[4,-29],[-3,-27],[6,-20],[-8,-14],[0,-21],[11,-30],[25,-38],[14,-3],[17,5],[13,-36],[5,-52]],[[3142,1095],[-28,2],[-45,10],[-138,-26],[-75,-24],[-65,-37],[-129,-40],[-29,-42],[-26,16],[-13,15],[-11,-7],[-41,-15],[-32,-4],[-38,48],[-5,4],[-1,2],[-12,7],[-7,7],[-3,-1],[-13,19],[-20,18],[-17,11],[-32,28],[-10,14],[-15,12],[-5,20],[3,53],[-29,41],[-16,13],[-12,9],[-18,19],[-61,21],[-21,18],[-67,43],[-27,9],[-71,-16],[-23,-9],[-20,6],[-34,15],[-40,24],[-3,-4],[-11,-45],[-19,-22]],[[1863,1307],[-6,24],[-20,16],[-32,56],[-13,31],[-13,92],[3,23],[15,42],[-11,26],[3,6],[10,7],[0,41],[9,21],[0,37],[2,15],[9,14],[6,7],[13,10],[7,-1],[6,-4],[10,10],[20,6],[13,14],[12,8],[10,11],[13,9],[17,7],[16,24],[33,12],[21,29],[13,12],[10,15],[13,13],[31,-4],[23,-47],[29,1],[30,-12],[27,34],[39,20],[16,2],[8,15],[11,9],[31,15],[10,13],[5,20],[1,21],[-11,49],[-3,53],[7,15],[-9,21],[4,28],[-14,15],[-4,17],[8,20],[-11,18],[-11,15],[-10,2],[-41,-5],[-5,47],[-26,33],[-17,28],[-17,28],[-4,15],[3,17],[-5,25],[-10,23],[11,7],[0,24],[16,-2],[0,28],[-4,21],[5,25],[11,-7],[1,29],[-4,16],[2,44],[-1,25],[-5,25],[-10,-1],[-13,10],[13,16],[-8,16],[-2,26],[-1,27],[-5,14],[2,20],[1,17],[-3,27],[3,25],[8,18],[2,26],[0,24],[5,57],[2,39],[-8,16],[-5,19],[-8,22],[-6,13],[-4,20],[-11,38],[-17,3],[-15,-20],[-36,8],[-20,12],[-15,3],[-23,-1],[-13,-12],[-6,-12],[-12,-3],[-9,-14],[-14,-10],[-10,-13],[-22,-5],[-14,-38],[-18,35],[-6,26],[0,35],[-20,9],[-38,2],[-6,26],[7,42],[16,45],[-2,15],[-12,-2],[-7,24],[5,77],[-8,18],[-19,22],[-18,-10],[-29,-20],[-26,-10],[-22,1],[-14,34],[8,61],[-3,65],[-6,55],[-27,77],[-6,45],[2,50],[7,22],[-59,128],[-35,41]],[[1559,4026],[13,42],[7,49],[-7,25]],[[1572,4142],[16,23],[14,25],[13,29],[15,17],[24,-5],[19,-32],[14,-24],[16,-25],[18,3],[10,10],[8,22],[19,52],[16,53],[33,74],[26,24],[19,10],[35,21],[30,25],[8,21],[21,48],[25,51],[22,55],[27,80],[6,22]],[[2026,4721],[6,-18],[15,-19],[5,-14],[13,-21],[37,-14],[14,-10],[58,30],[13,-6],[16,2],[15,-4],[21,-1],[-1,-26],[17,-18],[15,-13],[90,-73],[2,-25],[-4,-18],[5,-56],[-2,-36],[0,-24],[11,-16],[1,-37],[8,-11],[3,-43],[15,-5],[11,-4],[12,-58],[8,-7],[13,-4],[30,3],[12,5],[8,-19],[12,-1],[13,11],[21,2],[28,11],[16,9],[13,0],[11,-4],[12,-20],[16,-36],[13,1],[16,25],[21,-1],[16,14],[39,-5],[10,-11],[14,11],[12,-1],[13,23],[6,15],[1,21],[3,24],[15,5],[17,-36],[19,-18],[8,-32],[7,-11],[12,-38],[3,-17],[2,-24],[-5,-36],[-6,-34],[-17,-46],[-2,-23],[-9,-26],[-10,-34],[-6,-22],[-3,-16],[35,-49],[-4,-30],[-17,-44],[-2,-17],[-5,-17],[-14,-27],[4,-24],[6,-25],[13,-18],[27,-40],[-2,-24],[9,-43],[4,-25],[7,-26]],[[1504,4131],[-23,39]],[[1481,4170],[23,-39]],[[6538,5906],[6,-9],[17,14],[4,10],[23,4],[7,-11],[34,6],[5,-13],[14,-23],[6,-25],[0,-27],[12,-21],[7,-18],[2,-16],[-1,-33],[3,-13],[4,-8],[13,19],[6,3],[5,12],[11,12],[11,-5],[33,12],[26,26],[8,4],[3,9],[3,4],[10,-21],[1,-18],[12,1],[2,-5],[-1,-21],[5,-14],[16,-20],[4,-13],[0,-70],[-6,-103],[-1,-136],[6,-75],[2,-15],[5,-14],[3,-27],[0,-25],[1,-43],[-2,-36],[-2,-84],[-10,-120],[-6,-33],[-9,-25],[-9,-16],[-6,-20],[-6,-46],[-4,-14],[-8,-40],[-46,-76],[-5,-16],[-1,-23],[-5,-21],[-2,-20],[15,-54],[3,-24],[9,-44],[2,-37],[4,-54],[-7,-32]],[[6764,4365],[-224,-141],[-115,104],[-14,-12],[-27,-9],[-96,-59],[-71,-50],[-243,-156],[-23,-45],[-13,-10],[-20,-8],[-36,14],[-19,-20],[-97,-50],[-79,-52],[-30,13]],[[5657,3884],[-9,31],[-1,24],[6,23],[9,18],[4,24],[5,16],[10,3],[9,12],[4,24],[11,21],[5,14],[0,24],[-9,7],[10,33],[7,13],[1,22],[13,17],[-6,31],[11,5],[8,10],[15,23],[7,14],[-14,12],[-20,-2],[-5,15],[4,23],[-5,35],[15,15],[17,17],[-3,17],[4,16],[3,26],[19,46],[5,16],[10,49],[-1,18],[0,25],[12,23],[4,35],[2,31],[0,23],[-11,4],[-6,18],[-11,10],[-22,9],[-10,18],[-36,-6],[-13,4],[-21,12],[10,43],[11,7],[8,9],[7,13],[13,52],[36,46],[-4,14],[-7,12],[-13,23],[-9,22],[-19,31],[27,52],[21,19],[7,21],[8,25],[11,19],[2,16],[3,17],[5,17],[-20,29],[-11,27],[-24,6],[-8,24],[-7,20],[2,22],[0,39],[2,18],[6,54],[-2,17],[-6,17],[-12,19],[-8,19],[-12,39],[-16,18],[19,10],[11,-11],[12,21],[12,0],[10,4],[28,19],[1,24],[-8,28],[-11,22],[-7,26],[1,21],[3,23],[-5,38],[-12,25],[1,27],[-10,38],[-6,29],[-9,31],[-1,22],[-10,6],[-5,19],[-1,18],[1,27],[-4,38],[-4,25],[-5,39],[-5,47],[-5,14],[-10,13],[-26,1],[-25,6],[-19,12],[-16,3],[-15,16],[-7,-14],[-12,2],[-18,9],[-23,6],[-12,-3],[-9,-1],[-4,30],[-6,19],[-19,72],[10,32],[-1,19],[-1,20],[-8,36],[-7,37],[8,22],[1,25],[2,35],[12,26],[6,19]],[[5477,6700],[25,5],[37,39],[14,19],[9,38],[18,20],[30,4],[35,-19],[35,-41],[40,-12],[31,33],[34,39],[31,13],[25,-26],[17,-82],[11,-47],[51,-29],[33,-20],[54,31],[24,9],[45,-92],[-15,-62],[15,-73],[-10,-66],[-18,-47],[-21,-57],[1,-70],[38,-59],[22,-8],[-19,-402],[38,-79],[18,-44],[-14,-43],[11,-47],[19,-2],[12,-3],[22,-6],[17,-19],[7,-19],[2,-55],[15,-35],[33,-36],[21,-8],[20,18],[19,47],[21,29],[18,67],[15,17],[29,-12],[12,13],[-8,41],[12,35],[33,33],[30,41],[0,80],[7,60],[11,29],[43,56],[6,10]],[[4209,4642],[-9,-18],[-4,0],[-19,-10],[-28,-17],[-11,-26],[-21,-44],[-40,-14],[-46,6],[-34,-15],[-14,-24],[1,-32],[13,-12],[32,-2],[21,-14],[9,-28],[0,-35],[-10,-50],[-19,-83],[1,-42],[10,-27],[19,-21],[28,-32],[14,-42],[7,-28],[30,-38],[15,-33],[2,-44],[-9,-32],[-19,-20],[-33,-14],[-60,-20],[-41,-76],[-32,-21],[-57,-10],[-41,-19],[-65,-103],[-36,11],[-52,26],[-64,-88],[-40,-19],[-53,15],[-33,74],[-165,-64]],[[3356,3557],[-77,26],[-41,10],[-79,18],[-49,10],[-29,4],[-42,2],[-64,-43],[-73,-131],[-17,-21]],[[2026,4721],[11,41],[-11,22],[-9,21],[-11,53],[-20,60],[-24,54],[-24,36],[-32,15],[-3,18],[11,37],[10,66],[12,76],[12,27],[15,18],[15,21],[27,29],[27,24],[37,54],[42,60],[29,66],[13,7],[15,-9],[5,-15],[-3,-47],[6,-37],[12,-8],[20,28],[13,12],[82,77],[17,38],[13,71],[17,26],[32,22],[23,34],[16,13],[17,-8],[19,-30],[2,-31],[5,-29],[8,-15],[10,2],[16,32],[18,45],[23,38],[-14,84],[-6,47],[17,14],[24,-5],[26,16],[18,8],[26,-10],[14,3],[28,30],[22,40],[20,-7],[31,-23],[43,-5],[23,3],[23,19],[20,37],[2,6]],[[2856,5992],[2,-3],[6,6],[0,17],[5,14],[4,9],[6,4],[7,10],[11,36],[24,22],[30,-2],[9,-6],[4,-35],[5,-25],[11,-27],[5,0],[10,5],[15,12],[13,15],[29,14],[8,-21],[5,-7],[9,-3],[15,-1],[4,-3],[1,-4],[-4,-20],[1,-14],[2,-11],[6,0],[24,-22],[3,-7],[-3,-18],[1,-18],[5,3],[4,2],[0,-12],[4,-11],[14,6],[9,4],[15,-9],[3,-35],[6,-30],[18,-20],[12,-10],[9,10],[10,-1],[4,2],[4,-4],[9,-36],[4,-1],[23,8],[5,7],[8,19],[6,1],[21,-16],[12,-1],[18,-16],[11,-5],[33,-4],[12,-6],[20,-24],[5,-2],[12,5],[12,-22],[10,19],[17,25],[10,11],[7,3],[23,-1],[15,51],[6,33],[9,36],[4,9],[6,4],[27,-21],[12,4],[10,8],[14,35],[17,18],[5,-4],[18,-32],[13,-13],[34,-59],[13,-13],[22,-3],[6,-8],[4,-16],[7,-10],[9,-31],[13,-20],[15,-10],[9,2],[12,-11],[54,-31],[36,-34],[4,-11],[-2,-23],[4,-40],[6,-38],[7,-30],[44,-136],[28,-115],[-21,-11],[-7,-17],[0,-20],[8,-27],[-3,-8],[-13,-21],[-15,-25],[-15,-32],[1,-8],[16,-11],[18,-18],[2,-6],[-4,-22],[-2,-21],[3,-21],[16,-30],[5,-18],[3,-7],[29,-19],[8,-11],[4,-15],[1,-22],[0,-22],[32,-26],[11,-13],[1,-7],[-1,-5],[4,-14],[0,-34],[4,-14],[6,-8],[18,-3],[15,-6],[5,-37],[2,1],[8,28],[8,10],[15,-7],[7,-17],[8,-11],[25,-38],[7,-4]],[[7385,3191],[-13,-7],[-11,0],[-8,5],[-17,47],[-11,8],[-10,-5],[-6,17],[-8,27],[-7,10],[-11,0],[-2,31],[0,19],[7,26],[-8,7],[-17,1],[-19,9],[-4,37],[-15,19],[-3,14],[3,18],[18,12],[0,14],[3,12],[4,21],[-12,14],[-14,10],[-12,17],[-3,21],[2,22],[3,24],[9,14],[15,4],[-2,28],[-25,8],[-7,8],[-3,12],[1,19],[-1,21],[-4,17],[-13,24],[-7,14],[-1,16],[8,7],[16,5],[22,19],[-8,66],[14,24],[12,27],[9,15],[9,24],[3,22],[6,14],[20,55],[10,16],[10,7],[15,20],[4,31],[10,14],[25,16],[12,5],[32,61],[5,36],[9,-2],[11,14],[-1,24],[9,-15],[2,18],[2,9],[8,7],[7,12],[-2,16],[4,-1],[3,-6],[5,7],[-8,19],[2,18],[6,7],[17,1],[1,23],[7,11],[16,36],[5,14],[-3,12],[6,10],[-8,15],[-2,7],[2,10],[22,38],[8,24],[12,32]],[[7550,4670],[14,13],[14,28],[-7,92],[1,14],[0,20],[1,20],[0,23],[8,43],[1,28],[-1,36],[-7,34],[-16,37],[11,27],[18,34],[8,22],[0,22],[6,33],[8,24],[27,43],[2,32],[10,29],[-1,25],[-3,22],[14,8],[14,32],[4,14],[1,16],[-1,49],[5,13],[14,-2],[29,-22],[10,-4],[6,5],[19,3],[12,-7],[6,-13],[11,-13],[5,-16],[26,-20],[16,-8],[3,18],[17,20],[19,12],[6,10],[6,17],[4,18],[16,25],[11,10],[22,55],[8,15],[13,16],[25,28],[13,3],[11,-5],[19,-2],[21,5],[-2,20],[-8,38],[-10,39],[-21,67],[-9,51],[4,11],[25,24],[4,27],[8,29],[7,19],[9,14],[23,21],[9,16],[3,12],[4,49],[3,17],[9,20],[4,6]],[[8328,6895],[-8,-23],[-9,-7],[-13,12],[-13,21],[-11,0],[-2,-14],[11,-45],[1,-22],[0,-27],[-10,-6],[-11,1],[-14,4],[-26,2],[-28,-13],[-19,-34],[-15,-44],[-15,-16],[-3,-13],[5,-6],[7,-8],[19,-19],[18,-23],[14,-18],[9,-18],[9,-29],[2,-34],[-10,-27],[-44,-34],[-11,-25],[-19,-28],[-24,-33],[-21,-23],[-21,-30],[-18,-24],[-14,-25],[-4,-13],[6,-11],[16,-5],[19,-1],[19,-7],[9,-7],[10,-26],[8,-32]],[[7550,4670],[-35,3],[-223,30],[-373,-68],[-17,-24],[-14,-33],[-14,6],[-15,-4],[-9,-38],[-2,-32],[-36,-33],[1,-27],[-2,-12],[-18,-7],[-11,-9],[-9,-27],[-9,-30]],[[6538,5906],[0,1],[-11,31],[-2,17],[5,33],[-8,5],[-4,14],[-4,34],[3,17],[-1,12],[-6,1],[-6,-1],[-7,4],[-11,7],[-15,11],[-7,10],[-2,36],[4,31],[-4,50],[2,14],[0,12],[-2,9],[-8,18],[-6,8],[-2,9],[-7,3],[-6,24],[26,29],[3,13],[3,4],[-2,11],[0,7],[0,17],[-5,12],[1,45],[2,43],[4,6],[2,6],[5,3],[6,13],[3,6],[7,10],[2,3],[22,7],[12,46],[6,12],[18,7],[9,7],[3,10],[-3,15],[3,19],[-3,16],[16,44],[10,16],[3,12],[-1,16],[-14,49],[-32,9],[-3,34],[1,19],[-4,10],[-4,35],[-1,26]],[[4723,3998],[-6,-19],[-6,-83],[7,-23],[11,-15],[37,-30],[12,14],[12,-5],[-1,-34],[-7,-18],[-12,-4],[-18,-14],[-20,-22],[-18,-41],[-16,-24],[-41,-49],[-19,-18],[-19,-34],[-14,-18],[-28,-48],[-31,-85],[-5,-20]],[[4541,3408],[4,-23],[16,-13],[4,-8],[0,-12],[-6,-26],[7,-24],[1,-20],[13,-15],[11,-3],[27,-47],[-1,-23],[2,-37],[10,-46],[-5,-14],[-65,-59]],[[4559,3038],[-16,29],[-10,67],[-25,17],[-24,-12],[-44,-7],[-14,-17],[-6,-42],[-33,-59],[-44,-50],[-43,-3],[-40,60],[-70,19],[-106,23],[-46,-32],[-45,-39],[-61,-93],[-3,-45],[-2,-43],[-38,-55],[0,-63],[13,-52],[1,-103],[-15,-20],[-16,22],[-19,25],[-37,-73],[-30,-16],[-45,24],[-49,-22],[-46,-40],[-33,3],[-17,43],[-42,42],[-31,-10],[-22,36],[-4,67],[-3,52],[-30,120],[-15,-7],[-21,19],[-3,51],[21,70],[49,60],[19,17],[17,137],[-54,143],[-40,105],[-12,25],[-69,146]],[[4209,4642],[5,-2],[25,10],[9,-3],[5,-8],[13,-6],[11,-14],[4,-14],[18,-20],[-19,-60],[-7,-15],[-9,-13],[0,-9],[7,-13],[8,-7],[3,-67],[4,-28],[-1,-14],[0,-22],[24,-71],[21,13],[17,24],[10,4],[18,-4],[16,7],[11,-14],[12,14],[10,16],[8,2],[5,-3],[6,-28],[2,-22],[11,-29],[17,6],[2,-1],[20,-16],[15,-15],[0,-75],[3,-14],[17,3],[92,-16],[28,-26],[34,-36],[19,-24],[20,-34]],[[4559,3038],[-11,-14],[-5,-18],[-29,-2],[-7,-4],[-7,-19],[-21,-24],[-12,0],[-6,-11],[-12,-11],[3,-28],[2,-13],[-10,-21],[-23,-43],[-8,-9],[-22,-39],[-10,-14],[-18,-46],[-12,-15],[-11,-10],[-12,-23],[-24,-77],[-6,-30],[-9,-20],[-4,-19],[-11,-2],[-11,-15],[-11,-19],[-20,-19],[-34,-32],[-17,-15],[1,-16],[-8,-8],[-10,-12],[-8,-14],[-8,-25],[-14,-19],[-27,-48],[-30,-77],[-9,-17],[-25,-40],[-31,-55],[-14,-38],[-12,-23],[-31,-91],[-17,-28],[-18,-40],[-12,-22],[-19,-10],[-20,-44],[-15,-24],[-3,-16],[-2,-33],[14,-21],[-4,-20],[6,-13],[12,-2],[9,-36],[-1,-45],[8,-25],[3,-17],[2,-17],[4,-16],[-8,-19],[-6,-14],[-10,-3],[-7,-12],[-10,21],[-7,-29],[-19,5],[-6,-22],[-11,-13],[-11,24],[-3,-27],[-9,32],[-4,-24],[-5,-43],[-38,-39],[-21,-18],[-26,-29],[-22,-38],[0,-17],[-13,-32],[-38,-84],[-36,-16],[-25,-6],[-27,-2],[-49,-32],[-19,-9],[-23,5],[-43,-8],[-34,-11],[-62,-36],[-4,16],[-11,-10],[-21,-4],[-7,16],[-27,38],[-20,7],[-78,14]],[[1504,4131],[28,-40],[19,9],[7,14],[2,3],[12,25]],[[1559,4026],[-5,-15],[-17,-10],[-45,-29],[-15,-39],[8,-54],[-5,-34],[-9,-48],[7,-31],[-11,-41],[-23,-88],[-23,-23],[-41,21],[-22,2],[-32,-24],[-64,-43],[-29,-19],[-7,10],[-2,-6],[-33,5],[-20,-25],[-19,-59],[0,-54],[0,-32],[-10,-41],[-12,-40],[-11,-10],[-33,13],[-28,-2],[-25,-11],[-29,-46],[-4,-7],[-15,-82],[-20,-51],[-33,-25],[-37,-1],[-38,-5],[-22,-24],[-28,-27],[-11,-38],[-1,-36]],[[795,2957],[-25,-16],[-13,-11],[-12,-23],[-5,-10],[-10,0],[-13,7],[-19,-19],[-9,-2],[-17,-1],[-13,15],[-15,23],[-23,0],[-18,-11],[-13,18],[-32,-2],[-16,33],[-23,2],[-17,-24],[-19,-24],[-18,3],[-14,10],[-35,-12],[-26,-17],[-18,7],[-11,24],[-12,4],[-13,-2],[-15,-12],[-22,0],[-11,12],[-2,33],[-3,29],[-18,16],[-17,25],[-11,-1],[-7,-9],[-9,-19],[-12,-13],[-12,-16],[-12,-12],[-10,6],[-2,26],[-3,25],[-9,17],[-18,15],[-14,19],[-7,32],[-12,69],[-6,7],[-7,-10],[-12,-5],[-5,16],[-17,65],[-25,46],[-8,32],[25,55],[-1,31],[-22,42],[-9,48],[15,67],[40,69],[0,26],[3,15],[11,12],[-3,21],[10,8],[13,-7],[8,11],[2,21],[14,15],[-1,33],[10,58],[1,54],[11,22],[6,18],[0,25],[-15,23],[-1,21],[0,19],[-1,40],[-3,24],[-15,27],[-7,10],[-28,34],[-25,-7],[-10,-17],[-9,-5],[-12,10],[-9,21],[-7,36],[-18,55],[-3,31],[15,11],[10,-25],[10,4],[9,28],[13,5],[12,-21],[17,21],[8,-10],[14,-19],[13,11],[11,2],[10,-7],[8,-2],[17,-3],[21,10],[13,4],[13,-5],[17,-45],[17,-53],[8,-25],[14,-19],[12,-13],[20,-10],[43,-25],[20,-8],[22,0],[13,7],[17,5],[17,13],[9,2],[11,-21],[8,2],[15,25],[7,-10],[1,-39],[4,-28],[4,-32],[20,-15],[6,-26],[4,-12],[3,-20],[8,-61],[5,-19],[17,-9],[5,-14],[4,-16],[5,-14],[16,8],[24,10],[10,-3],[12,-29],[6,-11],[26,23],[19,26],[8,38],[10,40],[9,1],[8,2],[12,30],[11,17],[8,19],[19,-6],[9,-3],[18,-10],[46,-27],[18,-1],[12,8],[21,31],[29,42],[25,49],[35,61],[32,49],[30,45],[25,21],[31,32],[19,18],[17,7],[41,13],[20,3],[15,-5],[15,-15],[6,-14],[6,-33],[11,-70],[12,-62],[39,-101],[15,-4],[22,19],[36,25],[24,11],[9,-1],[9,1],[8,5],[6,73],[25,17],[15,6],[12,3]],[[7042,883],[-13,19],[-9,-6],[-9,-13],[-9,-24],[-4,-18],[-7,-33],[-8,-3],[-7,1],[-9,-14],[-5,-21],[1,-24],[-2,-41],[-2,-20],[-8,-22],[-10,-21],[-7,-27],[-11,-30],[-21,3],[-11,3],[-13,-1],[-17,11],[-11,15],[-5,14],[-5,12],[-13,9],[-16,-6],[-22,-24],[-4,-16],[-9,-24],[-8,-16],[-9,-8],[-14,-59],[-8,-49],[-11,-39],[-11,-36],[-10,-24],[-13,-9],[-17,-7],[-7,-16],[-5,-29],[-8,-19],[-13,-18],[-8,-16],[-3,-18],[-5,-12],[-3,-22],[-5,-17],[-6,-12],[-9,-12],[-29,0],[-20,-20],[-19,-11],[-9,-16],[-12,-15],[-9,-6],[-17,-1],[-16,3],[-38,-32],[-11,-8],[-16,-32],[-10,-6],[-6,8],[-10,11],[-18,6],[-18,0],[-10,18],[-7,20],[-1,28],[-2,17],[-6,11],[-10,11],[-12,5],[-6,-8],[-5,-19],[-2,7],[0,12],[-4,20],[4,54],[-11,16],[-3,25],[-20,41],[1,21],[7,22],[1,15],[-4,14],[2,15],[6,7],[9,24],[7,12],[0,7],[-3,14],[6,9],[13,15],[4,10],[-5,-1],[-3,8],[-9,0],[-13,11],[-10,4],[-11,18],[-14,47],[-5,35],[-2,26],[-3,15],[-3,25],[3,10],[10,12],[3,16],[-7,-6],[-11,9],[-1,-7],[-3,0],[-4,6],[-12,30],[-3,19],[38,46],[8,14],[3,13],[8,5],[21,-4],[7,18],[-5,27],[4,27],[1,13],[-3,18],[-1,11],[4,3],[0,7],[-4,20],[-4,16],[-6,13],[-15,-1],[-4,10],[-4,23],[-5,48],[7,7],[-8,7],[-3,7],[3,9],[8,10],[3,8],[-11,17],[-4,13],[-2,12],[8,2],[-4,7],[-12,3],[-9,16],[2,28],[6,6],[0,24],[-4,34],[1,15],[-4,45],[0,37],[5,5],[4,-7],[5,2],[6,-29],[11,-5],[10,12],[5,14],[6,5],[6,-7],[4,10],[-2,9],[6,-7],[6,-1],[10,-33],[7,-14],[7,6],[15,19],[-2,6],[5,7],[7,-2],[7,17],[12,17],[3,14],[-3,11],[17,33],[15,24],[22,29],[6,20],[17,10],[21,23],[23,31],[30,29],[5,-3],[3,-3],[-1,-4],[-4,-1],[-1,-1],[1,-8],[9,2],[-1,-22],[7,1],[14,11],[2,23],[17,10],[17,14],[24,44],[15,12],[20,-5],[8,5],[2,15],[7,1],[4,-10],[8,-1],[5,16],[5,36],[3,16],[-1,10],[-3,7],[-6,3],[-2,10],[9,14],[7,18],[-7,35],[6,13],[2,17],[-5,25],[-6,20],[-5,23],[1,14],[17,17],[2,18],[5,1],[1,12],[11,19],[11,49],[7,9],[26,21],[7,16],[0,26],[9,8],[8,-17],[9,9],[7,10],[8,5],[33,-40],[3,-18],[13,-7],[19,-5],[6,-14],[-1,-18],[21,-45],[16,1],[14,6],[20,18],[25,12],[5,-11]],[[5477,6700],[5,47],[15,14],[11,29],[-29,3],[-23,99],[-4,82],[6,193],[-4,75],[-27,53],[-56,96],[-107,137],[-1,62],[-23,34],[-21,12],[-26,-19],[-53,66],[-35,-1],[-27,5],[-17,33],[3,56],[-63,78],[-65,119],[-126,230],[-43,97],[-38,27],[-118,90],[-108,77]],[[4503,8494],[5,15],[11,38],[7,23],[12,33],[15,52],[17,21],[14,23],[9,15],[13,26],[20,32],[20,37],[14,29],[18,45],[17,9],[16,1],[19,-3],[22,1],[32,-1],[12,9],[11,16],[7,33],[4,55],[4,30],[8,15],[38,37],[25,28],[20,39],[9,11],[18,-5],[22,-5],[21,-8],[20,-11],[27,-7],[33,2],[33,5],[22,16],[20,20],[16,43],[8,34],[3,51],[1,37],[6,20],[11,7],[8,13],[9,12],[19,26],[9,14],[15,42],[3,35],[5,50],[0,32],[7,10],[23,-6],[42,-54],[19,-14],[7,-14],[22,-35],[17,-22],[11,-13],[44,-79],[20,-56],[31,-49],[18,-41],[9,-28],[14,-25],[8,-27],[4,-31],[-3,-52],[-6,-54],[0,-38],[9,-18],[19,7],[19,16],[21,20],[24,22],[10,3],[33,2],[16,-9],[19,-21],[24,-34],[21,-15],[13,2],[20,-6],[31,-3],[19,-2],[23,-35],[9,-12],[14,-20],[17,-19],[11,-8],[20,-10],[-8,44],[-13,32],[-11,21],[-20,28],[-10,28],[19,-2],[12,-9],[10,-12],[16,-21],[16,-14],[17,-17],[25,-9],[19,-8],[22,-8],[34,-6],[7,-14],[11,-39],[8,-28],[14,-18],[41,-2],[15,-8],[39,-17],[32,-4],[35,3],[40,8],[18,-3],[-5,-57],[6,-29],[-3,-33],[0,-28],[13,-24],[15,-15],[2,-29]],[[2856,5992],[5,20],[-6,73],[5,58],[16,81],[-10,28],[-16,19],[-20,20],[-24,24],[-16,24],[3,25],[13,15],[18,17],[11,12],[11,21],[15,43],[11,28],[11,17],[31,31],[16,19],[11,15],[11,13],[6,32],[4,26],[12,79],[15,51],[13,31],[-3,38],[-10,54],[4,26],[11,5],[9,10],[14,12],[13,4],[4,26],[2,28],[2,37],[8,23],[9,0],[15,-5],[19,7],[13,13],[34,18],[38,12],[31,33],[13,26],[6,11],[8,12],[19,-27],[9,-40],[8,-18],[12,5],[2,31],[7,45],[7,19],[13,13],[8,1],[9,-7],[14,-8],[16,-22],[3,-29],[7,-16],[16,-8],[46,2],[78,-13],[23,7],[32,14],[25,18],[27,18],[27,26],[24,2],[24,14],[20,16],[11,4],[26,-22],[24,-31],[24,-22],[17,11],[21,31],[36,52],[29,34],[14,11],[10,-2],[14,-4],[12,-7],[66,-97],[27,-22],[11,5],[14,18],[16,43],[23,56],[5,29]],[[4118,7334],[47,-87],[12,-19],[8,-13],[5,-15],[9,-10],[10,-11],[5,-11],[9,-51],[-23,-69],[-7,-36],[-4,-38],[-3,-71],[-1,-47],[34,-44],[49,-51],[14,-6],[13,-17],[10,-19],[23,-20],[12,7],[8,2],[5,-11],[6,-28],[7,-3],[2,-11],[-2,-33],[3,-31],[-6,-20],[10,-30],[6,-48],[13,-18],[6,-13],[11,-55],[11,-25],[22,-30],[18,-13],[10,1],[8,8],[20,-20],[13,2],[13,6],[24,17],[9,0],[10,-11],[11,-18],[8,19],[1,30],[4,13],[4,4],[18,-24],[17,-16],[9,-12],[12,-5],[15,4],[16,-11],[6,-21],[11,-14],[10,-7],[0,-9],[-12,-66],[12,-72],[12,-11],[11,-14],[6,-25],[7,-13],[13,2],[10,-12],[42,-7],[5,-5],[3,-27],[7,-13],[16,-16],[26,16],[3,-45],[-12,-19],[-17,-20],[-14,-28],[-5,-33],[0,-17],[11,-27],[15,-31],[4,-18],[3,-36],[12,-15],[17,-11],[10,-7],[-13,-5],[-9,1],[-12,9],[-23,9],[-19,-43],[-6,-6],[-3,-31],[2,-37],[-3,-17],[2,-32],[-6,-17],[-13,-29],[7,-28],[14,-16],[9,-18],[4,-16],[-3,-30],[5,-33],[23,-60],[1,-19],[-9,-55],[19,-58],[-5,-57],[-5,-22],[13,-9],[5,-14],[8,-14],[2,-11],[16,-9],[13,-14],[24,-6],[47,-43],[14,-34],[15,-62],[38,-9],[11,-14],[17,-52],[3,-20],[6,-19],[7,-14],[-11,-31],[-5,-38],[4,-29],[10,-21],[8,-30],[4,-38],[8,-28],[20,-54],[6,-28],[15,-13],[21,-15],[15,-6],[9,-10],[2,-32],[1,-36],[-10,-33],[-20,-20],[-31,1],[-44,-22],[-50,-49],[-35,0],[-13,-11],[-11,-1],[-8,-19],[-6,-9],[-22,1],[-8,-8],[-2,-32],[-4,-11],[-11,-7],[-17,-4],[-10,-5],[-26,-49],[-14,5],[-16,1],[-9,-18],[-13,-21],[-12,-23],[-31,-45],[-24,-23],[-19,46],[-8,12]],[[1863,1307],[9,-30],[-1,-27],[2,-25],[0,-29],[-102,-91],[-54,-9],[-37,15],[-28,4],[-18,8],[-24,-7],[-12,0],[-30,-6],[-11,1],[-23,-10],[-7,-20],[-28,-41],[-24,3],[-20,-64],[-56,19],[-4,4],[-20,11],[-10,-8],[-46,-18],[-29,-15],[1,-52],[-5,-5],[-18,-9],[-15,-5],[-8,-6],[-15,9],[-5,9],[-6,5],[-12,12],[-77,-55],[-24,-20],[-30,5],[-15,-2],[-11,3],[-24,-7],[-32,0],[-9,-4],[-6,2],[-21,13],[-1,21],[2,27],[8,43],[6,46],[-4,35],[-4,25],[9,39],[-7,55],[-16,7],[-3,19],[2,88],[-10,7],[-16,26],[-14,13],[-2,43],[-3,26],[-10,19],[-12,25],[-17,-1],[-15,0],[-5,30],[-14,15],[4,20],[-6,16],[-8,13],[1,22],[-2,45],[-8,39],[-1,24],[11,30],[4,25],[6,7],[4,21],[-10,31],[-4,13],[-7,13],[-2,28],[4,34],[17,18],[10,16],[17,11],[9,18],[1,48],[10,23],[6,19],[5,31],[-2,38],[-4,19],[0,19],[-7,10],[-16,15],[-4,17],[-17,18],[-1,18],[16,17],[36,21],[14,-6],[9,-13],[20,3],[11,-14],[14,17],[9,-2],[7,9],[1,17],[1,25],[-5,18],[-18,22],[-7,9],[-42,32],[-19,28],[-14,32],[3,64],[-6,13],[-14,34],[-4,35],[0,39],[6,39],[8,35],[-2,15],[-10,8],[-9,23],[3,44],[-2,20],[-7,20],[-9,3],[-16,15],[-8,21],[-4,38],[5,35],[-1,42],[-13,7]],[[5657,3884],[-9,-44],[-12,-6],[-8,-74],[-17,-26],[-30,-26],[-36,4],[-11,-14],[-5,-16],[-25,-19],[-16,-12],[-4,-19],[-9,-22],[-28,-18],[-10,8],[-16,8],[-12,8],[-7,-30],[-31,19],[-15,1],[-9,-14],[4,-22],[-7,-27],[-11,4],[-12,-1],[-7,-9],[-28,-20],[-5,-20],[-10,-20],[-9,-8],[-16,5],[-18,-15],[-8,-11],[-10,1],[-14,-5],[-16,-5],[-7,-12],[-15,-35],[-16,0],[-13,-13],[-17,1],[-17,-23],[-17,-5],[-18,-39],[-11,-2],[-16,-24],[-15,-7],[-14,7],[-23,-47],[-17,-23],[-5,19],[-5,28],[-7,15],[-12,16],[-11,17],[-9,43],[1,24],[-17,-6],[-31,-50],[-14,5],[-12,2],[-12,-15],[-14,-20],[-9,-9],[-9,12],[-11,-10],[-11,7],[-7,19],[-12,-13],[-15,26],[-9,-4],[-7,10],[-12,-1],[-7,21],[-12,15],[-6,16],[-8,-14],[-8,-21],[-21,-4],[-6,36],[-18,24],[-14,13],[6,19],[8,19],[9,12],[-1,17],[-7,12],[-11,2],[-7,16],[-8,-18],[-21,-12],[-15,-52],[-15,-32],[-11,7]],[[4118,7334],[4,21],[5,16],[0,70],[5,30],[16,28],[22,23],[13,21],[6,14],[0,31],[-6,13],[-22,37],[1,30],[24,46],[-3,41],[-5,36],[13,20],[21,15],[26,8],[7,27],[16,46],[25,49],[14,30],[21,35],[26,33],[45,54],[27,36],[32,51],[3,16],[3,53],[14,25],[11,38],[-2,40],[0,17],[6,45],[7,29],[10,36]]],"transform":{"scale":[0.0005866380255859515,0.0002812308944410884],"translate":[91.54949905007355,26.649358841561195]}}