{"type":"Topology","objects":{"type":"GeometryCollection","geometries":[{"type":"Polygon","properties":{"NAME_1":"Baksa","ST_NM":"Assam","ST_CEN_CD":18,"DT_CEN_CD":25,"CENSUSCODE":324,"iso_a2":"IN_AS_BK"},"arcs":[[0,1,2,3,4,5,6,7,8,9,10,11,12]]},{"type":"Polygon","properties":{"NAME_1":"Barpeta","ST_NM":"Assam","ST_CEN_CD":18,"DT_CEN_CD":4,"CENSUSCODE":303,"iso_a2":"IN_AS_BA"},"arcs":[[13,14,15,16,17,18,-5]]},{"type":"Polygon","properties":{"NAME_1":"Bongaigaon","ST_NM":"Assam","ST_CEN_CD":18,"DT_CEN_CD":20,"CENSUSCODE":319,"iso_a2":"IN_AS_BO"},"arcs":[[19,-18,20,21,22,23,24,25]]},{"type":"Polygon","properties":{"NAME_1":"Cachar","ST_NM":"Assam","ST_CEN_CD":18,"DT_CEN_CD":17,"CENSUSCODE":316,"iso_a2":"IN_AS_CA"},"arcs":[[26,27,28,29,30]]},{"type":"Polygon","properties":{"NAME_1":"Chirang","ST_NM":"Assam","ST_CEN_CD":18,"DT_CEN_CD":21,"CENSUSCODE":320,"iso_a2":"IN_AS_CH"},"arcs":[[-9,31,-7,32,-26,33,34,35,36,37]]},{"type":"Polygon","properties":{"NAME_1":"Darrang","ST_NM":"Assam","ST_CEN_CD":18,"DT_CEN_CD":26,"CENSUSCODE":325,"iso_a2":"IN_AS_DA"},"arcs":[[38,39,40,41,42,43,44,-12,45]]},{"type":"Polygon","properties":{"NAME_1":"Dhemaji","ST_NM":"Assam","ST_CEN_CD":18,"DT_CEN_CD":9,"CENSUSCODE":308,"iso_a2":"IN_AS_DM"},"arcs":[[46,47,48,49,50]]},{"type":"MultiPolygon","properties":{"NAME_1":"Dhubri","ST_NM":"Assam","ST_CEN_CD":18,"DT_CEN_CD":2,"CENSUSCODE":301,"iso_a2":"IN_AS_DB"},"arcs":[[[51,-22,52,53,54],[55]],[[56]]]},{"type":"Polygon","properties":{"NAME_1":"Dibrugarh","ST_NM":"Assam","ST_CEN_CD":18,"DT_CEN_CD":11,"CENSUSCODE":310,"iso_a2":"IN_AS_DI"},"arcs":[[57,58,59,60,61,62,-50]]},{"type":"Polygon","properties":{"NAME_1":"Goalpara","ST_NM":"Assam","ST_CEN_CD":18,"DT_CEN_CD":3,"CENSUSCODE":302,"iso_a2":"IN_AS_GP"},"arcs":[[63,64,-53,-21,-17]]},{"type":"Polygon","properties":{"NAME_1":"Golaghat","ST_NM":"Assam","ST_CEN_CD":18,"DT_CEN_CD":14,"CENSUSCODE":313,"iso_a2":"IN_AS_GG"},"arcs":[[65,66,67,68,69,70,71]]},{"type":"Polygon","properties":{"NAME_1":"Hailakandi","ST_NM":"Assam","ST_CEN_CD":18,"DT_CEN_CD":19,"CENSUSCODE":318,"iso_a2":"IN_AS_HA"},"arcs":[[72,73,-28]]},{"type":"Polygon","properties":{"NAME_1":"Jorhat","ST_NM":"Assam","ST_CEN_CD":18,"DT_CEN_CD":13,"CENSUSCODE":312,"iso_a2":"IN_AS_JO"},"arcs":[[74,-66,75,76,-61,77]]},{"type":"Polygon","properties":{"NAME_1":"Kamrup","ST_NM":"Assam","ST_CEN_CD":18,"DT_CEN_CD":22,"CENSUSCODE":321,"iso_a2":"IN_AS_KR"},"arcs":[[78,-44,79,80,81,-64,-16,82,83,-1]]},{"type":"Polygon","properties":{"NAME_1":"Kamrup Metropolitan","ST_NM":"Assam","ST_CEN_CD":18,"DT_CEN_CD":23,"CENSUSCODE":322,"iso_a2":"IN_AS_KM"},"arcs":[[84,-81,85,-42,86]]},{"type":"MultiPolygon","properties":{"NAME_1":"Karbi Anglong","ST_NM":"Assam","ST_CEN_CD":18,"DT_CEN_CD":15,"CENSUSCODE":314,"iso_a2":"IN_AS_KA"},"arcs":[[[87,88,89,-68]],[[90,91,92,93]]]},{"type":"Polygon","properties":{"NAME_1":"Karimganj","ST_NM":"Assam","ST_CEN_CD":18,"DT_CEN_CD":18,"CENSUSCODE":317,"iso_a2":"IN_AS_KR"},"arcs":[[-29,-74,94]]},{"type":"Polygon","properties":{"NAME_1":"Kokrajhar","ST_NM":"Assam","ST_CEN_CD":18,"DT_CEN_CD":1,"CENSUSCODE":300,"iso_a2":"IN_AS_KK"},"arcs":[[-37,95,-35,96,-24,97,-55,98]]},{"type":"Polygon","properties":{"NAME_1":"Lakhimpur","ST_NM":"Assam","ST_CEN_CD":18,"DT_CEN_CD":8,"CENSUSCODE":307,"iso_a2":"IN_AS_LA"},"arcs":[[99,-62,-77,100,-71,101,102,-47]]},{"type":"Polygon","properties":{"NAME_1":"Marigaon","ST_NM":"Assam","ST_CEN_CD":18,"DT_CEN_CD":5,"CENSUSCODE":304,"iso_a2":"IN_AS_MA"},"arcs":[[-93,103,-87,-41,104,105]]},{"type":"Polygon","properties":{"NAME_1":"Nagaon","ST_NM":"Assam","ST_CEN_CD":18,"DT_CEN_CD":6,"CENSUSCODE":305,"iso_a2":"IN_AS_NG"},"arcs":[[-90,106,-94,-106,107,-69]]},{"type":"Polygon","properties":{"NAME_1":"Nalbari","ST_NM":"Assam","ST_CEN_CD":18,"DT_CEN_CD":24,"CENSUSCODE":323,"iso_a2":"IN_AS_NL"},"arcs":[[-15,108,-3,109,-83]]},{"type":"Polygon","properties":{"NAME_1":"Dima Hasao","ST_NM":"Assam","ST_CEN_CD":18,"DT_CEN_CD":16,"CENSUSCODE":315,"iso_a2":"IN_AS_NC"},"arcs":[[-107,-89,110,-31,111,-91]]},{"type":"Polygon","properties":{"NAME_1":"Sivasagar","ST_NM":"Assam","ST_CEN_CD":18,"DT_CEN_CD":12,"CENSUSCODE":311,"iso_a2":"IN_AS_SI"},"arcs":[[112,-78,-60]]},{"type":"Polygon","properties":{"NAME_1":"Sonitpur","ST_NM":"Assam","ST_CEN_CD":18,"DT_CEN_CD":7,"CENSUSCODE":306,"iso_a2":"IN_AS_SO"},"arcs":[[113,114,-102,-70,-108,-105,-40,115]]},{"type":"Polygon","properties":{"NAME_1":"Tinsukia","ST_NM":"Assam","ST_CEN_CD":18,"DT_CEN_CD":10,"CENSUSCODE":309,"iso_a2":"IN_AS_TI"},"arcs":[[-58,-49,116]]},{"type":"Polygon","properties":{"NAME_1":"Udalguri","ST_NM":"Assam","ST_CEN_CD":18,"DT_CEN_CD":27,"CENSUSCODE":326,"iso_a2":"IN_AS_UD"},"arcs":[[117,-46,-11,118,-114]]}]},"arcs":[[[3295,6149],[-5,4],[-15,5],[-20,3],[-15,2],[-10,-5],[-7,-11],[-7,-12],[-7,-8],[-7,-18],[-3,-19],[-8,-14],[-9,-13],[-10,0],[-26,4],[-26,13],[-15,7],[-11,27],[-16,17],[-4,26],[0,12],[-3,30],[-8,3],[-12,0],[-8,3],[-2,2],[-2,12],[-4,10],[-6,10],[-15,5],[-9,7],[-3,9],[1,13],[-2,17],[-3,16],[-2,19],[-3,12],[-5,6],[-9,10],[-12,0],[-7,1]],[[2960,6354],[-11,7]],[[2949,6361],[-16,5],[-12,-2],[-10,-11],[-7,0],[-5,-2],[-3,-5],[0,-8],[1,-6],[2,-4],[-6,-12],[-6,-6],[-2,-8],[0,-6],[1,-8],[1,-4],[-2,-7],[-8,-1],[-4,4],[-4,-4],[-2,-5],[0,-4],[-2,-4],[-3,-5],[-6,-7],[-5,-5],[-6,1],[-6,11],[-3,7],[-4,10],[-4,15],[-4,11],[-6,12],[-2,15],[-2,9],[-8,17],[1,8],[-4,10],[-15,6],[-4,-1],[-8,-10],[-6,-21],[-7,-23],[-11,-8],[-10,-7],[-9,-4],[-13,-12],[-1,-8],[-2,-9],[-7,-18],[-13,-15],[-36,-5],[-13,0],[-18,-8],[-12,-10],[-6,-5],[0,-8],[-2,-32],[-3,-5],[-7,-9],[-12,-6],[-9,-9],[-9,-1],[-17,1],[-13,2],[-11,9],[-9,21]],[[2520,6177],[0,12]],[[2520,6189],[6,7],[2,8],[1,19],[-2,14],[-3,6],[-2,6],[0,12],[1,22],[9,17],[10,17],[1,17],[6,23],[-1,15],[-6,7],[-11,-2],[-2,-1],[-5,-8],[-7,-4],[-13,1],[-8,1],[-8,-4],[-11,1],[0,1],[-6,9],[-4,10],[-1,19],[2,29],[1,17],[-6,20],[-9,7],[-14,2],[-5,0],[-3,-7],[-3,-9],[-4,-1],[-3,0],[-3,0],[-4,-1],[-5,1],[0,-1],[0,-3],[-2,0],[-2,0],[-1,-2],[0,-4],[-2,-3],[-4,-6],[-3,-3],[-5,-3],[-2,-4],[-1,-2],[2,-5],[3,-1],[2,-1],[1,-2],[2,-4],[-3,-7],[-7,-5],[-4,0],[-5,3],[-5,8],[-2,8],[1,7],[2,11],[-3,11],[-6,1],[-4,-6],[-4,0],[-5,9],[-4,3],[-5,5],[-5,6],[-6,10],[-3,10],[0,12],[-2,14],[-2,7],[-4,11],[0,13],[3,15],[-4,15],[-4,7],[-4,4],[-7,5],[-5,0],[-2,-3],[-2,-4],[-4,-5],[0,-4],[1,-5],[2,-4],[-1,-5],[-2,-1],[-4,2],[-2,1],[-3,0],[-3,-5],[-1,-3],[1,-8],[3,-2],[4,1],[2,-2],[2,-3],[-1,-6],[0,-4],[1,-8],[0,-4],[-2,-6],[-4,-7],[-2,-4],[0,-6],[1,-7],[2,-6],[4,-3],[1,-7],[-4,-7],[-5,-7],[-3,-5],[-3,-9],[1,-6],[3,-7],[1,-8],[-1,-9],[-1,-8],[-2,-5],[2,-8],[3,-9],[6,-9],[1,-7],[1,-7],[0,-7],[-1,-6],[-2,-8],[-3,-7],[1,-5],[-6,-29],[-6,-18],[-12,-7],[-17,1],[-5,-11],[-5,-8],[-7,-22],[-3,-8],[-2,-10],[-5,-7],[-6,0],[-7,6],[-6,6],[-9,10],[-12,17],[-7,15],[-5,8],[-6,9],[-5,5],[-11,9],[-7,8],[-1,9],[-3,6],[-12,0],[-19,2],[-7,-2],[-3,-2],[-2,-1],[-6,-2],[-6,-4],[-9,-7],[-4,-7],[-15,-17],[-17,7],[-7,5],[-9,1],[-8,0],[-9,-9],[-21,-6],[-14,-8],[-5,-2],[-2,1],[0,5],[-1,8],[-2,5],[-7,2],[-2,2],[-2,7],[0,7],[-3,5],[-3,2],[-7,0],[-3,0],[0,6],[4,8],[4,3],[1,2],[1,5],[-1,3],[-3,1],[-3,-1],[-2,3],[1,5],[2,6],[-1,5],[-3,9],[0,3],[1,6],[2,4],[-2,4],[-3,3],[-4,2],[-1,6],[-2,1],[-8,-2],[-3,0],[-4,-4],[-14,-15],[-4,-6],[-4,0],[-12,-1],[-5,-3],[-1,-6],[-4,-8],[-3,-1],[-3,0],[-5,-4],[0,-9],[3,-6],[0,-12],[1,-7],[-1,-8],[-4,-9],[-2,-15],[4,-18],[4,-2],[3,-5],[3,-9],[1,-8],[0,-7],[-2,-5],[-6,0],[-6,-2],[-3,-4],[-2,-3],[-3,0],[-4,2],[-4,3],[-5,4]],[[1826,6226],[2,5]],[[1828,6231],[2,23],[-10,-1],[-7,6],[-19,7],[-1,4],[0,2],[-3,-1],[1,41]],[[1791,6312],[-12,10]],[[1779,6322],[-4,9],[-3,12],[17,18],[26,-11],[5,3],[2,14],[3,4],[3,9],[-3,1],[4,32],[3,7],[9,3],[8,-2],[4,4],[3,7],[2,10],[4,26],[9,10],[7,3],[11,9],[1,1],[9,17],[3,8],[0,1],[2,12],[0,3],[1,46],[-2,8],[0,1],[-8,5],[-1,6],[1,9],[4,20],[5,13],[-3,10],[1,8],[2,5],[1,0],[9,10],[3,7],[1,0],[3,19],[1,1],[6,13],[0,8],[-4,11],[1,22],[0,1],[13,24],[2,11],[9,12],[8,30],[2,6],[1,0],[4,6],[0,6],[0,1],[6,18],[1,11],[0,1],[13,5],[6,6],[2,11]],[[1992,6903],[10,2],[24,2],[18,6],[13,2],[12,-4],[16,-4],[27,-11],[17,-5],[20,1],[6,7],[28,48],[22,46],[11,4],[15,-15],[17,-5],[21,-10],[22,2],[58,6],[34,-7],[24,0],[31,0],[19,-7],[21,-3],[23,-21],[20,-21],[9,-10],[23,-5],[28,-7],[14,-2],[8,5],[29,20],[21,18],[11,14],[8,20],[8,21],[13,33],[6,13],[10,1],[19,-20],[26,-27],[8,-6],[9,-8],[11,-11],[21,-26],[16,-16],[23,-5],[29,8],[32,8],[46,10],[48,13],[15,10],[19,21],[18,12],[14,-1],[34,-15],[40,-27],[13,0],[15,18],[8,0],[3,0]],[[3176,6975],[5,-37],[3,-19],[4,-14],[1,-19],[9,-61],[8,-28],[7,-18],[9,-16],[-1,-45],[12,-35],[-3,-17],[7,-14],[1,-10],[-1,-11],[-3,-10],[-1,-16],[-9,-2],[-2,-9],[-1,-18],[2,-13],[7,-3],[3,-9],[7,-5],[-3,-8],[-8,-7],[1,-8],[8,0],[6,-3],[1,-6],[-4,-6],[-4,-2],[-8,2],[-3,-5],[1,-10],[14,3],[1,-4],[-5,-8],[-2,-9],[-3,-8],[0,-10],[5,-3],[-7,-16],[2,-9],[7,6],[8,1],[1,-5],[-4,-7],[-1,-11],[-6,-13],[7,-11],[-1,-8],[2,-11],[8,-7],[8,1],[4,-6],[7,-15],[0,-10],[11,-31],[4,-9],[6,-3],[-1,-9],[3,-11],[6,-9],[-10,-22],[6,2],[5,-1],[-1,-8],[-7,-3],[-3,-4],[10,-8],[-1,-8],[-5,-6],[0,-8],[7,-17],[3,-14]],[[3305,6164],[0,-3],[-7,-6]],[[3298,6155],[-3,-6]],[[2520,6189],[0,-2]],[[2520,6187],[-1,0],[-2,-4],[-1,-7],[-1,-4],[-3,-7],[-5,-4],[-3,-6],[0,-5],[2,-6],[-3,-7],[-4,-1],[-3,5],[-4,2],[-3,0],[-6,-5],[0,-6],[-24,-53],[-20,-31],[-1,-16],[-8,-24],[-1,-41],[7,-19],[4,-35],[-6,-17],[-1,-12],[4,-9],[5,-6],[-2,-12],[4,-7],[6,-7],[4,-9],[0,-15],[22,2],[26,12],[2,-7],[-10,-13],[-4,-8],[5,-12],[6,-7],[-3,-17],[0,-18],[-11,-3],[-4,-10],[6,-22],[-11,-32],[-7,2],[-5,-14],[6,-10],[3,-12],[-12,-2],[-5,-6],[3,-10],[13,-12],[-5,-10],[-10,-11],[-21,-14],[-17,9],[-18,-33],[3,-8],[2,-11],[9,4],[14,0],[5,-3],[5,-12],[-3,-13],[-18,-27],[-8,-24],[-4,-18],[-6,-11],[6,-13],[15,-3],[11,-7],[10,-22],[11,-11],[-12,-19],[-3,-29],[-9,4]],[[2431,5338],[-13,-6],[-71,-17],[-24,-11],[-31,-26],[-24,-2],[-23,-13],[-25,21],[-15,6],[-16,-10],[-11,-10],[-28,-44],[-6,-11],[-1,-10],[-4,-8],[-10,0],[-10,-8],[-8,-11],[-10,-4],[-10,10],[-20,14],[-6,2],[-8,-6],[-13,-7],[-7,-11],[-19,-23],[-5,-11],[-22,-26],[-8,-5],[-23,-4]],[[1960,5107],[-4,10],[-5,-2],[-11,-12],[-15,-8],[-6,2],[-11,9],[-4,1],[-15,3],[-20,0],[-15,7],[-9,23],[-4,16],[-2,2],[-19,9],[-14,-15],[-11,11],[-14,5],[-12,9],[-17,7],[-29,22],[-14,7],[-7,1],[-27,6],[-27,0],[-11,-5],[-15,-1],[-5,-8],[-7,9],[-3,0],[0,4],[0,2],[1,4],[-5,0],[-5,21],[-15,6],[-3,3],[-5,7],[-3,13],[-23,71],[-9,48],[-4,12],[-1,10],[-2,3],[-4,11],[0,8],[-3,5],[-4,15],[-10,21],[1,13]],[[1513,5492],[4,12],[9,8],[5,7],[21,12],[11,2],[28,-4],[22,21],[11,-16],[4,-2],[7,2],[4,4],[0,17],[-2,6],[-19,0],[-2,23],[1,13],[2,5],[17,31],[19,11],[5,6],[1,7],[6,10],[14,11],[7,-6],[5,-10],[15,-9],[22,-2],[8,8],[5,2],[1,0],[1,-1],[3,2],[4,17],[-4,19],[-11,7],[-4,5],[-4,1],[0,6],[18,28],[6,12],[-1,14],[1,6],[5,10],[16,28],[9,3],[4,-3],[9,-12],[12,-8],[2,0],[12,7],[11,0],[5,3],[4,17],[-1,19],[-6,14],[-10,13],[0,1],[-4,8],[-4,12],[2,10],[-4,11],[0,1],[8,26],[3,15],[8,18],[5,17],[0,6],[-3,7],[-9,11],[-11,12],[-4,-3],[-6,-15],[-9,-13],[-6,-3],[-2,0],[-3,0],[-5,3],[-3,1],[-4,-4],[-30,-11],[-8,1],[-12,27],[0,5],[2,2],[10,8],[3,0],[8,-10],[12,-5],[10,0],[6,6],[11,22],[0,9],[-11,21],[-2,40],[-16,1],[-5,5],[0,10],[2,10],[-3,20],[4,-4],[1,19],[4,1],[6,-5],[6,-11],[8,-4],[6,17],[4,6],[12,7],[4,0],[8,-15],[4,-3],[8,4],[2,8],[-4,16],[2,25],[-1,10]],[[1825,6221],[1,5]],[[1826,6226],[-1,-5]],[[1513,5492],[-75,-29],[-71,-34],[-65,-24],[-22,-22],[-68,14],[-66,-16],[-35,-23],[-12,-6],[-24,-16]],[[1075,5336],[2,19],[1,46],[-2,17],[0,22],[3,6],[6,5],[9,-2],[8,-7],[3,-5],[6,1],[8,9],[18,27],[6,5],[12,20],[17,-2],[3,2],[1,7],[-8,11],[-7,15],[0,6],[1,4],[6,4],[4,-3],[5,-18],[9,-12],[2,-2],[3,0],[3,4],[1,5],[-10,15],[-4,10],[0,7],[3,11],[6,8],[3,1],[11,-16],[5,-3],[10,0],[4,3],[5,7],[1,7],[-4,3],[-9,0],[-14,0],[0,11],[-1,9],[2,11],[2,-16],[0,-1],[4,-2],[15,2],[-2,7],[-6,4],[-3,15],[2,3],[6,0],[11,-3],[7,4],[1,2],[1,5],[-1,10],[-3,9],[-1,6],[3,9],[-2,7],[-14,35],[-4,13],[5,3],[6,9],[-2,4],[-4,1],[-13,-7],[-8,20],[-3,2],[3,11],[-5,17],[3,8],[3,9],[-7,5],[-5,-11],[-5,-16],[-3,-4],[-3,1],[-3,40],[-9,-8],[1,-4],[4,-18],[0,-12],[-1,-4],[-4,-3],[-4,2],[-3,10],[2,17]],[[1164,5785],[-10,16]],[[1154,5801],[-5,12],[-3,-4],[-11,-2],[-19,2],[-9,-1],[-22,9],[-3,4],[-3,5],[4,4],[0,2],[3,5],[1,-2],[2,-6],[2,-1],[3,16],[3,9],[9,14],[0,6],[-2,8],[3,27],[6,32],[11,51]],[[1124,5991],[-1,2]],[[1123,5993],[1,-1],[5,-7],[9,3],[3,1],[3,0],[3,-3],[1,-8],[-1,-8],[0,-6],[0,-8],[2,-8],[3,-5],[0,-4],[-2,-7],[-1,-8],[2,-3],[3,0],[6,4],[8,1],[3,-7],[2,1],[2,3],[1,7],[1,6],[2,2],[1,-7],[2,-6],[4,-2],[4,3],[3,1],[3,-8],[3,-4],[5,0],[2,8],[1,9],[0,5],[-3,5],[-2,6],[1,6],[-2,4],[3,6],[3,3],[0,5],[-3,6],[1,4],[2,8],[2,10],[1,3],[0,2],[5,7],[4,1],[1,8],[1,7],[1,10],[4,6],[2,2],[6,4],[24,-3],[20,0],[17,4],[12,-14],[-2,-36],[0,-25],[2,-18],[9,-2],[10,12],[8,7],[9,2],[5,17],[-1,27],[1,28],[8,30],[8,7],[2,17],[1,21],[-4,29],[-7,24],[11,17],[11,8],[5,1],[27,-8],[9,-16],[5,-25],[8,-25],[6,-13],[8,0],[5,3],[17,14],[9,27],[-5,8],[-10,13],[-4,19],[1,13],[17,12],[16,11],[21,-2],[12,-7],[7,-17],[12,-16],[7,-1],[11,-1],[5,-14],[7,-10],[-1,-15],[0,-12],[6,-6],[6,-7],[8,2],[7,3],[2,-7],[5,-2],[4,4],[5,-4],[3,-8],[2,3],[6,5],[8,0],[6,-3],[5,2],[6,-1],[2,-6],[5,-11],[7,-1],[0,-8],[3,-4],[7,9],[6,8],[1,15],[7,7],[8,-4],[3,-8],[4,-15],[3,-9],[11,-2],[6,8],[5,13],[-5,8],[-9,9],[-4,10],[-7,14],[-5,9],[-11,7],[-8,12],[-4,12],[3,17],[6,8],[19,5],[11,-2],[9,-1],[8,6],[3,9],[0,9],[5,7],[5,2],[14,-4],[8,-6],[11,-3],[14,-7],[8,-6],[15,2],[5,-2],[5,-3]],[[5620,2185],[0,-7],[9,0],[7,-16],[0,-7],[-4,-13],[0,-13],[2,-6],[-4,0],[-9,10],[-7,0],[0,-7],[2,-6],[1,-10],[4,-10],[-6,0],[-5,3],[-4,0],[-5,-6],[-2,-7],[0,-3],[2,0],[7,5],[2,2],[3,0],[-3,-10],[-6,-13],[2,-4],[9,0],[4,-23],[1,-6],[-4,-10],[-14,0],[-2,4],[-3,-4],[5,-10],[2,-9],[0,-10],[-2,-7],[-9,4],[-4,-10],[0,-10],[-5,0],[7,-13],[-2,-13],[-7,0],[-5,-10],[5,-10],[-7,-7],[-5,-9],[-4,-4],[-5,-13],[-3,-7],[-2,-3],[-4,-4],[-3,-7],[-4,-3],[-9,6],[-5,-3],[3,-10],[4,-6],[0,-17],[-9,7],[-2,-7],[4,-10],[3,0],[2,4],[2,-4],[-4,-9],[-5,3],[-2,0],[-2,-3],[0,-7],[3,0],[3,0],[-6,-20],[-3,-9],[7,-17],[5,-3],[-3,-10],[-4,-6],[-2,-7],[-5,0],[-7,-3],[-6,0],[-3,-7],[0,-10],[-2,-6],[-2,0],[-2,3],[-3,16],[-9,-6],[-4,-7],[-7,-3],[-7,-13],[-7,-7],[0,10],[-2,7],[-5,6],[-6,4],[-3,3],[-4,10],[-5,16],[-9,-13],[-7,6],[-9,0],[-2,7],[5,10],[-1,13],[-4,-6],[0,-1],[-14,-13],[-2,-6],[5,-20],[-7,-29],[-5,-7],[1,-10],[2,-3],[-9,-13],[2,-13],[5,-10],[-3,-16],[-6,-23],[0,-10],[2,-3],[-5,-14],[5,-6],[2,3],[0,10],[1,-1],[4,-2],[2,-10],[-5,-13],[-11,-13],[0,-10],[-4,-10],[-3,0],[2,-7],[1,-3],[-2,-13],[-7,-16],[-16,13],[-5,-10],[7,-16],[5,-7],[2,-10],[9,-13],[5,-13],[0,-10],[-3,-9],[0,-7],[3,-3],[7,3],[6,6],[0,1],[5,-4],[0,-9],[-2,-10],[-7,-13],[-2,-10],[0,-10],[-3,-6],[1,-10],[-12,0],[-4,-4],[-3,-9],[7,-36],[1,-17],[-12,0],[-4,-3],[0,-13],[4,-10],[7,-9],[0,-7],[-15,-20],[-3,-9],[0,-10],[7,-10],[14,-6],[16,3],[9,-10],[4,-9],[0,-1],[0,-1],[-4,-2],[-11,0],[-2,-6],[-14,-24],[-14,10],[-11,3],[-16,-3],[18,-36],[-11,-36],[-7,20],[-14,-26],[-2,-20],[-4,-16],[7,-17],[0,-13],[-18,-13],[-3,-10],[7,-13],[-13,-23],[15,-39],[5,-17],[-1,-30],[-16,-7],[-2,-45],[-7,-39],[11,-29],[0,-17],[-16,-13],[-21,-9],[-11,7],[-4,17],[-9,-22],[-4,-5],[-4,1],[-6,9],[-5,6],[-5,0],[-8,5],[-7,-5],[-8,-17],[-17,-13],[-3,4],[0,1],[-1,2],[-5,13],[-1,2],[-3,1],[-1,0],[-2,-2],[-9,-6],[-6,-2],[-3,-5],[-1,-6],[-4,-3],[-12,8],[-4,9],[-3,1],[-1,4],[1,4],[-19,19],[-3,-25],[-6,-11],[0,-10],[-1,-2],[-5,-2],[-1,-1],[-8,3],[-3,2],[-4,17],[-2,2],[-4,-2],[-6,4],[-9,-11],[-7,-4],[-4,-1],[-14,6],[-6,-2],[-7,-12],[-4,-4],[-4,-16],[-3,-7],[-1,-3],[-2,-3],[-2,-4],[-7,3],[-6,-6],[-5,-5],[0,-1],[-5,3],[-1,1],[-1,1],[-1,3],[1,16],[-4,6],[-1,2],[0,1],[0,4],[1,6],[1,2],[8,15],[0,3],[-2,3],[-1,1],[-8,6],[-5,6],[-1,1],[-1,3],[-3,12],[-1,0],[-2,-1],[-4,2],[-4,2],[0,3],[0,1],[-1,0],[-2,0],[-1,4],[0,2],[1,4],[-3,2],[-1,0],[-1,-1],[-3,-2],[-1,0],[-5,1],[-1,6],[6,1],[1,3],[-2,7],[0,4],[-4,12],[-4,7],[-1,3],[-6,22],[-6,31],[-6,20],[-3,20],[-2,7],[-1,2],[-1,9],[-4,21],[-22,90]],[[4848,1004],[-2,1],[0,1],[-3,-2],[-4,1],[1,7],[4,9],[2,13],[19,43],[-4,6],[0,6],[0,2],[5,10],[5,10],[2,1],[0,25],[-10,0],[-16,-7],[-5,26],[-9,16],[-3,-1],[-2,0],[-3,0],[-2,1],[-5,3],[-6,-1],[-5,8],[-1,0],[-6,-2],[1,-8],[-15,-36],[-10,-10],[-2,9],[-2,0],[-3,0],[-15,-12],[-1,0],[-4,12],[-2,3],[-5,7],[-12,17],[-6,4],[-12,3],[-3,-1],[-8,16],[-3,10],[1,8],[3,6],[2,5],[-6,22],[0,3],[0,4],[14,-1],[4,4],[14,5],[6,7],[1,1],[3,2],[0,1],[0,3],[-4,8],[-20,20],[-4,-2],[-6,-5],[-8,0],[-5,33],[4,52],[-3,8],[-1,0],[0,20],[-11,-1],[-1,8],[-2,6],[0,5],[-3,40],[3,11],[2,41],[-1,22],[-2,7],[-1,14],[-1,20],[2,15],[3,12],[0,3],[11,38],[0,9],[2,5],[0,8],[-1,17],[3,20],[2,14],[4,3],[19,29],[1,11],[-7,17],[-4,4],[-11,1],[-8,-3],[-9,-2],[0,1],[-6,1],[-21,14],[-5,0],[-6,21],[-1,11],[5,10],[-5,16],[-6,17],[-2,9],[1,1],[0,3],[-17,13],[-4,2],[-12,6],[-19,44],[-1,-1],[-25,-12],[0,-4],[0,-1],[13,-10],[4,-8],[-6,-6]],[[4570,1899],[-17,17],[-8,4],[-20,6],[-12,-5],[-11,-14],[-8,-5],[-7,-3],[-2,0],[-7,-6],[-8,-2],[-8,28],[-2,4],[1,2],[-6,8],[-11,-2],[-9,-5],[-7,5]],[[4428,1931],[-2,13],[-5,15],[-1,16],[2,13],[0,26],[-6,28],[-2,12],[-6,16],[-3,9],[5,7],[3,10],[-1,13],[-7,1],[-10,1],[-11,-2],[-9,-2],[-9,-2],[-8,3],[-5,13],[0,14],[7,5],[8,2],[5,7],[2,12],[-10,12],[-8,5],[-8,1],[-9,-1],[-9,-2],[-11,4],[-12,12],[-5,15],[0,19],[0,11],[4,18],[0,13],[4,15],[3,21],[0,19],[-3,13],[12,3],[9,2],[6,16],[8,6],[7,-3],[5,-11],[4,-5],[5,1],[5,5],[2,26],[-3,8],[-4,-2],[0,14],[3,3],[1,-1],[2,0],[3,4],[3,11],[5,14],[6,11],[3,19],[6,20],[-1,25],[1,13],[6,20],[24,0],[17,-7],[26,1],[9,-5],[9,-12],[8,0]],[[4498,2512],[3,0],[6,17],[15,-1],[3,2],[7,-6],[2,-2],[14,1],[8,2],[12,7],[14,3],[11,11],[3,0],[14,-15],[11,-7],[3,0],[6,12],[6,4],[7,0],[3,3],[3,12],[7,8],[8,3],[7,-2],[6,-6],[2,-5],[5,2],[2,-1],[7,-7],[10,-7],[7,2],[12,13],[4,2],[8,-2],[6,-8],[3,-3],[6,-2],[9,6],[8,13],[6,4],[6,-6],[4,-6],[5,-2],[4,13],[14,18],[1,4],[-1,6],[-9,25],[3,14],[5,-5],[1,-4],[2,-1],[2,4],[11,-14],[6,1],[9,8],[5,-28],[10,-17],[3,-12],[1,-16],[-1,-19],[15,-23],[10,-21],[4,-3],[3,-1],[17,2],[6,-1],[10,-6],[29,-27],[3,-3],[3,-8],[-1,-17],[2,-4],[7,-14],[8,-5],[18,15],[6,9],[4,2],[11,1],[6,6],[1,0],[9,-2],[11,5],[5,3],[6,15],[19,15],[20,1],[15,-1],[19,-6],[10,-7],[6,-11],[9,0],[7,8],[0,26],[2,7],[8,6],[9,0],[16,-9],[7,6],[9,16],[0,1],[8,3],[10,1],[14,2],[17,-2],[4,11],[18,10],[17,-1],[9,-11],[-3,-13],[-10,-23],[-18,-26],[-10,-4],[-10,-32],[14,-23],[5,-14],[14,-19],[3,-9],[15,-9],[11,-15],[1,-8],[6,-3],[4,-19],[-1,-1],[-2,-2],[-4,-7],[-1,-10],[6,-4],[1,-11],[9,2],[5,-7],[0,-7],[156,-2],[16,-4],[5,0],[1,-1],[2,0],[2,5],[4,0],[0,-17],[7,4],[7,-4],[2,-6],[-2,-7],[4,-6],[9,-7],[11,6],[5,10],[4,0],[7,-3],[2,-4],[6,4],[5,-4],[2,-3],[-7,-16],[9,-7],[2,0],[2,7],[2,0],[3,-10],[4,0],[2,-7],[0,-6],[5,0],[9,11]],[[1779,6322],[4,-4],[8,-6]],[[1828,6231],[-2,-5]],[[1123,5993],[-1,4]],[[1122,5997],[0,4],[-3,9],[-2,7],[-4,4],[-3,5],[0,6],[-1,12],[-1,10],[0,5],[3,16],[0,9],[-1,8],[-3,10]],[[1107,6102],[-1,1],[-4,5]],[[1102,6108],[-2,6],[-1,8],[2,7],[3,1],[5,1],[3,3],[2,3],[-1,4],[-2,4],[-7,2],[-3,1],[0,5],[0,6],[2,3],[4,3],[3,7],[1,5],[-2,4],[-2,1],[-2,1],[-2,3],[-1,3],[1,6],[3,4],[3,3],[3,7],[-4,8],[-4,2],[-4,-4],[-3,-6],[-4,-4],[-3,-1],[-4,5],[-2,3],[2,7],[3,5],[6,9],[0,5],[-1,4],[-1,2],[-4,3],[-5,-2],[-3,1],[-2,6],[1,8],[0,13],[-3,4],[-4,3],[-5,0],[-5,-5],[-2,0],[-4,4],[-5,6],[-3,7],[-4,0],[-4,-1],[-1,2],[2,4],[2,2],[1,1],[2,4],[-2,3],[-4,0],[-4,2],[-2,8],[0,4],[0,3],[0,6],[2,1],[5,2],[1,4],[0,4],[-4,5],[-3,3],[-2,3],[2,4],[2,3],[5,9],[3,2],[5,-1],[2,-1],[1,3],[0,2],[1,5],[2,4],[0,8],[0,8],[-3,5],[-2,3],[-2,4],[0,3],[0,4],[0,2],[-4,1],[-2,1],[-2,5],[0,4],[-3,2],[-1,6],[0,4],[-2,5],[1,6],[3,6],[0,5],[-2,5],[0,5],[4,3],[1,2],[4,6],[4,7],[3,2],[1,2],[0,2],[-2,5],[-1,4],[2,5],[3,3],[2,3],[0,3],[-1,3],[0,3],[0,2],[1,1],[3,-3],[2,-1],[4,5],[4,9],[12,22],[4,9],[1,9],[2,6],[2,7],[2,7],[2,8],[4,15],[4,2],[5,0],[2,3],[-1,3],[-2,3],[-2,2],[3,10],[5,9],[3,8],[1,15],[-2,3],[-1,5],[1,3],[1,5],[3,2],[2,2],[2,6],[7,3],[6,4],[2,4],[2,11],[0,7],[0,8],[1,8],[4,15],[1,12],[2,11],[1,2],[6,9],[3,10],[-1,13],[-2,12],[-5,10],[0,12],[2,12],[-3,16],[-4,9],[-5,15],[0,11],[0,13],[0,16],[5,19],[1,20],[-3,19],[2,24],[1,26],[1,26],[3,38],[2,34],[-2,21],[-5,29]],[[1147,7203],[4,-1],[30,-40],[20,-27],[12,-14],[3,-3],[31,-34],[28,-29],[21,-23],[23,-25],[16,-19],[14,-10],[2,-1],[8,-16],[9,-12],[14,-6],[19,-4],[13,3],[20,-3],[25,-7],[21,-8],[10,-13],[19,-32],[13,5],[8,6],[12,6],[15,-2],[5,-7],[18,-16],[9,-9],[20,-1],[7,1],[10,-1],[9,2],[8,3],[5,10],[6,5],[9,-1],[25,-3],[16,1],[23,0],[24,0],[26,3],[29,4],[18,1],[35,6],[42,-2],[47,9],[44,4]],[[4200,6387],[14,1]],[[4214,6388],[5,-13],[-3,0],[-5,-7],[-5,-3],[-2,-6],[1,-7],[3,-4],[5,-4],[8,-1],[2,-5],[0,-7],[-2,-6],[1,-9],[6,-12],[12,-33],[9,-16],[-3,-9],[-3,0],[-13,-3],[-9,2],[-20,-1],[-4,-4],[-6,-11],[-26,-26],[-7,-9],[0,-5],[11,3],[15,-5],[3,-16]],[[4187,6171],[-3,-2],[-23,-19],[-7,-8],[-13,-10],[-6,-8],[-13,-21],[-2,-9],[-6,-10],[-10,-16],[-5,-8],[-14,-15],[-13,-6],[-18,1],[-8,-2],[-12,-9],[-10,-16],[-7,-28],[-15,-24],[-11,-12],[-8,-6],[-7,1],[-7,6],[-3,5],[-4,4],[-24,7],[-12,-1],[-26,-16],[-14,-17],[-20,-31],[-12,-33],[-8,-15],[-6,-24],[-23,-31],[-6,-6],[-4,-9],[-4,-26],[-10,-7],[-18,-9],[-16,-59],[-5,-7],[-7,-2],[-5,-8],[-2,-12],[-9,-27],[-12,-32],[-8,-14],[-20,-14],[-7,2],[-7,6],[-6,8],[-5,10],[-6,-3],[-14,-13],[-8,-6],[-12,-6],[-12,15],[-45,-55]],[[3569,5524],[-8,-6],[-8,-10],[-17,-16],[-6,3],[-7,8],[-16,-13],[-3,-19],[-16,-21],[-18,-10],[-2,-7],[-23,-8],[-13,8],[-19,-8],[-21,-4],[-9,-7],[-12,-4],[-20,-11],[-7,3],[-32,-12],[-22,-12],[-28,6]],[[3262,5384],[-10,12]],[[3252,5396],[-9,15],[-2,15],[1,12],[2,3],[8,10],[17,13],[7,22],[4,5],[7,-2],[6,2],[9,8],[1,12],[-2,13],[3,18],[7,19],[0,9],[-4,12],[1,19],[-6,34],[0,10],[2,7],[-3,5],[5,2],[3,9],[4,0],[5,24],[3,-8],[5,-2],[8,5],[6,0],[4,7],[0,12],[5,5],[8,-2],[4,19],[-3,12],[0,40],[2,30],[-3,9],[1,10],[-3,21],[-10,11],[-8,-5],[-5,9],[1,7],[-3,6],[-5,3],[-2,10],[0,10],[-1,6],[-4,17],[-18,3],[-4,7],[-1,18],[-4,3],[1,17],[-3,-2],[-4,3],[-2,11],[-2,3],[1,14],[-2,7],[2,10],[-4,7],[0,6],[-2,10],[-4,9],[1,10],[1,4],[-4,13],[16,0],[4,9],[2,11],[0,14],[2,11],[-3,9],[2,12]],[[3293,6143],[5,12]],[[3305,6164],[61,25],[28,51],[28,31],[17,12],[22,1],[12,-1],[6,13],[0,8],[4,14],[10,6],[15,2],[3,12],[2,10],[6,9],[10,3],[9,-1],[13,-10],[5,-1],[10,-13],[-1,-16],[18,-14],[7,1],[8,9],[2,2],[1,-1],[0,1],[9,9],[4,1],[2,7],[1,5],[5,5],[5,2],[6,-1],[11,1],[0,-1],[9,-1],[10,-3],[20,-21],[5,-10],[7,-21],[15,-30],[7,-11],[3,-14],[9,-9],[10,-10],[3,-10],[1,-22],[10,-12],[-4,-11],[0,-12],[0,-16],[11,-13],[8,-2],[6,10],[7,-1],[6,17],[1,10],[-11,19],[-5,11],[-6,15],[3,15],[3,12],[2,12],[3,13],[6,8],[8,11],[4,11],[0,18],[-5,13],[-6,8],[-9,4],[-7,-7],[-11,-15],[-6,-11],[-4,-4],[-12,-2],[-2,6],[-4,5],[-1,8],[-4,8],[-5,17],[-7,13],[-2,34],[1,12],[4,19],[10,27],[6,17],[3,8],[12,2],[6,20],[7,20],[1,0],[8,5],[9,-3],[2,0],[6,8],[1,7],[4,6],[4,3],[16,3],[3,3],[7,8],[8,6],[6,0],[6,3],[11,5],[13,-2],[8,3],[5,6],[10,5],[7,9],[4,6],[5,3],[16,-1],[1,2],[4,7],[7,9],[7,4],[13,-6],[7,-2],[8,-8],[10,-17],[3,-11],[2,-19],[2,-11],[10,-16],[6,-7],[9,-8],[7,-9],[2,-26],[-1,-26],[0,-7],[1,-10],[5,-9],[3,-15],[2,-12],[0,-7],[6,-8],[3,0],[11,9],[3,8],[9,8],[7,10],[3,12],[1,15],[1,20],[2,16],[0,11],[2,7],[5,9],[9,2],[8,1],[5,6],[2,8],[4,16],[2,12],[3,36],[1,18],[5,18],[3,8],[8,6],[5,1],[10,-7],[4,-3],[9,-9],[10,-4],[2,0],[4,-9],[-5,-10],[1,-14],[-4,-11],[0,-4],[3,-2],[7,0],[2,-2],[2,-4],[-1,-6],[-4,-1],[0,-4],[10,-16],[-3,-1],[-3,2],[-8,10],[-6,-1],[-4,-10],[6,-12],[2,-6],[0,-6],[-15,-29],[-1,-7],[2,-4],[9,-4],[-1,-8],[-6,-4],[3,-5],[19,-10],[2,-9],[-4,-2],[-18,-1],[-1,-11],[9,-11],[2,-2],[13,-13],[18,9]],[[7721,8024],[-3,0],[-12,2],[-12,11],[-13,9],[-8,25],[-7,14],[-14,13],[-15,25],[-11,29],[2,23],[2,18],[2,26],[1,13],[-4,17],[-8,20],[-6,11],[-7,24],[-10,14],[-9,-4],[-10,1],[-10,-4],[-14,-12],[-10,-23],[-11,-15],[-15,3],[-14,13],[-19,1],[-15,-7],[-8,1],[-28,23],[-8,19],[-12,8],[-14,4],[-9,-1],[-5,-10],[-12,-2],[-10,7],[-6,3],[-15,0],[-9,-2],[-16,21],[-3,20],[-3,16],[0,23],[1,24],[1,22],[1,16],[1,15],[0,18],[-3,43],[-3,30],[-20,33],[-3,2],[0,1],[-15,21],[-9,10],[-12,24],[-7,26],[2,25],[2,61],[-10,25],[-9,14],[-13,11]],[[7217,8822],[4,11],[-9,34],[-2,26],[2,18],[-26,34],[-10,2],[-12,11],[-1,15],[-7,17],[6,20],[0,8],[-3,6],[-15,10],[-4,16],[10,-5],[13,24],[15,38],[19,8],[8,14],[6,-12],[11,-1],[6,-9],[1,-13],[-8,-8],[-8,-14],[-5,-14],[12,-10],[17,-17],[6,-27],[19,3],[7,16],[8,10],[6,-12],[11,-11],[6,-15],[12,1],[6,-8],[8,3],[15,-19],[11,9],[6,-13],[10,-6],[11,8],[8,-9],[8,6],[12,15],[12,11],[11,-1],[13,-4],[29,37],[15,4],[0,-17],[8,-32],[10,-13],[12,-11],[6,-11],[4,-21],[6,-13],[15,16],[22,34],[12,-4],[15,5],[14,17],[10,2],[17,29],[16,3],[16,17],[15,-1],[12,10],[16,0],[13,25],[7,9],[15,3],[13,5],[8,-2],[8,8],[17,12],[15,-4],[8,6],[9,15],[5,14],[26,15],[7,6],[10,1],[11,-3],[6,20],[-4,16],[9,10],[14,0],[29,-14],[6,21],[11,-5],[15,-6],[9,-6],[27,13],[7,16],[5,15],[15,8],[23,14],[4,12],[10,10],[33,-3],[29,19],[15,19],[8,55],[11,4],[8,32],[29,-9],[72,38],[91,36],[17,15],[33,-11],[19,6],[12,8],[21,33],[226,114],[66,36],[89,43],[25,8],[13,8],[107,-76],[208,103]],[[9203,9751],[0,-17],[-1,-33],[-19,-1],[-19,-13],[-8,-21],[-2,-16],[-5,-14],[-7,-8],[2,-17],[-5,-17],[-12,-20],[-10,-52],[-1,-16],[-5,-22],[-11,-22],[-14,-22],[-36,-50],[-16,-15],[-14,-18],[-14,-5],[-78,-56],[-35,-18],[-36,1],[-14,-4],[-9,-9],[-11,-21]],[[8823,9245],[-7,-27],[-8,-19],[-12,-16],[-16,-8],[-17,-4],[-8,4],[-13,-9],[-18,10],[-18,13],[-14,15],[2,16],[11,22],[4,17],[-1,14],[2,14],[2,24],[-15,-8],[-32,-25],[-15,-3],[-15,-6],[-16,-14],[-10,-6],[-31,-10],[-24,-47],[-36,-7],[-33,1],[-18,6],[-16,14],[-13,-8],[-7,-16],[-12,-5],[-35,-6],[-23,-9],[-4,-12],[-39,-48],[-14,-49],[-29,-11],[-13,-11],[-14,-28],[-10,-12],[-17,-2],[-23,-28],[-15,-44],[-30,-31],[-17,-33],[-39,-45],[5,-25],[-35,-38],[-6,-23],[-14,2],[-12,6],[-7,-5],[-19,-31],[-4,-18],[-9,-20],[-4,-30],[-9,-26],[-5,3],[-6,8],[-11,5],[-6,-3],[-9,-34],[-36,-11],[-11,-10],[-7,-23],[2,-26],[3,-27],[-7,-17],[-24,-14],[-11,-4],[-1,-13],[5,-21],[1,-16],[-4,-21],[-33,-22],[-5,-8],[-4,-16],[4,-15],[-7,-15],[-5,1],[-19,32],[-12,-6],[-12,-13],[8,-11],[6,-16],[-4,-17],[3,-7],[-21,-49],[-12,-32],[-11,-21],[-1,-20],[5,-22],[-3,-26],[-13,-65]],[[7720,8028],[1,-4]],[[1154,5801],[10,-16]],[[1075,5336],[-3,-6],[-18,-5],[-35,-6],[-10,-5],[-9,1],[-6,15],[-5,2],[-17,-2],[-21,7],[-7,6],[-8,4],[-16,-2],[-6,-1],[-6,4],[-14,-8],[-6,-7],[-15,-8],[-3,-6],[1,-9],[2,-8],[-5,-53],[-9,-22],[-3,-3],[-13,1],[-6,-3],[-9,-1],[-3,-13],[-4,-4],[-7,0],[-5,-5],[-1,-9],[-3,-5],[-10,-1],[-5,3],[-4,5],[-10,-16],[-4,-20],[-4,-14],[-16,-32],[-15,-23],[-5,-6],[-8,-4],[2,-11],[6,-10],[21,-21],[6,-4],[2,2],[-2,-14],[-4,-8],[-5,-16],[-2,-8],[0,-11],[4,-8],[5,-5],[16,-4],[7,-13],[2,-9],[-2,-9],[-6,-6],[-8,-7],[-8,-3],[-6,-6],[6,-8],[-1,-10],[5,5],[3,3],[-1,-8],[-7,-13],[-1,-10],[4,-14],[0,-11],[-8,-3],[-4,-3],[-18,-5],[-12,-16],[-8,-2],[-2,-12],[-14,-8],[-5,-11],[-6,-1],[-7,5],[-7,-10],[0,-12]],[[669,4762],[-7,-10],[-5,-8],[-5,-10],[-4,-22],[-7,0],[-3,-7],[-4,1],[-6,-4],[-7,-5],[6,-19],[-7,-7],[-11,-4],[-2,-14],[-2,-4],[-9,4],[-7,-8],[-7,-2],[-7,-14],[-6,-5],[-5,-25],[-16,-20],[-12,7],[-10,2],[-11,-3],[-9,-12],[-17,-26],[8,-7],[7,-11],[7,-1],[4,-7],[1,-8],[-2,-10],[-14,-31],[-5,-8],[-13,5],[-4,-5],[-1,-6],[4,-2],[3,-4],[-6,-6],[-5,-3],[-6,-8],[-24,-4],[-3,-15],[-9,-5],[-14,1],[-14,-5],[-9,-1],[2,-11],[0,-11],[5,-4],[5,-9],[-2,-49],[3,-23],[3,-4],[1,-19],[-5,-11],[-9,-14],[-5,-11],[-15,-21],[1,-13],[-2,-8],[-9,-8],[-9,-6],[-9,0],[-8,6],[-19,7],[-6,0],[-4,-24],[2,-20],[17,-32],[12,-20],[3,-8],[7,-4],[1,-15],[3,-6],[17,-12],[8,-9],[7,-22],[0,-11],[8,-39],[53,-55],[3,-24],[2,-5],[19,-9],[6,-3],[3,6],[5,-1],[22,-40],[-2,-17],[-9,-10],[-9,-26],[-6,-10],[-10,5],[-9,7],[-17,5],[-6,-19],[-4,-23],[-10,-8],[-15,-3],[-12,-6],[-12,-1],[-9,-13],[-16,2],[-12,-2],[-22,-9],[-29,-4],[-13,-23],[-6,1],[-12,-25],[3,-21],[-4,-20],[6,-20],[2,-21],[7,-26],[0,-18],[-13,-25],[-5,-7],[-7,-9],[-12,2],[-2,14],[1,23],[3,22],[4,25],[4,20],[2,17],[-4,14],[-7,24],[3,10],[9,8],[9,8],[8,25],[2,22],[5,27],[-8,31],[2,10],[6,16],[6,45],[0,16],[-3,26],[-15,59],[-9,27],[-28,68],[2,14],[4,10],[7,15],[0,25],[-15,-1],[-11,0],[-6,8],[-10,30],[-4,23],[2,10],[9,16],[10,19],[4,15],[-2,12],[-6,21],[-5,27],[-2,19],[-4,35],[-6,18],[-9,2],[-5,12],[7,11],[11,21],[8,22],[0,37],[2,41],[3,12],[4,14],[16,32],[37,60],[15,44],[2,9],[4,12],[-1,10],[-12,6],[-17,-2],[-17,-7],[-10,0],[-11,-1],[-10,6],[-7,4],[-4,7],[16,20],[11,4],[-1,15],[-4,8],[-6,7],[5,12],[11,0],[12,-8],[14,3],[6,15],[-16,26],[-6,4],[-5,12],[-7,6],[-5,16],[-6,11],[-13,6],[-2,-18],[0,-13],[3,-12],[-1,-12],[-11,-4],[-9,5],[-6,6],[4,61],[0,14],[1,16],[-5,18],[-2,10],[-7,10],[-5,-15],[-6,-14],[-11,-24],[-11,-2],[2,12],[5,11],[6,6],[3,11],[4,9],[-2,9],[-8,-5],[-3,-11],[-7,12],[-7,2],[-14,-8],[12,23],[10,3],[-2,11],[-5,9],[14,14],[7,0],[1,13],[-1,13],[0,12],[-9,18],[3,21],[-13,-14],[-5,8],[0,24],[4,17],[-2,11],[-14,1],[-12,1],[-10,15],[6,27],[3,13],[-1,11],[-11,16],[-9,16],[-7,22],[-7,10],[-15,4],[-10,-6],[-7,0],[-7,4],[0,15],[-2,6],[12,11],[0,5],[3,6],[9,-2],[1,1],[1,4],[-2,2],[-4,3],[-17,3],[-4,-2],[-9,-10],[-8,-1],[-3,4],[-3,7],[-4,20],[-8,11],[4,4],[7,-7],[6,0],[4,-3],[4,4],[5,2],[4,5],[3,15],[-1,8],[-3,7],[-6,1],[4,8],[4,-1],[6,1],[4,-2],[4,2],[9,12],[1,4],[-1,7],[-11,6],[-14,-6],[-20,-4],[-4,1],[-5,6],[0,3],[4,4],[5,-4],[4,-1],[7,6],[3,22],[1,3],[9,7],[8,4],[9,14],[-8,13],[-13,8],[-1,7],[2,8],[0,8],[-1,3],[-7,4],[-12,-3],[-4,6],[-1,4],[7,24],[6,2],[5,-3],[-2,-13],[1,-3],[10,-11],[12,-2],[11,5],[2,6],[1,10],[5,12],[-13,31],[-12,14],[-7,12],[-2,11],[0,13],[4,9],[3,7],[4,-2],[-4,-23],[1,-6],[4,-4],[14,-5],[16,6],[6,-12],[5,-3],[13,-2],[2,2],[1,8],[-13,36],[-1,39],[2,2],[3,-1],[13,-12],[11,17],[14,11],[5,8],[0,12],[0,1],[-2,19],[-1,11],[3,12],[2,3],[13,13],[22,11],[9,11],[4,1],[13,9],[-5,-12],[-4,-4],[-2,-3],[-1,-2],[-2,-5],[0,-7],[3,-12],[3,-5],[7,-2],[2,2],[3,10],[-3,10],[9,20],[1,8],[-5,19],[2,6],[4,5],[5,2],[4,-2],[11,-9],[7,16],[10,0],[6,-5]],[[254,5858],[2,-6],[8,-7],[3,-4],[10,-2],[7,0],[6,-6],[3,-8],[4,-11],[3,-8],[4,-5],[2,-4],[-4,-2],[0,-7],[4,-4],[1,-10],[-3,-6],[-6,-3],[0,-7],[5,-6],[11,-3],[3,-8],[-1,-8],[2,-6],[1,-4],[-1,-4],[-4,-5],[-3,-5],[0,-2],[-2,-9],[-5,-9],[-1,-10],[-5,-12],[0,-1],[-2,-7],[-2,-7],[-2,-16],[-6,-14],[-5,-22],[-2,-7],[-4,-10],[-4,-17],[1,-13],[-4,-12],[-2,-3],[-4,-2],[-11,1],[-6,0],[-2,-9],[3,-9],[1,-12],[2,-11],[11,-11],[6,-8],[4,-8],[-4,-7],[-5,-11],[-6,-11],[0,-11],[9,-18],[6,-4],[2,-11],[-1,-12],[-5,-10],[-9,-5],[-3,-7],[0,-8],[6,-5],[4,3],[7,9],[4,0],[1,-7],[-4,-10],[-3,-5],[-1,-8],[1,-7],[4,-22],[-3,-16],[-2,-13],[-1,-12],[4,-8],[3,-10],[10,-5],[-1,-4],[9,-15],[25,-4],[22,-3],[9,2],[14,5],[25,7],[4,-4],[29,13],[19,7],[14,-1],[23,-7],[33,-27],[19,-8],[17,5],[10,13],[9,8],[2,11],[-1,11],[1,23],[13,26],[9,17],[18,17],[19,17],[11,11],[17,12],[8,3],[10,-1],[8,0],[9,3],[7,8],[2,9],[-1,4],[-5,15],[0,17],[1,18],[-1,6],[-6,6],[-11,8],[-3,6],[-4,12],[0,14],[0,23],[1,14],[2,8],[9,3],[5,7],[7,7],[12,8],[9,11],[4,14],[-2,17],[-5,13],[-5,2],[-6,-2],[-8,1],[-5,3],[-5,10],[-4,9],[-5,9],[-9,11],[-8,0],[-8,10],[1,7],[4,5],[7,4],[4,1],[5,7],[-4,7],[-11,2],[-8,2],[-3,3],[7,7],[20,25],[34,27],[17,9],[4,0],[23,-19],[5,-8],[3,0],[8,7],[15,0],[10,21],[17,14],[4,10],[-2,38],[22,18],[9,4],[2,-7],[0,-9],[-2,-16],[9,-8],[3,-13],[-1,-9],[-6,-18],[-10,-6],[-7,0],[-4,-5],[6,-3],[14,0],[-17,-46],[1,-6],[6,1],[8,7],[17,-23],[5,4],[2,7],[1,0],[6,-1],[2,-4],[2,1],[2,2],[2,2],[3,7],[1,11],[5,-1],[17,-9],[1,-1],[5,-4],[0,-1],[2,-2],[2,-12],[8,-9],[7,5],[3,4],[2,7],[4,13],[-1,6],[-4,8],[8,6],[12,-2],[4,13],[7,6],[6,13],[1,-5],[10,12],[1,6],[4,3],[10,13],[2,-2],[5,2],[6,7],[2,7],[8,10],[5,0],[2,-5],[2,-23],[6,-11],[5,-6],[3,-10],[-3,-12],[-5,-9],[-7,-8],[-9,-11],[-6,-14],[-6,-16],[-5,-12],[-7,-14],[-7,-19],[-7,-15],[-2,-14],[0,-14],[4,-19],[5,-6],[7,-3],[9,4],[8,3],[13,9],[7,11],[8,11],[9,-1],[9,-1],[8,2],[3,2],[3,2],[2,6],[1,11],[-1,12],[-2,10],[-3,10],[1,10],[2,6],[8,7],[7,6],[6,8],[8,9],[6,11],[6,10],[8,3],[6,2],[8,12],[20,39]],[[186,5764],[-20,9],[-2,-1],[-7,-11],[-8,-4],[-1,-3],[1,-4],[7,-6],[5,-6],[3,-12],[14,-9],[4,-8],[12,-12],[7,13],[1,8],[-4,7],[-1,16],[-5,13],[-6,10]],[[69,5654],[-1,-4],[-9,4],[-4,5],[-1,5],[2,4],[4,5],[2,0],[5,-9],[2,-10]],[[8823,9245],[8,-14],[15,-19],[6,-31],[4,-14],[2,-13],[6,-30],[10,-49],[21,-78],[-9,-7],[-13,-4],[-10,1],[-1,-13],[-5,-9],[-8,5],[-4,-22],[-12,1],[-8,11],[-3,-15],[3,-19],[10,-13],[-5,-22],[-11,9],[-6,-9],[-7,-27],[9,-29],[-8,-4],[-1,-20],[-4,-15],[-7,-6],[-11,-3],[-22,-11],[-11,-17],[-2,-26],[-1,-13],[1,-23],[-14,-37],[14,-29],[6,-17],[7,-15],[10,-5],[11,0],[0,-17],[13,-22],[-2,-19],[18,-13],[12,16],[11,-10],[18,10],[8,-7],[10,-27],[12,-19],[16,-5],[24,1],[17,5],[40,-29],[6,13],[-3,16],[30,0],[35,-25],[8,-18],[11,-8],[15,-23],[15,15],[37,-12],[4,-57],[-25,-10],[-12,-22],[17,-23],[10,-39],[-30,-30],[11,-25],[12,-36],[-1,-12],[-29,-37],[4,-15],[13,-38],[8,20],[-5,20],[16,31],[6,9],[14,-26],[8,-6],[6,-21]],[[9161,8099],[-6,-7],[-10,-35],[-10,-15],[-1,-8],[-5,-1],[-2,-13],[-15,-13],[-2,-10],[5,-17],[6,-14],[5,-18],[-3,-13],[-5,-9],[7,-26],[-7,-14],[-8,-9],[2,-8],[5,-2],[3,-5],[1,-8],[-3,-11],[-4,-27],[-6,-11],[-6,0],[-5,8],[-5,-1],[-3,-11],[-7,-4],[-19,4],[-14,-9],[-22,-32],[-16,-10],[-16,-7],[-1,-18],[-13,-7],[-7,-2],[1,17],[-8,-2],[-1,6],[1,1],[4,1],[1,3]],[[8972,7742],[3,12],[-1,6],[-11,9],[-4,21],[4,9],[4,16],[1,6],[-3,27],[-7,13],[-5,17],[2,7],[-3,19],[-6,6],[-11,3],[-4,3],[-1,5],[3,8],[-2,9],[-12,7],[-4,6],[-8,3],[-17,-1],[-4,-7],[-5,1],[-6,11],[-7,1],[-4,9],[-5,4],[0,2],[-8,1],[-9,5],[-9,-2],[4,-4],[-1,-6],[-4,2],[-4,-1],[-1,-3],[1,-8],[-11,1],[-2,5],[-7,5],[1,-11],[-2,-8],[-8,11],[-2,-2],[-1,-2],[0,-3],[1,-7],[-3,-1],[-2,4],[0,10],[-3,6],[-5,-1],[-8,-6],[-9,-3],[-2,-3],[4,-12],[-3,-5],[-11,-3],[0,-6],[1,0],[2,-6],[5,-5],[1,-8],[-11,6],[-5,2],[-5,-16],[-9,-4],[-3,4],[0,1],[2,5],[-10,12],[-5,-3],[-1,-7],[6,-4],[1,-1],[-1,-9],[-20,-4],[-2,-4],[1,-7],[-11,-6],[-2,4],[2,3],[-6,1],[-3,4],[-6,3],[-1,-7],[0,-4],[6,-16],[-6,-6],[-6,-3],[-3,-6],[1,-1],[2,-5],[-1,-6],[-5,-9],[-3,7],[1,4],[2,4],[-2,6],[-7,-9],[3,-14],[-8,-6],[-2,-4],[-6,-4],[4,-11],[-6,2],[-3,10],[-2,8],[-5,-1],[-2,-4],[-1,-3],[1,-7],[3,-7],[-5,-3],[-3,6],[0,16],[-14,9],[-10,-6],[-1,7],[-7,1],[-3,-11],[-1,-7],[-5,-2],[-3,9],[-6,2],[-2,-10],[1,-4],[-3,-2],[-3,7],[-2,10],[-15,2],[-12,2],[-54,-1],[-4,6],[-8,34],[-6,7],[-15,-5],[-14,-18],[-8,-3],[-16,3],[-15,7],[-12,-2],[-16,-2],[-14,11],[7,23],[-2,17],[3,11],[-16,64],[-1,45],[-4,28],[-4,16],[-19,-21],[-49,-81],[-63,-86],[-33,-65],[-16,-37],[-12,-24],[-9,-35],[-10,-2],[-10,4],[-6,12],[-6,-4],[-5,4],[-9,-3],[1,18],[6,7],[3,15],[-13,3],[-4,6],[-6,3],[-5,3],[-8,-3],[-51,23],[-8,38],[3,18],[-7,4],[11,5],[0,1],[4,11],[9,8],[-1,7],[4,6],[5,12],[5,4],[-9,8],[1,15],[-2,10],[3,12],[7,5],[-1,20],[-3,13],[-2,24],[-9,10],[2,17],[10,41],[-6,8],[-13,9],[-5,10],[-10,-11],[-15,-2],[-9,3],[-1,10],[8,32],[10,20],[-2,8],[-10,7],[-20,-3],[-18,-23],[-5,-21],[10,-15],[2,-13],[-8,-4],[-10,3],[-7,13],[-3,42],[-6,11],[-8,0],[-7,-7],[-14,-56],[-7,-6],[-30,7],[-26,-1],[-17,-62],[-18,-55],[-11,-68],[-15,-43],[-19,-37]],[[7745,7845],[-8,11],[-6,20],[-9,17],[-6,19],[-11,20]],[[7705,7932],[8,22],[8,14],[3,25],[-1,21]],[[7723,8014],[-3,14]],[[1960,5107],[1,-4],[7,-10],[8,3],[7,-22],[12,2],[0,-4],[5,-13],[27,-37],[9,-3],[4,-6],[8,-2],[9,-5],[9,-5],[11,-1],[9,-12],[18,-21],[7,5],[9,8],[9,-7],[11,-5],[9,11],[17,-1],[6,-20],[13,1],[8,-17],[9,-4],[0,-13],[3,-10],[6,-12],[0,-9],[5,-7],[0,-11],[-14,-12],[-6,-47],[-6,-8],[-1,-15],[-10,-6],[-11,-17],[-30,-62],[5,-9],[-1,-11],[-9,-14],[-7,-17],[-6,-32],[-6,-18],[-5,-21],[-1,-17]],[[2108,4570],[-2,2],[-4,-1],[-8,-3],[-11,-8],[-19,6],[-7,6],[-19,3],[-15,-1],[-7,-5],[-6,-1],[-1,10],[1,15],[-1,22],[-9,59],[-5,16],[-6,7],[-13,6],[-5,22],[-8,-7],[-4,-9],[-4,-4],[-22,9],[-4,0],[1,-39],[4,-39],[-5,5],[-5,13],[-18,25],[-9,5],[2,10],[-1,5],[-6,4],[-7,12],[-8,21],[-2,-3],[-2,-11],[-8,7],[-5,-6],[1,-10],[-5,-1],[-20,5],[-22,1],[-3,-4],[-2,-12],[-5,-1],[-1,24],[-6,-5],[-7,5],[-6,-6],[-6,9],[-9,5],[-8,5],[-1,-13],[-19,-15],[-8,-15],[-16,-38],[-5,-18],[-1,-16],[-14,1],[-18,7],[0,14],[2,13],[-14,-6],[-7,-18],[-5,1],[-3,6],[9,18],[10,31],[-3,1],[-5,-5],[-5,1],[-7,21],[7,15],[-1,7],[1,4],[3,5],[2,12],[-6,-2],[-5,-3],[-1,-1],[-12,-6],[-11,-10],[-8,1],[-4,14],[-7,-6],[-43,-4],[-17,-37],[-8,-6],[-26,-12],[-25,-16],[-17,-17],[-1,-15],[3,-12],[-3,-13],[-3,-7],[-17,2],[-5,20],[-4,2],[-3,11],[2,19],[34,46],[-38,25],[-5,13],[-16,1],[-7,4],[-8,16],[-6,-5],[-9,-26],[0,-10],[-2,-13],[-13,-9],[-16,-17],[-10,-24],[-12,-12],[-9,-17],[-13,-20],[-12,-12],[-8,-1],[-3,11],[12,24],[12,49],[10,11],[2,10],[2,24],[-1,32],[-7,10],[-9,21],[-17,33],[-12,35],[-9,14],[-3,6],[-9,8],[-5,8],[-13,11],[-6,3],[-10,-7],[-9,-14],[-10,-10],[-2,-5],[0,-4],[-17,-8],[-29,-20],[-18,9],[-1,11],[-4,12],[-5,12],[-5,4],[-12,5],[-4,8],[-2,5],[-4,-1],[-10,-7],[-10,1],[-25,-3],[-29,-20],[-3,-4],[-9,-11],[-4,-18],[-11,-4],[-1,-15],[-8,-22],[-59,-27],[-14,-2],[-80,-21],[-23,-3],[-3,4],[-4,16],[-23,-12],[-7,-10],[-6,-20],[-5,-3],[-3,7],[-7,26],[-5,5],[-7,-4],[-8,0],[-8,2],[-6,5],[-1,10],[-1,2],[-9,0],[-12,-17],[-9,-1],[-9,3],[-9,-5],[-5,2],[-2,9]],[[6522,7008],[4,-13],[3,-7],[6,-8],[8,0],[8,5],[8,-4],[5,-1],[7,2],[4,3],[19,-1],[11,-13],[38,-36],[33,-31],[21,-10],[9,6],[4,7],[5,4],[7,-2],[10,-1],[11,2],[5,3],[4,7],[4,11],[2,2],[5,13],[5,12],[4,5],[-3,-21],[1,-18],[2,-7],[5,-6],[6,-2],[-2,-8],[-17,-11],[0,-16],[1,-18],[37,4],[5,-11],[2,-42],[14,5],[20,-3],[-4,-15],[14,0],[7,-11],[8,14],[3,-17],[10,8],[-1,-14],[-8,-12],[8,-2],[-9,-19],[3,-22],[-9,-11],[11,-33],[-1,-19],[6,-6],[4,-1],[1,-7],[-7,-6],[3,-14],[2,-6],[5,9],[2,1],[2,-13],[3,-5],[0,-5],[-3,-4],[4,-14],[5,11],[3,-2],[2,-5],[3,9],[3,2],[3,-3],[-2,-16],[7,9],[3,-8],[4,3],[9,-9],[5,-6],[-1,-15],[3,-6],[6,-1],[6,-4],[2,-12],[-1,-32],[-5,-3],[-6,-1],[-4,3],[0,-9],[2,-8],[-1,-3],[-5,-3],[-2,-6],[-5,-6],[2,-8],[6,-3],[1,-3],[-4,-7],[-5,-4],[-12,-22],[1,-17],[10,-1],[3,-7],[-4,-15],[-2,-10],[3,-7],[6,2],[7,0],[3,7],[3,3],[15,-9],[-1,-13],[4,-4],[7,-1],[3,-6],[3,-13],[3,-9],[5,-6],[1,-5],[-5,-6],[-5,-3],[2,-8],[5,-5],[1,-5],[-6,-11],[1,-24],[-2,-9],[-8,-19],[2,-22],[-3,-15],[-5,-21],[-6,-15],[1,-10],[6,-20],[1,-23],[5,-12],[31,-33],[3,-9],[3,-14],[-3,-13],[-5,-8],[-10,-25],[-2,-72],[5,-18],[11,-53],[6,-19],[9,-40],[33,2],[7,-4],[4,3],[3,-4]],[[7068,5771],[3,2],[9,3],[7,-2],[-1,-9],[-6,-17],[-5,0],[-12,-13],[-16,2],[-8,-3],[-4,-9],[-7,2],[2,10],[-2,5],[-6,-1],[-5,-9],[-18,-6],[-8,-5],[0,-9],[15,-19],[-16,-1],[-11,9],[-5,1],[-6,-12],[-3,-35],[-7,-14],[-13,-16],[-4,-17],[-5,-5],[-7,1],[-5,-10],[2,-25],[-3,-16],[-9,-24],[-9,4],[-19,-15],[-6,-15],[-8,-26],[-3,-16],[-6,-12],[4,-15],[-7,-15],[1,-21],[-2,-17],[-7,-10],[-7,-6],[-8,-15],[-14,-13],[-7,-15],[-6,-19],[-1,-10],[0,-14],[-7,-15],[5,-18],[5,-11],[-1,-14],[-4,-7],[-5,-7],[-6,3],[-4,0],[-4,-10],[4,-2],[8,-5],[0,-4],[-3,-4],[0,-15],[-6,-5],[-3,-6],[6,-6],[8,0],[4,-2],[0,-9],[-4,-8],[-9,-6],[-3,-22],[0,-13],[-2,-8],[-7,-3],[-1,-13],[5,-24],[3,-4],[-16,-37],[-10,-17],[-3,-18],[-11,-7],[-4,-24],[-1,-29],[-7,-26],[-5,-12],[2,-8],[4,-5],[3,-14],[-4,-40],[-4,-20],[21,-35],[3,-19],[0,-22],[19,-49],[-6,-17],[-11,-5],[-5,-16],[-1,-2],[-14,-14],[-18,-11],[-13,0],[-9,-25],[-17,-4],[-12,-6],[-3,-15],[-19,-28],[-5,-19],[-9,3],[-3,-17],[-4,-16],[-10,-17],[-14,13],[-8,12],[-27,20],[-14,-1],[-16,-16],[-13,-24],[-5,-39],[-4,-16],[-11,-12],[-6,-13],[-19,-5],[-7,4],[-1,12],[-3,14],[-2,5],[-5,20],[-3,7],[-2,17],[-2,4],[6,9],[-1,4],[1,7],[-4,14],[6,10],[1,10],[10,7],[-2,10],[-4,6],[-1,8],[6,29],[1,13],[5,8],[1,8],[4,13],[0,9],[-3,22],[-6,11],[2,10],[-1,13],[-7,5],[7,10],[-3,8],[-1,11],[-2,5],[-4,3],[4,5],[0,9],[-4,4],[-2,11],[-8,6],[-3,7],[-9,7]],[[6443,4764],[-5,3],[3,6],[2,2],[7,4],[3,-2],[6,31],[2,3],[5,-3],[5,-14],[6,1],[-1,11],[7,-5],[6,2],[4,-1],[0,8],[3,8],[-2,5],[-6,-8],[-2,-4],[-4,2],[0,9],[-3,20],[6,3],[3,12],[10,-8],[-5,16],[-3,6],[-6,-2],[0,-4],[-1,-3],[0,-1],[-1,-1],[-1,-1],[-1,-1],[-1,0],[-1,-1],[-1,0],[-1,0],[-1,0],[-1,1],[-1,0],[-1,1],[0,1],[-1,1],[-1,1],[0,3],[3,13],[-7,9],[-4,-4],[1,17],[7,-2],[6,2],[-2,11],[-7,4],[-2,10],[7,7],[3,11],[11,-7],[-2,11],[-8,8],[-4,-3],[-5,-9],[-6,5],[-2,17],[4,2],[8,1],[4,-3],[4,5],[1,9],[-3,10],[-1,12],[7,5],[-4,15],[8,10],[7,4],[-2,7],[-7,1],[-2,8],[5,8],[11,-13],[0,7],[-4,12],[2,4],[-1,14],[1,4],[5,0],[-7,10],[1,9],[5,3],[4,-11],[4,-6],[3,6],[-4,17],[-6,14],[1,7],[5,19],[9,-2],[5,0],[3,8],[-3,9],[-6,9],[3,9],[4,4],[6,-1],[2,5],[-3,6],[-7,3],[2,14],[5,2],[3,-18],[4,-1],[0,21],[-4,16],[2,9],[3,-1],[3,5],[-3,3],[-7,5],[3,2],[5,-2],[2,3],[0,8],[4,0],[4,5],[-5,5],[-7,0],[-4,7],[-3,8],[4,8],[-7,14],[6,2],[5,9],[7,-11],[0,11],[-9,21],[8,10],[-4,8],[0,12],[4,-1],[6,-7],[1,10],[7,9],[-1,5],[-4,0],[-7,-7],[-1,5],[1,7],[4,6],[12,9],[0,4],[-1,5],[-8,0],[1,4],[5,5],[5,-1],[3,-6],[5,-2],[3,2],[4,7],[2,20],[9,23],[-4,12],[0,7],[-4,3],[-12,-16],[-3,7],[2,8],[10,8],[4,1],[11,-5],[3,3],[-3,7],[-5,3],[0,7],[5,3],[5,0],[-2,14],[6,0],[7,16],[-12,5],[1,8],[7,7],[-1,5],[3,5],[9,-11],[5,-2],[-2,12],[-7,6],[-7,10],[5,18],[-4,8],[-8,10],[5,3],[0,5],[1,4],[8,-1],[14,5],[-2,12],[-3,7],[-11,-2],[2,11],[11,-2],[5,5],[-5,12],[2,5],[3,-3],[9,-14],[4,5],[-4,12],[-8,5],[1,7],[8,6],[1,8],[-9,-10],[-1,17],[3,21],[-10,0],[1,12],[7,0],[-1,7],[-5,11],[-1,6],[5,2],[-1,12],[-4,5],[7,7],[4,8],[3,9],[-9,-1],[-5,2],[0,10],[7,6],[0,8],[-6,1],[-2,12],[0,18],[-24,-11],[-3,13],[-8,5],[-1,13],[-4,8],[-9,1],[-7,7],[-17,10],[-9,14],[-8,1],[0,-8],[-3,-7],[-2,-10],[-6,-13],[-7,-8],[-5,-2],[-6,-9],[-3,2],[-7,-13],[-6,-4],[-6,-18],[1,-7],[-2,-7],[-9,0],[-8,9],[-12,8],[2,8],[4,-1],[10,20],[7,7],[3,15],[5,6],[4,2],[5,11],[-7,-1],[-19,9],[-3,13],[-1,11],[10,6],[10,13],[-3,14],[-11,-2],[-1,9],[3,6],[9,2],[-3,25],[-6,9],[1,11],[-1,14],[-14,11],[-10,19],[0,7],[4,-2],[3,-6],[4,6],[0,6],[-5,22],[-14,37],[-2,12],[-12,2],[-3,12],[3,8],[-4,4],[-1,10],[5,6],[1,12],[-12,10],[-7,-7],[-7,24],[-8,-8],[-5,8],[1,8],[8,-1],[2,8],[-2,9],[-6,8],[0,5],[3,12],[-1,9],[2,3],[2,-5],[4,9],[-3,19],[17,19],[1,5],[-3,8],[-4,3],[-8,0],[-6,6],[-2,10],[-6,11],[-16,5],[-2,21],[-7,2],[-51,4],[-11,-14],[-4,0],[-8,9],[-1,-4],[-8,-10],[-7,11],[-5,-1],[-14,-7],[-1,-6],[2,-8],[-6,-1],[-9,11],[-6,-4],[-17,-16],[5,-10],[-6,-30],[-8,-13],[4,-14],[-8,7],[-6,-3],[5,14],[-3,13],[-8,-3],[-10,-8],[-26,-11],[2,5],[-1,9],[-4,21],[2,8],[3,24],[7,9],[-2,7],[-6,9],[-27,0],[-4,9],[-14,3],[-5,-6],[-8,-4],[-7,-1],[-6,-9],[-15,-14],[-35,-5],[-4,6],[-6,34],[-11,9],[0,-20],[-22,-2],[-8,-5],[-3,-11],[-8,-10],[1,-8],[9,-6],[17,7],[8,0],[1,-7],[-4,-7],[-11,-7],[-15,-3],[-10,-17],[-7,-17],[-8,5],[5,9],[6,16],[2,15],[-6,-5],[-10,-26],[-5,3],[4,12],[-1,3],[-17,-11],[-35,-7],[-10,-6],[-8,-11],[-14,7],[-2,5],[8,6],[-8,5],[1,11],[-15,-7],[-23,0],[-17,9],[-51,4],[-25,-1],[-7,-11],[-2,-7],[-4,3],[-7,-2],[-11,-9],[-3,6],[4,6],[3,3]],[[5702,6369],[3,6],[-16,14],[0,7],[3,9],[7,33],[-10,31],[-12,48],[6,5],[30,-1],[8,9],[8,24],[1,20],[-15,16],[-2,15],[13,17],[3,9],[-4,5],[0,12],[-13,16],[-2,17]],[[5710,6681],[18,12],[6,9],[11,0],[10,4],[6,20],[3,20],[9,22],[16,16],[23,13],[13,5],[36,22],[7,-3],[12,-11],[26,-8],[19,4],[9,14],[18,14],[16,6],[34,-5],[27,8],[20,-13],[19,-4],[9,-14],[9,-17],[13,-11],[14,-4],[-4,-21],[9,-11],[56,-21],[27,-9],[30,-15],[20,-4],[24,24],[11,-4],[-6,33],[-11,30],[-10,62],[-9,44],[-2,17],[3,13],[10,7],[23,22],[29,-13],[10,7],[25,51],[9,-1],[16,-6],[16,-16],[13,-21],[13,12],[7,22],[3,23],[9,38],[10,17]],[[6444,7060],[27,-35],[18,-14],[10,-5],[21,1]],[[6520,7007],[2,1]],[[4848,1004],[-1,-5],[-8,-19],[-9,-12],[1,-15],[-5,-18],[-4,-15],[-8,-36],[-21,-57],[-10,-44],[-9,-51],[-7,-15],[1,-13],[0,-1],[-11,-33],[0,-14],[-7,-9],[1,-19],[-2,-3],[-7,-1],[-2,-2],[-3,-12],[-3,-4],[2,-8],[-1,-3],[-3,-4],[0,-15],[-2,-4],[-4,-7],[-6,-6],[-1,-6],[-6,1],[-8,5],[-12,-11],[-3,-1],[-2,4],[-1,-8],[-2,-1],[-2,4],[0,1],[-3,-3],[-1,-1],[-1,0],[0,-5],[-2,-7],[-6,-10],[-1,-6],[0,-7],[-2,1],[-1,0],[-1,1],[1,-4],[0,-1],[-2,-1],[0,1],[-6,7],[2,-6],[-2,-4],[0,-1],[-6,3],[-2,3],[-1,5],[-4,3],[0,4],[1,0],[1,0],[0,3],[-3,0],[0,1],[-9,-7],[0,1],[-7,2],[-3,-4],[-1,-5],[-1,-27],[0,-1],[-5,-22],[0,-8],[-3,-11],[1,-12],[-3,-22],[1,-6],[2,-2],[1,-1],[0,-2],[1,-1],[-1,-14],[-4,-16],[-1,-12],[-1,-18],[-3,-20],[-3,-7],[-6,-8],[-3,-3],[-3,0],[-13,1],[-3,-2],[-4,-7],[-5,-3],[-10,1],[-27,13],[-9,-6],[-1,0],[-12,-5],[-3,-6],[0,-1],[-3,-14],[0,-8],[1,-7],[0,-20],[-3,-12],[-6,-15],[1,-9],[-2,-11],[-6,-11],[-2,-6],[2,-9],[-10,-33],[3,-6],[1,-1],[-1,-1],[-2,-8],[-3,-3],[0,-4],[-7,-5],[-6,0],[-6,9],[-4,-2],[-3,-5],[2,-9],[-2,-2],[-8,0],[6,-12],[1,-6],[-5,1],[-5,10],[-3,2],[-2,-2],[-1,-12],[-4,-4],[-9,-2],[-10,6],[-4,0],[-1,-2],[0,-5],[-2,-3],[-2,-3],[-2,0],[4,-8],[-1,-3],[-4,-1],[0,-6],[-3,-4],[4,-15],[-1,-4],[-2,-1],[-7,5],[-2,-2],[0,-5],[-4,-3],[-4,-3],[-3,-7],[-1,-1],[-2,5],[-3,-1],[-9,19],[-10,0],[-11,25],[-3,-1],[-5,-4],[-2,0],[-2,3],[-2,27],[5,17],[-1,3],[-5,10],[0,19],[-2,4],[-17,14],[-5,15],[1,22],[-2,22],[0,28],[3,35],[3,34],[0,12]],[[4306,308],[2,1],[3,-3],[12,9],[10,38],[10,13],[14,35],[15,31],[11,28],[10,35],[7,47],[1,14],[2,11],[14,44],[0,15],[6,21],[-1,15],[1,14],[7,21],[1,28],[2,23],[7,46],[1,17],[-2,18],[1,21],[2,17],[0,11],[4,26],[-7,23],[4,19],[0,14],[-2,18],[2,18],[3,19],[-3,26],[12,52],[5,38],[-4,18],[0,6],[-4,4],[-13,36],[-1,31],[6,-1],[-1,35],[3,19],[1,2],[-1,3],[-5,0],[-1,3],[0,20],[-2,22],[0,15],[-3,25],[1,6],[0,4],[-2,8],[-9,23],[0,14],[2,10],[5,7],[4,13],[2,23],[8,24],[1,2],[4,2],[3,10],[10,18],[1,7],[0,14],[2,18],[-1,10],[7,16],[9,9],[19,27],[1,10],[-4,21],[7,14],[0,5],[-2,8],[-3,18],[-1,10],[2,14],[4,9],[0,5],[5,15],[6,12],[14,14],[16,32],[12,18],[8,27],[4,23],[0,10]],[[7744,6751],[-3,-10],[12,-2],[4,-4],[2,-10],[0,-7],[-1,-3],[-9,10],[-3,-4],[-2,-16],[0,-15],[-4,-10],[-6,0],[-5,2],[-4,6],[-18,-25],[5,-13],[-6,-3],[-8,0],[-5,2],[-1,8],[4,32],[-2,4],[-4,2],[-10,0],[-7,5],[-8,2],[-7,-3],[-20,-22],[-8,8],[-4,-8],[-1,-18],[-7,-19],[-9,-10],[-4,-1],[-7,-14],[-7,-10],[-9,-4],[-11,4],[-28,-10],[-5,-6],[-5,-11],[-5,-21],[5,-18],[0,-12],[5,-9],[0,-4],[-4,-8],[-9,3],[-3,6],[-32,-36],[-39,-23],[-3,-5],[1,-12],[-4,-21],[14,-48],[-5,-26],[-4,-11],[-2,-20],[4,-2],[2,-6],[-4,-3],[-5,0],[-2,-5],[4,-8],[1,-7],[-2,-4],[-6,-3],[-3,-7],[2,-14],[-5,-11],[1,-6],[-5,-7],[-4,8],[-4,0],[-21,-19],[-2,-6],[2,-15],[-1,-11],[-13,-8],[-8,1],[-9,-3],[-6,3],[-6,-5],[4,-10],[3,-3],[-3,-3],[-3,-8],[1,-9],[-4,-8],[-10,-7],[-10,-14],[-7,1],[-5,-3],[-9,-12],[1,-18],[0,-4],[-13,-21],[-5,6],[-3,3],[-13,3],[-14,35],[-3,24],[-3,16],[-5,32],[0,17],[3,9],[0,18],[-5,23],[-1,16],[1,17],[-2,23],[1,7],[6,4],[1,11],[-12,-1],[-8,-12],[-23,-39],[-14,-30],[-2,-12],[-12,-28],[-8,-15],[-17,-21],[-8,-7],[-20,-28],[-3,-16],[-13,-36],[-23,-24],[-17,-75],[1,-10],[-4,-18],[4,-20],[1,-36],[3,-28],[-8,-29],[2,-8],[0,-7],[-3,-11],[-14,-20],[5,-18]],[[6522,7008],[6,4]],[[6528,7012],[19,40],[3,21],[4,9],[11,0],[13,15],[13,0],[23,-6],[21,24],[7,18],[-1,19],[-6,19],[-1,11],[42,47],[0,16],[-1,19],[7,12],[20,8],[18,-2],[25,-7],[20,-7],[18,11],[14,23],[5,9],[14,-14],[8,-18],[21,6],[5,12],[-4,33],[2,23],[21,30],[4,16],[15,14],[11,3],[12,-6],[16,-46],[14,1],[22,16],[17,8],[13,2],[23,-4],[8,8],[2,10],[-5,35],[27,11],[7,14],[8,0],[10,-5],[7,6],[6,-1],[5,-5],[7,9],[8,19],[2,7],[-1,14],[-4,15],[-3,16],[5,20],[7,4],[5,-5],[8,-16],[25,3],[9,4],[3,10],[-5,6],[5,20],[7,35],[12,37],[24,30],[9,7],[11,12],[24,8],[8,-11],[16,-14],[10,-14],[8,-20],[8,-6],[5,7],[13,38],[21,-16],[13,3],[10,8],[10,18],[14,14],[26,-7],[14,6],[27,-13],[13,-4],[10,11],[6,12],[-1,33],[7,11],[10,7],[13,-7],[18,-5],[7,-9],[13,8],[6,20],[0,24],[6,11],[9,6],[9,-10],[2,-2],[0,-16],[4,-12],[17,-6],[8,1],[5,51],[3,4],[23,0],[7,13],[-4,18],[-9,13],[35,33],[24,6],[0,21],[12,-8]],[[7745,7845],[-21,-28],[0,-24],[-7,-21],[-12,-17],[-9,-25],[-9,-6],[-11,-14],[-4,-28],[-5,-22],[-11,-13],[-13,-7],[-26,-49],[-7,-16],[-18,-17],[-29,-14],[-9,-18],[-4,-22],[-4,-35],[-8,-18],[-7,-8],[-30,-21],[-24,-26],[-37,-33],[-2,-5],[1,-17],[2,-10],[7,-11],[7,-3],[4,-1],[4,4],[8,-2],[14,-9],[6,-1],[5,-3],[9,0],[24,5],[13,-2],[14,-6],[9,-7],[-1,-23],[5,-19],[-5,-8],[7,-21],[-7,-11],[1,-12],[11,-29],[4,-6],[6,-2],[1,-8],[-2,-10],[3,-7],[2,-12],[-5,-16],[-2,-18],[2,-9],[0,-8],[-8,-41],[1,-6],[12,-17],[9,-6],[8,-13],[6,-12],[18,-15],[2,-18],[-10,-12],[0,-6],[4,-5],[2,1],[4,-5],[0,-9],[-6,-8],[-3,-10],[-3,-4],[-3,-9],[4,-7],[11,-2],[1,-3],[-2,-6],[-4,-2],[4,-9],[10,2],[-2,-8],[6,-15],[4,-5],[5,6],[-4,11],[7,3],[6,-12],[4,-12],[6,-12],[6,9],[9,14],[3,-5],[1,-10],[7,-6],[4,6],[9,3],[-3,-22],[2,-5],[15,-15],[-3,-9],[5,-17],[15,-2]],[[3295,6149],[-2,-6]],[[3252,5396],[9,-12]],[[3261,5384],[-23,-15],[-33,-28],[-6,-7],[-14,-10],[-15,-9],[-10,-8],[-11,-9],[-7,-10],[-5,-10],[-8,-17],[-3,-13],[-4,-12],[-4,-11],[-10,-14],[-5,-5],[-5,-2],[-4,0],[-3,0],[-4,-5],[-3,1],[-2,2],[-5,-3],[-5,-7],[-4,-7],[-2,-8],[-5,-17],[-8,-8],[-14,-11],[-32,11],[-10,13],[-2,12],[-1,9],[-4,8],[-9,6],[-10,11],[-4,8],[-16,15],[-13,2],[-8,-3],[-1,-2],[-1,0],[-3,-3],[-5,-5],[-4,-7],[-1,-6],[-2,-13],[0,-11],[-1,-14],[-1,-14],[-1,-14],[-3,-10],[-5,-15],[0,-3],[0,-1],[-2,-17],[-1,-13],[-1,-23],[-1,-12],[1,-15],[-6,-67],[-2,-17],[-4,-9],[-10,-9],[-9,-3],[-10,3],[-7,6],[-7,9],[-6,14],[-11,17],[-10,18],[-14,2],[-11,-4],[-12,-10],[-2,-5],[-1,-11],[-2,-9],[-1,-13],[3,-5],[5,-11],[5,-12],[2,-10],[-1,-8],[2,-15],[5,-11],[6,-9],[0,-9],[2,-7],[3,-6],[3,-7],[0,-8],[-1,-6],[-1,-21],[-1,-11],[-4,-10],[-1,-8],[3,-7],[2,-10],[-5,-15],[-1,-12],[-4,-18],[1,-16],[2,-20],[4,-28],[4,-13],[0,-13],[0,-18],[3,-15],[1,-10],[0,-8],[-3,-9],[0,-13],[-3,-24],[-1,-11],[-1,-12],[2,-8]],[[2804,4493],[-2,1],[-21,-20],[-12,-15],[-5,-12],[-5,1],[-17,16],[-10,15],[-8,4],[-10,-3],[-12,-10],[-6,3],[-20,-10],[-11,-1],[-8,-5],[-10,-1],[-11,-10],[-10,2],[-6,-10],[-8,7],[-6,-2],[-3,-9],[-10,6],[-4,1],[-3,-13],[1,-4],[-3,-5],[-9,-17],[-29,-71],[-15,-47],[-16,-37],[-12,-20],[-5,-13],[-1,-12],[-21,6],[-11,-3],[-36,-49],[-14,-15],[-4,7],[-8,-6],[-29,19],[-9,-4],[0,17],[-5,8],[0,63],[-5,9],[0,8],[-7,9],[-2,8],[6,16],[1,33],[4,21],[6,19],[-4,13],[3,14],[7,14],[0,11],[13,26],[-6,19],[-1,18],[-3,11],[-5,-10],[-12,-13],[-6,-16],[-4,-3],[-18,7],[-10,10],[-14,2],[-12,-7],[-11,-14],[-10,0],[-9,-10],[-9,-18],[-62,-5],[-23,-9],[-5,-14],[-7,5],[-15,17],[12,8],[7,11],[9,0],[9,6],[0,10],[9,27],[-20,-16],[-27,6],[-11,-25],[-27,-30],[-7,-13],[-12,-4],[-11,-1],[-8,4],[1,9],[11,33],[7,27],[0,22],[4,5],[10,6],[8,13],[4,35],[0,21]],[[2431,5338],[-6,-14],[27,-23],[12,-13],[50,-13],[17,-2],[10,6],[8,3],[16,-1],[19,4],[8,9],[6,0],[6,-7],[8,1],[7,5],[5,-2],[21,-20],[35,-45],[9,-7],[15,2],[11,-3],[9,78],[1,16],[-1,25],[-4,11],[-6,29],[-1,14],[6,4],[4,14],[3,12],[1,32],[3,17],[3,8],[10,3],[-1,10],[-3,4],[-7,2],[-11,0],[-7,5],[-4,18],[4,22],[8,11],[10,-2],[22,-11],[6,7],[14,26],[-3,47],[1,32],[3,12],[7,9],[-12,1],[-1,4],[14,13],[33,0],[23,3],[8,10],[7,-3],[6,0],[4,12],[6,2],[9,0],[13,7],[5,7],[8,3],[-3,7],[-8,2],[-9,4],[-4,10],[2,16],[4,18],[6,16],[10,12],[6,11],[-6,7],[-10,2],[-1,10],[13,28],[-1,12],[12,19],[6,16],[-2,7],[-5,12],[3,7],[9,0],[7,-6],[11,6],[0,14],[5,6],[3,23],[-2,10],[-4,19],[-9,29],[-2,17],[-1,19],[-2,10],[0,7],[1,7],[1,4],[1,2],[2,3],[4,-1],[4,2],[0,5],[0,6],[-1,4],[-2,2],[-1,4],[0,4],[0,3],[1,4],[-2,3],[0,4],[0,4],[1,3],[1,3],[0,2],[-2,3],[-2,3],[-2,5],[0,4],[1,7],[0,2],[1,2],[0,4],[-1,5],[0,2],[1,3],[0,6],[-2,5],[0,5],[0,3],[1,2],[0,5],[-1,5],[1,5],[0,4],[2,2],[0,1],[2,3],[-1,3],[0,1],[-2,-1],[0,-3],[-2,-1],[-1,3],[1,3],[1,4],[1,4],[-1,8],[1,2],[1,2],[-2,2],[-4,2],[0,2],[1,3],[2,1],[3,2],[2,5],[2,3],[2,4],[0,3],[-1,4],[0,4],[2,0],[3,-1],[1,0],[1,2],[0,2],[-2,2],[-1,3],[-1,2],[1,2],[2,1],[2,0],[2,3],[1,5],[1,6],[1,6],[0,5]],[[2958,6354],[2,0]],[[3924,5066],[-15,-5],[-22,-25],[-7,-8],[-2,-8],[-5,-8],[-4,-3],[-9,-12],[-8,-18],[-9,0],[-6,-3],[-11,4],[-12,9],[-24,-3],[-20,-13],[-3,-5],[-9,-4],[-5,-6],[-11,-8],[-16,-5],[-5,0],[-16,9],[-6,8],[-2,1],[-11,0],[-6,-4],[-3,3],[-7,0],[-15,0],[-8,-4],[-4,3],[-5,0],[-10,5],[-6,-6],[-5,-21],[-9,-12],[-33,-18],[-8,-3],[-10,-9],[-8,-1],[-11,2],[-10,-29],[-2,-5],[-1,-5],[-6,-1],[-4,2],[0,4],[-1,15],[-5,8],[2,8],[0,21],[-9,6],[-6,8],[-10,-2],[-15,9],[-13,1],[-21,58],[-1,12],[9,72],[1,34],[-18,7],[-17,12],[-43,35],[-11,1],[-6,-19],[-8,-16],[-4,-4],[-10,3],[-18,-46],[-9,-1],[-7,4],[-3,8],[-30,-52],[-44,-32],[5,-6],[-3,-15],[-10,-11],[-5,-43],[2,-8],[-3,-19],[-3,-47],[-2,-61],[3,-35],[-2,-28],[-10,-18],[-9,-8],[-12,-6],[2,-10],[-15,-23],[-10,-21],[-12,-10],[-4,-14],[-11,-17],[-3,7],[-8,5],[-8,-6],[-9,0],[-5,16],[-24,31],[-16,14],[-19,23],[0,12],[22,4],[8,-4],[7,42],[6,11],[-9,15],[-7,16],[-2,15],[-3,9],[6,24],[-3,6],[6,6],[3,5],[1,8],[-1,24],[2,10],[-2,12],[-10,4],[-9,8],[-6,-6],[-23,-6],[-8,-4],[0,-10],[-14,34],[-6,5],[-13,3],[-9,-15],[-2,-15],[1,-13],[-2,-12],[-5,-12],[1,-10],[-1,-5],[-16,-39],[-6,-31],[-4,1],[-18,-18],[0,-16],[-8,0],[-10,-2],[-3,-5],[-9,-3],[0,-14],[2,-31],[-5,-7],[-24,-46],[3,-16],[4,-4],[2,2],[6,4],[9,12],[8,13],[23,24],[-8,-27],[-10,-8],[-26,-28],[-11,-30],[3,-16],[-7,1],[-4,3],[-5,5],[-7,-2],[-9,-10],[-7,-17],[-4,-17],[-2,-18],[4,-6],[26,-8],[7,4],[15,0],[9,10],[6,9],[4,9],[4,21],[6,10],[6,-1],[3,-4],[1,-10],[-6,-9],[-5,-20],[-6,3],[-4,-3],[-10,-17],[-8,-4],[-19,-7],[-20,2],[-7,-14],[-6,-1],[-8,4]],[[3261,5384],[1,0]],[[3569,5524],[6,-15],[1,-11],[-3,-13],[0,-9],[1,-10],[4,-10],[12,-8],[15,-18],[33,-34],[9,-4],[2,-2],[3,3],[3,3],[10,2],[9,-10],[6,-3],[7,16],[4,3],[2,0],[7,-8],[3,-9],[3,-5],[5,0],[4,13],[0,24],[24,-42],[3,-3],[14,0],[9,-3],[6,-24],[4,-2],[10,9],[3,-2],[2,-8],[-3,-5],[-12,-12],[-4,-1],[19,-5],[24,-12],[10,12],[12,7],[11,0],[3,-3],[1,-10],[24,-29],[7,-3],[4,4],[1,9],[2,2],[4,-2],[7,-7],[8,0],[-1,-17],[-7,-23],[2,-38],[7,-41],[2,-6],[3,-38],[-6,-19],[0,-5],[9,-26],[7,-10]],[[6443,4764],[-5,-21],[1,-12],[-3,4],[-9,0],[-6,-16],[-15,-17],[4,-7],[0,-8],[-3,2],[-22,-17],[-11,-6],[-20,-17],[-6,2],[-12,-3],[-12,-11],[-16,-20],[-3,-12],[8,-41],[25,-94],[-2,-12],[-5,-4],[2,7],[0,10],[-9,-6],[-6,-10],[-5,1],[2,-9],[-15,-9],[1,-13],[-8,-18],[-9,-2],[-5,2],[-1,-11],[-12,-1],[-7,6],[-7,-10],[-6,3],[-6,-11],[-6,-4],[-1,-12],[-6,1],[-4,-10],[-1,-12],[-7,-3],[2,-11],[-4,-4],[-1,-18],[-5,-3],[-4,-13],[4,-4],[-2,-11],[-17,-8],[-6,1],[-3,-11],[-1,-14],[-4,9],[-7,-6],[-7,-11],[-2,5],[-7,5],[-2,-7],[0,-15],[-5,-5],[-17,8],[1,-3],[-1,-8],[-6,-4],[1,-8],[-7,-28],[-6,-1],[-9,3],[1,-11],[-11,-14],[-5,6],[-3,-20],[1,-7],[1,-7],[6,-7],[-1,-11],[-5,-12],[-2,-11],[-1,-7],[-1,-4],[-9,4],[-11,-27],[-4,3],[-4,15],[-5,-17],[-9,-13],[4,-6],[1,-6],[-16,-32],[-3,-11],[-9,-13],[-4,-14],[-9,-4],[-6,2],[1,-6],[-6,-8],[-6,3],[0,-15],[-12,6],[-2,-10],[-9,-1],[-5,1],[-8,-7],[-5,-3],[2,-5],[4,-5],[1,-8],[-4,-1],[-12,11],[-3,-6],[-5,10],[-4,-2],[-4,-9],[-4,-1],[0,-5],[-8,-6],[-5,-2],[-5,6],[-8,-24],[-7,-3],[-5,-12],[3,-4],[-7,-3],[-6,-6],[-2,-5],[0,-8],[3,-6],[0,-10],[-4,-10],[-11,-1],[-16,-4],[1,-14],[-13,-12],[1,-5],[3,-4],[0,-8],[-3,-5],[-10,3],[1,-9],[-2,-7],[-4,-5],[-6,3],[-7,-2],[1,-17],[-3,-6],[-5,-1],[-10,13],[-10,-6],[-4,-5],[-7,-16],[-12,-16],[-3,-5]],[[5745,3674],[-10,-28],[-4,-8],[-17,-3],[-8,0],[-6,8],[-8,34],[-13,-12],[-19,-29],[-11,4],[-5,16],[1,13],[-5,10],[-6,-1],[-14,2],[-15,-1],[-10,-4],[-8,1],[-13,11],[-9,0],[-2,-10],[-3,-4],[-3,3],[-6,25],[-5,5],[-5,-1],[-3,5],[3,7],[0,9],[-3,0],[-5,4],[-7,12],[-6,33],[-7,3],[-5,14],[-14,17],[0,7],[12,11],[1,7],[-2,12],[1,12],[2,6],[16,23],[-1,10],[-11,26],[-6,10],[-6,13],[-4,4],[1,6],[-6,18],[-9,5],[-30,1],[-5,8],[-7,13],[-2,19],[-7,20],[8,16],[1,10],[-1,21],[2,11],[4,10],[5,7]],[[5450,4115],[39,11],[12,21],[12,12],[39,-4],[21,-7],[8,15],[11,42],[0,14],[-2,15],[2,14],[10,6],[1,10],[11,22],[3,8],[2,14],[-4,7],[3,19],[-1,14],[1,14],[-5,5],[-3,13],[2,12],[-2,18],[1,13],[-3,15],[-10,25],[-3,17],[-21,27],[-9,16],[-4,13],[-12,23],[-12,20],[-13,16],[-6,14],[-15,99],[-6,12],[0,13],[-2,10],[-6,1],[-4,5],[-6,16],[-2,9],[1,4],[-1,20],[-6,14],[3,26],[-5,5],[-4,7],[-2,14],[-10,17],[-2,18],[-4,9],[-19,14],[-4,13],[-5,10],[-10,8],[-15,1],[-21,-8],[19,100],[0,12],[-5,-1],[-2,4],[-5,3],[-5,-1],[-8,-6],[-2,3],[4,6],[-1,3],[-7,-4],[-4,6],[1,10],[-2,0],[-4,-7],[0,-3],[1,-4],[-6,3],[-3,10],[-6,3],[-1,-6],[-2,0],[-2,1],[-1,-7],[-7,6],[-4,-2],[-7,12],[0,6],[-7,-7],[-3,-1],[-1,4],[-2,1],[-8,-3],[-9,11],[-1,6],[2,10],[-5,11],[-1,6],[2,4],[1,2],[0,4],[-3,1],[-11,-7],[-9,9],[-1,10],[-3,-1],[-9,4],[0,-3],[-7,-1],[-7,9],[-5,1],[-4,6],[-3,8],[-8,4],[-18,14],[-14,5],[-4,-3],[-3,1],[-16,27],[-7,0],[-15,-7],[-3,3],[-10,2],[-6,7],[-2,11],[4,4],[0,4],[0,2],[2,4],[12,4],[2,9],[8,9],[0,8],[8,10],[3,9],[1,11],[-3,21],[0,10],[-1,6],[-9,14],[-3,11],[-6,9],[-5,2],[-12,-2],[-7,6],[-8,1],[-21,-5],[-14,4],[-21,12],[-6,2],[-19,-10],[-16,-6],[-17,-2],[-13,11],[-23,-3],[-7,4],[-11,-3],[-16,-4],[-7,-4],[-9,11],[3,40],[13,-8],[7,-6],[6,0],[8,-3],[13,22],[0,9],[-2,9],[-14,9],[-1,12],[5,54],[0,10],[1,6],[4,-2],[0,16],[5,2],[7,-2],[15,26],[3,13],[2,28],[8,21],[6,-6],[4,0],[3,-4],[-1,-1],[-1,-3],[3,-6],[7,-8],[16,-10],[13,-11],[4,0],[16,10],[3,3],[3,14],[-1,10],[-2,4],[4,10],[5,6],[15,15],[9,6],[4,1],[4,-7],[2,0],[22,23],[7,6],[4,6],[6,24],[-4,16],[-3,23],[-6,3],[-4,-2],[-4,2],[-5,5],[-9,4],[-12,-3],[-3,0],[-2,3],[-2,5],[0,5],[2,8],[8,15],[2,14],[8,10],[4,8],[-4,4],[-3,0],[-2,0],[-1,-3],[-1,-2],[-4,-2],[-16,-2],[-5,11],[-16,0],[-6,-5],[-9,-4],[-2,0],[1,6],[9,7],[3,13],[3,1],[4,-8],[2,4],[9,29],[4,0],[2,-13],[1,-2],[4,4],[2,3],[2,-1],[1,-9],[12,6],[10,9],[21,10],[4,0],[3,-6],[9,-9],[2,4],[0,15],[14,14],[5,12],[2,2],[6,0],[5,3],[7,11],[5,4],[3,0],[7,-7],[11,4],[8,8],[10,7],[20,-13],[10,2],[12,7],[23,34],[3,-7],[8,-2],[4,-25],[1,-8],[-2,-5],[-6,4],[-1,-9],[1,-7],[6,1],[10,4],[9,0],[5,19],[3,-2],[0,-8],[8,1],[20,28],[9,4],[2,5],[-7,-1],[-11,-8],[-8,-6],[-10,1],[-3,4],[5,8],[23,14],[14,11],[6,8],[9,-10],[0,-4],[-9,-9],[-3,-7],[1,-7],[15,15],[11,7],[-3,4],[-4,-1],[-1,6],[3,5],[-2,3],[-5,-1],[0,1],[-2,5],[22,23],[4,8],[3,-2],[2,7],[3,4],[-9,10],[-10,0],[-7,3],[1,6],[31,14],[9,18],[-1,7],[-8,-11],[-4,-5],[0,1],[-3,8],[7,13],[-4,-3],[-10,12],[3,3],[2,3],[-1,6],[-6,-5],[-6,-3],[3,-12],[3,-14],[-1,-6],[-4,-5],[-1,8],[-1,4],[-5,-1],[-6,-12],[-8,-8],[0,-6],[-5,-1],[-5,-4],[8,-4],[4,-5],[1,-5],[-4,-3],[-2,-5],[0,-5],[-1,-5],[-5,6],[-1,1],[-10,-9],[-4,0],[-1,9],[4,6],[-3,9],[-16,7],[-5,-4],[-2,9],[1,9],[-6,3],[-12,0],[1,14],[23,12],[7,15],[13,9],[-4,8],[-17,-17],[-5,2],[-3,-2],[-2,-3],[-1,3],[-1,8],[-5,10],[-2,-2],[-1,-9],[4,-7],[-1,-11],[-10,1],[-24,-4],[-5,-5],[-8,-1],[-16,-11],[-10,-5],[-5,-5],[-8,0],[-8,12],[0,13],[-6,17],[9,9],[2,18],[33,23],[9,11],[9,23],[7,1],[-6,9],[-2,15],[26,16],[15,-1],[10,4],[15,-3],[7,4],[8,-8],[10,-2],[3,-5],[-2,-9],[4,-8],[21,-5],[5,8],[-5,10],[6,5],[14,2],[7,5],[3,17],[10,17],[6,5],[6,-16],[6,-5],[23,16],[27,36],[17,-5],[14,-11],[8,-14],[-5,-12],[-6,-9],[-7,-13],[-6,-7],[-6,4],[-6,-3],[-7,-6],[-4,-10],[-7,-3],[-3,-7],[-22,-16],[4,-7],[32,20],[8,4],[9,12],[7,-4],[8,-22],[5,-20],[2,-12],[0,-10],[7,-6],[5,0],[-7,30],[-1,2],[3,4],[8,-3],[0,7],[-4,2],[-6,9],[1,6],[10,-3],[4,23],[9,-4],[6,-4],[6,4],[16,-12],[0,-5],[2,-3],[1,-1],[4,-17],[13,1],[25,-6],[-2,-15],[-8,-9],[-1,-10],[14,3],[-3,14],[6,7],[12,4],[3,-2],[0,-10],[-2,-7],[6,-2],[3,-7],[2,-9],[7,4],[1,11],[-4,10],[-4,15],[-5,8],[-10,1],[-7,-2],[-8,6],[-6,12],[9,10],[2,12],[0,17],[-5,3],[-4,-7],[-7,-25],[-13,-1],[-1,5],[11,2],[-2,11],[-10,11],[-4,4],[-6,-2],[-2,7],[16,10],[-2,4],[-12,-1],[-19,-3],[-2,7],[1,9],[18,22],[3,12],[9,1],[8,-3],[19,13],[18,-3],[6,5],[9,13],[11,0]],[[5335,4276],[-15,9],[-14,5],[-27,21],[-10,8],[-6,12],[-10,0],[-5,-15],[-10,4],[-6,39],[-12,35],[-11,9],[-3,-4],[-3,-6],[-6,-27],[0,-7],[6,-9],[3,-20],[-2,-22],[-6,-9],[-5,7],[3,11],[-1,2],[-12,-9],[-6,-8],[-3,-1],[-1,1],[-1,3],[4,12],[-3,7],[-18,20],[0,12],[2,9],[11,16],[1,4],[-3,3],[-4,-1],[-13,-17],[-3,0],[-13,-15],[-13,3],[-8,4],[2,-12],[-6,-47],[1,-11],[-3,-11],[-9,-15],[-10,-3],[-7,-8],[-6,-5],[-23,-10],[-9,-7],[-27,-8],[-20,-10],[-10,0],[-11,-6],[-9,2],[-4,-6],[-3,-7],[-2,-2],[-6,-1],[-9,-6],[-2,-3],[0,-10],[4,-21],[-1,-7],[-7,-33],[-4,-5],[-7,-23],[-9,-4],[-10,-25],[-3,-6],[-8,-2],[-5,-6],[-14,-11],[-6,-9],[3,-9],[8,-16],[7,-19],[-1,-14],[-11,-22],[-14,-20],[-4,-14],[-10,-14],[0,-7],[7,-11],[0,-7],[-3,-6],[-4,2],[-17,-12],[-4,-17],[3,-7],[-3,-9],[-5,-7],[-9,-6],[-34,-14],[-2,0],[-5,24],[-6,2],[-4,-1],[-10,1],[-8,-4],[-10,-12],[-15,-24],[-1,-8],[6,-6],[-3,-6],[-22,-9],[-4,-1],[-2,2],[-2,-6],[-1,10],[-4,11]],[[4685,3768],[0,8],[-5,11],[-6,8],[-4,1],[-4,-1],[-13,-13],[-10,-22],[-1,-10],[-5,-11],[-2,-3],[-5,-4],[-8,1],[-13,-7],[-6,0],[-8,-12],[-2,-10],[-14,-9],[-10,-2],[-9,18],[-9,-1],[-5,2],[-5,11],[-8,10],[-6,16],[0,22],[-7,26],[2,9],[-2,25],[4,8],[-2,8],[-7,5],[-13,1],[-7,9],[-11,-5],[-25,11],[-11,-7],[-14,15],[-6,10],[-7,24],[-8,36],[-11,36],[-11,25],[-5,4],[-9,20],[-9,1],[-7,3],[-7,7],[-13,2],[-4,4],[0,-2],[-9,-2],[-4,9],[2,11],[-3,24],[-7,16],[4,7],[11,6],[9,14],[-14,27],[-2,2],[-17,-7],[-7,1],[-6,9],[0,2],[-1,9],[6,8],[-9,7],[-9,1],[-16,-5],[-4,3],[-8,1],[-3,4],[-3,7],[2,8],[4,5],[-3,3],[-22,-18],[-6,-11],[1,-5],[-8,-10],[-18,-4],[-6,-8],[-14,-13],[-9,-4],[-25,-4],[-6,2],[-3,4],[-5,0],[-4,-8],[-20,-15],[-9,-4],[-5,0],[-22,-12],[-15,-2],[-9,1],[-3,-1],[-9,2],[-17,-7],[-4,1],[-1,3],[-2,14],[-6,3],[-6,-6],[-23,-47],[-14,-16],[-3,-7],[-2,-2],[-3,1],[-4,-2],[-3,1],[-7,-8],[-5,-6],[-15,-28],[-7,-9],[-1,-1],[-9,8],[-6,6],[0,4],[8,13],[-2,17],[-6,16],[1,13],[-6,13],[-2,21],[-8,7],[-2,7],[2,13],[4,9],[4,5],[8,4],[5,6],[2,15],[-1,27],[-10,32],[-2,13],[-2,7],[-3,21],[0,10],[2,5],[-7,13],[0,10],[4,21],[0,45],[4,10],[11,14],[1,10],[3,19],[6,6],[4,6],[6,23],[4,4],[5,9],[-1,31],[-2,12],[1,6],[2,3],[9,9],[13,17],[13,22],[5,4],[10,2],[4,4],[5,17],[8,1],[2,2],[1,15],[-2,8],[-2,3],[-8,-4],[-16,2],[-4,-5],[-7,-1],[-5,8],[-1,6],[0,11],[-8,-6],[-8,1],[-5,-8],[-1,-5],[-3,-6],[-11,1],[-17,7],[-5,9],[0,28],[2,17],[-6,18],[-2,9],[0,5],[7,18],[7,6],[3,12],[-2,15],[2,9],[9,11],[7,3],[6,5],[17,26],[14,1],[11,7],[2,4],[0,2],[-2,3],[5,8],[7,4],[6,12],[4,4],[54,69],[73,124]],[[4119,5058],[9,8],[3,-1],[2,-7],[3,-1],[1,3],[-1,16],[3,13],[6,12],[12,13],[8,2],[23,15],[-3,10],[5,3],[6,0],[8,6],[21,27],[5,27],[9,2],[8,11],[6,10],[5,3],[17,-7]],[[4275,5223],[18,-7],[2,-6],[-4,-11],[-8,-10],[1,-7],[-3,-9],[0,-3],[20,1],[5,1],[16,-22],[4,13],[1,12],[2,4],[12,2],[0,4],[6,6],[10,21],[5,3],[5,-2],[2,8],[10,14],[5,9],[6,1],[3,-3],[1,-9],[1,-1],[15,13],[9,6],[10,0],[5,-1],[6,-6],[4,-9],[3,-4],[9,10],[10,13],[8,-5],[4,-14],[-1,-7],[-6,-21],[-1,-12],[-2,-3],[-1,-5],[1,-10],[-3,-18],[-1,-24],[2,-7],[6,-3],[11,0],[4,-13],[6,5],[6,12],[5,7],[1,7],[14,15],[6,0],[13,5],[10,-3],[1,-1],[6,-9],[-1,-32],[-1,-6],[1,-4],[8,-12],[12,-14],[3,-1],[9,-20],[-2,-20],[-13,-27],[-3,-10],[-2,-31],[-5,-19],[2,-13],[6,-6],[5,-1],[7,-4],[-2,-10],[-14,-10],[-9,-4],[-11,-12],[-5,-14],[2,-5],[3,-3],[0,-7],[-13,-30],[-12,-33],[-8,-17],[13,-16],[20,-8],[5,1],[4,7],[4,2],[13,-1],[7,1],[11,28],[9,1],[3,-2],[11,6],[14,18],[7,2],[6,8],[7,3],[1,7],[7,12],[9,4],[17,2],[3,5],[0,6],[2,8],[-3,13],[1,11],[-3,10],[1,2],[10,9],[9,12],[8,-5],[2,-4],[4,2],[1,1],[6,-3],[-1,4],[1,2],[5,-3],[2,-6],[6,-2],[2,-4],[4,-6],[4,4],[2,0],[6,-5],[6,5],[4,-6],[2,4],[1,-1],[3,-3],[5,9],[0,6],[-2,9],[5,10],[-2,12],[-6,6],[-2,13],[3,16],[8,20],[1,2],[51,9],[2,-12],[4,-10],[-4,-16],[-5,-8],[-2,-8],[4,-5],[13,-5],[2,-8],[6,-8],[-1,-13],[-6,-12],[-1,-11],[3,-5],[18,3],[11,-3],[6,-7],[1,-6],[-2,-4],[-25,-4],[-4,-2],[-3,-4],[-2,-9],[2,-5],[4,-2],[15,4],[4,0],[3,-2],[1,-6],[-5,-7],[-11,-1],[-3,-1],[-7,-8],[1,-5],[5,3],[1,1],[6,-1],[1,-3],[-6,-9],[-1,-7],[3,-14],[-8,-32],[1,-6],[8,-24],[9,-7],[6,-1],[4,2],[4,5],[11,17],[12,11],[10,-7],[5,-8],[1,-8],[-1,-1],[-12,4],[-5,-3],[-1,-33],[-5,-7],[-1,-7],[9,-19],[5,-20],[3,-7],[8,-1],[6,8],[11,5],[5,-2],[10,-12],[12,-12],[12,12],[10,14],[5,0],[7,-3],[-16,-45],[5,-13],[8,-28],[7,-14],[9,-12],[3,-16],[4,-9],[0,-8],[4,2],[1,0],[3,-1],[19,7],[2,-6],[7,-4],[16,1],[10,3],[32,5],[55,14],[27,0],[6,2],[15,-38],[4,-12],[1,-5],[19,-21],[2,-18],[6,-19],[10,-18],[8,-23],[10,-20],[23,-36],[13,-15],[10,-13],[23,-5],[0,-13],[-5,-1],[-4,-5]],[[4306,308],[-9,1],[-15,-4],[-18,2],[-30,-3],[-99,4],[-6,-4],[-11,4],[-10,-3],[-8,-1],[-11,2],[-40,-4],[-30,1],[-44,-4],[81,294],[7,13],[-1,16],[1,4],[6,7],[1,5],[-5,7],[5,11],[1,5],[-5,7],[-1,10],[-8,7],[-3,19],[1,9],[-1,4],[-5,10],[-5,14],[2,35],[-2,10],[-27,29],[-5,7],[0,10],[-1,7],[-5,5],[-2,5],[0,13],[-3,17],[2,21],[6,12],[9,14],[-5,7],[0,4],[-2,7],[0,3],[-1,3],[-1,3],[-1,8],[1,11],[-1,37],[0,19],[-2,25],[0,18],[3,22],[0,24],[0,28],[-1,23],[-3,20],[-4,14],[-8,11],[-4,18],[2,9],[7,14],[7,11],[4,10],[5,19],[4,20],[0,18],[0,11],[-6,12],[-5,11],[-6,14],[-3,10],[-3,16],[1,19],[4,12],[5,18],[3,14],[9,13],[8,4],[8,-2],[13,-3],[5,8],[4,9],[4,12],[2,23],[0,17],[1,13],[4,26],[1,13],[-2,9],[-2,20],[-6,13],[0,13],[2,14],[3,9],[4,8],[5,5],[9,6],[6,6],[0,10],[-5,9],[-8,18],[-1,12],[-1,27],[-1,16],[-2,16],[-12,7],[-8,-6],[-9,0],[-9,10],[0,16],[2,12],[0,14],[-3,10],[-8,10],[-8,11],[-1,12],[11,10],[5,8],[5,13],[6,10],[1,12],[-3,15],[-8,11],[-5,11],[0,10],[11,9],[13,3],[18,3],[10,-1],[6,-4],[8,-1],[11,8],[10,13],[7,1],[7,1],[8,-16],[0,-14],[4,-11],[15,-9],[12,-10],[9,-14],[8,-13],[9,0],[4,12],[7,7],[3,-12],[8,-12],[5,-9],[6,-7],[7,-1],[8,-5],[5,-8],[5,-20],[17,-18],[11,1],[7,10],[5,11],[10,2],[6,-10],[5,-6],[10,-2],[12,6],[9,23],[12,15],[10,4],[11,-1],[15,-10],[12,-9],[9,-3],[10,0],[7,3],[2,16]],[[1102,6108],[5,-6]],[[1122,5997],[2,-6]],[[1154,5801],[0,0]],[[254,5858],[3,6],[-6,30],[-5,6],[-2,5],[-3,7],[-2,-13],[-1,-5],[-1,-4],[-6,-8],[-1,-1],[-15,-2],[-4,9],[-1,8],[3,17],[6,24],[5,-3],[13,-3],[8,11],[-3,14],[0,5],[3,2],[5,6],[4,24],[4,11],[5,6],[14,21],[-1,23],[2,7],[0,10],[-5,5],[-8,1],[-2,22],[-13,34],[4,17],[1,29],[-4,31],[2,10],[12,24],[0,18],[-1,16],[5,13],[0,32],[1,14],[0,11],[-6,11],[1,9],[12,4],[13,12],[-6,13],[-3,15],[1,7],[4,10],[2,13],[1,17],[-9,5],[-15,1],[-5,5],[-3,16],[1,23],[6,9],[20,21],[3,7],[1,8],[-6,7],[-7,12],[0,11],[3,5],[1,9],[-2,12],[0,8],[3,14],[0,11],[-16,44],[-7,9],[5,12],[-3,31],[2,10],[-1,18],[6,15],[8,-6],[10,-7],[12,-10],[13,-10],[12,-2],[14,0],[23,-2],[17,1],[13,0],[12,0],[17,0],[15,4],[27,6],[15,8],[13,11],[28,-10],[22,-2],[18,-2],[8,3],[27,5],[16,8],[13,6],[15,6],[30,14],[21,10],[29,16],[24,14],[20,12],[24,15],[-3,29],[-3,14],[-3,29],[-1,15],[2,14],[5,13],[8,33],[4,15],[16,28],[16,26],[18,12],[29,-1],[13,-2],[15,-5],[24,-8],[21,-10],[17,0],[16,6],[47,56],[7,11],[6,29],[5,14],[4,8],[14,5],[26,3],[17,3],[14,2],[15,2],[16,-8]],[[7721,8024],[2,-10]],[[6528,7012],[-8,-5]],[[6444,7060],[2,15],[10,5],[15,16],[-11,40],[-1,13],[-3,18],[-8,9],[-4,2],[-12,5],[-13,2],[-12,7],[-6,16],[-2,19],[7,12],[5,17],[-4,16],[0,15],[-5,17],[1,28],[-4,27],[-10,16],[-15,13],[-3,14],[-26,22],[-9,5],[-3,11],[-5,6]],[[6328,7446],[12,23],[-1,12],[22,29],[23,20],[20,14],[35,28],[5,32],[3,18],[9,-24],[3,20],[10,-17],[10,9],[6,16],[17,-4],[7,21],[9,-15],[7,9],[8,2],[6,10],[8,14],[-4,12],[-2,12],[-3,13],[-7,18],[1,33],[-8,26],[-11,2],[-6,9],[3,15],[-12,15],[2,25],[3,12],[13,17],[19,32],[17,7],[12,17],[16,29],[16,20],[28,67],[12,17],[13,27],[28,41],[24,29],[8,13],[28,56],[25,35],[13,15],[8,17],[7,11],[9,8],[8,6],[-1,12],[15,11],[32,24],[18,13],[11,15],[10,10],[10,2],[3,14],[9,14],[6,23],[22,56],[11,16],[11,8],[10,11],[17,34],[10,10],[20,28],[7,7],[22,31],[9,16],[-2,9],[-3,21],[11,8],[6,8],[11,0],[19,17],[7,15],[7,3],[27,1],[4,13],[10,10],[61,43]],[[4119,5058],[-3,0],[-4,7],[-2,-1],[-3,-3],[-7,-10],[1,-3],[-4,-7],[-11,-2],[-11,-11],[0,2],[-3,2],[-5,4],[-5,-7],[-23,-3],[-16,-4],[-20,13],[-16,7],[-3,-3],[-4,1],[-3,4],[-2,0],[-3,-1],[1,-4],[-2,-2],[-10,4],[-20,-8],[-1,5],[-6,1],[-4,3],[-3,-5],[-2,2],[3,18],[-4,9]],[[4187,6171],[2,9],[4,2],[16,-4],[8,1],[32,31],[3,-1],[6,-6],[21,-1],[23,4],[1,0],[8,3]],[[4311,6209],[5,-15],[19,-31],[4,-38],[-3,-43],[-1,-17],[-4,-46],[-6,-66],[13,-35],[9,-5],[9,-6],[16,-9],[16,-10],[8,-4],[9,-6],[10,-5],[8,-5],[17,-9],[17,-12],[21,-15],[16,-15],[9,-8],[8,-7],[11,-21],[0,-13],[-6,-23],[-22,-38],[-3,-23],[-2,-19],[-2,-18],[-21,-62],[-17,-35],[-9,-20],[-18,-12],[-38,-6],[-33,-13],[-19,-3],[-9,-21],[-8,-40],[-12,-70],[-5,-27],[-15,-83],[-8,-32]],[[5450,4115],[2,16],[4,10],[2,18],[1,21],[-5,-1],[-23,25],[-4,8],[3,16],[-2,13],[-4,4],[-6,0],[-23,21],[-2,9],[-10,-3],[-4,3],[-19,-7],[-11,-22],[-9,10],[-7,0],[-2,9],[3,9],[1,2]],[[4311,6209],[21,7],[10,2],[5,-1],[9,-4],[3,-9],[1,-20],[6,-12],[6,-8],[5,-5],[13,-6],[11,3],[11,10],[9,6],[28,11],[26,6],[13,-1],[16,-7],[18,-3],[13,-5],[4,-4],[19,-4],[39,22],[23,8],[24,12],[10,3],[24,2],[14,6],[7,-3],[7,-6],[15,-20],[5,-1],[7,5],[21,39],[11,13],[8,7],[16,5],[1,-2],[2,-6],[0,-25],[1,-5],[10,-9],[10,-7],[11,-5],[10,-2],[4,4],[2,15],[0,15],[4,11],[5,7],[3,18],[3,22],[7,24],[33,2],[9,1],[3,3],[38,43],[16,14],[10,7],[16,5],[10,-1],[9,-4],[11,-3],[4,3],[10,11],[17,15],[9,6],[23,-4],[13,5],[8,6],[19,36],[7,9],[5,4],[15,4],[19,-1],[29,-8],[11,-5],[5,-11],[9,-15],[15,-13],[19,-4],[32,-7],[25,2],[17,-2],[10,2],[18,-14],[16,-19],[18,-16],[13,-4],[14,8],[18,18],[42,38],[18,28],[10,6],[25,9],[35,26],[11,23],[10,27],[6,55],[7,22],[12,25],[10,4],[21,-10],[15,3],[23,12],[3,20],[9,9],[9,-3],[9,2]],[[2520,6187],[0,-10]],[[2949,6361],[9,-7]],[[5745,3674],[7,-4],[7,-21],[6,-3],[8,6],[5,-3],[-4,-10],[7,-6],[5,-9],[4,-19],[7,-11],[4,-9],[-3,-7],[3,-6],[6,-7],[1,-10],[18,-10],[5,-11],[2,-8],[5,-12],[1,-11],[0,-9],[1,-10],[-2,-13],[8,-13],[11,-13],[23,-17],[8,6],[8,1],[12,-2],[14,-10],[21,-23],[8,-19],[5,-29],[0,-20],[-3,-13],[6,-20],[11,-26],[5,-19],[1,-16],[-19,-47],[-6,-8],[-13,-28],[-3,-10],[9,-8],[6,-12],[-6,-17],[-2,-12],[10,-14],[8,-16],[10,-12],[-14,-26],[-9,-12],[-12,0],[-12,-6],[-9,-15],[-20,-14],[-5,-8],[0,-15],[-4,-16],[-13,-7],[-10,2],[-4,-3],[-14,-33],[-9,-11],[-3,-10],[1,-27],[-3,-9],[-2,-7],[-4,-5],[-4,-8],[-2,-12],[-14,-21],[2,-12],[-3,-9],[-10,-11],[-3,-10],[-12,-26],[-6,-40],[-3,-7],[2,-18],[0,-9],[4,-23],[-7,-18],[4,-8],[-5,-13],[2,-6],[3,-5],[-4,-1],[-4,-10],[0,-13],[-6,-5],[-2,-21],[-5,-27],[-10,-4],[-10,-7],[-2,-9],[-15,-27],[-3,-14],[-3,-5],[-4,-16],[4,-15],[-7,-7],[0,-21],[-3,1],[0,10],[-4,1],[-1,-5],[-4,-8],[-8,-1],[-8,-1],[-3,13],[-26,-5],[-1,-2],[3,-6],[-2,-7],[-9,-6],[2,-7],[0,-8],[-6,-10],[-7,-9],[4,-9],[-1,-9],[-6,-1],[-8,-6],[5,-8],[-4,-7],[-4,-24],[0,-1],[1,-1],[1,-1],[1,0],[1,0],[1,0],[1,1],[1,1],[1,1],[2,6],[3,-6],[0,-1],[1,-1],[1,0],[1,0],[1,1],[1,1],[3,6],[4,-1],[1,-4],[-3,-9],[-7,0],[-2,3],[0,-6],[2,-3],[0,-7],[-3,-9],[-5,-10],[2,-6],[0,-10],[-3,-3],[5,-6],[-2,-10]],[[4498,2512],[-3,12],[-13,21],[-2,20],[-2,5],[-8,10],[-1,38],[5,-1],[4,-8],[9,-6],[6,7],[5,-6],[16,-11],[8,-2],[12,4],[4,-3],[17,5],[4,-1],[20,-9],[7,-10],[7,1],[11,-2],[18,-17],[5,3],[9,16],[1,18],[3,15],[8,20],[10,15],[7,4],[4,-1],[7,5],[6,13],[2,8],[4,28],[2,6],[4,4],[9,3],[7,11],[4,2],[5,-3],[8,1],[10,-2],[17,23],[18,10],[13,13],[14,10],[14,0],[8,12],[7,-1],[5,-5],[6,-4],[8,0],[6,2],[19,-4],[13,17],[8,7],[9,3],[8,10],[1,5],[-2,6],[-13,11],[-13,15],[-22,4],[-3,19],[-9,23],[19,29],[-1,7],[-10,15],[15,13],[4,6],[11,6],[5,18],[0,4],[-5,12],[-3,24],[-5,19],[2,9],[5,16],[-6,39],[-3,5],[-16,13],[-5,0],[-9,-10],[-5,-1],[-3,12],[-11,23],[-2,15],[-3,10],[-4,8],[-8,6],[-1,3],[1,5],[-7,19],[1,19],[-3,3],[-15,-5],[-6,-13],[-2,-1],[-4,0],[-2,11],[-6,14],[-5,4],[-11,1],[-4,3],[-10,32],[-9,12],[-13,10],[-10,23],[-4,-1],[-6,-7],[-6,-12],[-5,2],[-5,14],[-5,22],[1,29],[-6,-9],[-14,-32],[-4,0],[0,2],[-2,6],[0,16],[-9,12],[-5,4],[-1,-11],[1,-9],[-1,-5],[-13,-4],[-4,-4],[-5,-12],[-4,-4],[-5,2],[-3,5],[0,22],[1,9],[-4,30],[1,16],[-2,5],[-5,6],[-2,4],[0,8],[2,19],[-5,19],[-7,-2],[-13,-8],[-5,13],[-17,-23],[-4,2],[-3,7],[-1,20],[2,15],[12,25],[9,12],[13,12],[7,9],[19,13],[6,12],[19,8],[10,17],[16,16],[11,23],[0,24],[8,35],[12,9],[5,18],[0,30]],[[8972,7742],[-4,1],[-4,3],[-28,-21],[-22,-23],[-18,-17],[-16,-7],[-6,-15],[-20,-21],[-14,-17],[-16,-25],[2,-8],[-2,-10],[-11,-13],[-7,-12],[-6,2],[-4,-5],[1,-5],[-14,-14],[-6,-4],[-7,10],[-9,24],[-5,1],[-6,5],[2,-7],[-5,-7],[-5,5],[-5,-3],[-5,-11],[-9,-9],[-10,4],[-6,21],[-5,-1],[-4,5],[-4,-4],[-65,-96],[-8,-16],[-11,-4],[-9,-12],[-17,-18],[-15,-8],[-5,-16],[0,-13],[-5,-15],[-37,-36],[-34,-12],[-17,-19],[-26,-6],[-15,-16],[-12,-18],[-7,-3],[-17,1],[-10,-1],[-10,5],[-3,-9],[1,-11],[-4,-2],[-6,1],[-10,17],[-8,8],[-6,2],[-4,8],[-2,12],[-4,12],[-11,7],[-16,-8],[-9,-3],[-5,-3],[-7,1],[-9,36],[-7,-5],[-9,-13],[-7,-7],[-8,-1],[-11,-5],[-11,-8],[-13,-12],[-8,-15],[-19,-31],[-1,-13],[-5,-8],[-10,-35],[-9,-21],[-3,-10],[-9,-12],[-11,-7],[-4,-15],[-7,-15],[-9,-9],[-8,-12],[1,-14],[-1,-11],[-7,-9],[-2,-12],[-1,-18],[-3,-14],[-6,-4],[-4,-5],[-16,-7],[8,-12],[6,-4],[-5,-16],[-12,-6],[-6,-6],[-9,-8],[-19,-9],[-7,-10],[-1,-20],[-9,-9],[-4,-9],[-1,-6],[-5,-5],[-3,5],[-6,14],[-8,7],[-5,-10],[-1,-13],[-6,-12],[-2,-4],[-8,-9],[-19,-15],[-13,-14],[-23,-34],[-9,-10],[-7,-8],[-34,-13],[-11,-8],[-8,-3],[-11,3],[-9,-2],[-14,-11],[-5,-2],[-9,2],[-3,4],[-1,15],[-5,10],[-8,5],[-3,9],[0,11],[-10,-2],[-6,-4],[-8,-21]],[[4214,6388],[8,31],[8,17],[8,10],[10,3],[2,19],[1,8],[6,9],[10,1],[8,7],[1,10],[7,15],[1,5],[1,12],[-2,14],[-11,16],[-11,13],[-5,8],[1,14],[-1,10],[-6,13],[0,22],[1,29],[-14,20],[-17,8],[-4,26],[-9,41],[-3,24],[1,18],[-5,8],[-6,23],[-9,27],[-3,1],[0,4],[-7,15],[-1,12],[4,7],[0,6],[-8,11],[3,8],[-7,18],[-1,10],[8,14],[-2,5],[-4,5],[1,10],[0,7],[1,3],[3,1],[6,4],[-10,16],[1,7],[0,6],[4,13],[2,14],[6,7],[0,9],[5,7],[0,5],[3,4],[1,9],[-3,7],[0,11],[2,12],[-4,16],[-1,16],[8,12],[4,41],[6,13],[0,6],[4,9],[6,21],[8,17]],[[4220,7288],[5,-3],[51,-13],[19,46],[22,-2],[26,30],[6,15],[21,7],[11,-1],[28,5],[11,0],[22,5],[17,-6],[26,-3],[34,-11],[50,7],[95,66],[0,22],[-2,18],[1,19],[-9,22],[18,17],[11,33],[3,2],[37,-17],[31,-11],[18,-4],[22,6],[66,12],[25,-6],[62,-32],[19,-13],[57,-16],[17,-14],[11,-6],[15,-9],[27,-31],[-3,-39],[4,-14],[14,-9],[10,-10],[30,-21],[16,-8],[18,-13],[12,-14],[3,1],[6,-5],[11,-6],[1,-1],[5,-3],[35,-35],[30,3],[38,11],[10,5],[12,-11],[24,-11],[27,30],[120,30],[60,27],[70,17],[128,19],[42,-8],[26,-1],[72,-10],[18,-5],[25,-28],[7,-12],[19,3],[11,8],[4,-12],[57,26],[31,8],[40,6],[21,-3],[19,6],[45,24],[25,1],[24,4],[32,12],[36,62]],[[4214,6388],[0,0]],[[9203,9751],[8,22],[8,20],[11,7],[16,5],[2,9],[-1,20],[33,23],[2,24],[8,28],[15,3],[13,-5],[13,25],[15,17],[347,50],[207,-22],[32,-2],[-11,-24],[-8,-17],[-21,-28],[-1,-7],[2,-6],[8,-11],[-6,-7],[2,-9],[-4,-10],[-15,-27],[-6,-7],[-2,-17],[-15,-1],[-6,-5],[-2,-13],[8,-14],[-5,-5],[-3,4],[-4,1],[2,-12],[-6,-8],[-7,-5],[-2,-8],[-2,-13],[-9,11],[2,-18],[-11,-9],[-8,1],[-5,-26],[-29,-45],[-12,-4],[-22,-11],[-10,-11],[-4,-22],[-13,-15],[-10,-5],[-9,-12],[-19,-40],[-6,-10],[-2,-17],[-8,-17],[-9,-11],[-10,-20],[-14,-18],[7,-48],[-20,-14],[-15,-4],[-7,-4],[1,-12],[7,-10],[11,-18],[4,-12],[1,-16],[-1,-14],[3,-8],[6,-6],[23,-6],[2,-21],[-14,-2],[-8,-11],[-3,-18],[-1,-16],[2,-15],[11,-12],[14,-8],[10,-10],[-3,-16],[-3,-9],[0,-9],[-16,-9],[-4,-13],[3,-11],[14,-13],[4,-27],[18,-7],[15,-1],[8,-5],[-6,-19],[-1,-14],[2,-23],[10,0],[7,-7],[7,-20],[6,-12],[9,3],[10,-6],[16,-34],[7,-4],[11,0],[12,6],[0,-20],[-2,-41],[1,-20],[-4,-6],[6,-13],[8,-10],[4,-13],[-6,-7],[-9,-6],[-2,-5],[0,-17],[4,-14],[-5,-31],[-3,-12],[-16,-5],[-8,-7],[-3,-10],[7,-27],[-7,-8],[-7,-4],[-3,-7],[-6,-26],[0,-12],[10,-7],[3,-7],[1,-11],[14,-9],[-1,5],[-3,6],[-2,9],[3,11],[17,16],[11,23],[9,0],[3,-12],[-2,-21],[1,-13],[7,-22],[0,-10],[-4,-12],[2,-10],[11,14],[10,31],[3,25],[5,19],[9,8],[26,9],[15,-1],[11,-3],[5,-4],[1,-7],[-5,-9],[4,-11],[7,-1],[6,-11],[4,18],[5,3],[1,-14],[1,-19],[6,16],[2,17],[7,-3],[0,-9],[4,-5],[1,-11],[-5,-2],[3,-9],[15,0],[3,-6],[0,-13],[6,-6],[10,-23],[-2,-15],[3,-11],[10,-16],[4,-16],[7,-15],[9,-11],[-4,-9],[-8,-10],[-16,1],[-2,-1],[-8,-1],[-3,-9],[-2,-23],[-26,-23],[-5,-8],[-7,-6],[4,-6],[19,-1],[-10,-5],[-15,-2],[1,-9],[-2,-10],[-8,0],[4,-7],[-3,-12],[-36,-20],[-35,-26],[-10,-16],[-9,-4],[-7,-10],[4,-4],[-1,-17],[-5,-9],[-4,-31],[-7,-4],[-10,1],[-8,10],[-8,1],[-8,-1],[-11,25],[-7,8],[-1,10],[2,17],[-2,11],[-16,-3],[-19,-16],[-44,-16],[-3,12],[-3,7],[0,10],[-9,-8],[-16,-9],[-10,-16],[-43,-12],[-27,-12],[-6,-8],[-7,-1],[-10,-19],[-7,-4],[-9,4],[-21,-9],[-11,7],[-17,-2],[-8,-3],[0,-6],[-67,-44],[-5,7],[-23,-8],[-19,-14],[-13,-4],[-14,0],[-19,33],[0,13],[-6,10],[-18,4],[-11,5],[-3,13],[-30,29],[-8,-4],[-6,-7],[-9,-7],[-7,13],[-8,-6],[-1,-19],[-7,-11],[-24,-16]],[[4214,6388],[-14,-1]],[[3176,6975],[9,0],[15,-1],[12,3],[51,44],[25,24],[43,35],[25,30],[22,33],[35,93],[6,5],[14,1],[18,3],[9,2],[9,0],[13,-1],[19,-15],[22,-17],[29,-23],[19,-19],[10,-26],[15,-19],[5,-9],[9,-10],[11,-13],[14,-7],[14,-5],[22,-6],[19,-3],[26,-7],[15,2],[9,5],[16,17],[9,3],[9,11],[11,-3],[13,20],[2,35],[5,14],[10,17],[19,-9],[6,-2],[9,3],[29,0],[23,5],[10,-2],[13,1],[28,-4],[23,16],[71,39],[11,-9],[6,-3],[4,-6],[14,-7],[8,4],[13,4],[17,7],[5,3],[-1,38],[27,11],[42,13],[10,6],[18,-8]]],"transform":{"scale":[0.0006321952659241265,0.00038397471132566594],"translate":[89.69972452896208,24.132668700171237]}}