{"type":"Topology","objects":{"type":"GeometryCollection","crs":{"type":"name","properties":{"name":"urn:ogc:def:crs:EPSG::37001"}},"geometries":[{"type":"Polygon","properties":{"ID_0":15,"ISO":"AUT","NAME_0":"Austria","ID_1":1,"NAME_1":"Burgenland","NL_NAME_1":null,"iso_a2":"AT_1","TYPE_1":"Bundesländ|Länd","ENGTYPE_1":"State"},"arcs":[[0,1,2]]},{"type":"Polygon","properties":{"ID_0":15,"ISO":"AUT","NAME_0":"Austria","ID_1":2,"NAME_1":"Kärnten","NL_NAME_1":null,"iso_a2":"AT_2","TYPE_1":"Bundesländ|Länd","ENGTYPE_1":"State"},"arcs":[[3,4,5,6]]},{"type":"Polygon","properties":{"ID_0":15,"ISO":"AUT","NAME_0":"Austria","ID_1":3,"NAME_1":"Niederösterreich","NL_NAME_1":null,"iso_a2":"AT_3","TYPE_1":"Bundesländ|Länd","ENGTYPE_1":"State"},"arcs":[[-2,7,8,9],[10]]},{"type":"Polygon","properties":{"ID_0":15,"ISO":"AUT","NAME_0":"Austria","ID_1":4,"NAME_1":"Oberösterreich","NL_NAME_1":null,"iso_a2":"AT_4","TYPE_1":"Bundesländ|Länd","ENGTYPE_1":"State"},"arcs":[[-9,11,12,13]]},{"type":"Polygon","properties":{"ID_0":15,"ISO":"AUT","NAME_0":"Austria","ID_1":5,"NAME_1":"Salzburg","NL_NAME_1":null,"iso_a2":"AT_5","TYPE_1":"Bundesländ|Länd","ENGTYPE_1":"State"},"arcs":[[14,-7,15,16,17,18,-13]]},{"type":"Polygon","properties":{"ID_0":15,"ISO":"AUT","NAME_0":"Austria","ID_1":6,"NAME_1":"Steiermark","NL_NAME_1":null,"iso_a2":"AT_6","TYPE_1":"Bundesländ|Länd","ENGTYPE_1":"State"},"arcs":[[-1,19,-4,-15,-12,-8]]},{"type":"MultiPolygon","properties":{"ID_0":15,"ISO":"AUT","NAME_0":"Austria","ID_1":7,"NAME_1":"Tirol","NL_NAME_1":null,"iso_a2":"AT_7","TYPE_1":"Bundesländ|Länd","ENGTYPE_1":"State"},"arcs":[[[-6,20,-16]],[[-18,21,22,23]]]},{"type":"Polygon","properties":{"ID_0":15,"ISO":"AUT","NAME_0":"Austria","ID_1":8,"NAME_1":"Vorarlberg","NL_NAME_1":null,"iso_a2":"AT_8","TYPE_1":"Bundesländ|Länd","ENGTYPE_1":"State"},"arcs":[[-23,24]]},{"type":"Polygon","properties":{"ID_0":15,"ISO":"AUT","NAME_0":"Austria","ID_1":9,"NAME_1":"Wien","NL_NAME_1":null,"iso_a2":"AT_9","TYPE_1":"Bundesländ|Länd","ENGTYPE_1":"State"},"arcs":[[-11]]}]},"arcs":[[[8472,1739],[1,3],[2,3],[4,9],[5,20],[1,6],[-3,4],[-1,2],[-1,2],[-1,3],[0,4],[1,4],[2,3],[5,19],[2,6],[0,2],[2,14],[-1,21],[-1,6],[0,2],[0,1],[0,1],[0,7],[0,5],[1,16],[2,7],[1,5],[2,9],[1,6],[2,0],[3,-1],[6,11],[1,3],[1,2],[3,5],[2,4],[5,7],[4,0],[1,1],[1,20],[0,5],[0,8],[0,3],[2,5],[3,6],[2,1],[1,4],[3,1],[1,6],[1,5],[3,0],[1,-5],[2,-2],[2,1],[2,6],[4,1],[3,2],[2,5],[1,2],[1,5],[0,5],[-1,8],[0,9],[2,18],[1,1],[3,11],[4,14],[0,11],[2,2],[4,3],[2,-2],[1,-2],[1,-2],[1,-2],[3,2],[5,2],[11,1],[2,-1],[3,-2],[-1,8],[2,18],[1,5],[-1,5],[-2,8],[1,23],[0,5],[1,4],[1,5],[6,20],[6,12],[2,2],[3,7],[1,12],[-2,11],[8,23],[4,3],[2,4],[4,23],[2,16],[5,18],[2,3],[11,-6],[13,-8],[2,-2],[1,0],[0,-2],[2,0],[3,-4],[2,0],[1,9],[0,2],[-8,11],[0,13],[0,2],[-2,2],[-1,-2],[-2,-4],[-1,-5],[-2,0],[-6,28],[1,9],[0,1],[1,4],[0,2],[-2,2],[-1,2],[-2,2],[-4,0],[-2,0],[-2,4],[3,10],[0,4],[-4,4],[-2,4],[-3,2],[-3,16],[1,4],[0,9],[0,3],[-4,4],[-5,1],[-3,11],[0,3],[0,4],[-1,9],[3,13],[1,0],[2,3],[1,2],[2,10],[0,8],[-5,13],[-2,5],[-2,1],[-2,-2],[-1,-2],[-3,9],[-1,10],[-1,7],[-2,11],[-2,9],[-6,-7],[-3,-3],[-2,3],[1,4],[1,4],[-2,2],[-1,3],[-4,19],[1,1],[0,4],[-2,7],[-2,4],[-1,2],[-2,0],[-1,2],[-1,4],[1,16],[1,5],[3,13],[0,5],[-3,4],[-2,9],[1,2],[3,5],[2,3],[1,4],[1,3],[2,8],[-1,3],[-4,11],[2,27],[0,4],[2,2],[4,14],[-3,9],[11,-2],[7,28],[0,13],[1,9],[1,9],[1,5],[2,5],[2,4],[3,5],[-1,5],[0,2],[0,24],[1,16],[-1,20],[-1,5],[-1,2],[-1,2],[-1,16],[0,2],[3,16],[-4,17],[-1,3],[0,2],[0,4],[-1,29],[-2,9],[-2,7],[-4,13],[0,7],[0,2],[-6,25],[-3,13],[-2,9],[-2,0],[-1,0],[1,4],[-1,4],[-1,5],[0,9],[0,9],[0,9],[-2,0],[-2,0],[-2,4],[-2,2],[0,27],[-2,32],[0,9],[3,4],[0,3],[0,2],[-2,2],[1,4],[1,1],[-2,8],[1,7],[2,11],[0,5],[1,2],[0,7],[-1,13],[-2,5],[-2,18],[-3,26],[2,7],[0,2],[0,5],[-6,31],[-2,-4],[-2,4],[0,6],[2,5],[-3,7],[-7,17],[-2,7],[-1,2],[-1,16],[1,2],[1,4],[0,1],[0,4],[-2,14],[-5,2],[-2,1],[0,3],[2,22],[-1,12],[-2,18],[1,9],[0,8],[0,3],[-2,4],[-2,-2],[-1,-2],[-1,0],[-5,8],[0,3],[0,7],[-3,26],[2,20],[-4,12],[-6,13],[-5,18],[-5,16],[-1,17],[1,7],[1,3],[-5,1],[-4,3],[-1,4],[-7,18],[-5,9],[-3,7],[1,6],[6,3],[1,0],[3,2],[3,3],[4,2],[2,2],[1,0],[1,1],[2,2],[0,5],[0,2],[-1,6],[-1,1],[-1,4],[-1,4],[-1,5],[4,4],[13,10],[20,6],[2,-1],[1,1],[2,0],[1,0],[1,2],[2,7],[1,4],[-1,9],[-1,0],[0,2],[0,3],[1,11],[3,10],[6,25],[7,5],[5,7],[4,9],[2,-5],[2,-2],[3,0],[0,2],[6,3],[2,2],[1,-4],[0,-3],[0,-2],[-2,-2],[-2,0],[-3,-1],[-3,-2],[-1,-2],[-1,-5],[1,-4],[-1,-12],[-5,-6],[-1,-3],[2,-4],[2,-3],[9,-19],[2,2],[3,3],[12,13],[2,1],[0,8],[-2,18],[-3,9],[-2,5],[-2,6],[0,5],[0,12],[1,8],[1,5],[5,-2],[10,-4],[5,4],[2,-2],[2,-2],[4,0],[3,0],[2,-1],[4,2],[11,9],[2,3],[3,6],[2,-4],[2,0],[3,5],[2,4],[2,1],[4,4],[9,1],[2,0],[3,0],[2,0],[3,2],[5,5]],[[8709,3966],[3,2],[3,1],[3,4],[2,0],[3,-4],[4,2],[2,0],[4,-2],[3,-2],[9,1],[3,2],[7,7],[1,0],[6,1],[3,0],[11,9],[3,3],[6,9],[1,5],[1,4],[1,1],[14,16],[0,2],[1,9],[0,7],[1,2],[2,1],[4,4],[3,5],[3,7],[1,5],[1,6],[2,3],[2,4],[5,5],[4,0],[1,1],[2,2],[2,5],[3,6],[2,1],[4,0],[7,-4],[2,0],[0,2],[3,8],[4,11],[5,11],[3,5],[4,1],[4,4],[2,1],[3,2],[2,7],[2,18],[0,4],[-5,6],[-6,6],[11,10],[4,-1],[3,0],[5,11],[1,9],[1,1],[-1,2],[-2,4],[-2,6],[1,5],[8,12],[1,4],[1,2],[10,13],[8,27],[-1,2],[0,5],[4,18],[1,8],[1,1],[2,6],[-1,11],[0,7],[0,8],[-1,5],[-2,8],[-1,2],[-2,3],[-3,1],[-1,0],[-5,20],[-1,6],[-1,0],[-4,15],[-1,1],[-5,7],[0,1],[-3,3],[-3,2],[-2,4],[-1,2],[-3,8],[1,2],[2,22],[3,14],[1,23],[-2,11],[2,0],[3,5],[3,9],[1,2],[10,32],[4,14],[0,2],[1,23],[0,5],[-1,3],[1,9],[-1,2],[-2,9],[0,7],[1,3],[1,2],[1,2],[1,1],[3,6],[2,2],[4,3],[1,0],[1,0],[2,0],[2,1],[1,0],[1,0],[3,5],[0,2],[2,4],[6,14],[0,1],[0,2],[0,4],[-3,10],[-2,1],[-3,6],[11,16],[1,3],[7,2],[7,2],[2,-1],[0,3],[2,4],[1,2],[0,2],[1,5],[0,1],[0,7],[0,4],[-3,8],[-2,9],[0,7],[0,1],[1,2],[1,2],[1,3],[1,2],[0,4],[2,5],[0,7],[0,3],[-1,5],[0,2],[-2,5],[-1,4],[0,1],[-2,4],[-1,0],[-2,5],[-3,9],[-1,2],[-3,14],[0,2],[0,1],[0,4],[1,3],[0,2],[-1,2],[0,3],[-2,11],[-3,9],[-1,7],[-1,2],[-2,0],[-1,4],[-1,1],[3,18],[1,5],[1,2],[1,4],[1,1],[-7,4],[-1,0],[-17,-3],[-6,-3],[-4,3],[-2,6],[-5,5],[-1,2],[-4,6],[-1,0],[-2,1],[-4,2],[-5,2],[-3,0],[1,8],[0,1],[1,5],[0,2],[2,6],[-1,5],[-1,4],[-1,0],[-1,2],[-3,2],[-1,3],[-3,13],[0,14],[0,9],[-3,13],[-2,5],[-2,6],[-3,9],[-3,7],[0,5],[-1,31],[0,7],[1,27],[1,4],[1,1],[1,2],[1,4],[2,3],[0,2],[0,4],[-1,3],[-1,4],[0,4],[0,5],[2,2],[2,1],[1,4],[1,4],[0,1],[0,4],[-1,1],[-1,10],[-1,7],[1,4],[1,2],[1,7],[1,3],[-2,9],[-2,2],[-1,4],[-1,18],[1,13],[4,18],[1,5],[4,22],[1,7],[-1,4],[-2,4],[-2,2],[-11,8],[-5,0],[-5,4],[-2,4],[-1,2],[-1,2],[-4,2],[-4,2],[-1,-7],[-5,-2],[-3,0],[0,21],[4,18],[5,26],[2,11],[5,4],[4,1],[1,0],[2,0],[4,-4],[4,-2],[10,-6],[6,0],[5,-3],[1,-2],[5,-6],[1,-2],[-4,-5],[-2,-2],[0,-35],[-2,-11],[1,-2],[8,-21],[2,-4],[3,6],[4,5],[4,7],[2,17],[3,12],[3,15],[1,2],[5,5],[6,4],[1,1],[1,-2],[1,-2],[4,4],[2,5],[3,8],[1,13],[0,1],[-1,12],[-1,3],[-1,4],[0,4],[1,4],[2,5],[2,4],[3,7],[5,5],[2,2],[1,2],[3,-1],[10,9],[5,5],[2,4],[-6,13],[9,25],[2,2],[1,2],[2,3],[3,6],[2,5],[1,6],[-2,5],[-3,10],[-3,2],[-7,14],[-4,4],[-3,4],[-3,4],[-7,14],[-5,8],[-12,21],[-2,2],[-1,8],[1,-2],[2,-2],[3,-2],[6,-1],[2,2],[1,6],[2,3],[1,4],[3,-1],[2,0],[3,0],[11,10],[6,11],[1,5],[1,10],[6,6],[1,4],[1,-4],[15,-18],[2,2],[12,19],[-1,5],[-4,6],[2,4],[5,11],[2,3],[1,8],[-3,2],[-2,2],[-3,4],[6,11],[2,-1],[1,-2],[5,2],[0,15],[3,10],[-1,6],[-1,6],[-1,2],[0,4],[3,11],[1,1],[1,4],[0,2],[-1,2],[0,7],[4,20],[1,2],[1,2],[2,1],[2,2],[1,4],[1,3],[1,8],[1,3],[3,7],[5,5],[12,23],[3,0],[1,-1],[2,2],[1,0],[2,3],[1,2],[10,13],[1,2],[1,-2],[1,-4],[2,-4],[13,-2],[2,2],[1,0],[1,1],[2,4],[0,1],[1,4],[5,5],[18,-7],[0,-2],[0,-2],[9,8],[7,3],[2,-1],[0,2],[0,4],[9,-13],[-1,-26],[9,-20],[-1,-4],[9,-26],[9,-11],[-1,-17],[0,-4],[9,-11],[0,-5],[8,-17],[0,-13],[0,-4],[0,-7],[9,-1],[-1,-8],[9,-14],[0,-7],[-1,-21],[0,-5],[9,0],[0,2],[0,2],[1,6],[9,6],[0,13],[10,31],[0,4],[9,5],[1,7],[0,2],[9,19],[0,6],[1,2],[0,5],[9,12],[10,36],[10,-1],[0,6],[0,2],[0,7],[0,4],[0,7],[0,2],[1,6],[0,3],[0,15],[0,4],[1,13],[0,5],[0,2],[9,1],[9,4],[0,2],[10,2],[0,2],[0,4],[0,7],[1,11],[0,7],[0,4],[10,12],[0,-2],[8,-11],[1,7],[9,1],[9,-4],[0,2],[9,4],[10,9],[0,6],[0,3],[10,24],[0,2],[1,2],[0,13],[-9,9],[0,1],[1,6],[0,5],[0,13],[0,4],[1,5],[9,0],[-9,14],[0,6],[1,13],[0,5],[0,5],[1,9],[0,10],[0,3],[0,6],[1,16],[0,5],[9,-7],[0,4],[0,5],[10,-1],[9,-6],[-1,-5],[19,-1],[9,12],[1,3],[9,1],[0,-3],[0,-2],[-1,-2],[3,-2],[6,-5],[0,2],[10,11],[10,16],[0,2],[10,2],[9,2],[0,-2],[10,5],[0,2],[10,6],[0,1],[0,4],[0,5],[0,4],[0,2],[10,-4],[9,-2],[10,2],[10,-4],[7,5],[3,3],[0,5],[0,2],[1,18],[0,2],[-4,2],[-6,5],[0,2],[0,7],[0,2],[10,6],[0,3],[11,2],[0,7],[0,9],[0,2],[1,13],[0,2],[0,1],[0,6],[10,1],[11,-11],[0,6],[0,9],[1,11],[0,9],[11,15],[11,3],[0,3],[11,-1],[0,-5],[11,4],[0,9],[0,5],[11,-3],[11,-14],[11,-11],[12,-7],[-1,-5],[11,-13],[0,-5],[-11,-12],[0,-9],[0,-2],[10,-19],[0,-4],[11,-11],[22,-11],[10,2],[0,-2],[9,-7],[0,-5],[11,-12],[0,-1],[0,-2],[9,-3],[0,-4],[0,-7],[9,-12],[-9,-1],[0,-17],[0,-12],[0,-2],[0,-6],[9,-8],[8,9],[0,8],[0,14],[6,31],[0,11],[0,12],[0,3],[-1,14],[6,16],[-1,13],[5,28],[0,12],[0,15],[5,18],[0,10],[0,1],[-6,12],[0,6],[-11,10],[0,6],[-6,6],[0,4],[-6,3],[0,9],[-7,7],[-9,5],[0,1],[0,8],[0,9],[9,8],[0,2],[6,4],[0,5],[0,10],[0,9],[0,6],[6,-1],[6,-1],[6,-23],[0,-8],[5,17],[0,1],[7,8],[8,-5],[-1,-15],[0,-5],[-8,-10],[0,-4],[-5,-4],[0,-4],[-6,-5],[0,-6],[6,-2],[0,-4],[13,-3],[8,-9],[8,-2],[0,35],[1,15],[0,7],[0,11],[8,5],[9,15],[8,7],[0,6],[0,5],[0,4],[0,5],[9,18],[12,26]],[[9890,6596],[2,-7],[-8,-14],[-3,-4],[6,-15],[12,-26],[9,-21],[-4,-6],[-7,-10],[-11,-26],[-3,-14],[1,-3],[2,-8],[-2,-3],[-5,-8],[5,-6],[19,-19],[-9,-14],[-4,-6],[-11,-21],[7,-5],[7,-5],[9,-6],[2,-20],[-12,-19],[-2,-2],[-10,-23],[-3,-7],[12,-15],[22,-29],[10,22],[10,16],[2,0],[7,0],[12,-28],[3,-6],[3,4],[9,10],[7,-16],[6,-7],[6,-18],[13,-27],[-9,-13],[-12,-17],[-17,-28],[-22,-30],[-29,-51],[23,-26],[7,-8],[-5,-19],[-9,-26],[-20,-55],[17,-24],[9,-14],[-11,-40],[-11,-41],[3,-8],[7,-18],[-24,-76],[-9,6],[-27,-21],[-18,-18],[-29,-1],[10,-54],[1,-5],[20,-34],[10,-17],[-4,-14],[-1,-4],[3,-3],[6,-6],[-3,-5],[-3,-6],[7,-10],[5,-7],[8,-25],[11,-28],[-15,-36],[19,-51],[-14,-35],[4,-73],[0,-76],[0,-46],[15,-44],[7,-18],[-67,-15],[-44,-22],[-77,-38],[-77,-12],[-1,6],[-17,5],[0,110],[-4,3],[-19,-48],[-15,-14],[-15,-81],[-107,2],[-2,6],[-4,21],[-27,123],[0,52],[-10,2],[-4,1],[-62,14],[-14,1],[-11,22],[-6,6],[-2,21],[-8,22],[-17,-13],[-14,20],[-22,-39],[-10,11],[-17,-10],[-14,0],[-17,0],[-3,-7],[2,-24],[-9,-5],[-4,-9],[-2,-5],[12,-34],[7,-22],[-7,-20],[-3,-23],[-18,-8],[-13,4],[-6,-20],[-6,-8],[-17,-7],[-3,-6],[-11,-15],[-2,-10],[-3,-11],[-8,-4],[-3,-29],[-19,2],[-2,8],[-6,41],[-7,-2],[-9,-63],[0,-2],[2,-17],[-19,-17],[-11,-19],[0,-1],[8,-8],[12,-12],[12,-5],[24,-22],[25,-6],[8,-31],[5,-4],[20,-13],[2,7],[9,26],[7,2],[8,-21],[26,-27],[25,-36],[18,-22],[3,-4],[17,5],[30,18],[1,1],[7,14],[9,6],[29,-21],[9,-55],[14,-9],[-5,-31],[7,-25],[4,-51],[-5,-15],[-10,-20],[7,-17],[3,-13],[13,3],[9,-2],[11,-53],[11,-5],[2,-16],[5,3],[6,-14],[-14,-18],[2,-42],[-14,-23],[-2,-18],[-29,-30],[-9,15],[-9,-4],[-2,-19],[-8,-3],[17,-66],[6,-13],[-7,-61],[-1,-34],[-13,-13],[-3,-4],[-9,-13],[-4,-8],[-4,1],[-3,1],[-1,-2],[-6,-9],[-2,-4],[-2,-15],[-6,-29],[-13,5],[-17,-26],[-22,-23],[1,-16],[-5,-7],[-4,-22],[-21,2],[-1,0],[-9,-4],[-4,-2],[-2,2],[-10,16],[-16,-5],[-9,8],[-5,-15],[-1,-3],[-3,0],[-7,-1],[1,-5],[4,-21],[-19,-36],[-5,7],[4,20],[-9,-7],[1,11],[0,4],[-6,1],[2,25],[-4,9],[-21,7],[-5,1],[-6,2],[-16,-5],[-3,-29],[4,-33],[9,-25],[-2,-37],[5,-24],[-8,-44],[-15,-16],[4,-22],[6,-31],[18,-10],[9,-38],[3,-25],[-1,-18],[20,-96],[6,-31],[-9,-11],[-1,-4],[-6,-17],[0,-1],[3,-50],[-12,-32],[-11,6],[-16,-6],[-7,-6],[-15,6],[-2,-11],[9,-8],[3,-2],[4,-26],[-7,-43],[1,-36],[-4,-22],[0,-15],[-6,1],[-6,-14],[-3,11],[-4,11],[-6,-21],[3,-14],[1,-4],[3,-11],[-6,-7],[16,-48],[28,14],[7,-36],[9,-12],[2,-34],[-6,-22],[-9,-9],[-4,-24],[2,-28],[10,-8],[22,11],[15,19],[12,-4],[23,5],[15,-45],[2,-11],[1,-12],[2,-21],[-10,-5],[-9,-5],[-19,-3],[-1,-44],[0,-6],[-2,-1],[-18,-3],[-1,-27],[-8,5],[-5,12],[-2,-5],[0,-15],[-13,-11],[7,-31],[6,-12],[0,-1],[5,-9],[-4,-9],[-2,-5],[2,-20],[9,0],[2,0],[2,-7],[2,-9],[21,-6],[16,-16],[9,-9],[0,-22],[-4,-1],[-4,0],[-10,-20],[-39,-11],[-20,-19],[-18,-10],[-6,-12],[3,-10],[-6,-10],[6,-20],[22,12],[3,2],[18,-13],[-2,-11],[0,-3],[10,-5],[5,-20],[13,-21],[13,-8],[-3,-8],[10,-11],[0,-4],[-2,-10],[-2,2],[-6,4],[-4,-9],[-2,-4],[-6,-3],[-5,0],[-7,4],[-6,-12],[-7,-3],[-5,6],[-6,7],[-1,0],[-5,-3],[-3,-1],[0,1],[-3,5],[-13,15],[-4,-15],[-1,-6],[-3,-14],[-6,2],[-7,2],[-8,1],[-7,1],[-4,8],[2,4],[-6,17],[-4,10],[-25,-11],[-2,0],[-25,-8],[-6,16],[-3,12],[-8,-6],[-10,8],[-11,-26],[-2,-4],[-12,3],[-14,14],[-14,-23],[-12,-3],[-18,-5],[-13,-3],[-4,-24],[-5,-13],[0,-22],[2,-29],[-1,-22],[0,-7],[-6,-12],[-7,1],[0,1],[-3,7],[-11,-1],[-13,-20],[-1,-14],[4,-20],[-5,-12],[-10,-3],[-5,-15],[-5,-15],[-7,3],[-2,-5],[-3,0],[-3,0],[1,14],[-4,-1],[-7,2],[-4,-6],[-8,3],[-5,-7],[-3,-14],[-3,-21],[-6,-18],[-6,-25],[-5,-19],[-3,-22],[-10,-9],[-10,1],[-5,-21],[-9,-25],[-6,-22],[-10,-8],[-5,-29],[-6,-9],[-12,-8],[-11,-8],[-6,-10],[-6,-15],[-6,-7],[-6,8],[-6,-10],[-12,-31],[-9,-4],[-7,-4],[-7,-8],[1,-12],[-1,-10],[-6,3],[-2,-6],[1,-12],[-5,2],[-2,0],[-7,-3],[-7,11],[-4,-11],[-4,-10],[-6,-8],[1,13],[-7,11],[-12,-7],[-4,-9],[-9,-7],[-5,-12],[-3,4],[-3,1]],[[5541,2134],[-2,-16],[1,-3],[1,-6],[1,0],[3,0],[6,-5],[2,-2],[1,-5],[1,-4],[6,-13],[3,0],[1,0],[2,-2],[6,-10],[2,-4],[6,-23],[2,-4],[1,0],[2,0],[4,-3],[2,-4],[5,-7],[8,-1],[2,2],[10,-2],[0,-2],[0,-5],[2,-5],[2,-2],[2,-4],[1,-2],[3,2],[0,5],[1,6],[8,19],[8,3],[20,-1],[4,-2],[2,10],[1,6],[6,10],[3,2],[3,1],[3,5],[2,6],[1,8],[2,9],[4,0],[1,-2],[8,0],[3,3],[1,4],[1,3],[7,14],[18,18],[3,2],[1,0],[1,-2],[1,-3],[2,-4],[2,-3],[3,-4],[6,-2],[3,3],[3,11],[1,23],[0,1],[-1,16],[-2,11],[7,-8],[1,2],[9,19],[2,2],[1,3],[4,0],[4,7],[3,3],[4,5],[3,2],[1,-2],[2,0],[9,0],[2,0],[5,5],[10,12],[1,3],[1,2],[-1,12],[7,23],[1,2],[5,6],[8,11],[-1,7],[-1,3],[-1,4],[0,3],[2,2],[0,16],[-1,7],[0,1],[0,4],[-1,12],[14,7],[10,0],[2,-2],[2,-4],[9,-2],[8,0],[2,0],[1,2],[5,8],[2,2],[4,2],[4,1],[2,2],[5,5],[6,8],[1,7],[1,6],[6,19],[2,3],[3,6],[1,3],[8,14],[2,3],[11,19],[7,16],[11,10],[10,-2],[5,7],[4,10],[-2,6],[-1,5],[0,24],[1,6],[1,5],[1,2],[3,8],[4,6],[2,0],[5,-8],[5,-2],[4,0],[3,-2],[2,-3],[3,-2],[3,-5],[3,-6],[10,-9],[1,0],[5,5],[8,14],[1,4],[1,7],[1,5],[4,7],[2,3],[4,0],[3,4],[2,3],[1,2],[3,5],[11,17],[8,14],[2,-14],[0,-5],[1,-6],[6,-14],[5,-12],[4,-6],[7,-42],[1,-9],[0,-5],[-1,-2],[0,-4],[0,-10],[0,-12],[2,-11],[1,-4],[2,-5],[8,-18],[3,-12],[1,5],[0,4],[3,-1],[2,0],[5,9],[1,5],[4,7],[3,4],[1,1],[5,-5],[2,-5],[1,-6],[6,-10],[7,-6],[0,4],[4,7],[2,1],[2,0],[13,-4],[8,-5],[1,-4],[3,0],[10,5],[4,3],[3,4],[9,1],[5,-1],[3,-2],[4,-2],[5,5],[7,2],[3,-2],[3,-7],[2,-8],[1,0],[2,-1],[2,-2],[2,-2],[2,0],[1,3],[1,2],[3,4],[1,-1],[13,-3],[5,-2],[2,1],[1,0],[2,0],[1,0],[2,-2],[6,-7],[1,-2],[0,-7],[2,-5],[5,-5],[1,0],[1,-1],[1,0],[3,-3],[3,-6],[1,-3],[-1,-4],[-3,-10],[-2,-12],[1,-2],[0,-13],[-2,-14],[-1,-5],[-1,-12],[1,-11],[7,-30],[1,-2],[4,-11],[2,0],[7,0],[2,0],[2,2],[5,14],[0,3],[2,7],[5,9],[2,2],[3,1],[2,-1],[2,1],[1,0],[10,10],[11,11],[3,3],[0,13],[4,-11],[4,-2],[3,0],[2,0],[2,0],[4,0],[2,0],[3,-1],[1,-7],[2,2],[8,5],[2,5],[1,4],[0,3],[1,11],[1,14],[-2,7],[-1,2],[1,14],[12,-5],[4,-2],[1,-4],[0,-7],[1,2],[2,3],[0,4],[2,9],[0,3],[-1,2],[1,7],[1,9],[3,3],[9,9],[13,12],[8,5],[3,0],[0,-11],[0,-14],[1,-2],[1,-3],[3,-6],[3,-3],[2,-2],[2,0],[3,-2],[1,-2],[1,-3],[0,-4],[0,-7],[11,-4],[2,2],[3,1],[1,0],[5,6],[10,3],[6,1],[15,0],[5,0],[4,0],[12,-2],[11,-1],[3,0],[4,2],[7,-32],[1,-4],[1,-5],[11,-2],[8,-4],[12,-6],[0,6],[1,9],[10,38],[1,2],[3,3],[10,4],[9,-1],[3,-1],[3,0],[4,1],[4,2],[12,8],[4,2],[26,3],[8,1],[9,-5],[1,-2],[4,2],[3,3],[2,6],[7,1],[4,0],[16,0],[4,3],[0,4],[1,1],[3,7],[1,2],[1,2],[11,12],[12,14],[16,14],[4,5],[6,7],[4,2],[2,1],[2,0],[5,-5],[4,-2],[12,0],[9,-1],[14,5],[11,9],[3,5],[1,6],[8,15],[3,0],[5,6],[1,0],[2,-1],[13,-3],[1,-2],[0,-4],[-2,-5],[-1,-11],[-1,-10],[0,-6],[1,-5],[8,-14],[0,-1],[3,-7],[3,-7],[6,-10],[6,-4],[3,-2],[6,-4],[2,-2],[6,-3],[1,-2],[2,-5],[2,-4],[1,-4],[2,-3],[2,-2],[2,-5],[2,-9],[2,-7],[2,-8],[1,-1],[2,0],[3,-2],[7,-13],[4,-5],[3,-6],[7,-6],[1,-1],[6,-4],[4,-1],[3,-2],[6,-4],[3,-2],[3,-2],[3,-3],[2,-2],[5,-2],[5,-2],[4,-2],[4,-2],[3,2],[2,2],[3,0],[10,-13],[3,-5],[8,-18],[1,-4],[5,-28],[2,-9],[5,-18],[4,-11],[1,-5],[0,-7],[0,-9],[0,-4],[9,-16],[0,-4],[2,-10],[1,-4],[2,-11],[1,-10],[2,-16],[3,-9],[1,-2],[2,-5],[2,-6],[3,-5],[2,0],[6,-4],[0,-2],[14,-27],[4,-9],[1,-5],[-1,-7],[1,-4],[9,-21],[1,-8],[-1,-5],[0,-3],[-3,-7],[-1,-4],[0,-5],[-2,-16],[-6,-43],[-2,-10],[-2,-6],[0,-2],[-7,-5],[-1,0],[0,-14],[0,-7],[2,-5],[1,-4],[0,-4],[-1,-12],[-2,-18],[0,-10],[1,-15],[1,-5],[3,-7],[3,-9],[2,-6],[4,-10],[1,-4],[1,-2],[-3,-9],[-3,-12],[-1,-11],[-2,-12],[-2,0],[-8,-3],[-3,-2],[-10,-14],[-2,-5],[-4,-14],[-3,-32],[-1,-16],[-5,-5],[-3,-9],[-1,-16],[-1,-13],[-1,-12],[1,-9],[0,-11],[-4,-17],[5,-7],[3,-4],[4,-2],[10,0],[5,-2],[1,-4],[0,-5],[4,-2],[16,-10],[14,-9],[6,-2],[2,-9],[2,-3],[1,-6],[0,-7],[-2,-7],[-2,-5],[0,-7],[0,-2],[1,-7],[0,-9],[2,-2],[3,-6],[2,-12],[0,-4],[-2,-10],[0,-4],[2,-9],[2,-7],[6,-18],[2,0],[3,-4],[3,-7],[-3,-3],[-3,0],[-1,-2],[-4,-14],[2,-5],[2,-6],[3,-2],[3,-5],[1,-7],[-3,-2],[3,-14],[2,-8],[0,-1],[-5,-11],[-3,-2],[-1,-3],[-5,-16],[0,-5],[1,-6],[0,-14],[-1,-19],[-3,-61],[-1,-1],[-3,-2],[-4,-5],[-3,-9],[0,-9],[4,-7],[12,-11],[2,-2],[2,1],[7,2],[2,2],[1,3],[2,4],[6,5],[-1,-7],[0,-6],[1,-3],[5,-18],[4,-4],[2,0],[5,-2],[2,-3]],[[7247,1060],[-12,-9],[-6,8],[-18,-11],[-8,-19],[-10,-6],[-9,-20],[-9,-30],[-13,-27],[-6,-30],[-8,-35],[-9,-17],[-3,10],[-3,19],[-2,24],[-1,32],[-9,17],[-15,11],[-8,-7],[-2,-2],[-22,-43],[-13,7],[-2,-37],[3,-28],[0,-1],[1,-2],[-11,12],[-15,2],[-6,27],[-10,0],[-10,-11],[-5,-3],[-10,-6],[-4,-17],[-5,-26],[-12,-16],[-4,-38],[-8,-9],[-7,-15],[-9,-42],[1,-21],[0,-21],[-4,-24],[-9,-1],[0,-12],[0,-5],[8,-5],[-4,-16],[-3,-4],[0,-13],[-6,-13],[-3,-35],[0,-30],[0,-5],[-26,-16],[-5,-13],[-11,-11],[-15,4],[-8,12],[-18,-1],[-6,-20],[-8,24],[-8,-5],[-3,-17],[-4,-30],[-5,-3],[-9,40],[-5,-1],[-10,-65],[-8,-11],[-6,-19],[3,-30],[-7,-15],[-19,11],[-7,-12],[3,-20],[-4,-16],[-1,-1],[-13,-10],[-8,-32],[-17,5],[-36,-19],[-10,6],[-22,-21],[-2,-12],[-8,-12],[-3,-22],[-3,-23],[13,-24],[-4,-40],[-6,-43],[-10,-17],[7,-30],[-16,0],[-15,-8],[-4,37],[-2,27],[-7,22],[-9,29],[-2,29],[-22,26],[4,22],[-7,10],[-10,-1],[-10,-11],[-7,-11],[-6,-18],[-6,-12],[-4,6],[-15,-2],[0,19],[-18,11],[-14,-1],[-12,-3],[-1,8],[-1,1],[-3,18],[-12,16],[0,9],[11,22],[-3,6],[-4,4],[-12,11],[-15,-5],[-18,-8],[-22,-16],[-16,3],[-25,-8],[-24,-10],[-7,-22],[-15,13],[-12,-2],[-9,30],[-15,1],[-12,14],[-18,-17],[-18,-7],[-8,-10],[-12,-6],[-7,8],[-2,2],[-11,20],[-13,4],[-1,-9],[-18,1],[-8,12],[-8,-16],[-21,-17],[-20,9],[0,21],[0,2],[-18,18],[-4,12],[2,25],[-11,16],[-7,30],[-7,31],[-10,3],[-11,9],[-4,4],[-12,16],[-17,-4],[-24,15],[-27,18],[-14,-19],[-11,-11],[-11,-24],[-4,6],[0,2],[-14,20],[-4,0],[-9,14],[-10,19],[-20,8],[-12,34],[-9,8],[-13,8],[-16,16],[-14,17],[-13,1],[-12,-2],[-17,11],[-27,-23],[-9,-2],[-13,2],[-17,9],[-6,-10],[-8,-15],[-13,-20],[-12,1],[-12,0],[-7,7],[-9,17],[-6,22],[-15,-13],[-8,2],[-15,6],[-13,0],[-12,8],[-9,13],[-13,-2],[0,-2],[-1,0],[-2,1],[-6,-3],[-10,3],[-16,-1],[-8,1],[-5,0],[-15,14],[-4,5],[-11,14],[-1,2],[-12,15],[-12,15],[-12,9],[-12,4],[-14,12],[-17,1],[0,-2],[-3,-8],[-8,-15],[-10,-4],[-5,11],[-4,10],[-1,2],[-1,6],[-6,17],[-1,3],[-5,2],[-1,1],[-5,0],[-1,1],[-11,4],[-2,-2],[-1,-2],[-3,0],[-37,2],[-4,12],[-2,8],[-1,4],[-1,10],[0,1],[-1,14],[-12,-2],[-4,0],[-13,-11],[-15,-15],[-9,3],[-12,3],[-7,-6],[-20,0],[-3,1],[-12,-1],[-21,25],[-39,45],[-9,0],[-2,0],[-2,-17],[-2,-16],[0,-2],[-5,0],[-27,-2],[-1,-2],[-3,-4],[-2,-5],[-13,-26],[-15,-16],[-8,2],[-8,8],[0,1],[-12,19],[-6,-7],[-1,-1],[-3,-4],[-6,1],[-3,4],[-2,3],[-8,9],[-6,-7],[-8,-8],[-2,-1],[-19,-8],[-3,-1],[-6,-2],[-9,11],[-3,10],[-3,8],[-6,11],[-2,4],[0,1],[-4,15],[-11,-3],[-1,0],[-9,3],[-1,0],[-38,47],[-5,10],[-4,8],[-7,2],[-2,1],[-9,-4],[-2,-1],[-10,0],[-9,9],[-2,2],[-4,1],[-14,4],[-13,10],[-10,-3],[-10,16],[-5,4],[-44,-8],[-16,-9],[-8,3],[-1,0],[-9,0],[-7,5],[-2,4],[-7,18],[-13,-8],[-2,-1],[-7,4],[-1,0],[-7,7],[-9,-11],[-1,-1],[-8,-1],[-7,4],[-5,2],[-6,5],[-4,3],[-2,1],[-1,1],[-2,0],[-10,4],[-28,11],[-1,1],[-3,1],[-1,0],[-1,0],[-53,-10],[-1,0],[-49,-10],[-21,18],[-1,6],[0,11],[-2,27],[-7,34],[-2,1],[-1,1],[-7,3],[-4,2],[-2,1],[-4,2],[-9,8],[-8,18],[-4,8],[-2,5],[-2,3],[0,1],[-1,0],[-7,3],[-6,3],[-13,4],[-21,5],[-3,1],[-4,-8],[-6,-16],[-3,-7],[-7,-14],[-2,-5],[-2,4],[-2,3],[-17,27],[-3,10],[-9,16],[-5,1],[-5,0],[-6,2],[-3,1],[-5,10],[-2,5],[-5,9],[-4,-1]],[[4132,1072],[0,5],[2,17],[0,13],[1,7],[-1,43],[-7,19],[1,15],[0,3],[1,4],[2,6],[2,0],[2,3],[2,4],[0,13],[0,7],[1,6],[0,7],[-2,13],[0,3],[0,4],[5,5],[10,3],[6,0],[2,-2],[5,-3],[5,-2],[1,-2],[3,0],[0,2],[-3,13],[-3,7],[-4,12],[-1,2],[-2,4],[-1,0],[-2,0],[0,5],[0,2],[1,16],[3,28],[2,14],[0,4],[-3,15],[0,3],[3,6],[6,13],[6,7],[2,2],[8,0],[3,-5],[6,-4],[2,4],[3,4],[8,15],[2,2],[2,1],[2,0],[2,2],[3,6],[2,2],[2,2],[2,0],[5,-4],[2,-2],[9,8],[11,4],[10,11],[1,0],[4,2],[4,-2],[7,6],[3,0],[3,0],[6,0],[1,-4],[2,-1],[2,-17],[0,-5],[0,-6],[9,8],[5,4],[2,1],[2,-1],[6,-11],[8,4],[4,2],[9,18],[3,5],[6,12],[2,5],[2,2],[2,2],[10,0],[12,6],[2,2],[3,5],[4,9],[5,11],[15,28],[1,-4],[7,-7],[5,-6],[2,-3],[2,-6],[2,-5],[6,-9],[2,-2],[4,-4],[11,-3],[4,5],[5,6],[3,3],[5,4],[1,2],[1,2],[1,12],[-1,6],[1,7],[8,18],[1,2],[2,0],[1,0],[1,0],[1,2],[2,2],[4,7],[2,3],[2,6],[1,3],[0,4],[-2,31],[-1,4],[-1,3],[-2,0],[-4,4],[-2,0],[-2,0],[-1,2],[-19,27],[-5,9],[-5,7],[-1,2],[-16,22],[-4,7],[-2,2],[-2,4],[-9,5],[-3,2],[-8,4],[-2,2],[-2,3],[-1,2],[-2,6],[-1,5],[-1,6],[-2,19],[-6,28],[0,2],[-9,5],[-2,0],[-3,2],[-3,3],[-5,13],[-8,13],[-14,16],[-2,4],[-4,3],[-5,2],[-1,2],[-4,5],[0,2],[1,5],[0,20],[1,6],[1,13],[-1,9],[0,5],[-1,6],[0,27],[0,16],[1,13],[-4,0],[-10,23],[-1,2],[0,5],[0,6],[1,4],[4,12],[2,6],[2,2],[0,5],[0,2],[0,3],[-1,6],[-5,5],[-4,4],[-3,3],[-3,2],[-2,2],[-3,-2],[0,9],[-1,7],[-5,-3],[-2,5],[-5,5],[-1,0],[-3,0],[-8,0],[-2,0],[-3,4],[0,1],[-3,4],[-4,5],[-2,2],[-5,11],[-6,8],[0,8],[1,5],[1,7],[0,2],[2,6],[-7,1],[-10,16],[-5,9],[-4,7],[-3,9],[-2,2],[0,5],[-2,5],[0,8],[-2,1],[-6,0],[-4,-2],[-8,14],[0,9],[0,11],[-1,7],[-2,3],[-2,6],[1,12],[-3,20],[-2,11],[-2,5],[-2,11],[-2,3],[-7,20],[-1,3],[2,17],[2,5],[2,4],[8,18],[0,13],[-3,3],[0,22],[5,2],[3,4],[5,13],[3,9],[7,13],[4,4],[1,16],[1,11],[1,7],[1,4],[5,2],[3,3],[3,4],[9,11],[-1,2],[-7,14],[-11,5],[-3,0],[-3,-4],[-2,-5],[-3,-4],[-9,-2],[-13,1],[-11,1],[-10,1],[-4,7],[-4,14],[-6,39],[-4,38],[-1,5],[-2,9],[-3,4],[-1,-1],[-4,2],[-7,14],[-7,17],[-5,18],[-3,10],[-4,4],[-3,-1],[-4,2],[-4,3],[-4,11],[-3,6],[-5,9]],[[4090,2768],[2,6],[4,5],[7,10],[3,2],[1,2],[2,4],[3,7],[0,4],[-2,3],[-2,7],[-1,2],[-3,10],[0,9],[0,11],[0,6],[3,-5],[3,-4],[3,0],[14,7],[5,4],[3,4],[2,0],[2,-2],[1,-3],[2,-3],[3,0],[10,-1],[8,15],[2,3],[1,8],[6,4],[4,2],[8,4],[6,0],[2,-14],[2,-14],[1,-17],[2,-28],[-2,-11],[-2,-17],[1,-3],[6,-12],[9,-4],[14,-2],[17,11],[3,2],[4,-5],[6,-14],[2,-7],[3,-8],[10,1],[5,2],[5,5],[3,4],[2,6],[3,5],[4,0],[3,0],[4,-5],[3,-4],[5,4],[1,6],[1,-9],[4,-7],[3,-6],[2,-2],[4,-1],[1,-7],[2,-8],[0,-7],[2,-7],[1,-4],[10,-1],[6,-2],[3,-1],[4,-1],[6,-1],[3,3],[4,11],[6,5],[6,-3],[4,-6],[2,2],[7,0],[3,-1],[2,-4],[5,-7],[11,-2],[13,0],[4,1],[7,0],[13,-9],[9,-11],[0,-2],[7,-41],[0,-22],[3,-6],[9,-7],[4,-6],[-1,-9],[-1,-5],[-1,-5],[5,-24],[10,-15],[8,-7],[3,1],[4,4],[4,0],[3,-2],[4,-11],[5,5],[8,7],[7,12],[3,6],[4,0],[15,-10],[4,-9],[0,-13],[-1,-7],[-1,-9],[0,-7],[4,-4],[4,-2],[13,-13],[4,-6],[6,-9],[4,6],[2,-1],[4,-5],[3,-7],[5,-6],[11,-11],[6,-6],[3,11],[3,13],[0,9],[1,5],[1,11],[6,1],[3,4],[5,0],[5,-6],[2,-3],[8,-2],[14,1],[5,0],[10,3],[3,0],[1,6],[0,1],[5,20],[3,4],[8,5],[3,-2],[3,0],[3,-2],[3,0],[9,1],[7,7],[3,4],[1,3],[2,5],[2,2],[4,4],[17,6],[2,0],[4,-2],[5,-2],[5,1],[6,2],[17,0],[4,2],[8,5],[1,2],[8,1],[13,4],[6,3],[2,4],[0,2],[-1,23],[-1,23],[-1,12],[-3,8],[-6,9],[2,11],[2,5],[6,22],[1,9],[2,9],[2,5],[3,0],[10,6],[10,10],[3,5],[8,3],[2,-1],[15,-5],[8,-13],[1,-3],[1,-6],[2,-5],[1,-2],[5,-4],[6,1],[1,2],[9,10],[10,11],[4,5],[6,5],[2,0],[11,0],[3,-2],[5,0],[6,5],[2,0],[5,3],[5,1],[14,-17],[6,-6],[2,0],[0,-7],[2,-21],[0,-7],[0,-4],[0,-5],[11,-24],[6,-9],[8,-9],[4,-2],[3,-1],[1,0],[10,21],[3,6],[11,14],[2,1],[2,-2],[3,-5],[3,-2],[3,-2],[6,-1],[4,2],[6,1],[13,1],[1,0],[13,-8],[10,-6],[7,-2],[1,-4],[6,-6],[18,-11],[12,-5],[13,-6],[3,-5],[2,-6],[4,-2],[4,-4],[3,0],[3,2],[3,-2],[17,-17],[5,-7],[4,-6],[26,-17],[3,-1],[15,12],[2,3],[1,-5],[3,-4],[6,3],[7,5],[3,2],[5,5],[1,3],[4,0],[5,-4],[6,-2],[9,-8],[6,-2],[1,-10],[4,-18],[2,-7],[1,-13],[2,-7],[5,-3],[6,1],[7,5],[2,-4],[2,0],[7,-4],[3,0],[11,3],[1,1],[10,-2],[4,2],[2,-2],[2,0],[3,-11],[0,-5],[-1,-5],[0,-4],[-2,-5],[-3,-5],[-2,-2],[0,-23],[3,-16],[-2,-19],[4,-32],[2,-3],[1,0],[3,0],[0,-2],[1,-4],[4,-5],[0,-2],[1,-7],[4,-11],[2,-2],[3,-3],[13,-13],[16,-10],[1,-2],[2,0],[5,5],[1,2],[2,1],[0,2],[4,7],[2,2],[4,-2],[3,-4],[4,-4],[6,-11],[0,-3],[0,-7],[0,-4],[0,-7],[0,-1],[2,-4],[3,0],[3,0],[5,-7],[4,-9],[1,-6],[3,-24],[-1,-7],[0,-9],[0,-7],[-1,-4],[2,-3],[3,-7],[2,-6],[0,-3],[0,-6],[-2,-5],[-1,-14],[0,-7],[1,-4],[2,-8],[2,-2],[2,-2],[5,0]],[[8709,3966],[-1,4],[-5,11],[-11,14],[-18,29],[-4,8],[-1,3],[1,4],[-1,7],[-1,11],[-1,11],[-2,3],[-5,2],[-1,6],[-1,7],[2,14],[0,3],[4,6],[2,3],[-2,2],[-1,5],[0,8],[0,3],[-3,11],[-1,0],[-2,-2],[-2,-2],[-2,-1],[-2,2],[-14,21],[1,6],[3,19],[2,23],[-5,8],[-2,12],[-2,18],[2,5],[-1,2],[3,9],[7,35],[-1,2],[-6,-10],[-2,-7],[-2,0],[0,1],[-2,4],[-1,5],[1,6],[2,1],[3,15],[-6,34],[-1,1],[-2,-1],[-6,-4],[-3,-3],[-3,2],[-2,3],[-4,-25],[0,-7],[0,-9],[1,-1],[-1,-6],[-4,-14],[-1,-2],[-2,-1],[-2,0],[-4,-2],[-2,-2],[-1,0],[0,-2],[-1,-1],[-1,-4],[-1,-5],[0,-9],[-3,-4],[-4,11],[-3,0],[-5,1],[-4,-6],[-1,-1],[0,-2],[1,-4],[-1,-5],[0,-6],[-1,-21],[-1,-9],[2,-9],[-3,-3],[-2,-2],[-5,-2],[-1,0],[-2,4],[-9,16],[-1,4],[-3,5],[-1,4],[-1,7],[-3,13],[0,3],[-1,6],[-4,7],[-3,3],[-2,1],[-1,1],[-5,17],[-1,8],[-2,4],[-2,2],[0,2],[-8,9],[-3,3],[-2,1],[-7,3],[-2,0],[-2,-3],[-2,-2],[-7,-3],[-3,3],[-8,1],[-8,0],[-5,2],[-6,7],[-1,2],[-2,0],[-3,-2],[-9,-5],[-2,-2],[-2,0],[-3,-1],[-2,1],[-2,-1],[-3,0],[-4,2],[-3,3],[-2,4],[-3,4],[-3,5],[-3,4],[-3,3],[-5,6],[-6,5],[-5,4],[-6,2],[-6,0],[-4,2],[-1,2],[-2,5],[0,9],[1,2],[-2,7],[-5,13],[-5,10],[-1,11],[0,32],[1,2],[2,7],[2,4],[-1,5],[0,5],[-1,4],[-2,6],[-17,27],[-3,5],[-18,4],[-1,-2],[-5,-3],[-1,-2],[-4,-10],[-5,-9],[-15,-3],[-3,1],[-2,8],[0,17],[-1,27],[-1,6],[0,7],[-1,9],[1,5],[2,4],[2,9],[0,10],[0,11],[1,2],[1,3],[1,0],[5,11],[2,4],[0,3],[8,32],[1,13],[-2,9],[0,3],[-2,4],[-3,7],[-1,-2],[-5,-5],[-7,-5],[-1,0],[-4,0],[-4,2],[-3,4],[-6,11],[-1,3],[0,9],[-2,20],[-1,5],[-1,2],[0,4],[-9,14],[0,2],[-11,-5],[-10,-5],[-3,0],[-10,4],[-2,2],[-1,1],[-5,6],[-2,4],[-1,-2],[-5,-4],[-3,0],[-2,4],[1,9],[-1,0],[-2,0],[-11,-5],[-2,-5],[-6,-9],[-1,-4],[-8,-9],[-3,-1],[-14,-9],[-2,0],[-3,4],[-1,3],[1,4],[1,7],[1,2],[2,7],[0,2],[-1,7],[-3,4],[-2,2],[-13,11],[-7,0],[0,2],[-1,5],[0,13],[1,11],[1,3],[1,4],[1,2],[1,5],[1,9],[-1,13],[-1,10],[0,4],[-5,33],[-3,18],[-3,27],[-1,2],[-4,24],[-1,5],[0,8],[0,5],[1,11],[1,4],[2,2],[1,3],[0,6],[0,11],[0,3],[0,2],[-2,6],[0,2],[-2,2],[-1,1],[-11,1],[-11,0],[-2,0],[-1,0],[-3,-11],[-3,-9],[-5,-14],[-6,-11],[-4,-4],[-1,-3],[-2,0],[-4,16],[-3,10],[0,2],[0,1],[-1,6],[-3,4],[-8,7],[-8,6],[-4,6],[-3,2],[-1,2],[-1,3],[-5,1],[-9,0],[-1,0],[-3,-4],[-5,4],[-9,34],[-1,6],[-1,8],[-2,7],[-11,38],[-7,23],[-1,2],[0,2],[0,6],[-1,3],[-1,4],[-5,2],[-1,2],[-4,-1],[-15,-7],[-7,-6],[-7,1],[-5,2],[-8,0],[-5,-2],[-1,0],[-2,-2],[-3,-3],[-1,-2],[-2,-7],[0,-2],[-3,2],[-7,2],[-1,2],[0,5],[-1,4],[-2,0],[-6,0],[-3,1],[-5,-4],[-3,-2],[-4,-3],[-6,-4],[-4,-2],[-15,1],[-3,2],[-2,2],[-4,10],[-1,1],[-1,2],[0,2],[0,4],[-1,4],[4,2],[5,9],[0,9],[1,15],[-1,4],[-9,14],[-3,5],[-1,0],[-1,0],[-21,7],[-8,6],[-17,0],[-3,1],[-7,-2],[-8,0],[-10,6],[-4,12],[-1,2],[-1,4],[-1,1],[-6,29],[-2,9],[0,8],[-1,4],[0,2],[-2,0],[0,2],[-2,1],[-4,1],[-6,-10],[-3,-5],[-2,-2],[-2,-9],[-3,-2],[-1,0],[-11,1],[-3,0],[-1,0],[-2,13],[-8,47],[0,2],[0,6],[0,28],[1,2],[1,4],[0,1],[1,2],[0,2],[0,2],[0,2],[-1,2],[-6,6],[-6,-2],[-7,2],[-1,6],[-14,23],[-1,2],[-1,4],[-6,6],[-12,-2],[-3,-2],[-1,0],[-3,-1],[-1,2],[-3,4],[-1,1],[-3,1],[-5,0],[-7,-2],[-2,-2],[-2,4],[-3,4],[-1,2],[-3,0],[-5,-2],[-5,-9],[-2,-5],[-1,-2],[-1,-4],[-2,-2],[-3,-5],[-1,0],[-1,0],[-3,2],[-1,4],[-3,2],[-2,0],[-4,-2],[-6,-2],[-7,-3],[-4,-2],[-4,-11],[0,-13],[-2,-8],[-2,-13],[0,-3],[3,-10],[0,-13],[-1,-9],[-5,-30],[-3,-8],[0,-2],[-2,0],[-2,1],[-8,4],[-14,4],[-8,4],[-3,0],[-3,-4],[-1,-1],[-2,0],[-6,0],[-1,2],[-3,6],[-10,9],[-7,4],[-8,-1],[-12,-7],[-6,2],[-2,-26],[-2,0],[-1,-4],[-3,0],[-2,-5],[-1,-2],[0,-15],[-1,-8],[0,-17],[-5,-3],[-2,-4],[-1,-9],[0,-2],[0,-2],[1,-2],[1,-4],[8,-19],[2,-4],[1,-7],[-4,-11],[-1,-2],[-3,-6],[0,-2],[-4,-9],[-1,-4],[-6,2],[-3,4],[-2,2],[-12,3],[-13,-6],[-12,5],[-4,4],[-3,2],[-2,0],[-6,0],[-6,-4],[-5,-1],[-2,4],[-1,5],[-2,2],[-5,-2],[-2,-8],[-4,-18],[-1,-13],[0,-4],[0,-1],[-1,-4],[-2,0],[-1,-2],[-2,0],[-27,-12],[-5,-4],[-13,-3],[-6,-2],[-8,5],[-2,1],[-2,1],[-2,0],[-11,-4],[-1,0],[-5,-7],[-13,1],[-1,1],[-14,22],[-6,11],[-4,6],[-4,6],[-5,0],[-3,0],[-1,-4],[-6,-7],[-2,-4],[-1,-1],[-2,-4],[-31,-23],[-1,0],[-12,-5],[-2,0],[-2,0],[-2,2],[-1,0],[-3,6],[-1,0],[-1,1],[-1,2],[-3,2],[-2,1],[-1,0],[-1,-2],[-5,-13],[0,-8],[-1,-2],[-3,-3],[-3,-2],[-2,-2],[-2,0],[-2,-2],[-1,1],[-6,-8],[-2,-3],[-1,-2],[-2,-4],[0,-2],[-6,-15],[-3,-7],[1,-4],[-3,-9],[-14,-33],[-11,-9],[-12,-7],[-10,4],[-7,0],[-2,2],[-2,2],[-2,2],[-1,2],[-1,2],[-7,2],[-2,0],[-2,-2],[-2,1],[-10,11],[0,12],[0,18],[-1,10],[-6,21],[-1,4],[-1,3],[-1,-1],[-2,3],[-2,8],[-2,8],[-5,13],[-1,4],[-5,-5],[-12,-15],[-1,-2],[-8,-11],[-9,8],[-3,8],[-2,2],[0,4],[0,5],[0,4],[1,2],[1,2],[1,1],[-1,4],[-4,2],[-15,1],[-5,-9],[-6,-11],[-8,-2],[-6,-3],[-4,-8],[-12,-10],[-21,-22],[-5,-7],[-1,6],[-8,22],[-5,8],[-10,4],[-7,12],[-6,8],[-6,11],[0,6],[0,4],[2,7]],[[6798,5166],[3,6],[8,22],[-3,8],[-5,2],[-2,0],[-5,2],[-13,29],[-2,4],[-2,11],[0,2],[0,9],[-6,38],[-4,12],[-3,11],[-1,9],[7,13],[1,0],[2,2],[6,9],[9,13],[0,13],[-1,8],[-11,19],[-3,3],[-10,13],[-2,7],[-3,15],[1,10],[1,7],[5,13],[3,7],[7,19],[1,21],[3,9],[0,4],[-5,7],[-2,2],[-4,0],[-6,4],[-2,2],[0,12],[-1,7],[1,4],[4,9],[2,2],[4,5],[4,5],[9,12],[3,2],[1,1],[2,6],[2,2],[3,5],[1,0],[10,3],[11,6],[3,1],[4,6],[0,4],[2,7],[3,5],[1,4],[2,4],[5,15],[1,5],[1,4],[2,11],[-1,8],[-5,17],[0,2],[-2,5],[-5,14],[-4,21],[0,3],[-2,4],[-6,19],[-1,4],[-2,0],[-2,2],[-2,6],[-4,17],[-1,6],[0,5],[-1,4],[-4,4],[-7,8],[-5,8],[-1,3],[-1,2],[-1,8],[1,2],[0,5],[0,11],[-2,12],[0,7],[-3,-1],[-3,0],[-4,-4],[-7,-7],[-11,-11],[-1,-5],[-5,-11],[-1,2],[-8,5],[-10,8],[-6,3],[-3,3],[-6,10],[-2,4],[-1,6],[-3,0],[-2,-4],[-6,15],[-2,4],[-8,6],[-4,2],[-2,-2],[-3,-1],[-2,2],[-1,3],[-2,4],[-2,2],[-12,3],[-4,-2],[-3,-2],[-4,0],[-5,2],[-1,2],[-2,4],[0,6],[0,4],[-7,2],[-3,0],[-4,0],[-4,4],[-2,2],[-4,6],[-2,6],[-2,5],[-1,6],[-5,9],[-2,6],[-2,0],[-2,2],[-3,10],[-3,9],[-5,12],[-6,9],[-3,4],[-5,6],[-5,6],[-4,2],[-4,0],[-2,-2],[-1,4],[-4,4],[-3,10],[-1,5],[0,4],[-2,4],[-13,12],[-15,19],[-11,8],[-4,2],[-3,2],[-10,4],[-4,0],[-3,-1],[-4,4],[-11,13],[-1,6],[0,2],[0,22],[-1,4],[-1,2],[-2,4],[1,1],[2,10],[-1,2],[-2,3],[-1,0],[-2,1],[-3,11],[-8,28],[-7,19],[-6,25],[1,12],[1,7],[-2,3],[-1,0],[-2,-1],[-4,3],[-3,4],[-1,2],[-2,5],[-3,7],[0,11],[0,7],[3,38],[2,13],[-1,3],[-3,2],[-2,0],[-3,4],[5,17],[3,11],[1,4],[0,7],[-4,8],[-1,4],[0,3],[-1,4],[0,4],[1,3],[2,2],[1,2],[2,0],[3,2],[6,-1],[2,2],[3,4],[0,4],[1,5],[0,4],[-1,2],[-4,0],[-3,-4],[-1,0],[-2,-1],[-3,0],[-1,2],[0,2],[-2,3],[0,4],[1,4],[1,3],[2,10],[3,9],[6,13],[4,7],[1,2],[4,7],[3,2],[4,3],[0,2],[2,2],[5,5],[4,4],[2,2],[2,3],[1,2],[3,4],[1,3],[0,4],[-1,6],[-5,9],[-1,2],[-14,16],[-2,2],[-8,0],[-1,0],[-1,0],[-1,6],[1,7],[0,4],[1,5],[2,4],[3,4],[3,9],[2,7],[1,6],[1,5],[0,6],[0,9],[-2,8],[-1,1],[-2,6],[-3,6],[-1,2],[-3,5],[-1,6],[0,4],[2,9],[1,5],[0,4],[2,6],[1,3],[2,4],[3,5],[1,4],[3,11],[3,17],[3,14],[0,4],[0,4],[2,11],[0,5],[-1,4],[-2,4],[-2,7],[-1,4],[-1,6],[0,5],[2,4],[1,7],[1,6],[1,3],[0,2],[0,6],[-1,5],[0,4],[-1,4],[-1,3],[0,15],[1,7],[4,22],[0,6],[3,20],[2,5],[2,21],[3,10],[2,6],[3,3],[2,4],[2,4],[4,3],[3,4],[9,12],[8,9],[3,2],[2,3],[2,6],[1,1],[11,2],[2,0],[3,-2],[2,0],[9,-8],[21,-16],[3,-2],[3,-5],[2,-4],[5,-4],[8,-6],[6,-4],[4,-2],[1,-3],[3,-4],[3,-4],[1,-4],[1,-3],[3,-13],[1,-4],[1,-4],[1,-4],[1,-6],[1,-7],[3,-8],[16,-46],[2,-6],[2,-3],[3,-2],[2,-2],[2,-4],[3,-4],[2,-2],[1,-4],[3,-5],[2,-4],[2,-4],[1,-4],[1,-5],[2,-8],[2,-3],[2,-4],[4,-6],[5,-8],[2,-2],[3,-5],[2,-2],[3,-2],[1,0],[3,0],[6,-4],[5,-4],[1,-6],[-1,-6],[1,-5],[6,-11],[2,-4],[4,0],[3,-2],[2,-2],[3,-4],[2,-4],[2,0],[2,-4],[1,-4],[1,-2],[3,-2],[0,-1],[5,-1],[2,2],[2,0],[1,4],[1,0],[5,5],[1,2],[3,3],[3,6],[1,1],[1,2],[1,4],[0,11],[-1,4],[0,3],[1,8],[2,5],[4,15],[2,3],[2,4],[1,2],[13,-1],[1,-2],[3,0],[0,-4],[1,-1],[2,-4],[2,-2],[3,-4],[6,-8],[11,13],[7,1],[8,4],[4,3],[9,5],[3,2],[4,3],[3,2],[2,4],[3,0],[4,1],[6,4],[4,1],[13,11],[6,3],[4,4],[2,1],[5,0],[7,4],[4,1],[8,0],[2,0],[1,2],[5,5],[5,6],[2,3],[3,2],[4,1],[3,13],[2,11],[1,9],[2,8],[5,11],[1,3],[1,4],[1,7],[1,8],[0,16],[-2,11],[-1,10],[2,7],[4,5],[8,5],[4,0],[2,2],[3,4],[6,7],[4,3],[5,4],[2,1],[4,-5],[3,-6],[1,-5],[3,-4],[6,3],[3,6],[2,1],[5,4],[5,2],[8,3],[15,-4],[5,0],[7,-3],[3,-3],[3,-4],[2,-4],[3,-9],[3,-11],[2,-8],[1,-9],[2,-11],[6,-32],[3,-7],[3,-8],[12,-10],[6,-7],[1,5],[-3,4],[-5,4],[-6,6],[2,11],[0,15],[-2,16],[-2,0],[-9,2],[-2,2],[-2,8],[-1,5],[1,2],[3,15],[2,9],[2,5],[7,13],[7,4],[5,3],[1,2],[2,9],[1,2],[-2,2],[-1,2],[-4,7],[0,6],[1,23],[2,6],[1,0],[3,2],[2,1],[3,4],[3,11],[2,3],[4,6],[5,1],[4,8],[-2,13],[-2,12],[0,28],[1,22],[-1,26],[-1,21],[-1,13],[0,13],[0,6],[-1,3],[-2,4],[3,36],[1,37],[-1,7],[-6,15],[-4,0],[-2,0],[-3,-2],[-1,-2],[-7,4],[-3,2],[-7,6],[-2,-2],[-2,0],[-4,-2],[-12,-5],[-2,0],[0,4],[0,13],[1,7],[4,11],[-1,5],[0,4],[3,16],[3,18],[0,41],[1,8],[3,18],[1,18],[5,26],[1,4],[6,11],[1,3],[0,5],[0,17],[0,11],[0,5],[-3,4],[-3,1],[-3,4],[-2,0],[-1,-1],[-2,0],[-3,2],[-2,0],[-2,1],[0,4],[-2,6],[-2,0],[-12,5],[-3,-3],[-8,-12],[-2,-4],[-2,-5],[-4,-2],[-4,-2],[-2,2],[-1,0],[0,4],[4,18],[1,2],[13,13],[2,0],[9,13],[1,1],[0,4],[6,14],[2,2],[2,2],[1,1],[3,24],[-2,0],[-1,-2],[-2,0],[-4,7],[-1,6],[0,3],[0,2],[2,4],[0,1],[-3,8],[-3,3],[-2,4],[-2,0],[0,2],[-9,-1],[-6,9],[-9,7],[-5,18],[-2,4],[-3,16],[-1,6],[-7,14],[-1,4],[-2,4],[0,1],[0,2],[0,4],[0,5],[-1,2],[-2,4],[-9,3],[-12,6],[-3,2],[-2,4],[-4,5],[-3,11],[0,6],[5,12],[1,9],[-1,11],[-1,5],[-7,15],[-6,23],[7,2],[5,3],[1,0],[3,0],[14,17],[1,4],[0,5],[-1,2],[-2,7],[0,4],[1,3],[5,22],[2,1],[3,4],[8,7],[12,-6],[9,-2],[2,1],[2,7],[1,4],[1,4],[0,5],[-3,0],[-8,4],[-1,2],[-2,5],[-1,9],[1,2],[1,2],[1,1],[-1,4],[-1,5],[-2,4],[0,2],[-3,5],[-9,15],[-5,5],[-1,2],[-5,0],[-1,0],[-5,4],[-5,6],[-1,0],[-4,2],[-6,3],[-4,-1],[-9,0],[-4,2],[-2,2],[-4,2],[-9,4],[-4,0],[-1,9],[2,7],[1,3],[-1,4],[-1,2],[-13,27],[-4,5],[-4,8],[-1,0],[-1,0],[-4,3],[-2,1],[-2,-2],[-5,0],[-2,2],[-6,2],[-2,4],[0,1],[0,4],[-2,11],[-2,3],[-1,2],[-2,2],[-4,2],[-2,-2],[-2,0],[-2,-1],[-7,5],[-1,6],[-2,1],[-10,4],[-4,1],[-1,0],[-3,-4],[-2,-5],[-2,-5],[-1,-4],[-2,0],[-1,2],[-5,2],[-2,6],[-1,5],[-1,5],[-2,6],[-2,5],[-6,0],[-10,-3],[-1,-1],[-6,-14],[0,-18],[-1,-4],[-1,-2],[-2,-1],[-1,-2],[-3,2],[-3,2],[1,5],[1,5],[0,4],[-2,7],[-5,6],[-8,7],[-3,2],[-51,52]],[[6738,8365],[2,0],[13,4],[2,1],[9,3],[4,-4],[8,1],[0,9],[1,3],[0,9],[1,5],[7,1],[-1,17],[0,4],[3,8],[6,6],[4,6],[-2,33],[-4,40],[4,25],[2,14],[0,3],[1,28],[0,3],[-3,22],[0,2],[-2,6],[-2,7],[-4,10],[1,6],[6,1],[-1,17],[0,9],[2,12],[4,32],[1,0],[0,1],[2,16],[1,2],[4,22],[4,17],[2,12],[2,0],[0,7],[4,20],[12,8],[3,1],[10,4],[8,26],[14,6],[3,5],[5,1],[0,7],[6,11],[2,6],[5,12],[4,0],[-1,11],[2,3],[1,4],[6,1],[-1,16],[1,1],[13,8],[-3,10],[-3,14],[0,3],[-1,17],[0,10],[6,24],[0,1],[2,4],[4,11],[1,3],[1,0],[2,1],[0,5],[0,7],[1,11],[-2,6],[0,5],[-2,0],[-3,8],[1,25],[3,1],[9,1],[-1,10],[6,3],[10,-2],[2,0],[0,-8],[1,0],[8,1],[0,5],[0,3],[3,1],[6,1],[0,-3],[0,-6],[9,2],[5,-5],[13,-4],[10,10],[1,1],[6,2],[1,-5],[0,-11],[9,1],[0,-17],[6,1],[1,-5],[11,1],[1,-11],[8,1],[1,0],[9,1],[8,1],[1,-7],[0,-10],[9,2],[5,0],[4,1],[0,-4],[0,-13],[9,1],[8,1],[1,0],[0,-1],[3,-2],[11,-12],[2,0],[14,33],[10,18],[4,19],[-1,3],[-1,17],[-6,-1],[-4,9],[-15,13],[-4,9],[-5,11],[2,23],[3,0],[-1,17],[0,17],[-1,17],[0,4],[2,14],[6,1],[0,12],[3,7],[0,15],[1,17],[0,2],[3,18],[1,13],[2,2],[5,1],[0,8],[-1,9],[9,1],[0,15],[0,2],[-1,0],[-1,2],[-7,22],[-1,3],[1,58],[3,0],[3,1],[-1,7],[0,5],[2,-1],[3,-2],[8,11],[0,31],[2,19],[1,0],[0,7],[0,6],[5,26],[-1,33],[-2,28],[-6,15],[-3,6],[-3,23],[3,18],[1,23],[-5,30],[-4,36],[0,38],[4,37],[2,11],[3,11],[10,12],[1,0],[0,1],[1,2],[5,15],[2,1],[0,4],[2,22],[2,15],[0,3],[-6,9],[0,15],[8,1],[9,1],[9,1],[0,18],[9,1],[8,1],[1,-15],[0,-2],[9,1],[4,1],[2,-2],[9,0],[4,1],[2,3],[4,10],[11,1],[7,-13],[-2,-15],[0,-2],[-4,-12],[0,-1],[0,-11],[0,-6],[1,-17],[9,1],[9,2],[9,1],[9,1],[9,1],[0,4],[8,2],[2,1],[21,2],[16,0],[17,-7],[4,-6],[2,-3],[2,0],[0,-3],[0,-14],[1,-17],[0,-2],[0,-15],[6,-8],[1,-22],[8,-20],[-1,-22],[-2,-2],[0,-10],[1,-17],[0,-17],[9,1],[1,-9],[2,3],[9,-9],[7,-1],[3,0],[1,2],[4,11],[3,7],[2,5],[14,17],[16,15],[20,-7],[11,11],[21,-24],[1,15],[2,14],[7,1],[-1,17],[9,1],[0,16],[0,1],[1,2],[4,26],[0,7],[-1,9],[0,14],[-2,11],[-1,9],[6,8],[15,-12],[3,-25],[8,-12],[6,-9],[15,1],[7,-5],[0,1],[6,1],[3,1],[8,1],[1,0],[9,1],[9,1],[9,1],[9,1],[0,-8],[0,-9],[9,2],[1,-17],[9,1],[0,-17],[9,1],[1,-17],[9,1],[0,-17],[9,1],[9,1],[1,-17],[9,1],[0,-17],[9,1],[1,-17],[9,2],[8,1],[9,1],[1,0],[8,1],[1,-9],[0,-8],[8,1],[1,0],[9,1],[-1,17],[9,1],[1,-17],[0,-17],[9,1],[9,2],[1,-17],[8,1],[9,1],[1,-17],[0,-17],[1,-17],[0,-2],[1,-15],[8,1],[1,-17],[1,-17],[8,1],[9,1],[9,1],[1,-17],[9,1],[1,0],[8,1],[0,-17],[9,1],[9,2],[0,-18],[9,2],[6,0],[2,9],[9,-8],[20,-7],[11,-5],[2,0],[4,0],[9,1],[0,-2],[11,-1],[17,-37],[13,6],[21,-27],[13,-27],[21,-48],[4,-10],[11,2],[10,2],[9,2],[2,1],[27,-11],[28,-11],[1,2],[-1,-3],[-2,-3],[1,0],[7,1],[-1,12],[3,5],[6,1],[0,9],[5,8],[1,2],[2,9],[2,7],[7,1],[-1,17],[9,1],[9,1],[9,1],[1,0],[8,1],[0,-6],[14,-9],[41,-27],[39,-26],[1,21],[5,-13],[1,-25],[1,-23],[7,-8],[6,10],[6,11],[8,-13],[2,-13],[-1,-12],[-5,1],[-5,10],[0,-18],[0,-7],[1,-1],[10,3],[11,5],[8,2],[11,-14],[7,-4],[-7,-13],[0,-20],[5,-14],[1,0],[0,-2],[0,-11],[0,-4],[3,1],[6,0],[0,10],[2,-1],[0,20],[0,6],[6,0],[3,1],[1,-10],[5,3],[2,1],[5,0],[1,-10],[1,0],[1,-17],[-7,0],[-1,-3],[-1,-6],[0,-9],[1,-17],[-2,0],[-3,0],[-4,-1],[0,-17],[9,1],[1,-17],[7,1],[2,0],[4,1],[5,0],[0,-5],[0,-1],[0,-11],[8,1],[1,0],[0,-1],[0,-16],[9,1],[0,-1],[1,-16],[6,1],[3,0],[0,-6],[0,-11],[4,0],[5,1],[0,-9],[6,-1],[5,-6],[6,1],[1,0],[0,-2],[1,-8],[0,-7],[0,-17],[9,1],[1,-17],[9,1],[8,1],[1,-17],[9,1],[0,-17],[9,1],[1,-17],[8,1],[9,1],[1,-17],[9,1],[9,0],[0,-17],[9,1],[9,1],[0,-17],[9,1],[9,1],[9,1],[0,-17],[9,1],[9,1],[9,1],[9,1],[9,1],[9,1],[9,1],[7,1],[1,0],[9,1],[9,1],[9,1],[9,1],[9,1],[0,-13],[0,-4],[9,1],[8,1],[1,0],[9,1],[9,1],[0,-6],[0,-12],[9,1],[9,1],[9,1],[9,1],[6,1],[3,0],[8,1],[9,1],[9,1],[9,1],[9,1],[9,1],[0,-17],[9,1],[9,1],[9,1],[0,-12],[0,-6],[9,1],[9,1],[9,1],[0,3],[-1,14],[9,1],[0,17],[9,1],[4,1],[5,0],[0,-17],[0,-11],[0,-1],[0,-5],[3,0],[4,1],[2,0],[1,-17],[9,1],[9,1],[-1,17],[9,1],[9,1],[-1,17],[9,0],[0,15],[2,3],[7,0],[-1,12],[0,1],[1,5],[2,0],[6,0],[0,10],[0,7],[2,1],[7,0],[-1,17],[9,1],[0,17],[-1,17],[9,1],[0,17],[8,1],[0,17],[0,17],[8,1],[0,17],[0,17],[8,1],[0,17],[9,1],[9,1],[-1,17],[9,1],[1,-17],[9,1],[8,1],[9,1],[9,0],[9,1],[9,1],[9,1],[9,1],[-1,17],[9,1],[0,17],[9,1],[-1,17],[9,1],[1,-17],[8,1],[1,-17],[9,0],[0,-17],[9,1],[0,-17],[9,1],[1,-17],[9,1],[9,1],[0,-17],[9,0],[0,-17],[9,1],[9,1],[0,-17],[9,1],[9,1],[9,1],[0,17],[9,0],[8,1],[9,1],[9,1],[1,-17],[8,1],[1,-17],[9,1],[0,-17],[9,0],[2,-18],[1,-32],[-1,-21],[0,-14],[0,-11],[4,-13],[4,-29],[11,9],[11,11],[6,3],[10,8],[6,1],[3,1],[12,-8],[3,-10],[7,-7],[12,6],[9,-27],[0,-1],[8,-32],[7,3],[6,-14],[7,-11],[6,-2],[2,7],[13,-6],[11,-10],[14,5],[10,-3],[12,-3],[4,7],[1,2],[3,6],[5,0],[5,1],[4,0],[0,-1],[0,-3],[1,-13],[9,1],[8,1],[9,0],[0,17],[1,1],[7,2],[10,23],[5,17],[4,-16],[1,-4],[2,-5],[6,-6],[5,2],[1,1],[7,2],[6,-7],[-2,-10],[0,-3],[3,-9],[2,-5],[4,-12],[1,-1],[6,-9],[0,-6],[3,1],[0,-18],[0,-5],[1,-12],[0,-17],[0,-17],[1,-17],[0,-17],[0,-3],[6,-5],[0,-8],[-1,-17],[-1,-26],[-2,-21],[0,-19],[5,-15],[2,-5],[-6,0],[0,-17],[1,-15],[2,5],[1,0],[-2,-13],[-1,-4],[0,-7],[0,-18],[1,-10],[0,-7],[4,1],[1,-1],[4,-2],[4,-2],[4,-3],[5,-4],[1,-4],[1,-17],[0,-19],[-6,-13],[-4,-9],[3,-19],[3,-4],[0,-4],[0,-18],[0,-15],[-1,-12],[-7,-9],[0,-13],[7,-2],[2,-3],[3,-4],[1,-10],[-3,-1],[-3,0],[3,-12],[0,-1],[1,-3],[4,-20],[3,-5],[-1,-14],[0,-14],[4,-11],[5,-10],[-1,-11],[-8,-3],[-2,-10],[2,-6],[4,-8],[1,-10],[-5,-9],[-2,-13],[0,-17],[-10,-6],[-4,-6],[-2,-1],[-10,-1],[0,-2],[-2,-6],[0,-18],[-7,2],[-4,-2],[-2,0],[0,-3],[1,-13],[1,-20],[1,-12],[1,-8],[-4,-10],[-1,2],[-6,5],[-8,3],[-6,-6],[-5,-5],[-1,-1],[-5,-9],[4,-10],[3,-12],[-3,-11],[-3,-14],[-2,-11],[-3,0],[-6,0],[-5,-11],[-2,-6],[-7,-17],[-8,-13],[-4,-10],[-3,-6],[3,-13],[0,-4],[1,-4],[-2,-7],[-8,-4],[-5,-8],[1,-16],[0,-1],[-1,-17],[2,-27],[4,-19],[5,-14],[2,-5],[2,-4],[2,-13],[-7,-11],[-3,2],[-4,2],[-4,-8],[2,-4],[2,-7],[2,-12],[-5,-4],[-1,0],[-3,-10],[5,-6],[1,-1],[6,-3],[-2,-19],[-3,-18],[-1,-17],[0,-11],[-3,-12],[-6,1],[-2,1],[-5,4],[-4,-5],[-2,-4],[4,-16],[4,-12],[0,-17],[-1,-19],[4,-20],[1,-12],[1,-10],[3,-15],[8,-4],[10,5],[6,-2],[4,-1],[8,-5],[-3,-19],[-2,-11],[10,-12],[12,-13],[10,-13],[9,-8],[6,-11],[-3,-17],[-3,-9],[-1,-3],[0,-7],[0,-5],[4,-6],[-2,-9],[-7,5],[0,1],[-1,-3],[-2,-8],[-1,-9],[-4,2],[-1,1],[-1,-6],[-2,-6],[9,-5],[8,-7],[-6,-20],[7,-4],[9,-6],[-1,-15],[8,-23],[7,-21],[3,-13],[9,-6],[13,-5],[6,8],[8,2],[2,-11],[-1,-17],[4,-10],[1,-3],[-3,-16],[0,-5],[-2,-16],[-2,-25],[0,-27],[3,-30],[10,-28],[8,-42],[7,-40],[6,-28],[4,-34],[2,-35],[-4,-20],[5,-6],[11,-15],[1,-2],[4,-5],[11,-16],[15,-26],[9,-20],[8,-14],[8,-8],[2,-2],[10,-4],[13,4],[7,5],[4,3],[2,-5],[2,-10],[3,-11],[9,-38],[-6,-11],[6,-28],[4,-5],[7,9],[1,-4]],[[9027,7406],[-2,-3],[-10,-5],[-3,-5],[-2,-3],[-1,-6],[-8,5],[-3,4],[0,12],[-5,-1],[-9,-10],[-2,-9],[-1,-1],[-1,-6],[0,-9],[1,-2],[1,-2],[2,-14],[0,-9],[-4,-12],[-6,-23],[0,-2],[2,-6],[1,-2],[0,-3],[0,-2],[1,0],[0,-11],[-1,-2],[0,-1],[-2,0],[-1,-2],[-3,0],[-6,-1],[-1,0],[-1,-1],[0,-2],[0,-2],[-1,-4],[0,-3],[1,-2],[1,-4],[1,-2],[2,-2],[-1,-1],[-1,-2],[-3,0],[-5,6],[-13,3],[-1,6],[-3,11],[-2,7],[-3,3],[-7,-5],[1,-4],[2,-2],[1,-2],[0,-2],[1,-2],[-1,-3],[-5,-7],[-12,-15],[-1,-3],[-2,-5],[-1,2],[-6,4],[-2,-2],[-2,-1],[-2,-2],[-3,-5],[-1,-5],[-13,-10],[-3,0],[-1,4],[-4,1],[-12,-5],[-2,-3],[-1,-2],[-4,-10],[0,-4],[5,0],[2,-1],[1,0],[4,-5],[0,-2],[-2,-7],[-9,-14],[-1,-1],[-2,-2],[-7,-7],[-2,2],[-2,1],[-15,-6],[5,-4],[-1,-11],[0,-1],[-4,-11],[-1,-4],[-3,-5],[-1,0],[-2,0],[-3,-10],[-1,-7],[0,-4],[-20,-7],[-3,7],[-1,2],[-1,9],[1,4],[2,5],[2,13],[-3,3],[0,1],[-16,21],[-18,23],[-6,11],[-1,1],[-2,-2],[-2,-9],[0,-16],[0,-4],[-3,-7],[-2,-1],[-1,-4],[-5,-10],[-1,-2],[-1,-13],[-1,-30],[0,-4],[1,-15],[2,-14],[-1,0],[-2,-4],[-11,-15],[-1,-3],[-1,-2],[10,1],[5,-1],[2,-2],[1,-1],[-1,-4],[-2,-14],[2,-13],[1,-2],[1,-4],[1,0],[2,-2],[1,0],[3,0],[4,-4],[1,-2],[1,-4],[1,-2],[-5,-10],[-2,-2],[-2,0],[-1,-5],[1,-4],[1,-3],[3,-2],[2,-1],[-6,-46],[-4,-11],[0,-3],[-7,-18],[-5,-10],[-4,-7],[-6,-21],[-1,-2],[1,-4],[2,-4],[2,-2],[6,-4],[1,-2],[3,-2],[2,-7],[2,-4],[0,-4],[1,-5],[0,-4],[0,-7],[0,-5],[1,-8],[0,-2],[4,2],[2,1],[1,2],[4,0],[12,-7],[6,0],[4,-2],[0,-2],[-1,-2],[-1,0],[-4,-1],[-6,-3],[-3,-2],[-2,-3],[0,-6],[7,-24],[8,-21],[9,0],[5,1],[8,3],[1,-22],[-12,-6],[-3,-2],[-3,-1],[-4,-2],[-5,-3],[-5,-9],[1,-2],[5,-7],[4,5],[18,18],[3,2],[3,1],[5,4],[5,-1],[5,-4],[3,0],[4,-2],[1,1],[3,0],[2,4],[4,7],[5,5],[4,-1],[2,-2],[2,0],[15,-10],[3,-1],[11,-4],[3,-2],[0,-2],[1,-11],[2,-2],[3,-8],[2,-4],[2,-2],[3,-4],[3,-3],[1,-1],[1,0],[1,0],[1,11],[2,13],[7,10],[2,9],[3,12],[1,14],[6,-3],[26,-14],[2,-2],[7,-10],[3,-4],[10,-3],[1,-2],[3,-2],[2,-2],[6,-3],[6,0],[5,-1],[4,-4],[3,-2],[8,-3],[6,-2],[5,-5],[3,-2],[3,-7],[1,-2],[0,-8],[7,3],[-2,8],[2,-1],[5,0],[3,-1],[2,4],[3,7],[4,-6],[5,-3],[3,0],[6,-4],[-2,14],[-1,8],[1,11],[-1,11],[-2,2],[0,23],[1,0],[3,0],[8,1],[5,-1],[6,3],[5,-1],[10,17],[6,10],[1,4],[1,5],[9,17],[2,5],[1,7],[1,2],[3,-3],[10,-5],[1,2],[3,5],[1,3],[2,5],[3,-5],[8,-7],[9,4],[0,5],[9,0],[9,-8],[0,-8],[9,-8],[0,-8],[9,-8],[0,-8],[0,-7],[9,-9],[0,-3],[9,-4],[0,-2],[27,-19],[10,-3],[0,27],[0,4],[0,7],[1,11],[0,9],[0,5],[-9,9],[0,2],[10,13],[-10,12],[1,6],[0,1],[-10,0],[0,-2],[0,-3],[-9,10],[0,-3],[0,-6],[-9,5],[0,2],[-9,15],[0,14],[9,0],[0,4],[1,3],[0,15],[-9,3],[0,2],[-10,-4],[1,11],[0,22],[0,9],[0,11],[0,5],[1,18],[0,13],[0,14],[0,6],[1,14],[9,22],[1,9],[0,20],[0,13],[1,23],[0,26],[0,3],[0,9],[0,2],[-9,0],[0,7],[0,7],[1,13],[0,18],[0,4],[0,7],[0,12],[0,8],[0,3],[-9,4],[0,-2],[-9,-2],[0,-2],[-9,7],[-9,14],[0,11],[-5,6],[-4,6],[0,4],[0,2],[0,9],[0,7],[0,3],[0,2],[0,2],[0,2],[10,6],[0,3],[0,6],[-9,6],[-8,13],[-1,0],[-1,0],[-7,6],[-2,1],[0,2],[-4,0],[-11,5],[-4,1],[0,-14],[0,-4],[0,-4],[2,-11],[2,-20],[0,-5],[-3,-18],[-5,1],[-1,2],[-2,4],[-13,18],[-4,5],[-11,16],[-15,22],[-3,4],[0,18],[0,27],[0,4],[0,3],[-1,4],[-1,2],[0,4],[0,3],[-1,11],[0,6],[1,5],[0,2],[-1,5],[-10,10],[-2,2],[-2,2],[-3,4],[-5,4],[-6,1]],[[6798,5166],[-3,5],[-7,11],[-3,4],[-12,17],[-5,10],[-8,0],[-2,0],[-2,0],[-3,4],[0,2],[-2,4],[0,2],[-1,5],[-6,4],[-1,0],[-3,-1],[-7,-21],[-4,-22],[-1,-2],[-1,-4],[-4,-9],[-4,-10],[-5,-16],[-2,-3],[-4,-8],[-8,-5],[-4,-2],[-3,2],[-2,0],[-4,-2],[-2,-3],[-2,-2],[-2,-15],[-1,-7],[-2,-12],[2,-5],[-2,-10],[-5,8],[-1,2],[-7,0],[-4,1],[-4,0],[-11,4],[-3,2],[-3,2],[-9,-7],[-11,-1],[-2,0],[-3,-2],[-10,-15],[0,-5],[-1,-4],[0,-6],[-2,-2],[-4,-3],[-3,-2],[-5,-4],[-11,-1],[-8,0],[-6,6],[-3,2],[-2,2],[-2,2],[-4,0],[-3,-1],[-6,-8],[-3,-3],[-13,-15],[-7,-11],[-8,-11],[-2,-15],[1,-7],[3,-15],[1,-2],[2,-2],[2,-4],[-2,-15],[-3,-11],[-2,-11],[-8,-17],[-2,-6],[-4,-3],[-3,-4],[-10,-1],[-2,-2],[-5,4],[-11,13],[-9,-10],[-3,-6],[-6,-13],[-1,-4],[-1,-3],[-3,-15],[-18,-15],[-10,-7],[-3,-15],[0,-11],[0,-4],[-2,-3],[-2,0],[-5,-8],[-3,-1],[-2,-2],[-4,0],[-3,0],[-10,2],[-5,12],[-5,-2],[-6,-3],[-11,-6],[-4,1],[-4,-2],[-6,-17],[0,-15],[2,-17],[1,-8],[0,-3],[-5,-6],[-4,-5],[-2,-2],[-3,2],[-2,0],[-9,-13],[-3,-3],[-3,-6],[-5,0],[-10,-1],[-3,-4],[-5,-5],[-8,-11],[-7,-9],[-11,-13],[-1,0],[-2,-13],[-5,-19],[-3,-9],[-2,0],[-2,2],[-3,0],[-6,-2],[-2,-1],[-1,-2],[-6,0],[-3,4],[-8,6],[-1,0],[-2,0],[-1,-4],[-2,-2],[-5,2],[-3,4],[-3,2],[-2,4],[-1,4],[-5,8],[-1,2],[-2,0],[-2,-2],[-4,-4],[-3,-1],[-6,-6],[-4,-2],[-3,-1],[-12,10],[-1,5],[-1,10],[-2,4],[-5,9],[-3,4],[-6,10],[-10,19],[-13,47],[-2,8],[1,2],[2,4],[2,5],[3,11],[4,11],[-1,0],[-11,-1],[-4,0],[-3,0],[-4,2],[-12,6],[-2,0],[-1,-1],[-13,-21],[-12,-16],[-4,-13],[-3,-4],[-2,0],[-6,1],[-2,3],[-2,2],[-2,2],[-6,-3],[-2,-4],[-2,-2],[-2,-3],[-4,-2],[-5,4],[-10,-2],[-3,-1],[-9,-11],[-2,-2],[-1,-4],[-2,-5],[0,-4],[-3,-2],[-2,-2],[-7,-3],[-9,-4],[-4,0],[-24,-16],[-2,0],[-1,-13],[-3,0],[-10,1],[-2,0],[-2,0],[-7,-5],[-2,-4],[-4,-4],[-4,-1],[-5,0],[-2,4],[-3,3],[-5,-1],[-6,0],[-2,-2],[0,13],[1,4],[3,17],[-3,4],[-8,0],[1,8],[2,28],[0,5],[2,32],[3,41],[4,43],[0,8],[-5,11],[-4,12],[-8,11],[-3,2],[-5,6],[-20,44],[-7,17],[-8,27],[-13,10],[-3,-4],[-2,-4],[-2,-7],[-5,-2],[-7,1],[-3,-4],[-3,-4],[-2,4],[-9,10],[-7,11],[-10,14],[-11,11],[-22,-1],[-1,0],[-9,-7],[-3,-3],[-2,-2],[-5,-6],[-4,4],[-14,20],[-4,20],[0,8],[-12,2],[-11,16],[-12,11],[-4,-3],[-8,-2],[-10,12],[1,-4],[-1,-8],[-3,-9],[-5,-17],[-5,-11],[-6,6],[-5,8],[-4,4],[-9,-2],[-26,-6],[-7,-2],[-4,-1],[-3,0],[-3,-2],[-3,-2],[-3,-3],[-2,-4],[-1,0],[-2,2],[-12,14],[-1,3],[0,2],[-5,2],[1,-3],[-1,-4],[-3,-9],[-5,-8],[-5,-18],[-1,-2],[-1,-5],[-9,-17],[-3,0],[-3,-5],[-4,-17],[0,-5],[-1,-6],[-1,-9],[-2,-11],[-5,-2],[-4,-2],[-4,-1],[-7,-6],[0,-3],[0,-4],[0,-9],[0,-2],[1,-6],[2,-4],[0,-2],[1,-3],[1,-6],[0,-2],[-2,-3],[-1,0],[-2,-2],[-11,-5],[-10,-7],[-6,-5],[-7,-11],[-2,-2],[0,-6],[2,-5],[1,-19],[-1,-2],[-3,-13],[-1,-5],[-1,-11],[0,-10],[0,-3],[-1,-10],[-2,-9],[-1,-13],[-4,-13],[-2,-9],[-1,-12],[-1,-12],[-1,-9],[1,-12],[1,-14],[3,-42],[2,-17],[1,-13],[-4,-9],[-1,-2],[-4,-22],[-2,-5],[2,-2],[3,-21],[1,-5],[-2,-8],[4,4],[8,5],[9,-8],[2,-2],[1,-2],[0,-2],[0,-4],[0,-4],[2,-5],[6,1],[7,2],[9,3],[6,-1],[2,-11],[3,-13],[2,-6],[9,-28],[7,-23],[2,-4],[4,-13],[0,-12],[1,-5],[0,-6],[1,-9],[-3,0],[-6,-2],[-2,-1],[-3,0],[-2,-4],[0,-3],[5,-33],[1,-3],[3,-19],[1,-8],[11,-21],[-1,-6],[-4,-18],[-4,-20],[-1,-6],[-4,-16],[-1,-6],[1,-7],[1,-2],[-3,-6],[-5,-7],[-6,-11],[-6,-11],[-3,-9],[-11,-23],[-1,-2],[-4,-15],[-2,-11],[-1,-3],[2,-13],[2,-8],[1,-6],[4,-13],[1,-4],[-2,-2],[-8,-5],[-4,1],[-2,2],[0,2],[-5,0],[-6,0],[-42,3],[-5,3],[-3,0],[-3,2],[-5,2],[-9,5],[-19,9],[-9,0],[-2,0],[-7,7],[-1,3],[0,2],[-4,6],[-16,18],[-3,0],[-3,1],[-2,-4],[-2,-2],[-3,1],[-8,2],[0,-2],[-6,-3],[-1,0],[0,2],[-3,3]],[[5279,4124],[-1,1],[-1,2],[-2,2],[-3,2],[-6,8],[-2,6],[-2,6],[-5,7],[-30,34],[-3,-1],[-4,2],[-8,12],[-1,2],[0,4],[-3,2],[-5,-2],[-10,-3],[-2,4],[-5,6],[1,8],[-1,5],[-1,6],[-4,11],[-4,10],[-3,8],[-6,13],[-9,6],[-3,1],[-4,2],[-5,24],[-4,6],[-2,6],[-4,17],[-1,11],[-1,4],[0,13],[-1,15],[0,9],[0,11],[3,17],[2,3],[3,4],[1,5],[1,9],[-2,15],[-2,11],[-1,10],[-3,26],[10,20],[4,10],[12,16],[2,0],[3,0],[3,3],[2,18],[-1,12],[-1,5],[0,9],[0,4],[1,24],[5,18],[5,11],[5,14],[3,11],[4,13],[0,2],[-4,19],[0,2],[-1,18],[-8,15],[-5,-5],[-6,-7],[-3,1],[-1,1],[-1,4],[-2,2],[-1,0],[-7,-1],[-3,0],[-2,-3],[0,3],[-2,6],[-2,6],[-1,2],[-2,14],[-1,13],[5,4],[3,7],[0,4],[-1,5],[3,11],[3,7],[3,9],[6,22],[0,19],[0,5],[-2,6],[-1,4],[3,5],[11,27],[0,2],[2,3],[9,-9],[1,7],[5,9],[2,0],[3,1],[1,-2],[7,11],[2,6],[0,14],[-1,8],[2,9],[2,15],[4,9],[2,3],[1,0],[5,11],[2,4],[0,3],[-1,4],[2,13],[2,9],[3,13],[-3,0],[-5,2],[-7,4],[-10,6],[-8,1],[-1,0],[-2,4],[-4,4],[-4,2],[-3,-4],[-4,2],[-2,-3],[-4,0],[-4,2],[-1,4],[2,1],[1,6],[-6,4],[-3,2],[-1,0],[-7,0],[-3,0],[-5,-1],[-11,6],[-4,2],[-9,12],[-8,9],[-9,10],[-21,23],[-4,4],[3,26],[4,38],[2,24],[0,5],[0,6],[0,4],[2,25],[6,9],[7,13],[1,0],[10,29],[1,5],[3,0],[3,0],[3,-2],[2,-2],[3,-6],[1,-2],[3,-3],[7,-1],[2,-1],[8,-6],[8,-6],[3,-4],[0,-2],[4,-9],[4,-4],[12,-8],[3,0],[18,12],[5,3],[6,22],[-1,6],[-1,4],[-2,5],[-6,17],[-4,10],[1,18],[-1,0],[-9,2],[0,-2],[-13,-1],[-2,-2],[-1,-5],[-1,-6],[-1,-5],[-1,-6],[-3,-1],[-4,-4],[-17,1],[-2,2],[-3,5],[-2,8],[0,13],[0,11],[-1,9],[-2,0],[-2,-2],[-2,-1],[-4,3],[-11,8],[-2,0],[-3,0],[-5,-1],[-3,-2],[-2,-2],[-7,6],[0,-2],[-7,-5],[-3,2],[-3,-2],[-11,-7],[-15,-3],[-16,-3],[-3,4],[-5,2],[-2,0],[-1,-4],[-2,-3],[-1,-2],[-7,-13],[-1,4],[-5,9],[-10,8],[-7,4],[-7,9],[-2,6],[-2,9],[-9,6],[-7,7],[-4,0],[0,4],[-3,11],[-2,0],[-13,0],[-5,-1],[-2,0],[-7,0],[-12,-2],[-6,0],[0,11],[-2,20],[-2,6],[-15,7],[-11,2],[-3,20],[0,4],[0,1],[1,11],[-1,6],[2,27],[-2,0],[-3,-2],[0,4],[0,3],[0,7],[3,2],[6,6],[0,3],[0,9],[-3,4],[-1,2],[-1,3],[-1,2],[1,7],[2,2],[4,0],[4,0],[0,2],[-1,6],[-2,7],[-1,7],[1,7],[-2,4],[-2,3],[-1,4],[-1,4],[-1,7],[-4,11],[-1,3],[-5,8],[-3,5],[-2,2],[0,9],[1,7],[0,6],[-1,5],[-3,4],[-3,3],[0,4],[-2,14],[0,2],[2,4],[5,7],[2,-2],[3,0],[2,6],[0,7],[0,4],[0,9],[1,7],[0,7],[-3,8],[4,12],[1,19],[-3,9],[-1,7],[2,11],[3,20],[2,2],[1,4],[0,1],[-1,8],[-5,38],[-3,14],[0,20],[3,4],[1,6],[2,3],[-2,4],[-1,2],[0,2],[9,16],[3,4],[16,13],[3,2],[3,0],[2,0],[2,-7],[3,-5],[1,-4],[1,-7],[9,-3],[3,0],[5,0],[6,-2],[1,-4],[2,-1],[4,-4],[6,-11],[-2,-5],[-2,-8],[3,-13],[1,-5],[4,2],[3,2],[14,-13],[3,-4],[-1,4],[0,7],[4,4],[2,2],[2,5],[-1,0],[0,4],[-3,15],[0,15],[0,5],[4,9],[10,24],[2,6],[0,3],[-2,8],[-2,11],[3,3],[0,10],[0,9],[-2,0],[-9,3],[-6,0],[-6,0],[-2,2],[-1,2],[-11,18],[-2,0],[-4,1],[-5,11],[-2,2],[-9,14],[-3,4],[-2,0],[-1,-4],[0,-4],[-1,2],[-3,6],[-4,-1],[-6,4],[-4,5],[-1,4],[-2,0],[-3,0],[-3,-1],[-1,10],[-1,5],[0,7],[3,9],[2,2],[0,2],[0,6],[-1,12],[-1,2],[-2,2],[-4,3],[-1,-2],[-11,-4],[-6,-11],[-4,-6],[-1,-18],[1,-5],[1,-6],[-2,-1],[-5,-3],[-2,4],[-1,2],[-3,-2],[-6,-10],[-3,-7],[-10,-6],[-1,-4],[-3,4],[-1,2],[-1,0],[-3,1],[-1,-3],[-10,-1],[-3,-2],[-3,-4],[-2,-5],[-4,-6],[-1,0],[-5,-2],[-3,1],[-3,-9],[-1,-2],[-1,-4],[0,-1],[-2,-4],[-10,-3],[-3,2],[0,-2],[0,-7],[0,-2],[0,-2],[-1,-2],[-4,2],[-13,-12],[0,-9],[-4,0],[-16,-5],[-1,-2],[-15,2],[-2,1],[-2,0],[-1,0],[-1,5],[0,2],[-3,0],[-3,-2],[-7,-6],[-3,-4],[-2,-4],[0,-2],[-1,-2],[-2,-2],[-1,0],[-3,-2],[-1,0],[-1,1],[1,6],[1,4],[-2,7],[-1,-2],[-1,0],[-3,13],[-2,4],[0,5],[0,11],[0,7],[8,12],[1,6],[2,7],[2,8],[-1,5],[-1,2],[-2,-1],[-5,-6],[-2,-2],[-3,-6],[-3,-4],[-8,-8],[-13,-2],[0,2],[0,4],[0,5],[3,17],[-5,-5],[-9,-7],[-9,4],[-3,3],[-1,4],[-1,2],[-2,1],[-3,-2],[-2,-2],[-2,-5],[-3,-2],[-5,12],[0,2],[-6,11],[-1,1],[-3,0],[-6,7],[-2,10],[2,21],[-1,1],[-3,8],[-2,-3],[-1,0],[-16,-9],[1,6],[1,5],[3,6],[2,4],[0,4],[-2,7],[-3,2],[-2,-1],[0,2],[-1,6],[-1,9],[0,2],[2,6],[2,3],[0,2],[0,4],[-5,0],[-3,-6],[-7,-5],[-2,1],[-1,6],[0,4],[1,2],[2,3],[1,4],[2,6],[0,5],[-2,8],[1,6],[-1,1],[-1,2],[-3,4],[-2,0],[-7,-9],[-1,-5],[-2,-4],[-7,-15],[-6,2],[-2,4],[-1,4],[-1,4],[-2,3],[-2,4],[-2,-2],[-3,-1],[-2,-2],[-1,-2],[0,-2],[0,-5],[-1,-6],[-2,-2],[-3,-5],[-1,-2],[-2,-2],[-13,-3],[-3,2],[-3,-4],[-2,-1],[-2,0],[-6,-11],[-1,-4],[-4,0],[-2,-2],[-3,2],[-5,12],[-2,7],[-2,8],[-1,2],[-1,7],[-2,2],[-14,16],[-6,0],[-5,-2],[-3,-1],[-1,0],[-2,-4],[-3,-3],[-4,-8],[-1,-5],[-5,-11],[-1,-5],[-1,-2],[-2,-6],[-1,-3],[-3,-2],[-10,1],[-1,-4],[-1,-2],[-5,-23],[-1,-15],[-1,-3],[-1,-11],[-1,-2],[-1,0],[-2,-1],[-1,0],[-1,-2],[-1,0],[0,-2],[-2,-7],[-4,-19],[-1,-15],[-1,-11],[0,-2],[-2,1],[-2,0],[-7,9],[-1,4],[-1,2],[0,4],[-1,2],[-2,2]],[[4365,6143],[1,28],[-7,43],[0,14],[-14,14],[-13,42],[-35,57],[-50,84],[-7,29],[-14,28],[0,70],[-6,42],[7,14],[8,14],[0,28],[0,14],[15,0],[14,-28],[4,16],[5,17],[5,17],[-1,20],[9,18],[1,1],[8,8],[8,7],[10,3],[11,9],[5,8],[-1,3],[4,0],[0,28],[8,14],[7,0],[8,14],[0,28],[7,15],[1,14],[7,14],[1,31],[8,9],[10,6],[11,0],[14,-1],[4,5],[19,16],[17,9],[14,3],[5,5],[22,-2],[15,27],[7,25],[8,13],[10,21],[0,1],[13,25],[9,22],[2,6],[11,22],[1,3],[14,14],[18,15],[17,14],[13,12],[13,9],[16,15],[16,11],[15,-3],[20,1],[15,7],[18,13],[12,14],[11,10],[8,5],[1,1],[8,6],[16,2],[27,-4],[23,-2],[15,-5],[17,7],[17,11],[17,16],[16,18],[13,19],[19,29],[17,30],[17,29],[4,9],[11,35],[12,23],[14,22],[9,13],[6,9],[14,24],[12,15],[8,24],[4,28],[-2,14],[4,31],[3,22],[4,30],[6,22],[7,24],[1,26],[0,4],[-1,16],[-4,18],[0,4],[-5,13],[-3,2],[-5,25],[0,11],[2,11],[5,35],[1,12],[3,16],[5,32],[7,34],[1,8],[3,12],[1,2],[4,21],[1,4],[4,17],[3,6],[0,14],[-6,28],[-7,1],[1,42],[7,13],[-20,43],[0,24],[0,18],[8,0],[7,27],[7,-14],[0,-14],[7,-15],[12,0],[2,0],[7,13],[1,11],[0,17],[14,-15],[7,14],[1,14],[7,13],[7,0],[1,28],[-7,0],[8,28],[0,14],[7,-1],[14,-1],[34,-72],[14,-14],[0,-8],[5,-7],[2,0],[6,-12],[2,-2],[13,-1],[0,14],[8,13],[0,14],[14,0],[10,-21],[2,-1],[11,-13],[9,-17],[4,-6],[13,-1],[14,-15],[4,-9],[3,-1],[7,-11],[6,-24],[0,-12],[0,-2],[5,-12],[15,-15],[12,-14],[12,-12],[13,-17],[11,-8],[6,-5],[9,-9],[10,23],[5,27],[10,-4],[8,25],[-5,29],[0,21],[13,10],[-4,21],[2,19],[9,18],[1,1],[0,-2],[3,-5],[0,-12],[1,-2],[3,-18],[11,31],[11,26],[13,16],[16,3],[5,27],[5,26],[-11,22],[12,25],[7,29],[3,26],[1,20],[1,17],[0,8],[0,4],[8,12],[0,28],[-8,27],[-13,20],[0,8],[8,17],[0,40],[-3,23],[-2,19],[1,12],[4,37],[-1,16],[-1,14],[-8,13],[-8,0],[1,14],[-7,15],[-14,15],[0,14],[23,25],[-8,1],[16,26],[5,40],[4,29],[0,24],[3,3],[5,0],[7,13],[1,4],[5,8],[2,14],[1,2],[0,1],[5,1],[0,-3],[6,1],[3,0],[9,2],[9,1],[8,2],[1,-17],[9,1],[0,-7],[5,-2],[4,-6],[10,-15],[0,-1],[10,-15],[0,-5],[1,-12],[5,1],[2,0],[1,0],[1,-3],[0,-4],[0,-10],[5,1],[1,0],[3,1],[0,-8],[1,-1],[2,-5],[1,-1],[1,-1],[5,0],[0,-5],[0,-11],[0,-1],[1,1],[2,-8],[7,-15],[1,-10],[4,1],[5,1],[0,-13],[0,-4],[1,-17],[9,1],[3,1],[7,-3],[6,-10],[3,-7],[0,-12],[5,1],[4,1],[9,1],[0,-11],[9,-5],[6,-2],[16,-5],[7,-1],[8,-17],[8,-15],[-1,-3],[3,0],[0,-14],[1,-3],[6,1],[2,0],[0,1],[1,-6],[0,-4],[0,-7],[1,-17],[5,0],[3,1],[1,0],[0,-1],[0,-13],[3,-3],[4,1],[2,1],[1,-7],[0,-3],[0,-7],[3,0],[6,1],[4,1],[3,0],[2,0],[0,-2],[11,-11],[2,-33],[-2,-10],[1,-10],[-1,0],[-2,0],[-6,-2],[0,-17],[-8,-1],[-9,-2],[-9,-1],[-9,-2],[0,-4],[1,-13],[-3,0],[0,-9],[-8,-15],[-6,-3],[1,-10],[0,-5],[3,-11],[6,1],[1,-15],[0,-2],[1,0],[8,1],[9,2],[4,1],[4,0],[1,-17],[9,2],[1,-17],[-7,-1],[0,-1],[-2,-8],[1,-9],[0,-17],[1,-9],[5,-6],[0,-1],[4,1],[1,-17],[6,1],[2,0],[9,2],[1,-17],[9,1],[9,2],[0,-10],[12,-2],[3,-3],[3,1],[0,-4],[2,-2],[3,-11],[5,1],[0,-9],[8,-6],[10,3],[4,2],[11,16],[2,0],[9,2],[3,0],[6,1],[8,1],[9,2],[1,-11],[3,-6],[6,1],[9,2],[8,1],[3,1],[6,1],[9,1],[9,2],[0,-12],[1,-5],[6,1],[6,-5],[3,-1],[3,-2],[11,-6],[7,1],[8,2],[1,-11],[0,-6],[5,1],[4,0],[0,-8],[1,-8],[0,-1],[9,2],[1,0],[7,1],[1,0],[1,0],[7,2],[9,1],[9,1],[0,-9],[1,-7],[0,-1],[0,1],[4,0],[4,1],[1,-5],[0,-1],[0,-11],[7,1],[2,0],[0,-2],[1,-15],[0,-17],[9,2],[1,-17],[9,1],[0,-17],[9,2],[9,1],[1,-17],[0,-17],[1,-17],[1,-17],[9,1],[8,2],[0,17],[9,1],[-1,17],[9,2],[-1,17],[9,1],[-1,17],[0,12],[1,4],[5,0],[0,2],[2,1],[0,15],[0,2],[4,14],[4,13],[5,-1],[2,-7],[2,0],[0,-11],[0,-6],[1,0],[1,-3],[7,1],[1,-13],[9,1],[-1,16],[1,1],[8,2],[-1,10],[4,9],[0,17],[-1,17],[-1,16],[1,14],[11,3],[18,0],[1,0],[0,-13],[9,2],[0,6],[2,-1],[7,-6],[9,17],[6,22],[1,0],[0,2],[6,16],[2,15],[2,14],[1,6],[5,1],[-1,17],[0,13],[1,5],[1,16],[0,8],[-3,9],[-1,4],[0,13],[-4,-1],[-2,10],[1,15],[8,3],[9,-2],[10,6],[4,7],[2,4],[1,-3],[5,0],[0,-15],[8,-18],[2,1],[0,-4],[9,-10],[5,-7],[2,-11],[3,1],[0,-18],[1,-6],[1,-7],[1,-3],[3,-6],[1,-5],[3,1],[7,2],[2,0],[8,-1],[1,-1],[3,-3],[6,1],[0,-9],[15,-6],[3,1],[9,1],[1,-5],[0,-12],[4,1],[5,0],[0,-12],[0,-5],[5,1],[4,1],[6,1],[3,11],[0,2],[5,5],[3,0],[9,2],[0,12],[3,5],[5,1],[9,2],[0,8],[2,2],[2,7],[1,0],[3,11],[4,8],[2,4],[8,-3],[3,1],[0,-2],[8,-14],[2,0],[0,-8],[0,-1],[4,-20],[2,-21],[2,-17],[3,0],[8,1],[5,8],[5,3],[4,2],[5,-9],[0,-1],[0,-17],[6,1],[3,1],[1,-17],[0,-9],[6,-26],[3,-15],[2,-8],[14,2]],[[5279,4124],[0,-3],[3,-9],[1,-2],[2,1],[1,-5],[0,-4],[2,-32],[-3,-16],[-3,-4],[-1,-1],[-1,-4],[-2,-17],[0,-7],[0,-6],[-2,-5],[-6,-15],[-2,-12],[0,-10],[0,-3],[0,-4],[-1,-9],[-2,-19],[-2,-3],[-3,-2],[-3,-5],[-1,-4],[-4,-7],[1,-11],[1,-4],[-1,-13],[1,-6],[1,-5],[3,1],[8,-23],[0,-14],[0,-8],[0,-2],[0,-5],[-2,-13],[-1,-3],[6,-23],[4,-7],[2,-4],[2,-9],[-1,-6],[-1,-7],[2,-11],[1,-4],[0,-1],[0,-2],[2,-2],[0,-6],[0,-3],[-1,-2],[-1,-3],[0,-4],[1,-4],[4,-27],[5,-18],[5,-26],[7,-27],[6,-45],[0,-3],[-1,-6],[-1,-1],[-2,-5],[-2,-16],[-2,-11],[-2,-16],[0,-3],[1,-4],[0,-2],[2,-2],[5,0],[2,-4],[-1,-31],[-3,-16],[-2,-16],[3,-16],[4,-11],[6,-12],[3,-1],[15,-1],[1,-5],[1,-5],[0,-4],[1,-5],[9,-17],[9,0],[2,3],[4,0],[8,3],[9,-2],[1,-2],[9,-6],[3,-3],[3,-1],[2,0],[3,2],[0,2],[3,5],[3,0],[2,-4],[1,-4],[1,-3],[1,-6],[2,-3],[2,-2],[3,0],[2,0],[4,-4],[6,-9],[1,-2],[-1,-2],[0,-3],[1,-9],[1,-4],[7,2],[8,-4],[4,-2],[0,5],[0,2],[0,9],[0,5],[1,5],[0,4],[2,10],[1,2],[8,21],[4,6],[2,2],[1,0],[2,-2],[7,-2],[6,2],[2,1],[11,-4],[3,-2],[4,-5],[0,-6],[1,-5],[2,-4],[2,-5],[2,-5],[2,-6],[1,-5],[8,8],[11,11],[5,10],[6,3],[3,2],[9,22],[-4,13],[0,5],[1,5],[0,4],[2,0],[3,-2],[1,-2],[4,-2],[1,0],[8,9],[0,1],[0,2],[0,4],[1,3],[3,2],[12,8],[1,0],[2,-2],[6,-2],[3,-3],[-3,-6],[-1,-3],[0,-4],[0,-3],[0,-4],[1,-5],[2,-4],[1,-21],[1,-18],[-3,-7],[-1,-1],[-2,-11],[1,-5],[1,-4],[1,-3],[12,-11],[3,-2],[3,-2],[8,-7],[3,-4],[6,-7],[0,-4],[1,-2],[1,0],[10,-9],[1,0],[5,-7],[1,-7],[0,-4],[3,-16],[1,-10],[0,-4],[-3,-10],[-17,-21],[-3,-7],[-1,-5],[1,-4],[3,-10],[1,0],[7,-8],[6,-10],[1,-4],[2,-12],[1,-4],[5,-7],[5,-6],[2,-5],[1,-3],[0,-6],[6,-10],[3,-8],[9,-12],[2,-2],[15,-18],[0,-5],[-3,-9],[-1,0],[-2,0],[-1,-2],[-1,-10],[0,-4],[-4,-5],[4,-7],[2,-4],[9,2],[3,3],[0,4],[2,-2],[6,-16],[0,-2],[2,-2],[0,-7],[3,-19],[3,0],[2,0],[22,-12],[3,-5],[3,-4],[2,0],[4,-2],[2,-1],[6,-9],[5,-8],[4,-7],[2,-9],[5,-12],[0,-4],[2,-8],[14,-15],[9,-7],[8,-6],[2,-3],[1,-6],[0,-3],[-2,-2],[-1,-5],[1,-5],[2,-6],[2,-5],[1,-2],[-2,-7],[-4,-7],[-3,-3],[-2,-4],[-1,-5],[-3,-3],[-6,0],[-2,0],[-1,4],[-4,1],[-3,2],[-5,-1],[-4,-2],[-3,-5],[-4,-3],[-4,0],[-1,1],[-4,4],[-6,16],[-1,5],[-1,6],[-2,5],[-3,9],[-2,2],[-3,-2],[-3,-2],[-3,-3],[-7,-10],[-1,-4],[-2,-5],[-5,-2],[-3,-1],[-2,-2],[-5,-10],[-1,-4],[-2,-3],[-4,0],[-5,-7],[-3,-9],[-5,-10],[-4,-10],[-1,3],[-6,-1],[-13,-17],[-2,-5],[-2,-21],[-1,-7],[-1,-7],[0,-7],[-1,-9],[7,-6],[6,-16],[4,-12],[14,-41],[2,-5],[4,-6],[0,-2],[-1,-10],[-2,-10],[-2,-9],[-2,-9],[-3,-7],[-3,-7],[-1,-1],[-2,-2],[-5,-12],[-6,-23],[-5,-26],[-1,-7],[-8,-20],[-3,0],[-1,-6],[-10,-31],[-1,-7],[0,-30],[1,-19],[0,-28],[0,-5],[0,-2],[-1,-3],[-8,-12],[-6,-5],[-10,-9],[-2,-3],[-2,-4],[0,-17],[-7,-19],[-4,-7],[-2,-2],[0,-3],[0,-4],[0,-7],[0,-5],[-1,-12],[-2,-5],[-5,-11],[-7,-10],[-8,-15],[-2,-7],[-1,-4],[-2,0],[-4,-5],[-7,2],[-2,2],[-1,0],[-2,-1],[-3,-2],[-2,-5],[-4,-7],[-1,-5],[-1,-2],[-1,-2],[-5,-1],[-2,0]],[[4090,2768],[-6,1],[-7,7],[-7,8],[-12,28],[-4,12],[-5,11],[-3,3],[-6,8],[-13,6],[-12,8],[-5,0],[-4,-4],[-2,7],[-2,7],[-2,9],[-1,5],[-3,-2],[-3,-2],[-6,0],[-5,7],[-6,3],[-6,3],[-5,-4],[-3,-6],[-6,-9],[-3,-11],[-12,2],[-2,6],[-10,15],[-11,14],[-2,14],[-1,14],[-4,18],[-13,3],[-6,5],[-8,10],[-6,5],[-7,2],[-4,-1],[-9,4],[-2,-26],[-24,-27],[-20,-3],[-10,12],[-10,13],[-9,-10],[-4,-11],[-3,-7],[-2,0],[-6,-4],[-7,4],[-8,16],[-6,14],[-3,6],[-6,-6],[-13,-11],[-12,-11],[-10,-9],[-7,-7],[-2,-20],[-2,-27],[-2,-21],[-2,-22],[-4,-7],[-8,-10],[-5,-11],[-2,0],[-10,-3],[-8,0],[-7,-3],[-11,-9],[-7,-8],[-2,-5],[0,-6],[-1,-12],[-2,-5],[0,-5],[-9,0],[-14,1],[-9,-1],[-2,0],[-3,-6],[-8,-19],[-3,-5],[-5,-11],[-5,-12],[-8,-14],[-4,-3],[-4,-1]],[[3547,2662],[-8,26],[-22,22],[-24,-3],[-2,-1],[-24,-3],[-4,-1],[-1,0],[-24,-23],[-7,-2],[-22,2],[0,-1]],[[3409,2678],[-3,9],[-2,7],[1,4],[0,8],[1,13],[1,17],[0,6],[-2,17],[0,3],[-3,13],[-7,30],[0,5],[-2,6],[-2,3],[-1,4],[-3,7],[-1,4],[-1,9],[-1,7],[-1,10],[-2,13],[-1,5],[-1,2],[-8,8],[-7,7],[-1,8],[-2,5],[-3,20],[-2,17],[-1,5],[-2,8],[-4,29],[-1,5],[-1,8],[0,3],[2,6],[1,6],[-3,16],[-1,9],[-1,9],[0,11],[0,6],[-2,13],[-1,3],[-1,4],[0,7],[3,4],[3,9],[2,6],[1,22],[-1,4],[-1,16],[-1,11],[-2,6],[4,5],[4,8],[1,6],[2,5],[4,17],[1,9],[1,9],[1,8],[4,13],[5,13],[5,6],[1,2],[-1,5],[-2,8],[-1,6],[-2,11],[0,2],[-6,27],[0,2],[-2,3],[-5,2],[-10,14],[-7,12],[-4,6],[-3,16],[1,15],[5,17],[2,5],[1,6],[2,5],[2,2],[1,2],[5,0],[2,8],[0,2],[0,5],[7,17],[4,7],[0,8],[1,3],[4,15],[10,17],[14,-19],[2,-2],[2,-5],[3,-15],[10,-17],[6,-7],[2,-4],[0,4],[1,4],[5,9],[9,12],[11,15],[0,4],[-1,5],[4,2],[2,1],[4,0],[4,-3],[7,0],[2,2],[12,-1],[8,-6],[3,0],[10,12],[8,23],[3,13],[2,0],[1,-2],[6,6],[4,3],[4,-4],[1,-1],[1,-9],[2,-5],[-1,-8],[1,-7],[5,-10],[12,7],[3,2],[1,4],[4,13],[3,2],[2,-2],[1,-1],[1,-6],[4,-8],[2,-3],[2,-2],[1,4],[2,2],[5,13],[6,13],[5,14],[8,15],[8,19],[6,17],[1,5],[0,18],[21,-8],[2,-1],[0,-2],[0,-2],[0,-2],[3,-10],[17,7],[4,2],[2,2],[1,2],[2,-13],[7,-12],[9,-8],[10,-10],[19,-15],[4,-3],[4,2],[11,10],[3,2],[4,2],[7,1],[7,-5],[3,-2],[1,0],[7,3],[4,5],[4,12],[1,7],[2,6],[12,10],[17,14],[3,4],[2,0],[12,-4],[6,-5],[18,-6],[10,11],[2,2],[7,13],[3,15],[2,13],[2,6],[4,1],[2,0],[1,-2],[2,-3],[2,16],[1,8],[0,4],[1,11],[-6,10],[-2,2],[-1,3],[-3,2],[-3,3],[0,15],[1,5],[2,4],[-9,10],[0,4],[-2,3],[0,4],[0,6],[1,9],[-1,2],[-3,-3],[1,10],[6,26],[2,4],[8,5],[7,4],[2,0],[1,2],[1,2],[2,11],[0,4],[3,11],[7,25],[13,-4],[10,-10],[4,2],[6,3],[9,8],[8,7],[3,5],[0,6],[2,-2],[4,3],[2,2],[2,2],[3,2],[8,-3],[2,-7],[6,-9],[5,-6],[3,0],[5,-1],[2,2],[5,8],[11,19],[2,4],[0,4],[0,3],[0,8],[1,5],[3,6],[3,4],[2,0],[1,2],[0,2],[2,8],[1,5],[4,10],[13,12],[2,0],[2,1],[2,0],[4,-2],[3,6],[2,4],[0,7],[1,6],[0,9],[5,17],[3,6],[3,4],[2,11],[2,4],[3,24],[1,27],[-1,3],[-4,4],[-4,24],[0,11],[1,13],[1,5],[5,8],[6,4],[8,1],[12,-6],[6,-1],[5,-3],[12,11],[5,6],[2,7],[7,17],[3,-2],[10,12],[6,2],[-3,16],[0,4],[1,5],[0,11],[-6,8],[-2,1],[-3,2],[-2,0],[-2,1],[-3,7],[-8,15],[-3,5],[-3,1],[-2,9],[-1,7],[-2,15],[-5,-2],[-2,2],[-2,4],[-2,6],[-2,8],[-1,10],[0,13],[-4,22],[-3,13],[-1,21],[1,7],[-4,-2],[-9,6],[-11,20],[-10,20],[2,3],[4,4],[1,0],[3,0],[4,7],[2,5],[3,9],[11,33],[-1,13],[2,2],[6,11],[4,7],[8,13],[-5,8],[-3,7],[-4,6],[-6,10],[-2,5],[-13,7],[-14,9],[-11,8],[-6,2],[-4,0],[-4,0],[-7,5],[-5,5],[-4,5],[-5,4],[-5,2],[-4,0],[-4,0],[-9,4],[-1,2],[-4,4],[-6,20],[-1,5],[-1,15],[0,36]],[[3985,4768],[4,-1],[9,39],[7,36],[5,27],[6,31],[6,25],[4,11],[10,-5],[3,-2],[3,-2],[13,23],[12,-24],[3,-2],[7,-7],[11,0],[7,15],[11,15],[10,10],[13,0],[8,0],[6,0],[10,-12],[13,1],[18,4],[14,-2],[11,-14],[10,-16],[5,-17],[6,-17],[12,7],[8,13],[8,19],[1,1],[4,-12],[-9,-40],[-19,-17],[4,-30],[4,-18],[13,-26],[1,-3],[8,0],[0,5],[2,0],[7,-23],[12,-21],[29,-40],[1,-1],[-1,-4],[-1,-3],[-3,-8],[-14,0],[-10,-8],[-7,-13],[-6,-18],[0,-5],[3,-7],[-4,-7],[0,-5],[-5,-21],[-5,-12],[-6,-20],[5,-18],[9,-17],[6,-20],[4,-21],[9,-16],[9,-16],[12,-10],[13,-4],[9,8],[8,3],[8,-14],[0,-2],[0,-15],[0,-15],[0,-30],[7,-15],[15,0],[18,-12],[3,-3],[8,-15],[0,-7],[0,-8],[29,-74],[8,0],[0,-1],[16,-14],[5,0],[0,-5],[3,-2],[13,-18],[18,-23],[12,-12],[12,0],[0,30],[0,14],[7,-15],[11,-11],[4,-4],[7,-29],[4,-16],[3,-1],[5,5],[4,-16],[14,27],[0,28],[16,14],[23,42],[-1,83],[-6,0],[0,11],[0,3],[0,23],[-2,6],[-14,31],[1,2],[13,38],[1,14],[15,27],[7,28],[-15,2],[-7,43],[0,29],[15,13],[23,-3],[0,29],[-13,25],[-1,19],[0,3],[7,27],[8,22],[7,17],[7,17],[11,-4],[4,10],[3,8],[1,15],[4,8],[-5,10],[-3,13],[-7,13],[-2,3],[-2,25],[-5,23],[-7,17],[-5,19],[1,15],[1,9],[1,17],[1,33],[-10,14],[-14,16],[-11,28],[-4,19],[-1,4],[-2,3],[0,13],[-8,1],[0,14],[-15,2],[-11,16],[-11,15],[-7,1],[0,-14],[-7,-14],[0,-10],[-2,-4],[-7,-10],[-11,-12],[-5,-3],[-38,6],[-6,15],[0,15],[-14,-12],[-13,2],[-7,15],[-7,16],[-12,15],[5,20],[8,37],[3,27],[4,0],[6,-1],[7,13],[0,13],[7,18],[6,20],[4,19],[-15,39],[5,3],[7,3],[8,20],[6,22],[10,17],[4,12],[4,14],[7,21],[7,26],[-6,18],[8,30],[5,17],[3,12],[10,20],[5,18],[-3,9],[-10,31],[-9,33],[-10,35],[-6,26],[-7,33],[-8,30],[-7,24],[6,13],[-1,4],[-11,16],[-7,22],[-5,23],[-3,27],[-1,17],[-4,10],[-6,-7],[-6,-10],[-6,-4],[-5,16],[-1,17],[2,12],[0,10],[-10,17],[-10,4],[-15,0],[-12,2],[-2,2],[3,13],[-7,0],[1,28],[-7,0],[0,29],[-13,70]],[[8472,1739],[-8,3],[-6,-11],[-3,-16],[4,-29],[8,-19],[6,-23],[-8,-14],[-3,-5],[2,-43],[-4,-28],[-3,-29],[0,-4],[5,-28],[-8,-23],[5,-21],[-10,-24],[8,-23],[6,-32],[9,-31],[1,-15],[2,-17],[7,0],[7,-5],[9,-23],[12,-8],[4,-17],[3,-18],[4,-15],[2,-10],[1,0],[2,-8],[2,-16],[1,-20],[-2,-17],[-3,-16],[0,-15],[1,-15],[1,-13],[-1,-17],[-11,15],[-10,9],[-9,7],[-8,10],[-6,21],[-5,18],[0,7],[-7,6],[-7,2],[-14,4],[-17,8],[-17,8],[-12,8],[-8,16],[-9,17],[-12,21],[-15,21],[-14,10],[-16,15],[-17,14],[-18,5],[-15,2],[-17,1],[-16,5],[-15,-6],[-13,-13],[-10,-14],[-9,-13],[-9,-17],[-1,-2],[-13,-21],[-18,-10],[-15,-1],[-17,11],[-8,-19],[-7,-3],[-9,8],[-15,9],[-12,2],[-12,13],[-9,14],[-11,3],[-15,-3],[-4,-6],[-7,-11],[10,-27],[-13,-26],[-11,16],[-8,-25],[-5,-32],[-12,9],[-8,7],[-13,2],[0,15],[-13,9],[-14,-34],[-18,3],[-17,-41],[-10,-7],[0,-24],[6,-24],[3,-24],[-9,-23],[5,-17],[-11,-27],[-1,-3],[-9,8],[-12,-36],[-15,-7],[-3,-13],[0,-1],[-1,-8],[-11,-10],[-3,12],[-8,10],[-12,-6],[-6,-22],[-14,-2],[-8,24],[-1,24],[-6,20],[-2,20],[-2,17],[-9,2],[-12,0],[-2,6],[-6,18],[-13,21],[-10,18],[-14,-3],[-16,-9],[-18,5],[-13,-15],[-18,20],[-12,-8],[-5,-11],[-12,18],[-7,-7],[-11,-12],[-1,-1],[-1,-1],[-5,9],[-1,3],[-13,6],[-12,0],[-7,-11],[-10,-18],[-10,-12],[-16,2],[-14,0],[-22,-11],[-13,6],[-19,-1],[-18,22],[-11,28],[-13,14],[-8,-22],[-14,7],[-6,2],[-1,1],[-9,4],[-17,0],[-10,-35],[-12,19],[-2,14],[-18,6],[-10,-23],[-16,-26],[-4,-3],[0,1],[-1,1],[-9,22],[-14,15],[-2,-3]],[[4132,1072],[-6,-1],[-8,5],[-12,4],[-3,-3],[-6,-4],[-9,-8],[-1,-1],[-11,-6],[-10,7],[-3,9],[-1,4],[-2,6],[-1,1],[-5,9],[-7,2],[-6,-7],[-5,-7],[-8,-10],[-30,4],[-5,0],[-17,-3],[-11,-2],[-2,3],[0,1],[-1,1],[-9,8],[-8,10],[-3,3],[-10,19],[-19,26],[-28,5],[-8,2],[-1,0],[-6,1],[-6,3],[-4,3],[-1,1],[-20,13],[-28,17],[-18,24],[0,1],[-3,13],[-1,5],[-3,0],[-1,0],[-1,1],[-3,0],[-5,2],[-3,2],[-9,15],[-8,19],[-6,6],[-6,8],[-9,14],[-1,2],[-6,20],[-1,27],[-6,33],[-5,27],[-3,26],[-2,16],[-1,5],[-1,7],[-1,4],[-18,60],[-1,2],[0,2],[-21,12],[-19,10],[-10,-1],[-3,0],[-8,2],[-11,1],[-7,-4],[-6,11],[1,26],[1,8],[6,13],[3,23],[-4,22],[-3,7],[0,2],[1,12],[8,28],[4,16],[4,8],[7,15],[2,20],[-2,15],[0,2],[-5,6],[-1,0],[-5,5],[-2,14],[-3,13],[-3,17],[-1,1],[1,1],[1,6],[-3,9],[-5,26],[-9,38],[1,4],[0,3],[-4,12],[-3,5],[0,3],[-1,0],[-3,5],[-10,4],[-13,3],[-14,3],[-7,-2],[0,-11],[-17,-26],[-1,-1],[-10,-13],[-4,8],[-17,61],[-4,16],[-1,8],[-7,20],[-4,3],[-6,5],[-13,4],[-5,0],[-10,-1],[-1,1],[-8,12],[-3,2],[-8,5],[-1,0],[12,22],[5,14],[0,3],[1,6],[4,19],[3,17],[-28,74],[-3,8],[-6,18],[-1,20],[-1,12],[2,24],[0,24],[0,6],[-1,0],[-3,3],[-1,2],[-5,23],[1,19],[0,9],[-1,1],[-5,25],[7,29],[11,18],[15,20],[1,2],[2,-2],[8,-7],[21,4],[5,2],[22,15],[1,0],[18,17],[2,1],[3,8],[1,21],[1,4],[1,3],[6,22],[-1,21],[0,10],[3,4],[14,16],[4,10],[4,9],[1,4],[3,3],[6,7],[-8,27]],[[3409,2678],[-8,-12],[-12,-11],[-5,-5],[-41,-37],[-8,-8],[-10,-9],[-4,-4],[-9,-8],[-15,-14],[-20,0],[-3,-16],[-7,-2],[-8,-3],[-27,13],[-9,-3],[-1,-2],[-4,-7],[-6,6],[-12,-9],[-3,-10],[-1,-1],[-9,-9],[-5,3],[-5,-15],[-6,-23],[-13,13],[-6,3],[-8,-7],[-95,-132],[-28,-22],[-2,-1],[-11,-9],[-19,-14],[-3,-1],[-47,-8],[-1,0],[-3,-4],[-32,-45],[0,-1],[-1,1],[-24,7],[-5,11],[0,1],[-5,31],[-8,26],[-12,9],[-27,1],[-25,-2],[-21,23],[-13,11],[-7,14],[-4,7],[-3,6],[-2,7],[-4,8],[-5,0],[-6,-1],[-9,-9],[-1,0],[-5,-10],[-1,-2],[-6,-4],[-5,-3],[-10,-11],[-2,-1],[-8,-11],[-7,-16],[-6,-5],[-5,-4],[-20,-8],[-19,-22],[-8,32],[-8,16],[-4,8],[-12,12],[-6,6],[-8,17],[-11,5],[-9,1],[-13,-3],[-7,-15],[-3,-19],[-1,-5],[-7,-27],[-1,0],[-1,-5],[-14,-11],[-5,-4],[-1,0],[-17,-41],[-8,-3],[-12,-21],[-14,-11],[-18,6],[-13,15],[-11,26],[-16,28],[-9,15],[-10,-1],[-14,-10],[-23,13],[-1,-2],[-2,-1],[-21,-24],[-14,5],[-23,-14],[-9,-9],[-9,-9],[-3,-2],[-15,-10],[-10,-16],[-19,4],[-7,-7],[-15,-15],[-10,19],[-22,-2],[-10,-15],[-15,2],[-4,-22],[1,-9],[1,-8],[1,-9],[1,-3],[0,-20],[0,-20],[-8,-10],[-7,-26],[-35,-17],[-21,-10],[-2,-1],[-1,-12],[-1,-15],[0,-2],[-4,-13],[-9,-38],[0,-3],[1,-73],[0,-2],[-30,-103],[0,-1],[0,-3],[0,-59],[0,-20],[0,-50],[0,-9],[-6,-12],[-39,-74],[-21,-106],[-7,-6],[-14,-13],[-11,13],[-2,2],[-8,-4],[-11,-6],[-70,28],[-27,-10],[-30,-11],[-13,-5],[-1,-1],[-3,-1],[-31,35],[-26,5],[-6,2],[-14,3],[-6,8],[-11,23],[-1,3],[-12,26],[-3,6],[-2,1],[-3,1],[-4,2],[-6,-13],[-10,-6],[-2,-1],[-17,-5],[-28,10],[-4,24],[0,5],[6,15],[10,11],[6,26],[0,1],[13,17],[2,11],[1,4],[-1,17],[0,3],[-5,13],[-2,5],[-2,7],[-19,8],[-24,32],[-6,3],[-1,8],[-17,5],[-1,0],[-13,12],[6,37],[-7,17],[-8,7],[-15,13],[-5,7],[-5,7],[-12,-22],[-1,-2],[-3,-4],[-4,-2],[-16,-6],[-8,-4],[-16,-6],[-1,0],[-14,-6],[-39,-51],[-4,-5],[-16,-21],[-4,-3],[-4,-3],[-5,0],[-1,0],[-5,0],[1,3],[8,27],[1,2],[-2,1],[-8,6],[-1,0],[-14,-3],[-25,-10],[-4,1],[-8,2],[-11,3],[-13,18],[-11,17],[-4,6],[-1,2],[-7,-7],[-3,-2],[0,4],[0,5],[0,5],[0,4],[0,3],[2,11],[0,7],[0,8],[0,8],[0,4],[-1,7],[0,16],[0,3],[-1,4],[-1,2],[-3,5],[0,2],[-1,4],[0,2],[0,1],[0,1],[1,2],[3,8],[2,5],[3,6],[2,4],[1,2],[0,3],[1,8],[0,11],[1,5],[1,8],[1,5],[1,4],[0,2],[1,4],[0,10],[0,3],[1,2],[1,2],[0,1],[3,2],[3,6],[3,3],[0,1],[1,3],[1,6],[0,3],[0,4],[0,21],[1,4],[0,7],[0,2],[0,2],[0,1],[-2,5],[-1,2],[0,1],[-1,2],[0,3],[0,1],[0,4],[2,6],[0,2],[1,7],[0,2],[0,2],[-1,2],[0,1],[-1,1],[-2,2],[-2,1],[-4,2],[-1,0],[-1,1],[-1,1],[-1,2],[-3,5],[-1,2],[-5,7],[-2,5],[-1,1],[0,1],[-2,4],[-2,2],[-1,1],[-2,3],[-1,1],[-1,3],[-2,4],[-1,1],[-2,2],[-1,1],[-1,1],[-1,1],[-7,1],[-1,0],[-1,0],[-5,4],[-4,2],[-4,3],[-7,3],[-2,2],[-2,4],[-1,1],[-2,3],[-2,2],[-1,1],[-1,2],[-1,2],[0,3],[-1,3],[0,3],[0,3],[1,9],[1,2],[1,3],[1,5],[1,2],[0,3],[1,8],[0,5],[0,3],[0,5],[0,2],[0,2],[-1,1],[-1,2],[-1,2],[-3,4],[-2,2],[-1,1],[-2,4],[-1,2],[-2,4],[-3,4],[-3,2],[-1,2],[-2,5],[-1,2],[-2,5],[-1,5],[0,1],[-2,4],[-1,2],[-1,2],[-1,2],[-1,3],[-1,2],[-4,10],[-1,2],[-1,3],[-2,4],[-1,1],[-1,1],[-1,0],[-2,3],[-1,1],[-1,0],[-3,-1],[-2,0],[-1,-1],[-3,-3],[-1,-2],[-1,-2],[-1,-3],[-1,-3],[-1,-2],[-1,-2],[-1,-2],[-1,-2],[-1,-3],[-3,-4],[-1,-1],[-2,-1],[-1,-1],[-3,1],[-4,1],[-1,0],[-4,1],[-6,0],[-3,0],[-1,0],[-1,-1],[-1,0],[-1,-1],[-3,-5],[-3,-3],[-1,-1],[-1,-3],[-1,-4],[-1,-10],[0,-2],[0,-1],[-1,-2],[-1,-1],[-1,-2],[-1,-2],[-3,-2],[-1,-2],[0,-1],[0,-2],[0,-10],[-1,-3],[0,-2],[-2,-3],[-2,-4],[-2,-7],[-1,-2],[0,-2],[-2,-13],[0,-2],[0,-1],[-1,-3],[-2,-6],[-1,-2],[0,-7],[-2,-9],[-1,-7],[-1,-6],[-1,-7],[0,-2],[-1,-2],[-1,0],[0,-1],[-1,-1],[-2,0],[-5,0],[-2,0],[-1,0],[-1,-1],[-3,-4],[-1,-2],[-2,-2],[-1,-1],[0,-1],[-1,-1],[0,-1],[-1,-2],[0,-2],[-1,-4],[0,-9],[-2,-9],[0,-3],[0,-5],[0,-5],[0,-2],[0,-1],[2,-4],[1,-1],[0,-2],[1,-2],[1,-2],[1,-2],[1,-2],[2,-5],[1,-2],[0,-4],[0,-5],[0,-7],[0,-1],[0,-6],[0,-2],[-4,-2],[-5,-2],[-6,0],[-2,-1],[-1,-1],[-2,-3],[-1,-2],[-1,-2],[0,-1],[-1,-2],[-2,-4],[-1,-1],[-1,0],[-1,1],[-2,1],[-5,6],[-3,2],[-3,3],[-3,2],[-2,3],[-3,2],[-2,2],[-3,2],[-3,3],[-3,2],[-2,3],[-3,2],[-2,2],[-2,1],[-4,1],[-2,1],[-3,0],[-4,1],[-13,0],[-3,0],[-1,-1],[-1,-1],[-1,-1],[-1,-2],[0,-3],[0,-4],[0,-24],[0,-5],[0,-3],[-1,-5],[-3,-8],[-1,-4],[-1,-3],[0,-3],[0,-15],[-2,-13],[-1,-5],[-1,-6],[-1,-4],[-1,-5],[-2,-7],[-1,-2],[-1,-7],[0,-5],[-1,-6],[1,-5],[0,-2],[1,-4],[0,-2],[2,-4],[3,-7],[2,-4],[1,-2],[0,-3],[0,-4],[0,-3],[-2,-11],[-1,-11],[-1,-17],[1,-5],[0,-5],[0,-2],[-1,-2],[0,-3],[0,-2],[-1,-2],[0,-1],[-1,-1],[-2,0],[-1,-1],[-3,1],[-1,0],[-1,1],[-1,0],[-2,2],[-1,0],[-1,1],[-2,0],[-1,0],[-1,-1],[-2,-2],[-1,-2],[-2,-2],[-1,-1],[-2,-1],[-4,-1],[-2,0],[-2,2],[-3,3],[-1,0],[-2,2],[-1,0],[-1,1],[-2,0],[-1,-1],[-1,0],[-1,-2],[-1,-3],[-1,-2],[-1,-2],[-1,-2],[-1,-3],[-4,-6],[-1,-2],[-1,-2],[-1,-3],[-1,-2],[-1,-4],[-2,-4],[-2,-7],[-2,-4],[-1,-1],[-2,-2],[-4,-2],[-2,0],[-3,-5],[-2,-1],[-2,-1],[-3,-2],[-3,-2],[-1,-1],[-1,-1],[-4,-4],[-5,5],[-1,1],[-1,1],[-1,1],[-1,1],[-3,0]],[[804,1804],[-1,10],[-1,9],[-4,27],[-1,8],[2,14],[1,5],[-1,8],[-1,0],[-4,3],[-7,5],[-8,11],[-7,15],[-3,7],[-3,7],[-8,27],[-2,5],[0,4],[1,7],[1,6],[0,8],[-1,28],[-6,16],[-5,17],[-2,7],[-2,22],[-1,8],[1,6],[3,2],[7,5],[7,17],[5,10],[5,2],[6,13],[2,9],[2,9],[4,19],[2,6],[2,9],[0,19],[-1,18],[2,26],[8,35],[1,6],[10,-2],[9,4],[-4,17],[-2,2],[0,14],[0,10],[2,5],[2,6],[-1,1],[-6,21],[-3,2],[-4,3],[-4,4],[-10,10],[-9,10],[-1,7],[-3,14],[-4,5],[-4,10],[1,4],[2,2],[3,3],[2,3],[3,7],[2,3],[1,3],[3,3],[4,4],[3,5],[2,2],[12,32],[1,6],[1,8],[0,9],[-2,16],[-3,16],[-1,2],[-2,14],[-2,-4],[-4,0],[-4,3],[-2,2],[-8,7],[-1,3],[-1,20],[0,14],[-1,14],[0,6],[1,5],[0,7],[2,9],[2,4],[2,2],[3,9],[2,11],[5,22],[3,5],[2,7],[2,6],[4,15],[2,7],[3,15],[1,7],[6,-2],[4,12],[4,9],[5,4],[1,0],[12,-1],[2,-4],[4,2],[0,16],[0,10],[0,10],[13,8],[3,1],[8,-2],[3,0],[3,2],[1,8],[-4,5],[-3,5],[-2,4],[0,20],[2,2],[7,5],[2,1],[1,-2],[1,0],[3,-2],[9,23],[0,12],[-3,4],[-1,1],[-3,4],[-2,5],[-2,6],[-6,5],[0,1],[-1,10],[0,9],[3,3],[1,10],[0,10],[3,2],[-7,9],[-4,11],[-4,21],[-3,36],[0,11],[1,2],[10,17],[9,17],[1,2],[1,9],[0,6],[-1,21],[-2,24],[0,5],[1,6],[2,7],[-3,16],[-3,15],[-3,1],[-3,0],[-3,2],[-4,9],[0,3],[2,6],[14,33],[3,4],[3,-1],[3,-2],[5,4],[3,0],[1,6],[0,1],[-1,11],[-3,9],[-3,2],[-15,8],[-2,0],[-2,0],[-5,-1],[-4,2],[-1,5],[0,4],[-4,5],[-6,2],[-3,-1],[-10,5],[-4,4],[3,11],[1,7],[2,6],[-5,-1],[-2,12]],[[837,3387],[5,0],[7,0],[21,28],[8,-14],[14,0],[15,-14],[8,0],[6,14],[0,14],[7,0],[7,14],[7,0],[7,14],[7,13],[15,-13],[14,27],[0,14],[7,-1],[7,0],[14,29],[22,-1],[22,43],[7,0],[-5,10],[3,6],[0,21],[2,7],[7,14],[0,15],[15,29],[11,32],[5,11],[5,0],[8,14],[0,9],[2,4],[-2,16],[0,16],[7,29],[22,-1],[14,29],[14,-1],[7,-15],[-4,14],[-9,31],[3,6],[-1,3],[5,29],[1,8],[6,36],[1,5],[1,7],[13,2],[10,18],[1,8],[3,23],[18,14],[2,2],[-2,21],[-1,10],[-2,12],[-1,7],[0,26],[-3,18],[4,7],[-4,10],[0,18],[4,17],[-3,17],[-1,4],[-2,9],[0,29],[-6,-12],[0,1],[-4,1],[-4,10],[-15,1],[-3,2],[-7,36],[-3,32],[0,3],[2,4],[5,18],[5,16],[-1,1],[-4,37],[1,8],[3,24],[1,5],[8,43],[2,11],[5,25],[0,1],[-9,24],[-6,17],[-9,13],[0,19],[-1,32],[18,0],[16,-1],[10,7],[2,1],[13,4],[0,-7],[0,-10],[-10,-11],[-4,-5],[2,-24],[0,-3],[-2,-5],[-7,-15],[-4,-11],[-7,-13],[2,-2],[13,-13],[14,-1],[21,-45],[7,0],[35,-17],[50,-2],[0,-15],[10,0],[8,20],[0,1],[1,7],[3,24],[1,16],[1,8],[2,10],[3,0],[7,14],[8,23],[7,20],[0,-15],[28,-1],[7,-15],[0,-13],[0,-1],[1,0],[63,-3],[-1,-3],[13,0],[2,0],[0,-12],[0,-2],[7,-13],[-1,-28],[9,0],[4,-2],[9,0],[0,-4],[4,-11],[3,0],[0,-4],[18,0],[12,1],[13,-4],[12,-13],[7,-11],[0,-14],[1,-1],[0,-7],[0,-3],[0,-4],[-1,-2],[-1,-8],[16,-25],[15,11],[5,5],[2,2],[4,4],[19,2],[9,23],[17,12],[15,-8],[10,24],[17,7],[19,4],[6,-1],[8,-2],[7,-24],[7,-28],[5,-16],[4,-6],[11,11],[12,-20],[-19,-17],[-1,0],[-19,-22],[-24,-14],[-2,-13],[-4,-25],[-4,-24],[0,-29],[7,-15],[14,0],[0,15],[14,0],[14,15],[13,1],[1,-15],[21,-1],[0,-7],[0,-2],[0,-6],[-7,-15],[0,-30],[7,0],[8,-16],[22,-45],[0,-16],[35,-69],[3,-6],[0,-30],[-7,-16],[-9,0],[-2,-15],[5,-25],[11,-12],[13,-4],[14,3],[8,2],[14,17],[11,-18],[1,0],[15,1],[11,-6],[19,6],[22,3],[14,0],[15,-6],[18,6],[10,9],[4,21],[3,22],[12,17],[13,16],[11,15],[15,7],[19,11],[13,4],[19,13],[21,-3],[7,5],[17,3],[13,2],[14,-10],[-5,-13],[6,-10],[-21,-41],[-7,-30],[0,-15],[-12,-24],[-3,-6],[0,-15],[21,-1],[22,15],[22,-15],[14,14],[8,15],[0,15],[8,31],[0,31],[-1,0],[-1,10],[-2,32],[15,3],[12,6],[13,13],[9,16],[5,13],[3,21],[6,10],[20,-7],[12,-3],[12,0],[11,10],[23,-11],[28,-12],[2,-1],[-3,27],[-1,8],[0,1],[-6,29],[-4,10],[-20,1],[-10,20],[-4,4],[1,1],[1,7],[2,12],[7,24],[11,11],[11,22],[2,10],[1,0],[7,14],[8,28],[14,27],[15,14],[0,-14],[7,-28],[14,-1],[30,14],[28,-15],[8,-14],[14,27],[36,-1],[8,14],[28,-1],[0,14],[8,14],[14,13],[-5,39],[-1,33],[0,14],[0,24],[0,1],[0,3],[6,12],[8,28],[7,-1],[0,28],[7,28],[15,0],[0,12],[1,2],[5,26],[1,9],[2,12],[5,16],[14,0],[11,-16],[8,-18],[8,-11],[22,4],[16,4],[14,9],[16,5],[15,-4],[16,0],[16,4],[16,5],[12,5],[1,0],[1,-15],[1,-14],[1,0],[14,0],[8,-14],[28,-1],[0,-14],[8,0],[7,13],[7,0],[0,-14],[29,-1],[7,70],[15,-1],[36,27],[14,0],[15,27],[22,-14],[28,13],[15,13],[14,-14],[15,28],[21,-1],[8,14],[0,-14],[7,-14],[7,-29],[14,0],[0,28],[8,0],[14,-15],[7,0],[8,14],[7,0],[21,-29],[51,-2],[14,-15],[15,0],[7,14],[15,-1],[7,14],[21,-1],[0,-14],[0,-14],[15,0],[14,0],[0,14],[7,0],[0,8],[8,11],[-2,26],[-4,29],[-5,31],[-5,33],[-1,27],[-3,22],[-6,23],[-7,28],[-4,19],[-11,16],[-6,16],[-5,24],[-1,22],[-1,21],[25,0],[7,28],[7,0],[8,-14],[29,42],[14,57],[15,42],[7,0],[7,-13],[0,-1],[7,-28],[-15,-57],[-7,-14],[-6,-63],[-1,-8],[0,-14],[14,-29],[0,-14],[21,0],[0,14],[7,15],[15,14],[7,0],[43,30],[14,0],[0,-14],[7,-14],[7,15],[7,0],[7,-15],[0,2],[0,13],[2,-5],[3,-17],[25,18],[15,7],[16,13],[14,9],[12,5],[10,3],[5,-15],[2,-20],[-1,-39],[7,-17],[10,-15],[7,-18],[5,-17],[1,-21],[4,-15],[9,-10],[10,-7],[7,-12],[6,-17],[4,-22],[5,-13],[10,-14],[1,0],[11,2],[8,9],[8,13],[7,14],[41,-11],[14,-5]],[[804,1804],[-2,-1],[-2,-1],[-1,-2],[-3,-5],[-1,-2],[-2,-2],[-2,0],[-3,-1],[-9,0],[-3,1],[-4,1],[-2,0],[-2,0],[-1,-2],[0,-1],[-1,-5],[-1,-3],[-1,-1],[-3,-4],[-1,-1],[-4,-2],[-3,-2],[-5,-1],[-2,3],[-2,3],[-1,2],[-1,2],[-1,2],[-1,2],[-3,10],[-1,2],[-2,6],[-2,4],[-1,3],[-1,3],[0,3],[0,12],[0,3],[-1,2],[-1,2],[-2,5],[-2,4],[-1,0],[-2,1],[-12,0],[-3,0],[-2,1],[-2,1],[-2,0],[-7,0],[-3,0],[-4,2],[-1,1],[-3,2],[-3,2],[-1,1],[-1,1],[-1,2],[0,3],[-1,8],[0,3],[0,2],[0,5],[1,8],[0,8],[0,4],[0,2],[-1,3],[0,1],[-2,4],[-1,2],[-1,4],[-1,2],[-5,12],[-3,6],[-3,4],[-1,2],[-2,3],[-1,2],[-1,2],[-5,7],[-1,2],[-2,2],[-1,2],[-1,2],[0,2],[-1,3],[-2,6],[-2,5],[-1,3],[-3,10],[-2,4],[0,1],[-1,0],[-1,1],[-3,-1],[-3,-2],[-6,-2],[-2,0],[-2,0],[-1,1],[-2,2],[-3,2],[-2,2],[-2,2],[-2,2],[-1,1],[-1,2],[-2,2],[-3,2],[-3,2],[-3,2],[-1,1],[-2,4],[0,1],[-1,4],[-1,7],[0,10],[-1,2],[0,1],[-1,2],[-1,3],[-1,1],[0,1],[-1,0],[-1,0],[-2,-2],[-2,-2],[-2,-3],[-3,-2],[-2,-2],[-1,0],[-2,0],[-1,0],[-1,1],[-3,5],[-1,1],[-1,1],[-2,1],[-2,-1],[-2,-1],[-3,-2],[-2,-1],[-6,-2],[-2,0],[-3,1],[-1,0],[-4,0],[-1,1],[-2,1],[-2,2],[-3,2],[-2,2],[-3,2],[-2,1],[-1,2],[-2,3],[-2,3],[-1,2],[-1,2],[-1,2],[-1,2],[-1,3],[-1,2],[-1,2],[-1,1],[-3,4],[-1,2],[-1,2],[-1,0],[-3,2],[-4,1],[-4,2],[-1,1],[-1,1],[-3,5],[-1,2],[-4,6],[-1,1],[-1,2],[-1,1],[-8,3],[-2,1],[-3,3],[-3,3],[-2,2],[-2,2],[-3,4],[2,4],[1,3],[1,2],[1,2],[0,1],[0,2],[0,2],[0,1],[0,1],[-1,1],[-2,0],[0,1],[-1,2],[-1,1],[-1,3],[0,1],[0,2],[0,1],[0,9],[-1,4],[0,2],[0,2],[1,8],[1,1],[1,4],[1,5],[1,2],[0,2],[0,1],[0,2],[0,2],[0,1],[0,1],[-1,2],[-1,1],[-1,4],[-1,4],[-2,2],[-1,4],[-1,1],[0,1],[0,3],[0,2],[0,1],[0,4],[2,5],[1,7],[1,3],[0,4],[0,9],[0,3],[1,2],[0,3],[1,1],[0,1],[2,5],[1,3],[3,8],[1,1],[1,4],[0,3],[1,3],[0,8],[1,3],[0,3],[1,2],[2,3],[1,2],[1,2],[2,5],[0,1],[1,3],[0,1],[0,2],[0,2],[0,1],[-1,4],[0,2],[-1,4],[0,2],[-1,2],[0,8],[-1,7],[0,3],[-1,2],[0,1],[-1,0],[-2,3],[-4,5],[-3,3],[-3,6],[-1,0],[-1,1],[-1,1],[-1,2],[-1,3],[-1,7],[0,4],[0,7],[0,2],[0,2],[1,2],[0,1],[2,3],[1,0],[1,1],[2,2],[1,2],[1,0],[1,1],[0,2],[0,2],[0,1],[-1,2],[-2,4],[-1,4],[-2,4],[-1,1],[-1,0],[-1,1],[-7,0],[-2,0],[-3,1],[-2,0],[-1,0],[-1,0],[-1,-1],[-1,-1],[-3,-4],[-1,-2],[-1,-3],[-1,-3],[-1,-2],[-1,-1],[-1,-2],[-3,-1],[-1,-1],[-3,0],[-1,-1],[-1,0],[-2,-1],[-1,-2],[-1,-3],[-1,-3],[-2,-3],[-1,-1],[-1,-1],[-2,1],[-4,4],[-2,2],[0,1],[-2,3],[-1,1],[-1,2],[-1,2],[-1,2],[-1,2],[-2,4],[-1,0],[-2,2],[-2,2],[-1,1],[-2,1],[-5,2],[-4,1],[-1,1],[-1,0],[-2,4],[-1,2],[-1,2],[-1,2],[-1,2],[-1,2],[-1,1],[0,1],[-1,3],[-1,2],[-2,3],[-1,2],[-1,1],[-3,3],[-1,1],[-3,2],[-2,4],[-1,2],[-2,2],[-1,2],[-1,2],[-1,5],[-2,5],[-6,4],[-1,1],[-5,1],[-7,2],[-2,1],[-1,-1],[-1,-1],[-1,-2],[-6,-7],[-1,-2],[-2,-1],[-3,-1],[-8,0],[-2,1],[-4,2],[-1,1],[-1,1],[-1,3],[-1,2],[-2,5],[0,4],[-1,2],[-1,1],[-1,1],[-3,1],[-7,1],[-3,1],[-6,1],[-4,2],[-4,1],[-5,3],[-2,2],[-2,2],[-2,2],[-3,3],[-2,5],[-1,2],[0,4],[0,1],[-1,5],[0,2],[-1,2],[0,1],[-1,1],[-2,0],[-7,1],[-2,0],[-2,1],[-2,2],[-7,7],[-4,4],[-1,1],[-1,2],[-1,2],[-2,6],[-1,3],[-1,2],[-2,1],[-1,0],[-1,0],[-5,-2],[-4,-3],[-4,-1],[-4,-3],[-7,-2],[-2,0],[-2,1],[-4,1],[-3,1],[-3,0],[-1,0],[-1,-1],[-2,-4],[-1,-6],[-2,-5],[-1,-2],[-1,-1],[-2,-4],[-3,-3],[-2,-2],[-4,0],[-4,0],[-6,3],[-4,2],[-2,2],[-3,3],[-1,3],[-2,3],[-1,2],[-1,2],[0,2],[-2,5],[-5,6],[-1,3],[-2,4],[-1,0],[-1,3],[2,20],[3,23],[0,5],[2,17],[0,5],[13,11],[14,1],[1,25],[4,23],[-4,26],[-6,19],[-8,15],[-2,4],[0,2],[4,13],[2,6],[4,13],[2,6],[5,14],[-2,4],[-5,12],[-5,23],[-1,2],[0,1],[1,22],[0,7],[0,1],[-1,0],[-1,1],[-1,0],[-11,5],[-2,1],[-12,14],[0,2],[-1,5],[-2,8],[-1,6],[-1,3],[-9,16],[-3,4],[-8,13],[-8,15],[-1,2],[-3,14],[-3,29],[0,23],[0,2],[7,19],[1,4],[0,1],[1,0],[1,4],[4,10],[3,17],[-9,29],[-3,9],[0,1],[-1,1],[-2,7],[-2,3],[-8,11],[-10,10],[-2,3],[-4,8],[6,21],[3,7],[4,9],[7,20],[-1,3],[-1,3],[-9,26],[-2,4],[-4,11],[-3,7],[-11,19],[-8,20],[-2,4],[-4,9],[-4,9],[0,1],[3,3],[1,3],[2,4],[1,0],[2,2],[0,1],[2,4],[1,1],[0,2],[2,1],[1,1],[2,3],[1,2],[2,5],[1,4],[1,3],[1,1],[0,4],[1,4],[1,6],[2,5],[1,8],[1,5],[1,8],[1,5],[0,3],[0,6],[1,2],[0,1],[2,4],[1,2],[1,3],[1,2],[1,2],[1,2],[1,2],[3,4],[2,5],[2,3],[0,2],[3,1],[2,3],[2,2],[2,3],[2,1],[1,1],[1,2],[1,2],[1,2],[3,3],[2,4],[1,2],[2,2],[2,5],[1,6],[1,2],[1,2],[1,2],[0,2],[0,1],[1,8],[1,7],[1,10],[0,2],[1,5],[1,7],[1,4],[0,2],[1,3],[0,5],[0,3],[2,7],[0,8],[1,2],[0,3],[1,1],[0,9],[1,2],[1,4],[1,8],[1,5],[1,6],[1,5],[1,4],[0,2],[1,1],[1,3],[1,2],[1,2],[1,2],[1,2],[2,2],[1,3],[1,2],[1,5],[2,3],[13,27],[1,4],[2,3],[4,0],[3,1],[1,1],[1,0],[2,2],[3,2],[2,3],[1,0],[1,1],[2,0],[1,0],[11,0],[3,1],[1,0],[1,1],[2,2],[3,2],[2,3],[3,1],[2,3],[2,2],[1,1],[2,3],[1,3],[1,2],[1,2],[1,2],[2,5],[0,2],[1,4],[1,3],[2,7],[1,6],[0,2],[1,9],[1,6],[0,4],[0,8],[0,5],[-1,4],[0,3],[-1,2],[-1,2],[-1,1],[-2,1],[-2,2],[-2,2],[-2,2],[-2,2],[-1,1],[-2,3],[-2,6],[-3,9],[-1,3],[-1,6],[-1,2],[-2,4],[-2,5],[-1,3],[0,4],[0,5],[0,11],[-1,4],[-1,10],[-1,8],[0,6],[1,5],[-1,7],[0,3],[0,3],[-1,4],[-1,7],[-1,6],[-1,6],[-2,4],[0,3],[0,5],[0,1],[0,14],[1,4],[1,3],[0,2],[0,2],[0,2],[1,0],[1,-2],[1,-1],[2,1],[1,2],[3,4],[1,2],[1,2],[1,2],[2,4],[1,2],[0,4],[1,4],[0,1],[0,2],[0,2],[-1,2],[0,1],[-1,2],[-2,3],[-1,0],[-3,2],[-3,2],[-3,2],[-5,2],[-6,3],[-2,0],[-3,0],[-14,5],[-2,0],[-1,1],[-1,0],[-1,2],[-5,6],[0,1],[-1,1],[-1,4],[-1,3],[-1,4],[0,1],[-1,2],[-1,4],[-1,4],[-1,2],[0,2],[-2,5],[-2,3],[-1,0],[-1,0],[-1,-2],[-1,-1],[-2,-8],[0,-2],[0,-6],[-1,-4],[0,-1],[-1,-3],[-1,-2],[-1,-1],[-2,0],[-2,0],[-1,1],[-1,0],[-3,5],[-2,4],[-2,5],[-1,5],[-1,6],[-1,6],[-2,4],[-1,5],[-1,4],[-1,5],[-2,9],[0,2],[-2,4],[-1,5],[0,6],[-1,2],[-2,4],[-1,1],[-1,3],[0,2],[-4,6],[-3,5],[-2,3],[-1,2],[-1,2],[-1,2],[-1,2],[-1,2],[-2,2],[-1,3],[-1,1],[-1,3],[-1,2],[0,1],[-2,6],[0,2],[1,3],[1,2],[1,1],[3,4],[1,2],[2,2],[1,1],[1,-1],[1,-2],[1,-4],[1,-2],[0,-2],[1,-5],[0,-2],[0,-2],[1,0],[2,-4],[2,-2],[2,-3],[4,-5],[1,-1],[1,-2],[2,-3],[2,-4],[1,-1],[1,-1],[1,0],[1,0],[2,0],[11,0],[11,1],[2,0],[2,1],[1,0],[3,4],[0,1],[1,2],[2,2],[1,2],[1,2],[3,10],[0,2],[1,0],[0,1],[1,0],[6,-1],[3,1],[1,0],[3,2],[1,1],[3,9],[2,3],[1,4],[1,1],[1,4],[2,2],[1,3],[1,2],[1,4],[1,1],[1,3],[0,1],[1,1],[1,1],[2,1],[1,0],[2,0],[1,0],[1,0],[0,-1],[1,0],[0,-1],[0,-1],[0,-1],[0,-2],[0,-2],[0,-1],[-1,-2],[-1,-4],[-1,-1],[-1,-3],[-1,-1],[-1,-1],[-1,-4],[-2,-2],[-1,-1],[0,-2],[-1,-2],[0,-1],[0,-2],[0,-2],[0,-4],[0,-2],[1,-1],[1,-3],[3,-7],[1,-2],[1,-3],[1,-2],[1,-3],[1,-2],[1,-1],[0,-2],[3,-3],[1,0],[1,0],[1,1],[1,3],[1,1],[0,4],[1,2],[1,3],[1,1],[1,1],[1,0],[2,0],[1,-2],[1,-1],[1,0],[2,-1],[1,-7],[1,-3],[0,-1],[1,-1],[1,0],[1,1],[0,1],[1,1],[0,1],[0,2],[-1,3],[0,2],[-1,1],[-2,1],[-1,0],[-1,-1],[-1,4],[-2,5],[1,3],[2,4],[2,4],[1,1],[2,0],[1,1],[1,0],[0,1],[0,1],[1,2],[0,1],[-1,2],[0,2],[-1,2],[0,2],[0,2],[0,6],[0,5],[0,2],[0,1],[1,0],[0,1],[1,0],[1,0],[1,-1],[0,-1],[1,-4],[3,-7],[1,-3],[0,-2],[1,-2],[2,-3],[1,-2],[1,0],[2,-2],[1,-1],[0,-1],[0,-1],[0,-4],[0,-3],[1,-2],[0,-2],[1,-2],[1,-1],[2,-2],[0,-1],[2,0],[1,0],[1,2],[1,1],[1,3],[1,1],[1,4],[1,2],[1,2],[0,2],[0,3],[0,5],[0,4],[0,4],[-1,2],[0,2],[-1,1],[0,2],[1,2],[0,1],[1,1],[1,0],[1,0],[1,-2],[0,-1],[1,-2],[1,-3],[0,-1],[1,-1],[1,-2],[1,-1],[1,-1],[1,0],[1,1],[1,1],[0,2],[1,1],[0,1],[0,1],[0,1],[-2,5],[0,1],[0,2],[0,3],[0,1],[0,1],[1,2],[1,1],[0,1],[1,0],[1,0],[1,0],[2,-3],[3,1],[2,2],[1,5],[6,0],[3,0],[1,-1],[3,-1],[1,-1],[1,-1],[1,0],[3,0],[10,0],[3,0],[1,0],[1,-1],[2,-2],[1,0],[2,-1],[7,0],[2,0],[1,0],[1,1],[1,0],[1,2],[2,3],[1,2],[2,4],[0,2],[1,3],[2,5],[0,7],[1,2],[1,3],[0,2],[0,3],[0,3],[-1,3],[-1,6],[0,1],[-1,5],[-1,3],[-1,3],[-3,5],[-7,16],[-2,4],[-1,1],[-2,3],[-1,2],[-1,0],[-2,1],[0,1],[-1,1],[-1,3],[-2,6],[-2,5],[-1,2],[-2,7],[-1,3],[-1,3],[0,1],[-1,4],[0,2],[0,11],[1,10],[0,1],[1,9],[7,22],[4,13],[2,0],[0,15],[0,43],[7,0],[0,14],[7,15],[7,28],[5,9],[9,19],[36,2],[9,-17],[6,-11],[3,0],[4,-4],[6,-14],[1,-27],[-5,-10],[-2,0],[0,-14],[5,-21],[2,-11],[-8,-24],[0,-1],[-6,-15],[0,-7],[7,-5],[24,-18],[16,-5],[4,-6],[0,-13],[7,0],[7,-14],[15,-15],[-1,16],[3,4],[1,23],[6,23],[0,2],[16,-4],[15,-7],[2,-1],[0,-9],[0,-5],[2,-4],[1,0],[4,-10],[0,-8],[2,-4],[10,-11],[11,10],[9,12],[12,4],[13,-7],[6,30],[5,15],[4,2],[6,4],[-6,-24],[-3,-11],[0,-11],[-4,-15],[4,-8],[3,-7],[0,-14],[-6,-11],[-1,-3],[15,-28],[3,-3],[11,-11],[6,-12],[6,-7],[0,-3],[-1,-11],[-2,-14],[5,-26],[5,-24],[18,2],[18,13],[11,6],[13,-9],[0,-1],[1,0],[0,-1],[0,-13],[7,-28],[1,-42],[7,0],[14,-28],[0,-15],[15,1],[7,14],[7,0],[3,-11],[-3,-23],[2,-8],[5,-27],[6,-18],[3,-19],[-1,-5],[-3,-12],[-3,-14],[-1,0],[0,-18],[-7,-15],[-14,0],[-7,0],[-6,-11],[16,-27],[0,-10],[5,-9],[0,-14],[-5,-10],[0,-6],[10,-66],[10,-59],[0,-10],[0,-4],[1,1],[4,12],[23,59],[21,-27],[36,2],[7,14],[0,19],[2,37],[0,1],[11,15],[1,5],[2,8],[20,-12],[0,-14],[7,-14],[14,-13],[11,21],[3,7],[9,23],[4,-31],[2,-4],[0,-31],[0,-11],[-2,-4],[-5,-11],[-1,-3],[-14,-55],[0,-14],[-7,-15],[-7,-28],[-3,-1],[0,-8],[0,-2],[-5,-17],[0,-2],[0,-13],[-7,-1],[7,-14],[7,1],[0,-15],[7,-28],[-3,-14],[-4,-15],[-15,-29],[-14,-15],[-7,0],[0,14],[-4,-8],[-3,-6],[0,-31],[0,-12],[-1,-2],[-1,-6],[0,-18],[0,-3],[-6,0],[7,-14],[3,0]]],"transform":{"scale":[0.0007629400253867819,0.00026424914219938756],"translate":[9.533723831177042,46.37481689453131]}}
