{"type":"Topology","objects":{"type":"GeometryCollection","crs":{"type":"name","properties":{"name":"urn:ogc:def:crs:EPSG::37001"}},"geometries":[{"type":"Polygon","properties":{"ID_0":26,"ISO":"BTN","NAME_0":"Bhutan","ID_1":1,"NAME_1":"Bumthang","iso_a2":"BT_33","VARNAME_1":null,"TYPE_1":"Dzongkhag","ENGTYPE_1":"District"},"arcs":[[0,1,2,3,4,5]]},{"type":"Polygon","properties":{"ID_0":26,"ISO":"BTN","NAME_0":"Bhutan","ID_1":2,"NAME_1":"Chhukha","iso_a2":"BT_12","VARNAME_1":"Chukha","TYPE_1":"Dzongkhag","ENGTYPE_1":"District"},"arcs":[[6,7,8,9,10,11,12]]},{"type":"Polygon","properties":{"ID_0":26,"ISO":"BTN","NAME_0":"Bhutan","ID_1":3,"NAME_1":"Chirang","iso_a2":"BT_21","VARNAME_1":"Tsirang","TYPE_1":"Dzongkhag","ENGTYPE_1":"District"},"arcs":[[13,14,15]]},{"type":"Polygon","properties":{"ID_0":26,"ISO":"BTN","NAME_0":"Bhutan","ID_1":4,"NAME_1":"Daga","iso_a2":"BT_22","VARNAME_1":"Dagana|Tagana","TYPE_1":"Dzongkhag","ENGTYPE_1":"District"},"arcs":[[-15,16,-7,17,18]]},{"type":"Polygon","properties":{"ID_0":26,"ISO":"BTN","NAME_0":"Bhutan","ID_1":5,"NAME_1":"Gasa","iso_a2":"BT_GA","VARNAME_1":null,"TYPE_1":"Dzongkhag","ENGTYPE_1":"District"},"arcs":[[19,20,21,22]]},{"type":"Polygon","properties":{"ID_0":26,"ISO":"BTN","NAME_0":"Bhutan","ID_1":6,"NAME_1":"Geylegphug","iso_a2":"BT_31","VARNAME_1":"Gaylegphug|Sarbhang|Gelephu|Sarpang","TYPE_1":"Dzongkhag","ENGTYPE_1":"District"},"arcs":[[23,24,-8,-17,-14,25,26]]},{"type":"Polygon","properties":{"ID_0":26,"ISO":"BTN","NAME_0":"Bhutan","ID_1":7,"NAME_1":"Ha","iso_a2":"BT_13","VARNAME_1":"Haa","TYPE_1":"Dzongkhag","ENGTYPE_1":"District"},"arcs":[[27,-11,28,29]]},{"type":"Polygon","properties":{"ID_0":26,"ISO":"BTN","NAME_0":"Bhutan","ID_1":8,"NAME_1":"Lhuntshi","iso_a2":"BT_44","VARNAME_1":"Lhuentse|Lhuntsi","TYPE_1":"Dzongkhag","ENGTYPE_1":"District"},"arcs":[[30,31,-1,32]]},{"type":"Polygon","properties":{"ID_0":26,"ISO":"BTN","NAME_0":"Bhutan","ID_1":9,"NAME_1":"Mongar","iso_a2":"BT_42","VARNAME_1":"Monggar|Mongor","TYPE_1":"Dzongkhag","ENGTYPE_1":"District"},"arcs":[[33,34,35,36,37,-2,-32]]},{"type":"Polygon","properties":{"ID_0":26,"ISO":"BTN","NAME_0":"Bhutan","ID_1":10,"NAME_1":"Paro","iso_a2":"BT_11","VARNAME_1":"Rinpung","TYPE_1":"Dzongkhag","ENGTYPE_1":"District"},"arcs":[[-12,-28,38,39]]},{"type":"Polygon","properties":{"ID_0":26,"ISO":"BTN","NAME_0":"Bhutan","ID_1":11,"NAME_1":"Pemagatsel","iso_a2":"BT_43","VARNAME_1":"Pema Gatshel|Pemagatshel","TYPE_1":"Dzongkhag","ENGTYPE_1":"District"},"arcs":[[40,-36,41]]},{"type":"Polygon","properties":{"ID_0":26,"ISO":"BTN","NAME_0":"Bhutan","ID_1":12,"NAME_1":"Punakha","iso_a2":"BT_23","VARNAME_1":"Punaka","TYPE_1":"Dzongkhag","ENGTYPE_1":"District"},"arcs":[[42,43,-21]]},{"type":"Polygon","properties":{"ID_0":26,"ISO":"BTN","NAME_0":"Bhutan","ID_1":13,"NAME_1":"Samchi","iso_a2":"BT_14","VARNAME_1":"Samtse","TYPE_1":"Dzongkhag","ENGTYPE_1":"District"},"arcs":[[-10,44,-29]]},{"type":"Polygon","properties":{"ID_0":26,"ISO":"BTN","NAME_0":"Bhutan","ID_1":14,"NAME_1":"Samdrup Jongkhar","iso_a2":"BT_45","VARNAME_1":"Samdrup|Samdrup Jongkha","TYPE_1":"Dzongkhag","ENGTYPE_1":"District"},"arcs":[[45,46,-37,-41,47]]},{"type":"Polygon","properties":{"ID_0":26,"ISO":"BTN","NAME_0":"Bhutan","ID_1":15,"NAME_1":"Shemgang","iso_a2":"BT_34","VARNAME_1":"Zhemgang","TYPE_1":"Dzongkhag","ENGTYPE_1":"District"},"arcs":[[-38,-47,48,-24,49,-3]]},{"type":"Polygon","properties":{"ID_0":26,"ISO":"BTN","NAME_0":"Bhutan","ID_1":16,"NAME_1":"Tashi Yangtse","iso_a2":"BT_TY","VARNAME_1":"Trashi Yangtse|Trashiyangtsi","TYPE_1":"Dzongkhag","ENGTYPE_1":"District"},"arcs":[[50,-34,-31,51]]},{"type":"Polygon","properties":{"ID_0":26,"ISO":"BTN","NAME_0":"Bhutan","ID_1":17,"NAME_1":"Tashigang","iso_a2":"BT_41","VARNAME_1":"Trashigang","TYPE_1":"Dzongkhag","ENGTYPE_1":"District"},"arcs":[[-48,-42,-35,-51,52]]},{"type":"Polygon","properties":{"ID_0":26,"ISO":"BTN","NAME_0":"Bhutan","ID_1":18,"NAME_1":"Thimphu","iso_a2":"BT_15","VARNAME_1":"Tashi Chho Dzong|Thimbu","TYPE_1":"Dzongkhag","ENGTYPE_1":"District"},"arcs":[[-22,-44,53,-18,-13,-40,54]]},{"type":"Polygon","properties":{"ID_0":26,"ISO":"BTN","NAME_0":"Bhutan","ID_1":19,"NAME_1":"Tongsa","iso_a2":"BT_32","VARNAME_1":"Trongsa","TYPE_1":"Dzongkhag","ENGTYPE_1":"District"},"arcs":[[-50,-27,55,-4]]},{"type":"Polygon","properties":{"ID_0":26,"ISO":"BTN","NAME_0":"Bhutan","ID_1":20,"NAME_1":"Wangdi Phodrang","iso_a2":"BT_24","VARNAME_1":"Wangdiphodrang|Andguphodang|Wangdue|Wangdue Phodrang|Wangdupotrang|Wangü-Phodrang","TYPE_1":"Dzongkhag","ENGTYPE_1":"District"},"arcs":[[-56,-26,-16,-19,-54,-43,-20,56,-5]]}]},"arcs":[[[6100,8306],[21,-188],[-2,-14],[-4,-8],[-4,-10],[-2,-9],[-1,-12],[0,-10],[0,-13],[-1,-13],[-2,-12],[-2,-8],[0,-17],[0,-10],[1,-11],[2,-11],[4,-7],[6,-3],[6,-7],[2,-12],[1,-10],[-1,-9],[-2,-13],[-1,-12],[-2,-10],[-3,-14],[-6,-14],[-1,-12],[1,-10],[5,-15],[5,-21],[2,-11],[0,-11],[0,-12],[-2,-12],[-4,-12],[-3,-11],[-3,-19],[-5,-28],[-5,-7],[-9,-3],[-6,-4],[-10,-12],[-5,-6],[-6,-4],[-5,-4],[-3,-10],[-4,-10],[-4,-11],[-4,-8],[-8,-17],[-2,-9],[2,-8],[4,-9],[3,-11],[0,-14],[-2,-17],[-4,-14],[-6,-12],[-11,-23],[-11,-25],[-3,-12],[1,-12],[4,-10],[3,-9],[8,-17],[7,-11],[7,-15],[4,-10],[4,-11],[5,-14],[5,-12],[8,-13],[5,-2],[5,2],[7,1],[5,-1],[7,1],[8,-1],[7,0],[9,-4],[5,-6],[8,-4],[9,6],[7,-2],[3,-8],[4,-8],[5,-9],[8,-7],[6,-4],[3,-10],[-1,-14],[-5,-15],[-1,-13],[1,-15],[4,-19],[2,-11],[2,-21],[2,-13],[3,-11],[4,-13],[4,-10],[4,-11],[6,-31],[2,-12],[2,-12],[2,-10],[5,-17],[3,-10],[2,-9],[3,-11],[1,-11],[1,-39],[1,-9],[-1,-16],[-3,-8],[-5,-6],[-6,-12],[-2,-10],[0,-21],[5,-4],[5,-8],[6,-19],[6,-8],[6,-1],[8,3],[8,3],[8,-11],[5,-12],[5,-12],[4,-6],[9,-7],[5,-3],[5,-21],[3,-8],[3,-19],[3,-16],[3,-10],[3,-10],[3,-13],[4,-12],[5,-8],[5,-6],[5,-4],[7,-4],[7,-4],[9,-2],[8,-1],[7,-3],[12,-13],[8,-7],[9,-8],[4,-8],[3,-7],[7,-6],[6,-4],[15,-6],[3,-6],[2,-15],[4,-16],[1,-14],[1,-12],[-1,-12],[1,-9],[3,-6],[5,-10],[5,-7],[7,-8],[3,-6],[1,-9],[-1,-11],[-1,-13],[-1,-13],[-3,-11],[0,-10],[1,-10],[5,-15],[4,-10],[3,-13],[11,-30],[1,-11],[1,-11],[0,-8],[2,-10],[-1,-13],[-2,-11],[-4,-11],[-6,-5],[-9,-5],[-5,-5],[-4,-8],[-3,-12],[0,-8],[1,-9],[-6,-19],[2,-14],[4,-5],[5,-7],[7,-6],[4,-3],[5,-1],[5,3],[5,6],[5,2],[8,0],[5,-2],[8,-6],[4,-3],[6,1],[5,2],[4,5],[6,2],[6,-9],[8,-10],[7,-9],[4,-8],[4,-14],[3,-9],[10,-14],[9,-12],[6,-8],[7,-10],[6,-5],[4,-11],[5,-11],[5,-3],[4,-7],[4,-11],[2,-7],[5,-13],[8,-9],[6,-9],[4,-9],[1,-7],[1,-11],[0,-9],[0,-19],[1,-20],[-1,-10],[-1,-11],[-2,-10],[-2,-9],[-1,-24],[0,-15],[2,-8],[2,-8],[-2,-9],[-2,-9],[-1,-10],[0,-9],[0,-10],[2,-9],[6,-6],[6,-3],[12,-107],[-6,-14],[-4,-13],[-3,-10],[-2,-14],[-2,-8],[-3,-6],[-6,-6],[-1,-8],[2,-9],[3,-10],[-6,-14],[-1,-9],[0,-9],[-12,-20],[-4,-8],[-4,-19],[0,-13],[2,-8],[6,-11],[2,-12],[-4,-11],[-5,-4],[-4,-7],[-4,-13],[1,-10],[3,-14],[-1,-10],[-3,-8],[-5,-7],[-12,-14],[-3,-9],[0,-9],[0,-9],[2,-12],[7,-15],[2,-8],[2,-7],[8,-24],[4,-9],[5,-8],[6,-13],[3,-8],[2,-15],[5,-7],[-2,-11],[-6,-8],[-1,-9],[0,-11],[1,-10],[0,-11],[-1,-16],[1,-16],[0,-9],[1,-10],[3,-16],[1,-11],[0,-13],[-3,-9],[-4,-5],[-5,-4],[-4,-7],[-4,-10],[-2,-8],[-1,-8],[1,-15],[1,-9],[3,-16],[1,-14],[2,-8],[6,-8],[11,-6],[5,-5],[5,-5],[5,-5],[7,-7],[6,-7],[6,-4],[12,-12],[4,-8],[3,-6],[3,-10],[3,-10],[2,-10],[3,-9],[4,-9],[3,-10],[4,-9],[2,-11],[3,-9],[-1,-13],[-2,-11],[-3,-9],[-3,-9],[-3,-10],[-3,-9],[-4,-10],[-4,-8],[-5,-7],[-4,-10],[0,-11],[-1,-10],[-1,-11],[-4,-10],[-3,-10],[-2,-10],[-4,-9],[-2,-7],[-2,-10],[-3,-11],[-3,-10],[-4,-8],[-4,-9],[-5,-6],[-5,-6],[-4,-9],[-4,-7],[-4,-5],[-4,-4],[-3,-7],[-3,-9],[-1,-8],[0,-11],[1,-11],[1,-11],[2,-10],[5,-7],[4,-8],[5,-4],[6,-4],[5,-7],[3,-6],[5,-9],[3,-6],[3,-8],[2,-7],[2,-8],[0,-8],[0,-12],[1,-12],[2,-7],[2,-8],[1,-11],[4,-12]],[[6679,4205],[-1,-16],[1,-10],[-6,-6],[-4,-8],[-5,-2],[-6,2],[-7,1],[-6,3],[-4,0],[-7,2],[-4,1],[-5,1],[-5,0],[-6,0],[-5,-5],[-3,-10],[-3,-11],[-2,-7],[-3,-6],[-4,-5],[-6,-5],[-5,-3],[-4,-4],[-6,-6],[-4,-5],[-4,-3],[-5,-2],[-5,-7],[3,-8],[5,-11]],[[6563,4075],[-6,-13],[-2,-7],[-2,-11],[1,-8],[-2,-13],[-2,-9],[-2,-8],[-3,-6],[-4,-9],[-4,-5],[-5,-3],[-4,-1],[-5,2],[-5,-1],[-4,-2],[-4,-4],[-3,-6],[-3,-7],[-4,-9],[-5,-8],[-5,-5],[-5,-1],[-4,8],[-4,1],[-6,2],[-2,6],[-6,5],[-7,2],[-6,2],[-5,-1],[-6,-1],[-8,-2],[-5,-7],[-1,-9],[-1,-8],[-2,-8],[-1,-8],[-1,-7],[-5,-6],[-5,0],[-5,-1],[-5,0],[-4,0],[-7,1],[-6,0],[-6,1],[-5,0],[-6,0],[-6,0],[-6,-1],[-5,-1],[-6,-5],[-4,-9],[-4,-3],[-4,-3],[-4,-5],[-4,-8],[-4,-5],[-3,-5],[-5,-6],[-4,-5],[-4,-6],[-4,-9],[-3,-6],[-4,-8],[-4,-4],[-4,-5],[-7,-3],[-4,-1],[-9,0],[0,11],[-4,14],[-3,10],[-5,8],[-5,3],[-4,1],[-7,-2],[-6,-2],[-5,-1],[-5,-1],[-6,-1],[-4,-6],[-4,-5],[-6,-3],[-4,2],[-7,5],[-3,7],[-2,8],[-2,7],[-3,7],[-4,6],[-4,5],[-5,4],[-4,4],[-5,7],[-3,7],[-3,7],[-2,9],[-5,9],[-3,11],[-2,8],[-1,8],[-3,10],[-3,10],[0,8],[4,6],[-4,9],[-3,5],[-5,10],[-4,9],[-6,5],[-4,3],[-5,4],[-4,4],[-4,6],[-3,7],[-2,8],[-2,8],[-3,6],[-3,9],[-3,6],[-3,7],[-4,7],[-4,6],[-6,5],[-4,3],[-6,3],[-4,3],[-6,2],[-5,2],[-5,0],[-4,-3],[-5,-6],[-5,-1],[-4,2],[-7,3],[-7,-1],[-4,-2],[-5,-4],[-4,2],[-5,0],[-5,-1],[-5,-3],[-5,-1],[-7,-2],[-5,-3],[-4,-6],[-3,-7],[-5,-8],[-4,-32],[0,-7],[3,-8],[1,-12],[0,-12],[0,-9],[0,-12],[-1,-8],[0,-11],[0,-8],[0,-8],[-1,-20]],[[5943,3943],[-7,32],[-2,14],[-6,14],[-6,19],[-5,11],[-4,8],[-4,8],[-5,10],[-4,5],[-2,8],[-2,10],[-1,7],[-2,9],[-4,3],[-5,0],[-4,2],[-8,1],[-6,6],[-5,8],[-3,12],[-2,7],[-7,3],[-6,0],[-5,3],[-4,8],[-1,10],[0,10],[-3,11],[-2,9],[-7,18],[-4,6],[-4,5],[-3,9],[-2,8],[-8,10],[-5,3],[-9,3],[-3,9],[-4,15],[-2,9],[-2,10],[-5,14],[-3,5],[-3,7],[-6,5],[-7,2],[-8,-1],[-8,1],[-8,8],[-10,6],[-4,6],[-5,10],[-5,8],[-7,4],[-9,1],[-8,2],[-5,-1],[-10,5],[-8,9],[-10,4],[-8,0],[-3,4],[-8,6],[-7,4],[-4,12],[-1,23],[1,9],[0,15],[-6,7],[-9,9],[-7,1],[-7,6],[-10,2],[-14,-4],[-6,-1],[-13,-3],[-5,2],[-7,4],[-12,0],[-5,3],[-4,3],[-4,3],[-4,8],[-4,8],[-3,7],[-7,9],[-4,11],[-2,11],[-3,9],[-2,11],[-2,12],[-2,24],[0,10],[-3,11],[-7,22],[0,10],[14,13],[5,3],[6,12],[2,9],[-2,8],[-3,13],[-1,11],[-1,11],[0,13],[-1,9],[1,14],[-2,7],[-4,6],[0,9],[-2,12],[-3,10],[-2,8],[0,10],[-2,8],[-3,6],[-3,9],[0,8],[1,13],[4,36],[0,12],[-3,9],[-9,14],[-5,10],[-3,8],[-3,8],[-2,13],[-2,14],[-3,24],[-1,21],[-3,12],[-4,9],[0,8],[0,8],[-2,9],[-2,10],[-4,9],[-2,8],[-2,15],[-1,10],[-1,9],[-1,10],[-2,23],[-1,9],[1,8],[0,10],[0,8],[-1,17],[0,11],[0,11],[0,10],[-1,9],[-4,16],[-5,6],[-5,-1],[-5,-4],[-4,-4],[-6,-2],[-1,8],[-1,10],[-1,14],[-2,26],[0,12],[0,9],[-1,13],[-2,8],[-1,10],[-1,18],[1,11],[-1,14],[-2,9],[-2,9],[-2,8],[-3,14],[0,8],[3,15],[4,18],[2,20],[5,19],[-5,3],[-5,2],[-13,-5],[-8,-3],[-5,1],[-4,6],[-4,8],[-1,11],[4,9],[3,8],[4,10],[3,12],[0,11],[0,12],[-3,8],[-2,8],[0,8],[1,8],[2,9],[2,8],[1,8],[1,12],[2,12],[1,7],[0,10],[0,16],[-2,16],[-1,16],[0,13],[2,9],[2,8],[1,8],[3,10],[5,5],[5,3],[5,0],[6,-1],[7,-1],[6,4],[2,9],[2,19],[-1,12],[-5,11],[-5,18],[-1,9],[2,9],[3,7],[11,17],[5,12],[0,8],[-1,10],[1,24],[3,12],[2,10],[-1,9],[-2,9],[-3,9],[0,8],[-1,8],[-7,14],[-4,6],[-7,9],[-4,8],[3,14],[5,4],[4,5],[4,10],[1,8],[-1,8],[-5,8],[-4,11],[-1,10],[-5,14],[-4,6],[1,16],[0,12],[-2,8],[-2,8],[-5,6],[-5,8],[-2,10],[-3,10],[-3,11],[-3,6],[-5,6],[-4,7],[-3,7],[-1,11],[0,9],[-3,8],[-5,5],[-5,3],[-6,5],[-6,6],[-4,4],[-4,4],[-4,4],[-5,3],[-5,1],[-5,2],[-5,-1],[-5,-3],[-6,-3],[-4,-5],[-5,-7],[-6,-9],[-5,2],[-3,10],[-3,8],[-4,10],[-4,11],[-4,7],[-4,8],[-4,6],[-5,5],[-6,11]],[[5214,6451],[-2,8],[-3,11],[-1,10],[-1,11],[-1,8],[0,10],[2,11],[2,7],[3,7],[2,9],[0,11],[-2,9],[-3,9],[-5,8],[-5,6],[-4,13],[-4,5],[-5,7],[-1,8],[-1,10],[0,10],[-2,10],[0,11],[0,8],[-1,8],[2,8],[2,8],[-1,9],[-1,8],[2,7],[1,11],[7,12],[5,3],[9,-5],[5,-5],[5,-4],[5,2],[7,4],[4,1],[6,2],[5,4],[4,3],[8,3],[5,6],[5,10],[3,9],[3,10],[4,12],[2,12],[1,11],[1,10],[2,9],[1,9],[2,12],[3,7],[4,8],[3,11],[0,13],[1,9],[2,12],[4,9],[0,10],[2,10],[-2,12],[0,12],[-1,8],[0,8],[-1,9],[-2,9],[0,9],[1,8],[2,8],[3,14],[1,15],[-1,11],[-1,15],[-1,9],[0,17],[-1,12],[1,12],[0,11],[0,10],[0,12],[-2,9],[-2,13],[0,12],[1,11],[-2,11],[-4,7],[-5,5],[-5,7],[-4,5],[-3,10],[-1,11],[1,12],[0,11],[0,11],[0,13],[1,14],[0,13],[-1,11],[0,11],[-1,11],[-3,8],[-4,6],[-6,5],[-5,2],[-6,-1],[-7,9],[-4,4],[-7,4],[-5,3],[-5,3],[-5,0],[-6,-3],[-7,1],[-3,10],[1,12],[0,11],[-4,5],[-5,4],[2,13],[0,17],[-2,11],[-8,0],[-2,12],[1,12],[1,10],[2,12],[2,13],[-1,9],[-3,8],[-5,8],[-4,4],[-6,4],[-4,9],[-1,9],[0,13],[3,9],[5,7],[4,5],[5,7],[2,9],[1,11],[2,15],[5,5],[6,-3],[6,8],[2,9],[-1,12],[-3,7],[0,12],[5,7],[4,7],[3,10],[1,10],[3,9],[3,9],[0,13],[-13,77],[-4,10],[-3,7],[-5,9],[-5,9],[-3,8],[-4,9],[-4,6],[-5,7],[-4,5],[-3,7],[-4,5],[-4,4],[-6,7],[-3,6],[-2,8],[-4,7],[-3,7],[-4,9],[-5,10],[-4,9],[-2,10],[0,9],[0,9],[0,10],[1,9],[24,185]],[[5154,8258],[1,1],[6,6],[5,6],[7,10],[6,9],[4,7],[5,6],[4,5],[7,10],[4,6],[4,5],[7,8],[8,8],[6,7],[8,8],[4,5],[8,7],[7,5],[4,2],[3,1],[6,4],[6,3],[7,2],[4,0],[3,0],[6,-1],[6,-1],[8,-2],[7,-3],[5,-2],[5,-3],[7,-3],[7,-5],[6,-4],[6,-2],[5,-2],[5,0],[6,-1],[5,-1],[6,-1],[7,1],[6,2],[5,2],[5,1],[9,5],[5,3],[5,3],[8,4],[6,3],[5,3],[8,5],[5,3],[7,4],[9,5],[6,4],[8,5],[6,4],[6,5],[6,3],[5,4],[6,3],[6,0],[5,-1],[5,-2],[5,-3],[3,-7],[3,-7],[-1,-11],[0,-12],[0,-9],[1,-9],[3,-9],[2,-6],[4,-8],[4,-7],[5,-2],[7,3],[5,3],[8,7],[7,8],[4,5],[4,6],[6,8],[7,8],[4,7],[3,6],[4,6],[4,6],[4,5],[6,6],[5,4],[5,0],[6,-1],[5,-1],[5,-1],[7,0],[7,2],[4,1],[5,1],[6,1],[5,1],[5,-1],[7,-1],[6,0],[6,5],[5,8],[5,13],[4,10],[5,13],[5,11],[4,12],[4,9],[4,11],[3,9],[3,12],[4,8],[3,7],[3,5],[5,6],[5,3],[5,2],[7,-1],[4,-2],[7,-4],[4,-4],[5,-5],[4,-4],[5,-6],[5,0],[5,4],[6,5],[4,2],[6,2],[4,2],[5,1],[5,1],[5,1],[7,-4],[4,-2],[6,-4],[5,-5],[8,-6],[5,-7],[7,-9],[4,-8],[4,-11],[4,-9],[4,-11],[5,-11],[4,-11],[4,-11],[3,-13],[3,-10],[4,-12],[4,-10],[3,-10],[3,-12],[3,-11],[2,-11],[2,-10],[2,-11],[2,-10],[2,-11],[2,-10],[2,-9],[3,-7],[4,-7],[5,-2],[5,-1],[6,1],[8,4],[8,3],[5,1],[4,2],[8,2],[8,2],[8,1],[8,1],[6,0],[8,3],[7,1],[9,0],[7,0],[6,0],[5,-1],[3,0]],[[2663,2703],[4,-8],[5,-12],[3,-9],[4,-9],[5,-13],[5,-12],[8,-14],[5,-14],[3,-13],[1,-12],[0,-23],[0,-40],[1,-20],[2,-10],[3,-7],[3,-6],[6,-15],[2,-8],[1,-12],[1,-13],[1,-10],[3,-15],[2,-14],[5,-13],[3,-10],[3,-12],[1,-14],[-1,-16],[0,-10],[-1,-11],[2,-10],[2,-9],[4,-12],[5,-3],[11,-2],[5,-1],[7,1],[6,3],[8,6],[5,3],[7,2],[6,0],[13,-15],[3,-5],[3,-7],[0,-9],[0,-21],[0,-12],[1,-10],[3,-11],[0,-9],[-2,-14],[-4,-13],[-7,-14],[-4,-9],[-4,-9],[-2,-10],[-2,-14],[0,-12],[1,-15],[0,-20],[-1,-8],[3,-9],[6,-8],[6,-4],[7,-2],[4,-2],[6,-1],[7,4],[4,4],[6,10],[7,5],[7,3],[6,1],[7,2],[7,5],[6,7],[7,7],[6,5],[9,1],[4,-1],[9,-3],[5,-1],[6,-1],[12,-5],[14,-3],[9,1],[7,-8],[8,3],[3,-22],[4,-16],[4,-15],[3,-11],[2,-8],[3,-14],[4,-18],[5,-18],[4,-10],[3,-8],[5,-8],[5,-15],[5,-8],[4,-8],[4,-7],[0,-19],[0,-10],[1,-9],[3,-12],[1,-9],[1,-21],[4,-6],[6,-17],[0,-10],[-2,-14],[-2,-20],[-1,-13],[0,-10],[1,-15],[2,-18],[5,-23],[2,-12],[1,-11],[0,-11],[2,-13],[0,-10],[0,-11],[-2,-13],[0,-9],[2,-10],[6,-12],[3,-7],[2,-8],[1,-9],[0,-9],[-1,-12],[-5,-22],[-3,-9],[-5,-16],[-3,-9],[-7,-14],[-5,-10],[-3,-8],[-2,-10],[-3,-16],[-4,-13],[-3,-11],[-6,-13],[-8,-17],[-5,-13],[-3,-9],[-2,-13],[-1,-10],[0,-10],[2,-11],[5,-3],[1,-13],[1,-9],[0,-15],[1,-12],[2,-12],[3,-7],[4,-4],[6,-1],[5,-4],[6,-10],[3,-9],[4,-2],[3,-12],[3,-6],[4,-7],[2,-9],[0,-14],[1,-8],[1,-11],[2,-10],[-1,-8],[1,-9],[3,-10],[-1,-12],[3,-11],[-1,-9],[1,-10],[-2,-9],[-6,-4],[-6,-1],[-4,-7],[-3,-17],[-1,-13],[6,-2],[2,-12],[-3,-8],[-2,-8],[5,-4],[2,-12],[-3,-11],[-3,-8],[-6,1],[-5,5],[-4,-8],[2,-22],[0,-11],[3,-8],[1,-10],[4,-9],[0,-21],[-2,-8],[-5,-3],[-3,-7],[2,-7],[0,-9],[-6,-1],[-5,2],[-3,-10],[-4,-7],[-5,-4],[0,-11],[2,-9],[1,-10],[-5,-9],[-2,-14],[1,-12],[2,-8],[3,-11],[0,-8]],[[3029,664],[2,-16],[-5,-4],[-4,3],[-2,8],[-4,8],[-5,13],[-4,7],[-4,-10],[0,-10],[-2,-15],[-6,-11],[-2,-7],[6,-13],[1,-12],[-2,-9],[-1,-9],[-3,-6],[-5,1],[-5,2],[-3,4],[0,13],[-7,2],[-4,3],[-6,-6],[-1,-9],[-3,-11],[-3,-8],[-6,-7],[0,-13],[-3,-36],[-4,-9],[-3,-8],[-4,-10],[-2,-7],[-1,-9],[-2,-8],[-2,-9],[-3,-10],[-2,-11],[-2,-7],[-3,-8],[0,-15],[1,-10],[2,-11],[3,-8],[1,-10],[0,-11],[0,-12],[0,-11],[2,-10],[-1,-1],[0,-2],[0,-2],[0,-1],[0,-2],[0,-2],[0,-2],[0,-1],[0,-2],[0,-2],[0,-2],[0,-1],[-1,-2],[0,-2],[0,-2],[0,-1],[0,-2],[1,-1],[0,-2],[1,-2],[0,-1],[0,-2],[1,-1],[1,-2],[0,-1],[1,-2],[0,-1],[1,-2],[0,-1],[1,-2],[0,-1],[1,-2],[0,-1],[1,-2],[0,-1],[1,-2],[1,-1],[0,-2],[1,-1],[1,-1],[1,-2],[0,-1],[1,-1],[1,-1],[1,-1],[1,-1],[0,-1],[1,-1],[1,-1],[2,0],[1,0],[8,-8],[11,-17]],[[2969,224],[-12,-9],[-4,-7],[0,-2],[-8,-26],[-2,-4],[-7,-3],[-2,-1],[-10,6],[-6,-2],[-3,-3],[-9,-22],[-12,-8],[-2,1],[-8,9],[0,2],[-2,3],[-8,32],[-4,7],[-6,-1],[-24,13],[-4,4],[0,5],[0,3],[-10,13],[-26,-6],[-12,-3],[-6,1],[-24,10],[-17,17],[-3,1],[-8,-4],[-4,-3],[-8,-67],[-7,-12],[-6,-27],[-9,-18],[-3,-4],[-12,-5],[-13,8],[-24,24],[-9,-3],[-6,-7],[-6,-8],[-4,-6],[-4,2],[-34,27],[-19,12],[-2,9],[-1,1],[0,6],[3,4],[0,7],[4,16],[23,36],[2,7],[3,5],[8,12],[14,12],[0,3],[13,7],[14,7],[3,3],[3,7],[3,15],[3,5],[2,0],[2,5],[7,48],[15,18],[-3,52],[-13,21],[-9,8],[0,3],[-2,1],[-2,22],[-10,10],[-4,4],[-8,-2],[-8,-4],[-17,-20],[-4,-10],[-2,-7],[-2,-1],[-3,0],[-10,6],[0,22],[-5,9],[-2,13],[-4,7],[-1,2],[-19,23],[-51,23],[-43,31],[-27,10],[-11,12],[-12,67],[-2,1],[-1,6],[-9,11],[-7,-1],[-3,-2],[-28,-19],[-12,4],[-13,5],[-20,29],[-4,3],[-3,2],[-18,-6],[-16,-16],[-16,10],[-3,-3],[-14,-16],[-7,-35],[-9,-17],[-1,-4],[-11,-11],[-18,-4],[-29,2],[-46,12],[-17,10],[-11,14],[0,3],[0,3],[-1,0],[-6,8],[-2,18],[-2,1],[-2,3],[5,53],[3,7],[3,4],[0,8],[-2,5],[-4,20],[-5,9],[-6,8],[0,3],[0,3],[-4,5],[-10,7],[-19,4],[-8,-1],[-8,-1],[-6,-3],[-9,2],[-2,1],[-16,15],[-4,2],[-32,14],[-10,1],[-10,-5],[-6,1],[-20,1],[-6,-1],[-3,1],[-4,6],[-4,78],[-4,22],[-1,2],[-2,1],[-1,5],[-3,14],[-2,3],[-20,25],[-12,2]],[[1846,1030],[0,2],[2,10],[2,7],[3,8],[3,9],[2,11],[1,10],[0,10],[-1,8],[1,11],[-1,10],[-5,8],[-4,4],[-5,5],[-6,1],[-8,1],[-6,-1],[-6,-1],[-7,-1],[-4,-4],[-6,-4],[-5,-3],[-5,-1],[-5,-3],[-5,-3],[-7,-3],[-6,-6],[-4,-7],[-4,-8],[-4,-7],[-5,-5],[-6,-3],[-6,-2],[-5,-2],[-7,1],[-5,2],[-4,6],[-3,7],[-1,9],[0,11],[1,9],[3,8],[4,6],[4,5],[4,10],[0,11],[2,10],[-1,11],[-3,9],[-5,6],[-5,5],[-5,2],[-4,7],[-1,13],[1,10],[2,11],[3,11],[2,6],[5,8],[0,11],[-2,8],[-6,8],[-5,5],[-5,0],[-6,-2],[-5,-2],[-5,1],[-3,8],[-2,9],[-1,7],[-5,6],[-5,0],[-6,-6],[-5,-5],[-6,-4],[-5,2],[-4,9],[0,8],[-2,8],[-6,1],[-4,-1],[-6,2],[-4,6],[-2,9],[0,9],[-3,7],[-6,4],[-4,9],[-3,8],[-4,7],[-6,1],[-6,-3],[-2,-12],[-1,-9],[-3,-9],[-4,-6],[-5,-3],[-7,0],[-5,3],[-3,7],[-3,8],[-2,10],[0,10],[0,11],[-1,11],[-3,6],[-5,4],[-5,1],[-5,13],[7,2],[3,6],[4,-6],[7,1],[6,1],[5,2],[5,3],[7,5],[5,5],[4,6],[4,6],[3,6],[4,8],[3,8],[3,7],[4,9],[6,10],[4,6],[5,6],[4,5],[5,8],[4,5],[4,5],[4,4],[6,4],[10,5],[8,13],[3,9],[7,8],[6,7],[5,5],[4,9],[3,9],[6,8],[3,10],[2,11],[1,10],[2,12],[2,11],[2,10],[4,14],[4,10],[6,10],[4,6],[4,4],[6,6],[4,5],[5,8],[4,9],[4,10],[3,10],[5,12],[3,14],[2,10],[4,6],[6,5],[4,14],[0,9],[0,12],[-1,10],[-1,9],[0,9],[0,8],[3,9],[4,9],[3,7],[4,6],[4,8],[4,10],[2,7],[3,11],[0,10],[-2,13],[-4,11],[-3,6],[-4,6],[-3,6],[-4,6],[-4,7],[-3,6],[-4,8],[-3,9],[-2,8],[-5,9],[-6,8],[-5,8],[-6,9],[-6,6],[-6,9],[-6,4],[-7,1],[-6,-2],[-5,-1],[-7,0],[-6,-1],[-5,5],[-1,8],[1,10],[0,10],[2,14],[1,9],[2,12],[2,10],[2,8],[2,10],[1,9],[0,14],[0,13],[0,9],[-1,12],[-1,8],[0,11],[0,10],[0,14],[1,11],[-1,9],[0,11],[-2,14],[-3,13],[-3,8],[-4,9],[-3,6],[-1,8],[0,12],[-1,10],[-2,9],[1,14],[3,9],[4,7],[7,9],[6,7],[7,10],[4,5],[3,5],[5,5],[4,5],[6,5],[6,5],[7,4],[8,4],[4,5],[4,4],[5,7],[5,7],[2,8]],[[1782,2573],[8,8],[1,8],[-1,10],[-2,9],[-2,10],[-3,9],[-2,9],[-1,10],[1,14],[2,13],[2,10],[3,12],[4,9],[4,6],[5,11],[3,7],[5,10],[2,7],[3,10],[3,10],[4,11],[4,8],[4,6],[5,6],[5,8],[3,6],[4,8],[5,8],[3,6],[5,7],[6,8],[4,8],[4,10],[-1,10],[-3,7],[-3,8],[0,9],[-3,8],[-5,6],[-6,4],[-5,6],[-7,7],[-6,9],[-5,8],[-5,7],[-5,11],[-3,9],[-2,9],[-2,13],[-3,10],[-3,11],[-4,9],[-3,9],[-3,9],[-1,11],[-2,10],[0,11],[1,12],[1,9]],[[1795,3097],[6,1],[6,1],[6,-1],[7,-4],[5,-2],[6,-1],[5,-1],[7,0],[6,2],[6,4],[7,5],[5,3],[7,4],[6,4],[6,3],[8,2],[4,0],[5,0],[5,-1],[6,-1],[6,-2],[6,-4],[5,-3],[5,-3],[6,-2],[5,0],[5,2],[4,4],[5,4],[6,5],[7,1],[7,-1],[5,-1],[6,-1],[6,-1],[6,0],[6,0],[7,0],[5,-3],[7,-5],[7,-3],[6,-5],[7,-4],[5,-2],[8,-1],[6,-2],[5,-2],[4,-7],[5,-2],[3,-7],[5,-7],[5,-2],[4,-5],[6,-5],[6,3],[5,-5],[5,-4],[5,-1],[5,-9],[1,-12],[6,-6],[4,-9],[3,-7],[5,-5],[8,3],[6,-5],[5,-2],[7,-5],[5,-1],[8,-3],[6,-1],[6,-3],[4,-4],[7,-1],[7,-2],[6,-1],[6,-2],[4,-4],[6,-6],[7,-2],[7,-1],[5,3],[4,2],[10,-1],[4,-5],[4,-4],[5,-3],[5,-4],[10,2],[2,21],[4,10],[4,8],[10,12],[2,8],[1,12],[-1,9],[-4,8],[-3,7],[-3,11],[-1,9],[-1,10],[-2,17],[-2,11],[0,9],[0,10],[-1,9],[-1,9],[1,11],[2,9],[2,16],[1,10],[3,10],[4,7],[2,8],[2,14],[5,9],[2,8],[-1,11],[3,9],[4,16],[-1,13],[2,8],[-2,9],[0,11],[3,8],[5,11],[2,10],[1,10],[0,11],[3,12],[1,11],[1,11],[2,13],[3,9],[5,8],[4,8],[4,12],[5,6],[5,6],[5,7],[5,12],[3,13],[1,17],[0,10],[-1,14],[-1,11],[0,10],[0,11],[1,10],[4,17],[2,9],[3,9],[2,9],[-1,10],[-3,9],[0,10],[-1,10],[2,11]],[[2400,3670],[10,0],[5,-4],[6,-3],[6,-5],[6,-4],[5,-5],[3,-9],[5,-7],[7,-18],[2,-10],[2,-11],[1,-10],[1,-10],[6,-5],[6,-10],[5,-7],[2,-10],[0,-10],[-1,-11],[-2,-10],[1,-14],[-1,-16],[1,-11],[0,-18],[0,-11],[0,-11],[1,-23],[0,-10],[2,-15],[1,-10],[2,-10],[7,-5],[6,-1],[7,8],[7,12],[5,7],[7,14],[5,5],[7,-4],[6,-5],[12,-15],[5,-7],[4,-7],[8,-4],[6,1],[8,1],[17,1],[6,0],[8,-1],[5,-1],[6,-2],[7,-8],[6,-11],[5,-12],[2,-10],[0,-12],[0,-18],[1,-8],[-4,-9],[-5,-8],[-7,-6],[-7,0],[-7,1],[-4,-4],[-9,-13],[-5,-6],[-4,-7],[-3,-8],[-3,-8],[-5,-4],[-10,-1],[-7,-2],[-8,-4],[-5,-3],[-6,-6],[-4,-7],[-5,-13],[-4,-10],[-4,-7],[-5,-13],[-4,-10],[-4,-9],[-4,-6],[-8,-12],[-8,-9],[-9,-7],[-11,-10],[-6,-3],[-5,-3],[-7,-6],[-4,-4],[-7,-11],[-3,-8],[-2,-12],[-2,-7],[-6,-19],[-4,-6],[-4,-7],[-3,-12],[-3,-8],[-4,-7],[-5,-11],[-4,-10],[-7,-9],[-2,-8],[-1,-10],[-1,-14],[0,-9],[-1,-12],[0,-8],[-2,-11],[6,-4],[5,-1],[8,2],[5,-1],[5,-1],[10,-2],[6,-1],[8,-2],[5,-4],[5,-6],[4,-8],[3,-4],[6,-3],[7,-5],[13,-17],[5,-9],[4,-9],[4,-9],[3,-7],[6,-16],[3,-6],[6,-5],[7,-5],[9,-5],[9,-3],[5,-3],[5,-5],[12,-13],[5,-5],[11,-7],[8,-6],[6,-4],[4,-1],[5,-1],[11,-7],[4,-2],[5,0],[5,4],[5,5],[4,2],[12,1],[5,4],[6,8]],[[4706,2894],[6,-4],[4,-5],[3,-8],[3,-6],[7,-7],[6,-5],[9,-4],[3,-6],[-1,-10],[1,-17],[2,-9],[3,-9],[3,-10],[3,-13],[2,-12],[0,-10],[-4,-10],[-5,-11],[-3,-9],[-2,-8],[-2,-10],[-1,-8],[0,-9],[-2,-8],[-6,-1],[-5,1],[-6,7],[-5,9],[-3,6],[-3,5],[-6,1],[-5,-1],[-10,-5],[-5,-5],[-7,-5],[-4,-7],[-6,-11],[-4,-6],[-4,-5],[-7,-3],[-5,-9],[-4,-9],[-9,-4],[-4,-1],[-9,-11],[-5,-7],[-2,-10],[-4,-12],[-6,-6],[-4,-8],[-4,-13],[-2,-10],[-3,-9],[-6,-12],[-4,-6],[-6,-9],[-9,-2],[-8,-3],[-5,-4],[-5,-5],[-4,-9],[-2,-10],[-1,-16],[-2,-9],[-2,-8],[-4,-10],[-1,-11],[1,-8],[3,-10],[1,-11],[1,-9],[1,-13],[0,-9],[2,-13],[0,-10],[-4,-12],[-3,-8],[-5,-9],[-7,-10],[-7,-12],[-8,-11],[-4,-11],[-2,-9],[1,-11],[2,-11],[2,-15],[0,-8],[-1,-8],[-1,-11],[-3,-14],[-3,-23],[0,-15],[0,-8],[0,-9],[-3,-9],[-9,-7],[-8,-6],[-7,-2],[-6,-5],[-5,-3],[-4,-6],[-8,-18],[-3,-6],[-4,-6],[-4,-6],[3,-12],[3,-6],[2,-9],[-1,-83],[-2,-10],[0,-9],[-1,-13],[-1,-9],[1,-9],[0,-10],[0,-8],[-2,-10],[-2,-10],[2,-14],[-2,-9],[-3,-10],[-4,-9],[-2,-7],[-9,-21],[-6,-16],[-3,-8],[-3,-9],[-7,-14],[-7,-15],[-5,-8],[-7,2],[-5,2],[-4,-2],[-6,-13],[-3,-15],[-1,-9],[-1,-9],[-5,-11],[-7,-11],[-7,-11],[-9,-16],[-5,-9],[-14,-25],[-6,-11],[-5,-10],[-3,-10],[-1,-10],[-1,-12],[-2,-16],[0,-12],[-1,-9],[2,-10],[1,-9],[1,-8],[3,-12],[0,-9],[-2,-9],[-6,-13],[-5,-7],[-5,-12],[-3,-5],[-5,1],[-2,7],[-4,7],[-10,-6],[-5,-4],[-8,-10],[-8,-9],[-6,-6],[-4,-7],[-4,-7],[-6,-10],[-5,-8],[-4,-7],[-2,-13],[2,-9],[0,-11],[0,-17],[-5,-10],[-8,-3],[-6,-6],[-9,-10],[-5,-7],[-8,-15],[-4,-7],[-8,-9],[-5,-5],[-6,-10],[-4,-8],[-1,-10],[-1,-9],[-1,-13],[0,-10],[-2,-9],[-4,-8],[-3,-12],[-2,-9],[-4,-25],[-1,-8],[-4,-11],[-6,-12],[-4,-10],[-3,-11],[0,-11],[2,-9],[4,-6],[3,-9],[-2,-9],[-1,-9],[3,-12],[1,-8],[-3,-20],[-2,-10],[0,-9],[3,-9],[0,-10],[-3,-13],[-5,-5],[-8,1],[-4,1],[-7,-1],[-2,-8],[-9,-2],[-7,0],[-5,-5],[-6,-12],[-4,-10],[-6,-9],[-5,-2],[-4,3],[-5,6],[-9,7],[-5,2],[-6,2],[-1,17],[-4,3],[-7,-5],[-6,-4],[-13,-10],[-4,-3],[-6,-6],[-6,-7],[-8,-7],[-5,-6],[-4,-5],[-5,-9],[-2,-8],[-1,-16],[0,-10],[-3,-9],[0,-14],[-2,-9],[3,-13],[1,-9],[-3,-9],[-7,-3],[-6,-3],[-11,-8],[-13,-10],[-7,-3],[-6,-2],[-7,-4],[-8,1],[-5,4],[-3,8],[-5,12],[-4,7],[-5,6],[-7,4],[-5,4],[-7,5],[-5,2],[-6,2],[-10,-2],[-6,-1],[-7,-4],[-5,-4],[-4,-6],[-5,-8],[-4,-3],[-2,13],[-2,14],[-5,22],[-1,10],[-2,12],[-3,8],[-5,6],[-5,8],[-4,11],[-4,8],[-7,18],[-6,20],[-3,9],[-3,13],[-3,18],[-4,12],[2,9],[6,4],[6,5],[10,20],[5,10],[3,12],[-5,1],[-10,-2],[-14,6],[-5,0],[-8,4]],[[3714,1016],[12,9],[2,9],[0,11],[-1,10],[-1,14],[-3,10],[-5,6],[0,10],[5,2],[8,2],[5,8],[3,11],[4,21],[0,10],[-2,11],[1,17],[0,10],[-3,6],[-4,11],[-4,12],[1,10],[2,8],[4,7],[7,8],[4,8],[3,7],[11,16],[3,8],[5,7],[5,4],[5,2],[4,0],[5,-1],[5,-5],[4,-6],[4,-4],[6,3],[4,7],[3,12],[7,15],[3,8],[2,9],[1,11],[0,9],[0,15],[-4,6],[5,8],[1,13],[2,7],[4,8],[5,8],[7,8],[9,10],[4,6],[4,8],[4,10],[3,5],[7,7],[2,7],[7,28],[4,10],[7,17],[2,10],[2,17],[1,18],[-1,17],[2,18],[2,10],[4,6],[2,7],[4,7],[2,8],[2,9],[0,10],[-3,12],[-3,12],[2,7],[6,8],[2,8],[-2,11],[-5,4],[-3,9],[1,8],[1,16],[1,8],[-2,25],[0,10],[1,10],[0,9],[3,13],[2,9],[2,7],[2,9],[1,9],[1,10],[0,11],[0,14],[0,11],[0,12],[2,11],[2,11],[1,9],[2,11],[0,13],[0,12],[1,9],[3,9],[3,9],[2,10],[1,10],[-1,14],[-1,9],[-1,9],[-2,12],[-1,12],[1,9],[2,9],[2,11],[1,10],[-4,7],[-6,4],[-4,2],[-4,4],[-4,8],[-1,10],[1,8],[3,12],[2,8],[2,8],[1,10],[3,10],[4,6],[4,6],[2,7],[2,11],[6,16],[-6,17],[-2,8],[-2,9],[0,11],[0,9],[-4,9],[-3,6],[-3,8],[1,11],[4,11],[3,9],[1,11],[0,11],[-2,7],[0,11],[1,9],[0,11],[0,9],[-1,9],[0,9],[0,11],[-2,7]],[[3938,2498],[5,8],[2,9],[1,8],[2,14],[-2,12],[-5,8],[-4,8],[-3,11],[-2,9],[-3,13],[0,9],[3,9],[3,9],[-2,8],[-1,9],[0,13],[1,11],[2,9],[3,9],[3,8],[3,6],[3,6],[3,9],[1,10],[-3,8],[-2,7],[-3,7],[-1,8],[0,8],[2,9],[0,11],[0,10],[-1,10],[-1,11],[0,13],[1,9],[0,9],[-2,7],[-2,8],[1,9],[1,11],[0,9],[1,8],[2,11],[7,8],[4,6],[4,5],[5,4],[4,3],[6,3],[6,6],[3,6],[4,8],[6,1],[5,-1],[6,-4],[6,-3],[5,-4],[7,-5],[5,-4],[5,-3],[6,-4],[5,-5],[5,-4],[5,-5],[6,-5],[7,-5],[7,-5],[6,-5],[4,-5],[4,-9],[3,-6],[5,-7],[7,-5],[6,-5],[8,-5],[4,-3],[5,-4],[4,-6],[7,-7],[7,-2],[6,-2],[5,-4],[2,-8],[2,-9],[1,-11],[5,-5],[7,-3],[7,1],[6,0],[6,2],[5,2],[4,2],[6,2],[6,7],[4,8],[5,5],[5,5],[6,2],[7,-1],[5,-1],[7,3],[7,3],[6,-1],[7,-2],[4,-2],[5,-1],[7,-2],[5,-4],[7,-1],[8,-1],[5,2],[6,7],[4,8],[4,10],[3,8],[3,5],[6,2],[5,-3],[5,1],[6,6],[5,4],[4,0],[4,-5],[3,-10],[2,-11],[3,-9],[5,-6],[5,-6],[7,-8],[5,-5],[6,-5],[4,-3],[2,-9],[1,-11],[4,-6],[5,-7],[5,-2],[5,2],[6,3],[4,-3],[4,-6],[4,-9],[3,-10],[6,-7],[4,-6],[4,-8],[4,-6],[7,-21],[13,-4],[6,7],[5,8],[5,16],[4,11],[3,8],[4,12],[3,8],[6,7],[5,2],[5,0],[5,-2],[5,-4],[11,-14],[6,-1],[5,2],[5,7],[5,10],[4,11],[6,11],[6,8],[5,4],[7,0],[6,-2],[5,-4],[5,0],[5,3],[9,7],[7,5],[12,11],[9,6],[6,7],[3,6],[3,11],[2,9],[5,25],[3,9],[4,6],[5,1],[4,-1],[5,0],[5,-2]],[[3714,1016],[-6,-11],[-7,-4],[-10,-7],[-8,-5],[-6,-12],[-2,-9],[-3,-9],[-4,-10],[-5,-6],[-5,-6],[-9,-2],[-7,-1],[-6,-5],[-12,-19],[-4,-7],[-6,-6],[-5,-6],[-4,-10],[-3,-6],[-7,-8],[-4,-6],[-4,-7],[-2,-10],[-1,-11],[2,-8],[3,-9],[3,-8],[6,-6],[7,1],[3,6],[1,10],[-1,10],[1,12],[6,-1],[-1,-12],[-2,-28],[-1,-13],[-1,-13],[-3,-9],[-13,6],[-17,11],[-6,4],[-4,5],[-8,9],[-3,7],[-2,11],[-1,10],[2,18],[1,12],[1,8],[0,9],[-1,10],[-4,20],[0,12],[0,14],[0,19],[-2,16],[-3,27],[-3,7],[-6,2],[-6,8],[-4,5],[-9,2],[-9,-6],[-5,-7],[-4,-7],[-3,-7],[-4,-11],[2,-10],[1,-10],[1,-9],[1,-9],[0,-13],[0,-11],[-1,-12],[-1,-9],[-3,-21],[-3,-15],[-3,-15],[-3,-12],[-1,-16],[4,-12],[4,-10],[-6,-1],[-5,5],[-5,2],[-2,-10],[-4,-16],[-2,-11],[-3,-10],[-5,-6],[-5,-2],[-5,3],[-13,26],[-3,7],[-3,11],[0,13],[0,17],[5,8],[3,8],[-3,10],[-5,-6],[-7,-10],[-4,-6],[-3,-13],[-2,-12],[-1,-14],[0,-19],[-1,-8],[-4,-6],[-10,-6],[-6,-2],[-9,-4],[-7,0],[-6,-1],[-6,3],[-1,7],[-4,6],[-5,-1],[-5,-9],[-8,-10],[-5,-6],[-4,-5],[-7,-7],[-11,-11],[-5,-7],[-4,-9],[-4,-9],[-4,-6],[-8,0],[-6,3],[-4,4],[-2,8],[-1,11],[-5,9],[-9,10],[-3,5],[-4,9],[-6,15],[-5,10],[-3,8],[-1,16],[-2,19],[-2,14],[-3,8],[-7,8],[-4,7],[-8,4],[-5,2],[-6,3],[-5,5],[-9,5],[-5,1],[-7,1],[-7,-2],[-6,-4],[-4,-9],[-6,-24],[0,-11],[4,-14],[2,-10],[1,-13],[1,-11],[0,-12],[-1,-10],[-5,-12],[-7,-17],[-4,-10],[-1,-8],[1,-11],[0,-10],[-4,-9],[-5,5],[-5,7],[-5,3],[-5,11],[-3,8],[-4,7],[-4,4],[-9,0],[-8,3],[-7,2],[-5,0],[-5,-1],[-5,-1],[-5,-2],[-8,-4],[-8,-6],[-3,-13],[-2,-8],[-2,-9],[-4,-6],[-5,-5],[-6,3]],[[2663,2703],[-5,5],[0,11],[2,10],[3,12],[8,17],[2,8],[3,9],[7,21],[4,10],[0,10],[-3,12],[0,13],[-2,20],[-1,11],[0,8],[4,18],[2,14],[-2,20],[1,10],[4,16],[4,15],[2,8],[3,18],[1,10],[0,11],[-1,11],[0,16],[1,8],[2,12],[2,13],[2,8],[6,10],[4,4],[6,5],[6,6],[3,13],[3,9],[9,6],[10,5],[9,6],[4,3],[7,7],[6,13],[10,1],[6,-2],[6,0],[8,2],[13,8],[15,17],[6,11],[2,8],[-1,10],[-5,26],[0,13],[3,10],[8,7],[11,7],[4,12],[4,7],[3,10],[3,17],[0,14],[4,13],[4,8],[2,9],[0,14],[0,11],[0,13],[8,-1],[6,-1],[5,-6],[7,-5],[9,-1]],[[2920,3407],[8,-1],[10,-6],[6,-2],[7,10],[7,13],[4,7],[6,2],[11,-9],[6,-5],[5,-3],[6,1],[11,9],[3,6],[5,12],[4,9],[7,11],[6,9],[5,7],[4,6],[4,0],[5,-6],[5,-5],[7,-2],[4,0],[7,3],[10,9],[5,2],[7,-5],[4,-7],[3,-10],[9,-12],[4,-8],[4,-6],[13,-14],[7,-7],[10,-13],[5,-5],[6,1],[5,2],[7,5],[8,6],[6,5],[5,4],[18,7],[18,10],[8,6],[11,6],[5,2],[6,-6],[5,-12],[7,-29],[4,-6],[5,-3],[3,-6],[-1,-8],[7,0],[6,1],[6,-1],[6,-3],[4,-6],[4,-8],[4,-7],[2,-11],[2,-10],[4,-14],[4,-13],[2,-8],[2,-12],[3,-7],[2,-9],[6,-7],[8,-3],[6,-7],[6,-9],[5,-12],[5,-6],[5,-4],[9,-8],[4,-5],[4,-5],[9,-6],[5,-4],[8,-3],[8,-2],[6,-2],[6,-2],[3,-7],[3,-14],[1,-9],[1,-8],[3,-16],[4,-17],[4,-18],[3,-12],[2,-9],[4,-8],[6,-4],[2,-19],[-1,-9],[0,-11],[5,-18],[3,-11],[2,-10],[3,-9],[1,-11],[3,-10],[2,-9],[2,-9],[5,-12],[3,-8],[6,-18],[6,-29],[1,-12],[1,-10],[2,-7],[3,-9],[2,-9],[3,-14],[2,-10],[3,-6],[7,-3],[12,-8],[3,-5],[4,-9],[9,-4],[6,-3],[3,-7],[2,-14],[3,-14],[3,-11],[2,-10],[8,-8],[5,1],[4,-1],[7,0],[3,7],[6,7],[5,5],[7,2],[7,-3],[5,-4],[5,-8],[5,-6],[7,-4],[5,0],[6,3],[7,0],[12,-3],[14,1],[6,1],[5,4],[5,-1],[9,-14],[4,-17],[2,-8],[4,-10],[5,-4],[6,-1],[4,-3],[4,-3],[8,-5],[6,-6],[6,-5],[5,-10],[3,-7],[4,-7],[5,-3],[6,0],[4,2],[7,2],[5,1],[5,2],[6,0],[5,0],[5,-2],[6,-3],[6,-2],[6,0],[5,2],[5,2],[5,1],[6,1],[5,-5],[4,-6],[4,-7],[5,-8],[4,-7],[4,-6],[4,-7],[3,-6],[3,-7],[6,-9],[5,-7],[4,-7],[5,-8],[3,-8],[3,-8]],[[5079,8218],[5,-162],[-2,-11],[-3,-12],[-3,-12],[-3,-12],[-2,-9],[-4,-13],[-3,-11],[-4,-5],[-5,-4],[-6,-2],[-5,-2],[-5,-4],[-5,-5],[-5,-7],[-4,-8],[-4,-7],[-3,-8],[-3,-8],[-2,-9],[-2,-9],[-1,-9],[-2,-8],[-2,-9],[-2,-10],[-2,-12],[-3,-8],[-3,-7],[-4,-7],[-5,-6],[-6,-5],[-5,0],[-5,1],[-5,3],[-7,3],[-5,1],[-5,0],[-5,0],[-7,1],[-5,3],[-5,0],[-8,1],[-7,-1],[-7,-3],[-5,-1],[-5,-1],[-5,-2],[-5,-8],[-3,-8],[-4,-9],[-3,-7],[-6,-5],[-7,-3],[-3,-5],[-3,-11],[-3,-38],[0,-10],[0,-14],[0,-15],[1,-11],[0,-10],[1,-10],[1,-10],[1,-12],[1,-12],[1,-11],[4,-10],[4,-5],[5,-8],[3,-8],[0,-13],[-3,-9],[-4,-7],[-4,-10],[-3,-7],[-2,-8],[-1,-12],[2,-11],[2,-12],[3,-9],[4,-9],[3,-8],[3,-10],[2,-8],[2,-10],[2,-12],[1,-9],[0,-11],[-1,-11],[-2,-9],[-2,-8],[-2,-9],[-1,-13],[1,-13],[1,-9],[2,-12],[2,-9],[2,-10],[2,-10],[2,-10],[1,-10],[1,-10],[-1,-10],[-1,-12],[-1,-9],[-3,-9],[-3,-9],[-3,-7],[-3,-9],[-3,-7],[-4,-7],[-5,-5],[-5,0],[-5,3],[-4,6],[-2,12],[-3,7],[-4,5],[-4,4],[-6,1],[-6,-1],[-5,-2],[-4,-4],[-3,-6],[-3,-10],[-2,-9],[-3,-8],[-5,-4],[-5,-2],[-6,3],[-6,9],[-4,6],[-3,6],[-5,5],[-6,3],[-5,4],[-6,3],[-7,3],[-7,3],[-6,3],[-6,3],[-6,-3],[-6,-5],[-5,-11],[-3,-8],[-4,-7],[-5,-12],[-4,-12],[-3,-9],[-3,-10],[-4,-9],[-5,-4],[-5,-2],[-6,-1],[-6,-1],[-6,1],[-5,7],[-4,9],[-3,10],[-3,7],[-4,7],[-5,6],[-6,6],[-5,5],[-5,1],[-5,1],[-7,2],[-6,0],[-3,8],[-2,13],[-1,10],[-1,10],[-1,12],[-3,9],[-4,13],[-3,6],[-6,9],[-5,9],[-3,9],[-3,12],[-2,14],[-3,11],[-2,10],[-3,10],[-3,11],[-2,11],[-2,8],[-1,13],[-1,12],[-1,8],[-3,10],[-3,9],[-7,11],[5,30],[3,9],[3,10],[1,10],[2,11],[1,10],[1,13],[-1,13],[-3,11],[-2,9],[-4,8],[-4,6],[-1,1],[-1,2],[0,1],[-1,2],[-1,1],[0,2],[-1,1],[-1,2],[0,1],[-1,2],[-1,1],[0,2],[-1,1],[-1,2],[0,1],[-1,2],[-1,2],[-1,1],[-1,2],[-2,2],[-1,1],[-1,1],[-1,0],[-1,0],[-1,1],[-2,0],[-1,0],[-1,0],[-1,1],[-1,0],[-1,0],[-1,1],[-1,1],[-1,0],[-1,1],[-1,1],[-1,0],[-1,1],[0,1],[-1,1],[-1,2],[-1,2],[-1,2],[-1,3],[0,1],[0,2],[-1,2],[0,2],[-1,2],[0,2],[0,2],[-1,2],[0,2],[0,2],[-1,1],[0,2],[0,2],[-1,2],[0,2],[-1,2],[-1,2],[-1,3],[-1,1],[-1,2],[-1,1],[-1,1],[-1,1],[-1,1],[-1,0],[-1,1],[-1,0],[-1,1],[-1,0],[-1,1],[-1,0],[-1,1],[-1,0],[-2,1],[-1,-1],[-1,0],[-1,-1],[-5,-5],[-5,-6],[-5,-8],[-5,-5],[-12,-3],[-7,0],[-5,0],[-6,0],[-6,-4],[-5,-4],[-10,-8],[-15,-6],[-8,0],[-6,3],[-8,3],[-8,1],[-6,2],[-11,1],[-8,-3],[-5,-2],[-5,-4],[-8,-7],[-4,-6],[-7,-7],[-3,-6],[-4,-8],[-3,-8],[-2,-14],[0,-13],[2,-17],[-1,-9],[-1,-9],[-3,-8],[-2,-8],[-2,-9],[-1,-11],[0,-18],[-1,-13],[-5,-11],[-3,-6],[-3,-8],[-1,-9],[-3,-8],[-3,-8],[-2,-9],[-3,-12],[-2,-16],[-2,-7],[-4,-8],[-2,-7],[-4,-5],[-3,-7],[-1,-9],[-2,-13],[-1,-9],[-2,-7],[-4,-5],[-5,-4],[-4,-8],[-3,-8],[-3,-12],[-4,-12],[-3,-7],[-2,-7],[-3,-8],[-4,-19],[-2,-7],[-6,-12],[-5,-12],[-7,-27],[-3,-11],[-6,-6],[-5,-6],[-1,-9],[-4,-6],[-2,-6],[-4,-6],[-3,-14],[-6,-9],[-3,-7],[-4,-15],[-3,-24],[-1,-13],[-2,-14],[-1,-8],[-4,-7],[-4,-5],[-2,-7],[-1,-8],[-3,-16],[-1,-11],[-1,-8],[-2,-10],[0,-8],[-5,-8],[-4,-8],[-2,-7],[-4,-9],[-5,-8],[-7,-10],[-4,-10],[-4,-5],[-8,-6],[-7,-11],[-1,-8],[-6,-7],[-4,-9],[-3,-6],[-5,-7],[-6,-1],[-4,0],[-5,0],[-4,5],[-6,7],[-5,7],[-7,4],[-5,1],[-4,3],[-4,7],[-5,0],[-7,-2],[-7,-3],[-4,4],[-4,4],[-6,-4],[-4,-7],[-4,-2],[-9,4],[-8,-6],[-7,-7],[-5,-3],[-5,-1],[-5,0],[-6,-6],[-9,-4],[-5,-1],[-5,-1],[-11,3],[-6,1],[-6,-5],[-4,-6],[-4,-8],[-2,-7],[-1,-15],[-4,-13],[-1,-11],[1,-9],[1,-7],[2,-10],[0,-8],[-1,-13],[1,-11],[1,-13],[0,-10],[-3,-17],[-2,-12],[0,-9],[1,-8],[-1,-16],[-1,-8],[0,-8],[-1,-8]],[[3839,6576],[-10,3],[-6,4],[-5,-2],[-4,2],[-7,-1],[-6,2],[-5,5],[-5,4],[-7,1],[-5,2],[-5,7],[-1,9],[-2,11],[-5,9],[-2,8],[-4,8],[-6,4],[-4,5],[-7,4],[-5,4],[-10,4],[-7,7],[-6,2],[-5,1],[-5,0],[-7,8],[-3,5],[-4,4],[-8,2],[-6,5],[-4,4],[-4,4],[-8,15],[-6,5],[-12,2],[-6,2],[-5,4],[-5,1],[-6,-3],[-7,-2],[-5,6],[-7,9],[-3,7],[-2,8],[-4,12],[-4,5],[-7,9],[-7,10],[-5,5],[-6,2],[-3,9],[-7,7],[-5,6],[-5,12],[-4,9],[-4,9],[-5,11],[-3,6],[-6,8],[-5,4],[-9,2],[-8,1],[-5,-2],[-8,-10],[-4,-5],[-5,-8],[-10,-6],[-5,-5],[-3,-5],[-6,-4],[-8,-1],[-3,-7],[-4,-11],[-4,-6],[-5,-1],[-6,1],[-6,-1],[-10,6],[-5,3],[-7,-5],[-4,-3],[-6,-4],[-5,-2],[-5,-1],[-11,0],[-4,0],[-6,-3],[-8,-4],[-5,-3],[-4,-7],[-3,-6],[-3,-6],[-10,-6],[-5,-4],[-5,-8],[-4,-6],[-3,-5],[-3,-7],[0,-12],[-1,-8],[-1,-8],[-5,-12],[-5,-8],[-4,-9],[-3,-8],[-4,-16],[-3,-9],[0,-14],[-4,-16],[-3,-12],[-3,-6],[-5,-9],[0,-10],[-2,-10],[-2,-10],[-2,-10],[-4,-6],[-3,-8],[-4,-5],[-5,-3],[-10,-3],[-5,-6],[-5,-8],[-5,-7],[-4,-14],[-3,-10],[-1,-10],[-1,-11],[-2,-11],[-4,-7],[-8,-2],[-6,-3],[-10,-15],[-3,-5],[-7,-2],[-4,-10],[-5,-10],[-1,-13],[-1,-10],[-1,-10],[-3,-14],[-5,-9],[-1,-11],[-2,-10],[-6,-11],[0,-10],[-11,-10],[-5,-4],[-5,-7],[-8,-4],[-5,-3],[-4,-8],[-3,-8],[-6,1],[-1,9],[-1,15],[-4,12],[-4,7],[-14,2],[-9,-2],[-7,-1],[-7,-4],[-6,4],[-4,7],[-7,4],[-7,1],[-7,-3],[-16,-16],[-7,-9],[-2,-9],[-3,-6],[-4,-13],[-2,-7],[-3,-8],[-4,-5],[-7,-5],[-6,-4],[-9,-3],[4,-22],[3,-11],[1,-7],[2,-8],[4,-9],[-4,-6],[-6,-2],[-6,-5],[-6,-5],[-4,-3],[-4,-4],[-5,-6],[-4,-9],[-4,-8],[-4,-6],[-5,-3],[-6,-1],[-5,0],[-5,2],[-6,3],[-5,2],[-4,1],[-7,0],[-5,-1],[-6,-3],[-4,-4],[-4,-4],[-4,-5],[-7,-3],[-6,5],[-6,4],[-4,3],[-5,1],[-5,2],[-5,2],[-4,7],[-5,7],[-7,2],[-4,1],[-4,2],[-5,3],[-6,7],[-4,4],[-5,3],[-5,2],[-4,-3],[-3,-6],[-6,-3],[-5,-3],[-3,-6],[-5,-3],[-5,-2],[-4,1],[-7,0],[-5,0],[-5,0],[-7,2],[-5,3],[-6,4],[-8,2],[-4,-8],[1,-9],[-1,-11],[-5,-8],[-2,-7],[-3,-11],[-4,-4],[-2,-9],[-4,-7]],[[2660,6072],[-12,5],[-2,11],[-2,10],[-6,2],[-6,2],[-7,3],[-4,2],[-5,1],[-5,0],[-5,1],[-7,1],[-6,2],[-7,3],[-7,4],[-4,3],[-7,3],[-6,5],[-5,9],[-5,6],[-4,9],[-3,8],[-5,8],[-4,8],[-3,6],[-5,6],[-4,8],[5,6],[3,8],[-1,10],[-5,7],[7,16],[-2,11],[-2,8],[-4,8],[-2,10],[-3,11],[-5,4],[-2,8],[-1,10],[-1,9],[-2,13],[-2,9],[-3,6],[-4,9],[-2,8],[0,12],[1,8],[2,12],[1,8],[0,9],[-1,13],[-5,6],[-7,1],[-5,0],[-5,0],[-5,0],[-5,-1],[-6,0],[-6,1],[-4,0],[-5,1],[-5,2],[-8,1],[-6,0],[-6,-1],[-6,-5],[-1,-11],[-2,-8],[-3,-11],[-2,-7],[-4,-8],[-3,-6],[-6,-5],[-6,-2],[-5,-6],[0,-9],[-2,-13],[-1,-15],[-1,-11],[-3,-12],[-4,-10],[-4,-8],[-3,-6],[-5,-6],[0,-11],[-5,-3],[-3,9],[-5,8],[-6,-1],[-5,1],[-6,7],[-5,3],[-6,4],[-4,6],[-3,9],[-3,9],[-4,10],[-4,6],[-7,13],[-1,8],[0,9],[0,10],[-2,8],[-3,9],[-4,3],[-6,3],[-1,11],[4,6],[4,3],[6,2],[7,1],[4,5],[3,6],[5,7],[2,7],[3,7],[-1,13],[-3,9],[-1,9],[4,8],[3,7],[2,11],[0,9],[-4,8],[-1,13],[3,7],[4,11],[-3,9],[-4,12],[3,10],[4,9],[5,5],[4,5],[1,10],[-1,10],[1,12],[1,10],[0,15],[-1,9],[-1,9],[-1,10],[-2,11],[-4,11],[-3,9],[0,9],[-3,11],[-4,13],[-7,10],[-1,11],[4,7],[4,5],[4,4],[6,6],[5,6],[5,9],[5,9],[1,12],[-2,15],[3,10],[4,4],[5,3],[4,6],[4,8],[3,6],[3,12],[4,6],[6,3],[1,12],[-1,9],[2,12],[3,7],[5,5],[4,4],[4,6],[5,8],[3,6],[5,4],[4,3],[5,3],[5,4],[5,10],[3,9],[3,6],[2,8],[3,11],[1,11],[1,12],[0,10],[3,11],[2,7],[2,7],[4,7],[5,6],[6,6],[5,6],[6,3],[6,5],[6,3],[4,-1],[6,0],[7,-2],[7,2],[6,3],[7,6],[6,8],[3,10],[0,12],[-1,12],[-5,11],[-5,3],[-5,2],[-7,1],[-7,2],[-5,3],[-5,7],[-5,9],[-6,4],[-5,1],[-6,2],[-6,1],[-5,1],[-8,4],[-6,1],[-7,0],[-6,2],[-5,9],[-6,10],[-4,6],[-5,5],[-6,1],[-5,2],[-5,1],[-6,7],[-5,9],[-6,13],[-4,7],[-5,8],[-7,9],[-4,8],[-4,13],[-1,11],[-1,14],[-2,12],[-4,9],[1,15],[2,12],[4,13],[1,10],[1,11],[1,11],[-1,10],[0,10],[2,8],[0,11],[-1,15],[0,28],[-3,13],[-3,13],[-3,10],[-1,12],[0,9],[-3,11],[1,13],[-3,9],[-5,11],[-4,7],[-4,8],[-5,5],[-6,5],[-7,-1],[-6,-2],[-5,-1],[-7,4],[-7,2],[-5,5],[-5,5],[-5,1],[-7,0],[-5,9],[-7,5],[-5,4],[-5,6],[-7,5],[-1,3],[-1,2],[-1,2],[-1,3],[-1,2],[-1,3],[-1,2],[-1,3],[-1,2],[-1,3],[-1,3],[-1,2],[0,3],[-1,3],[-1,3],[0,2],[-1,3],[-1,3],[-1,3],[-1,2],[-1,3],[-1,2],[0,2],[-1,1],[-1,2],[0,2],[-1,1],[-1,2],[-1,2],[-1,3],[-1,2],[-1,2],[-2,2],[-1,2],[-1,2],[-2,1],[-1,1],[-2,1],[-1,1],[-1,0],[-1,1],[-1,0],[-1,1],[-1,1],[-2,1],[-1,1],[-1,1],[-1,1],[-1,1],[-2,0],[-1,0],[-2,0],[-1,-1],[-1,-1],[-1,0],[-1,-1],[-1,-1],[-1,0],[0,-1],[-2,-1],[-1,0],[-2,-1],[-1,0],[-1,0],[-2,0],[-1,0],[-2,0],[-1,0],[-2,0],[-1,1],[-2,0],[-1,0],[-1,1],[-2,0],[-1,1],[-2,0],[-1,1],[-2,1],[-1,1],[-2,1],[-1,1],[-1,2],[-2,1],[-1,2],[-2,2],[0,1],[-1,1],[-1,1],[-1,2],[-1,1],[-1,1],[-1,2],[-1,1],[0,1],[-2,2],[-1,2],[-1,1],[-2,2],[-1,1],[-2,2],[-1,1],[-1,1],[-2,0],[-1,0],[-1,0],[-1,0],[-1,0],[-1,0],[-1,0],[-1,0],[-1,0],[-1,0],[-2,0],[-1,0],[-1,0],[-2,1],[-1,1],[-2,1],[-1,1],[-2,1],[-1,1],[-51,32]],[[2041,7877],[4,6],[5,14],[3,20],[-4,18],[-5,19],[0,22],[5,15],[10,4],[9,1],[8,3],[1,0],[8,6],[8,10],[3,24],[-1,14],[-1,8],[-2,22],[-2,22],[-1,23],[1,22],[4,20],[7,13],[4,7],[5,9],[6,17],[7,17],[4,19],[2,16],[1,8],[6,23],[5,24],[3,18],[0,18],[-6,16],[-5,14],[-4,16],[-3,15],[5,16],[10,7],[10,4],[1,1],[11,-1],[10,-5],[10,-1],[12,3],[9,4],[1,1],[11,4],[10,8],[11,11],[13,13],[13,13],[12,13],[11,13],[13,18],[5,7],[5,7],[10,18],[7,15],[6,19],[6,18],[6,16],[6,14],[6,18],[4,14],[7,15],[7,12],[7,13],[10,11],[8,12],[6,12],[7,12],[8,10],[8,11],[7,11],[6,12],[6,12],[9,18],[5,13],[7,14],[7,12],[8,13],[5,7],[5,9],[10,12],[5,4],[5,5],[11,8],[12,11],[8,6],[3,3],[12,8],[12,2],[12,-2],[11,-4],[13,-5],[11,-5],[10,-6],[3,-1],[10,-3],[12,-2],[13,-2],[12,-3],[11,-5],[14,-5],[13,-3],[13,-2],[10,-2],[15,-2],[15,0],[11,-1],[16,0],[16,-1],[11,0],[15,2],[14,2],[10,5],[12,11],[11,13],[9,10],[10,12],[10,13],[12,13],[13,10],[12,7],[12,5],[14,5],[11,4],[14,5],[12,4],[15,5],[11,2],[14,2],[10,1],[16,2],[10,4],[14,10],[12,12],[11,14],[8,17],[8,15],[10,14],[7,15],[5,19],[0,21],[-2,24],[-4,20],[-5,21],[-6,13],[-8,13],[-10,7],[-11,57],[11,38],[10,12],[2,1],[5,4],[5,5],[7,5],[4,4],[6,4],[5,5],[8,8],[6,7],[7,6],[4,5],[1,0],[5,4],[4,5],[7,6],[6,6],[4,4],[6,7],[4,4],[8,6],[5,5],[5,6],[5,6],[7,13],[4,8],[6,14],[3,7],[3,7],[5,13],[4,7],[3,7],[6,13],[4,6],[3,8],[6,11],[5,12],[4,9],[5,12],[4,10],[5,13],[4,12],[3,7],[3,7],[5,12],[3,7],[5,11],[5,12],[6,13],[6,12],[6,14],[5,11],[6,13],[6,10],[5,9],[7,11],[7,10],[6,7],[7,1],[6,-1],[7,-4],[22,-22],[12,-18],[3,8],[4,0],[4,-7],[6,-9],[5,-7],[5,-6],[5,-5],[6,-5],[6,-4],[4,-3],[5,-1],[7,0],[4,4],[6,10],[5,12],[6,10],[4,6],[4,6],[3,6],[6,10],[3,6],[6,9],[6,10],[6,9],[5,11],[6,8],[7,10],[4,5],[5,8],[8,9],[5,6],[6,6],[4,5],[6,7],[4,6],[5,8],[5,8],[3,5],[6,6],[4,4],[8,5],[6,3],[4,2],[5,0],[6,0],[8,-2],[5,-1],[5,-2],[8,-1],[5,-1],[5,-1],[8,-2],[5,-1],[7,-3],[7,-6],[5,-6],[6,-10],[1,-2],[4,-8],[3,-7],[4,-7],[4,-6],[6,-11],[4,-6],[5,-8],[6,-8],[5,-7],[6,-9],[3,-5],[6,-5],[5,-2],[9,3],[5,3],[8,5],[5,3],[6,2],[10,2],[6,0],[6,1],[3,-1],[7,0],[6,-2],[5,-1],[8,-4],[5,-3],[3,-3],[1,0],[7,-6],[5,-3],[5,-3],[8,-5],[5,-3],[6,-3],[10,-5],[6,-3],[6,-4],[10,-7],[5,-5],[5,-5],[7,-9],[4,-5],[4,-5],[4,-5],[7,-9],[4,-4],[4,-5],[7,-9],[4,-4],[5,-7],[7,-7],[6,-5],[9,-5],[5,-1],[9,-1],[6,-1],[5,1],[7,2],[8,3],[8,3],[4,1],[5,2],[7,3],[4,3],[4,3],[6,6],[7,5],[5,2],[7,3],[7,2],[8,1],[6,-1],[6,-1],[5,-2],[5,-1],[5,0],[6,2],[4,3],[6,6],[3,5],[1,2],[5,11],[3,9],[4,11],[4,9],[5,10],[3,9],[3,8],[1,7],[3,9],[2,9],[4,11],[2,9],[3,11],[4,8],[6,9],[4,8],[5,7],[4,6],[5,7],[5,3],[6,2],[5,-2],[4,-7],[5,-7],[7,-9],[4,-4],[6,-4],[6,-3],[5,0],[8,0],[5,1],[5,1],[7,2],[9,3],[6,3],[7,5],[6,2],[8,1],[5,0],[3,0],[8,-5],[7,-6],[7,-4],[5,-5],[5,-6],[5,-7],[4,-8],[4,-6],[3,-7],[4,-10],[3,-10],[4,-11],[3,-8],[4,-9],[4,-6],[8,-4],[7,-3],[5,-2],[5,-1],[5,-2],[7,-1],[9,-3],[7,-4],[7,-8],[8,-8],[4,-5],[4,-4],[7,-6],[7,-7],[5,-8],[6,-10],[6,-10],[3,-6],[3,-6],[5,-10],[7,-10],[5,-11],[3,-7],[3,-6],[1,-2],[6,-14],[4,-9],[3,-8],[6,-11],[6,-12],[5,-11],[3,-6],[2,-2],[2,-4],[5,-9],[6,-9],[4,-6],[5,-7],[6,-6],[6,-8],[5,-7],[6,-6],[6,-5],[6,-5],[5,-4],[6,-3],[6,-1],[6,-1],[7,-1],[4,1],[5,2],[3,6],[5,12],[3,7],[3,7],[4,14],[3,7],[3,9],[4,9],[4,6],[5,4],[4,2],[3,0],[3,0],[6,-3],[6,-2],[7,-2],[5,-2],[5,-2],[5,-3],[8,-4],[5,-4],[4,-3],[6,-5],[7,-8],[6,-7],[6,-10],[4,-7],[4,-6],[3,-11],[4,-9],[3,-8],[3,-6],[5,-4],[4,-1],[8,1],[7,2],[3,0],[2,0],[5,0],[6,0],[9,-1],[5,-2],[6,-2],[9,-2],[6,-2],[5,-2],[8,-3],[5,-3],[5,-3],[6,-6],[4,-5],[4,-5],[6,-7],[3,-5],[7,-6],[7,-4],[6,-2],[7,-2],[6,-3],[6,-5],[8,-6],[6,-5],[8,-6],[7,-4],[5,-3],[5,-2],[7,-3],[7,-6],[6,-4],[6,-8],[6,-8],[6,-8],[4,-5],[4,-3],[6,-3],[6,-4],[6,-3],[5,-2],[7,-1],[8,0],[5,1],[5,1],[5,1],[9,3],[5,3],[4,2],[8,5],[5,2],[5,3],[5,3],[2,2],[7,8],[6,8],[7,8],[4,5],[5,3],[6,2],[4,1],[5,-1],[6,-1],[5,-3],[6,-6],[5,-6],[6,-8],[5,-6],[6,-8],[5,-7],[5,-7],[6,-3],[6,-1],[5,1],[7,-1],[6,-3],[7,-4],[5,-5],[7,-7],[5,-7],[6,-7],[5,-7],[6,-6],[5,-4],[7,-3],[5,0],[9,-1],[8,1],[6,1],[8,2],[5,0],[4,1],[5,1],[7,3],[6,3],[5,2],[5,3],[6,1],[5,-2],[6,-1],[7,-1],[5,-1],[4,-2],[-2,-8],[-5,-7],[-3,-4],[-5,-6],[-4,-6],[-4,-5],[-7,-9],[-5,-5],[-5,-7],[-5,-7],[-8,-8],[-4,-4],[-7,-7],[-4,-5],[-5,-5],[-8,-8],[-3,-4],[-4,-5],[-5,-10],[-6,-10],[-4,-8],[-6,-10],[-1,-3],[-3,-7],[-5,-12],[-5,-9],[-4,-10],[-5,-8],[-6,-10],[-5,-9],[-6,-10],[-4,-9],[-6,-9],[-6,-7],[-7,-11],[-4,-5],[-6,-11],[-4,-6],[-4,-7],[-6,-11],[-4,-5],[-3,-6],[-6,-8],[-6,-10],[-6,-9],[-3,-6],[-3,-5],[-6,-10],[-4,-5],[-56,-84],[-4,-5],[-3,-10],[-2,-8],[-2,-11],[-2,-12],[-2,-14],[-1,-11],[-2,-9],[-1,-10],[-1,-17],[-1,-10],[-1,-10],[-1,-14],[-1,-11],[-1,-10],[-2,-14],[-2,-13],[-3,-12],[-4,-7],[-5,-9],[-5,-7],[-4,-5],[-5,-5],[-5,-6],[-8,-10],[-5,-6],[-6,-6],[-8,-11],[-4,-7],[-5,-6],[-4,-6],[-5,-11],[-3,-8],[-4,-8],[-5,-12],[-6,-11],[-4,-8],[-5,-8],[-5,-8],[-6,-11],[-6,-12],[-4,-8],[-3,-6],[-7,-10],[-6,-9],[-4,-8],[-6,-11],[-4,-9],[-5,-11],[-3,-10],[-3,-7],[-2,-4],[-5,-9],[-4,-10],[-2,-7],[-2,-15],[-1,-12],[0,-7],[0,-2],[0,-15],[1,-11],[2,-11],[2,-10],[2,-13],[2,-10],[1,-9],[2,-9],[3,-8],[3,-10],[4,-5],[5,-4],[6,-4],[5,-2]],[[5304,2646],[2,-15],[0,-11],[1,-13],[-1,-13],[0,-8],[2,-8],[3,-15],[1,-15],[6,-9],[5,-9],[3,-8],[7,-5],[8,0],[11,-12],[2,-8],[2,-13],[1,-10],[1,-11],[5,-5],[8,1],[5,1],[5,3],[7,1],[6,-21],[4,-6],[3,-8],[5,-12],[8,-3],[9,-3],[-1,-11],[-6,-14],[6,-14],[5,-11],[2,-12],[5,-5],[6,5],[9,8],[5,5],[5,5],[7,7],[5,4],[6,-6],[5,-6],[4,-13],[2,-8],[2,-13],[1,-10],[3,-11],[3,-11],[6,-6],[4,-4],[7,-7],[5,-6],[4,7],[4,4],[7,-5],[2,-8],[5,-10],[6,-3],[8,-4],[8,3],[7,8],[6,6],[3,6],[4,7],[4,8],[13,6],[6,3],[9,7],[9,5],[7,8],[4,8],[5,3],[6,-9],[5,-9],[7,-11],[1,-10],[2,-9],[5,1],[5,-2],[5,-3],[9,5],[9,-8],[4,-7],[5,-6],[4,-10],[6,-5],[4,-10],[2,-13],[5,-10],[6,-14],[7,-10],[3,-6],[0,-13],[0,-9],[-4,-5],[3,-11],[1,-8],[-4,-15],[-6,-17],[-5,-26],[-1,-9],[0,-9],[2,-9],[2,-12],[3,-11],[3,-13],[5,-9],[4,-5],[11,-4],[6,0],[5,-11],[1,-13],[-3,-13],[-4,-10],[-2,-11],[1,-9],[1,-9],[0,-11],[0,-8],[-3,-15],[2,-12],[4,-21],[2,-13],[2,-9],[2,-8],[2,-8],[2,-14],[1,-14],[-4,-14],[-3,-11],[-1,-14],[-6,-14],[-6,-7],[-4,-6],[-5,-11],[-4,-10],[2,-13],[4,-12],[3,-13],[3,-16],[1,-12],[-2,-17],[1,-13],[2,-10],[3,-6],[7,0],[8,-4],[4,-10],[9,-9],[7,-1],[10,-5],[7,0],[10,2],[11,1],[9,1],[9,2],[8,1],[7,-2],[6,-5],[10,-8],[7,-12],[4,-19],[2,-12],[7,-12],[6,-15],[6,-14],[2,-10],[1,-12],[1,-15],[2,-11],[3,-13],[5,-9],[3,-6],[6,-6],[3,-7],[3,-9],[9,-3],[8,-1],[3,11],[4,7],[3,7],[5,-1],[3,-8],[1,-9],[1,-11],[0,-10],[0,-13],[1,-11],[3,-9],[3,-11],[6,-5],[5,-3],[7,5],[4,-1],[10,-2],[8,-2],[6,-2],[5,-5],[2,-12],[1,-13],[0,-14],[-1,-13],[0,-12],[4,-13],[1,-12],[1,-13],[1,-14],[1,-12],[5,-15],[5,-5],[3,-8],[2,-8],[2,-9],[5,-8],[2,-14],[0,-8],[2,-10],[3,-10],[7,-10],[4,-7],[0,-12],[0,-13],[1,-10],[0,-11],[-1,-9],[-2,-14],[0,-9],[1,-10],[-2,-9],[-5,-11],[-5,-4],[-3,-9],[3,-10],[2,-11],[-1,-13],[-2,-12],[1,-14],[2,-8],[5,-3],[6,-2],[4,-5],[4,-6],[-1,-13],[1,-9],[3,-8],[5,-5],[7,-6],[8,-4],[5,-8],[5,-11],[7,-3],[6,4],[6,4],[3,7],[5,1],[9,8],[5,5],[5,7],[4,6],[5,5],[3,8],[6,0],[5,-3],[6,-4],[7,-3],[8,-7],[3,-15],[5,-2],[7,0],[7,0],[7,0],[7,0],[8,0],[9,0],[7,-4],[7,-3],[9,4],[12,-3],[8,-6],[8,-9],[8,-3],[10,1],[5,1],[6,4],[8,4],[10,-3],[9,-2],[8,-6],[7,-1],[6,8],[6,8],[8,1],[10,-5],[14,-2],[8,4],[8,5],[6,6],[4,10],[4,11],[7,-2],[7,-6],[5,4],[4,6],[5,8],[5,8],[5,4],[5,4],[0,-15],[-3,-9],[0,-11],[-1,-11],[-4,-9],[-4,-8],[-5,-5],[-6,-4],[-5,-4],[-3,-9],[-1,-12],[-1,-11],[1,-11],[0,-9],[1,-8],[1,-11],[-2,-11],[-2,-10],[-2,-11],[1,-11],[2,-10],[6,-4],[6,2],[4,3],[6,5],[5,5],[5,7],[5,5],[5,1],[4,-7],[0,-11],[1,-12],[2,-12],[3,-10],[4,-10],[4,-9],[5,-8],[3,-6],[5,-6],[15,-21],[8,-11],[17,-28]],[[6588,529],[-2,0],[-29,-3],[-18,-5],[-82,-10],[-89,-22],[-78,6],[-66,-14],[-34,-4],[-56,-9],[-47,-7],[-46,1],[-43,-2],[-29,-2],[-47,7],[-17,2],[-12,-12],[-9,-23],[-15,-6],[-17,-5],[-18,2],[-14,-2],[-37,3],[-19,20],[-33,38],[-9,17],[-28,3],[-22,-13],[-16,-15],[-24,-12],[-35,76],[-20,31],[-38,19],[-8,2],[-40,15],[-37,6],[-24,-5],[-23,7],[-14,1],[-14,4],[-11,9],[-18,29],[-15,38],[-18,16],[-12,11],[-30,44],[-43,59],[-1,1],[-39,54],[-2,3],[-50,65],[-58,79],[-6,8],[-23,32],[-38,64],[-56,94],[-37,23],[-1,0],[-29,-5],[-26,-4],[-32,-7],[-48,-7],[-26,-12],[-7,-21],[-10,-31],[-11,-69],[-14,-27],[-87,-131],[-15,-8],[-1,0],[-14,-8],[-33,2],[-39,22],[-44,20],[-28,10],[-20,4],[-6,2],[-52,2],[-2,0],[-33,-28],[-31,-62],[-29,-65],[-8,-36],[-15,-79],[-9,-29],[-4,-34],[1,-35],[7,-69],[6,-34],[4,-68],[-45,-34],[-37,-28],[-44,-35],[-54,-36],[-40,-24],[-58,-33],[-27,-14],[-24,-14],[-30,-19],[-37,-17],[-14,3],[-16,-5],[-33,4],[-42,5],[-40,20],[-13,4],[-13,-16],[-10,-11],[-28,-20],[-52,-12],[-28,-10],[-31,0],[-22,-1],[-25,2],[-32,-4],[-43,6],[-26,0],[-24,5],[-24,23],[-23,22],[-18,18],[-15,14],[-9,-26],[-3,-9],[4,-42],[-4,-26],[3,-44],[1,-27],[-8,-30],[-6,-6],[-67,54],[-34,16],[-41,5],[-16,-4],[-11,-7],[-9,-12],[-11,-32],[-12,-14],[-17,-7],[-14,-21],[-3,-1],[-4,3],[-11,11],[-3,21],[-8,15],[0,3],[0,3],[-27,42],[0,4],[-4,4],[0,3],[-4,17],[0,7],[9,36],[4,41],[-1,11],[-1,3],[-2,2],[-5,4],[-12,-3],[-3,-3]],[[4706,2894],[-1,9],[-4,14],[-3,13],[-1,16],[-1,16],[0,13],[1,10],[3,14],[3,9],[5,11],[5,6],[6,6],[5,5],[10,15],[6,6],[6,7],[8,9],[3,7],[5,10],[8,16],[5,14],[6,14]],[[4781,3134],[6,-8],[16,-8],[7,-5],[10,-8],[5,-6],[10,-14],[4,-5],[7,-9],[5,-3],[9,-5],[13,-5],[7,-2],[8,-6],[4,-7],[9,-23],[6,-11],[4,-9],[2,-8],[3,-7],[4,-8],[5,-3],[5,-4],[4,-4],[6,-10],[6,-3],[5,-3],[8,0],[9,-2],[6,-1],[5,-5],[7,-8],[3,-6],[4,-12],[4,-8],[5,-10],[5,-5],[9,-5],[5,-8],[3,-10],[3,-10],[3,-10],[4,-14],[4,-8],[5,-7],[4,-9],[2,-7],[4,-11],[3,-6],[8,-9],[5,-2],[6,0],[9,4],[6,0],[11,-3],[5,-9],[-1,-9],[0,-12],[2,-14],[3,-11],[6,-15],[2,-7],[5,-5],[4,-2],[9,-1],[4,4],[5,-2],[4,-6],[8,-8],[5,-5],[2,-8],[5,2],[3,6],[5,3],[7,1],[6,2],[7,6],[5,5],[3,13],[4,-7],[4,-10],[4,-4],[4,4],[5,5],[7,1],[5,-1],[6,0],[6,-4],[-1,-14],[2,-8],[6,-16],[5,-6],[6,1],[8,3],[4,-5],[5,-3],[6,-1],[5,1],[8,4]],[[1125,5649],[5,-58],[5,-6],[5,-6],[4,-7],[5,-8],[4,-6],[3,-8],[4,-7],[5,-4],[5,-3],[6,-2],[5,-4],[5,-6],[5,-6],[3,-7],[4,-9],[3,-7],[4,-8],[4,-9],[2,-9],[2,-10],[2,-9],[2,-10],[3,-8],[2,-9],[3,-9],[3,-10],[2,-9],[3,-9],[3,-9],[3,-7],[4,-10],[2,-9],[4,-8],[3,-9],[3,-12],[6,-9],[5,-3],[5,-3],[5,1],[5,-3],[6,0],[5,0],[5,0],[6,-1],[5,1],[5,0],[4,-1],[6,1],[5,2],[5,3],[5,0],[6,-3],[3,-6],[4,-7],[6,-7],[4,-6],[5,-6],[5,-4],[5,-7],[3,-7],[5,-6],[4,-7],[5,-7],[3,-7],[5,-8],[4,-9],[4,-6],[6,-1],[5,-1],[5,0],[6,3],[4,5],[4,4],[4,5],[5,5],[4,3],[4,5],[4,6],[4,5],[5,2],[4,-7],[2,-9],[3,-9],[1,-9],[4,-9],[2,-8],[3,-8],[2,-9],[2,-9],[0,-9],[1,-9],[1,-10],[1,-10],[1,-10],[0,-9],[0,-10],[2,-8],[1,-10],[0,-9],[0,-9],[0,-10],[-1,-10],[0,-9],[1,-9],[4,-9],[3,-9],[5,-8],[4,-7],[7,-11],[3,-10],[1,-9],[1,-9],[0,-10],[0,-10],[-2,-9],[2,-11],[1,-9],[-1,-10],[0,-8],[-2,-10],[2,-10],[6,0],[5,-3],[0,-10],[-1,-10],[0,-9],[0,-9],[0,-12],[0,-10],[1,-9],[-2,-12],[4,-12],[3,-11],[2,-7],[4,-8],[2,-10],[0,-11],[-1,-19],[2,-15],[2,-24],[-1,-9],[0,-8],[4,-5],[6,1],[6,0],[6,-3],[7,-4],[4,-5],[1,-8],[3,-7],[5,-9],[7,-7],[8,-6],[5,-5],[5,-8],[8,-17],[9,-6],[5,0],[5,-4],[3,-5],[4,-12],[2,-12],[3,-7],[2,-10],[0,-10],[-2,-10],[-3,-10],[-4,-13],[-3,-13],[3,-26],[5,-11],[5,-10],[4,-6],[1,-12],[2,-8],[4,-5],[8,-5],[4,-4],[4,-5],[3,-6],[1,-9],[-2,-19],[6,-8],[8,-5],[4,-6],[6,-5],[7,-9],[3,-7],[2,-9],[3,-11],[3,-9],[2,-8],[2,-15],[1,-15],[7,-31],[2,-12],[0,-14],[3,-8],[5,-6],[4,-10],[2,-8],[2,-10],[0,-22],[1,-8],[12,-11],[5,-6],[4,-11],[2,-11],[4,-6],[3,-8],[2,-10],[6,-14],[4,-9],[6,-8],[4,-7],[4,-14],[2,-9],[3,-8],[9,-10],[6,-6],[5,-4],[7,-17],[2,-10],[1,-8],[3,-11],[3,-9],[1,-17],[0,-15],[0,-13],[1,-9],[5,-4],[5,-12],[3,-8],[4,-11],[3,-7],[6,-5],[3,-7],[2,-9],[1,-15],[4,-10],[4,-2],[6,-2],[4,-6],[7,-10],[3,-7],[0,-9],[-3,-9],[-2,-7],[-6,-14],[-2,-8],[-3,-15],[-4,-7],[-6,-5],[-9,-9],[-6,-3],[-4,-7],[-4,-10],[-2,-12],[-6,-13],[-5,-8],[-6,-3],[-5,0],[-4,-3],[-4,-10],[-3,-5],[-7,-4],[-16,-4],[-5,-1],[-7,-2],[-4,-2],[-7,-4],[-8,-8],[-6,-8],[-5,-8],[-5,-11],[-4,-14],[-3,-9],[-1,-8],[-4,-7],[-6,-6],[-4,-8],[-3,-10],[-3,-14],[-3,-9],[-4,-10],[-2,-8],[-5,-10],[-3,-7],[-2,-8],[5,-14],[3,-8],[8,-5],[4,-6],[3,-7],[6,-4],[8,1],[6,3],[5,2],[3,-8],[-1,-9],[2,-11],[1,-11],[0,-12],[0,-8],[-2,-9],[-3,-12],[-1,-11],[-1,-11],[-2,-9],[2,-11],[1,-10],[3,-8],[3,-8],[3,-9],[1,-13],[0,-9],[2,-9],[5,-14],[6,-8],[2,-8],[1,-9],[1,-8],[-1,-13]],[[1782,2573],[-6,3],[-6,6],[-4,2],[-6,0],[-4,1],[-5,5],[-4,5],[-5,0],[-5,0],[-4,4],[-4,4],[-5,4],[-7,0],[-5,0],[-5,4],[-5,1],[-6,-2],[-4,0],[-6,4],[-3,7],[-4,6],[-6,1],[-5,3],[-4,6],[-1,9],[-2,8],[-5,5],[-6,-3],[-3,-5],[-5,-4],[-6,-2],[-5,-6],[-4,-6],[-6,-7],[-5,-7],[-4,-5],[-3,-7],[-3,-7],[-4,-9],[-6,-6],[-5,-5],[-7,-3],[-6,-4],[-4,-6],[-3,-8],[-1,-11],[1,-10],[-2,-9],[-2,-7],[-2,-9],[-1,-9],[-1,-8],[-3,-10],[-3,-8],[-3,-9],[-2,-11],[-1,-12],[-1,-11],[0,-8],[-4,-8],[-4,-10],[-1,-9],[-3,-10],[-3,-8],[-3,-12],[-3,-11],[-5,-3],[-4,-6],[-5,-9],[-6,-6],[-4,-7],[-2,-9],[-3,-8],[-10,-16],[1,11],[-3,8],[-3,11],[-3,8],[-5,6],[3,7],[-1,9],[-5,13],[-3,8],[2,7],[0,9],[-2,8],[-4,8],[-3,8],[-4,6],[0,9],[0,9],[-6,5],[-2,6],[0,10],[-5,8],[-3,11],[-6,2],[-4,4],[-5,4],[-5,4],[-3,6],[-3,7],[-3,6],[-5,5],[-5,3],[-5,7],[-4,6],[-5,6],[-5,7],[-4,8],[-3,12],[-1,12],[-2,14],[-2,12],[-5,13],[-4,0],[-6,-7],[-3,-6],[-4,-5],[-6,-8],[-4,-7],[-3,-9],[-4,-8],[-3,-5],[-3,-8],[-4,-9],[-4,-5],[-6,-4],[-4,-6],[-2,-8],[-1,-10],[-3,-8],[-4,-10],[-4,-9],[-3,-7],[-4,-7],[-5,-8],[-2,-8],[-3,-9],[-5,-4],[-3,-11],[-1,-10],[-1,-11],[-3,-12],[-3,-12],[-5,9],[3,11],[-5,7],[-4,2],[-4,3],[-3,7],[-5,3],[-5,1],[-2,12],[-4,8],[-5,5],[-5,7],[-1,9],[-3,9],[-2,10],[3,8],[0,8],[0,10],[0,11],[-2,13],[-4,7],[-4,3],[-5,2],[-2,8],[0,8],[1,10],[-1,8],[0,8],[-6,3],[-5,2],[-4,9],[-3,11],[-3,8],[-2,12],[2,9],[2,7],[0,9],[-1,10],[-2,8],[-1,8],[-2,7],[-3,6],[-8,13],[-3,13],[-4,-6],[-5,1],[-4,6],[-5,6],[-4,2],[-5,1],[-5,0],[-5,0],[-6,0],[-6,0],[-6,0],[-5,0],[-6,1],[-6,-1],[-4,2],[-6,4],[-5,2],[-5,3],[-5,0],[-6,1],[-6,-4],[-4,-7],[-6,-5],[-5,1],[-5,1],[-6,0],[-6,2],[-4,3],[-6,2],[-5,1],[-5,-1],[-5,-2],[-4,-2],[-7,-3],[-6,-1],[-6,-1],[-4,-1],[-6,-1],[-5,2],[-4,4],[-5,4],[-7,0],[-6,-1],[-6,2],[-4,0],[-5,-3],[-5,6],[-4,5],[-4,6],[-2,9],[-1,8],[-3,7],[-2,8],[-3,6],[-4,7],[0,11],[3,9],[2,10],[-1,10],[-2,7],[-1,11],[-3,7],[-4,4],[-3,7],[-1,9],[-3,8],[-6,6],[-3,7],[-2,7],[-1,12],[-1,11],[-4,6],[-1,8],[-3,9],[-1,8],[1,12],[0,8],[-2,8],[0,8],[2,11],[2,11],[0,10],[-2,7],[-3,10],[-3,10],[-3,11],[-3,6],[-3,9],[2,8],[3,11],[-1,11],[-2,8],[-4,10],[-1,8],[-1,9],[-2,12],[-1,13],[0,11],[-2,13],[-7,-11],[-5,-5],[-5,-5],[-4,-5],[-7,-7],[-6,-6],[-6,-5],[-4,-6],[-5,-11],[-3,-10],[-2,-8],[-4,-6],[-3,-7],[-7,-7],[-5,-3],[-7,-1],[-5,1],[-5,3],[-6,7],[-3,5],[-4,6],[-4,6],[-4,5],[-4,5],[-4,5],[-8,9],[-5,7],[-3,7],[-4,8],[-4,6],[-3,6],[-4,8],[-3,8],[-3,7],[-3,8],[-4,8],[-3,7],[-6,14],[-2,15],[-4,8],[-5,7],[-5,6],[-5,7],[-2,7],[-2,7],[-1,9],[-5,20],[-2,8],[-3,15],[-3,10],[-8,18],[-5,8],[-4,5],[-7,2],[-10,0],[-5,2],[-4,5],[-7,5],[-9,6],[-7,4],[-7,5],[-6,3],[-10,4],[-6,0],[-10,1],[-6,2],[-17,7],[-16,9],[-9,7],[-23,39],[-22,36]],[[425,3535],[1,1],[5,5],[3,1],[1,1],[1,0],[4,-1],[8,14],[5,9],[8,22],[3,7],[9,59],[0,30],[-2,2],[-2,14],[0,6],[0,1],[1,26],[9,21],[3,43],[2,10],[2,4],[11,22],[1,2],[7,-2],[2,0],[3,-2],[14,-13],[14,-22],[13,-24],[16,-29],[12,-25],[12,-24],[11,-20],[11,-21],[14,-29],[14,-24],[8,-26],[10,-25],[9,11],[6,12],[7,16],[6,18],[4,17],[5,14],[4,15],[6,17],[7,10],[0,2],[9,10],[9,14],[2,22],[-5,31],[-13,15],[-11,19],[-10,22],[-8,24],[-7,25],[-6,31],[-5,25],[-2,25],[-2,26],[-1,23],[-1,26],[0,5],[0,16],[0,24],[-1,23],[-1,20],[-6,26],[-8,23],[-9,15],[-10,14],[-6,20],[-2,22],[-4,22],[-4,17],[-7,15],[-3,20],[0,19],[0,21],[2,20],[3,18],[4,18],[5,21],[5,21],[5,23],[3,19],[4,20],[5,19],[6,20],[3,18],[3,24],[0,20],[-2,26],[-1,23],[2,21],[5,21],[6,16],[8,15],[10,14],[6,16],[1,9],[0,11],[-3,19],[-5,16],[-5,22],[-1,21],[0,20],[0,26],[-1,24],[3,19],[6,18],[6,17],[6,16],[8,16],[7,17],[8,15],[6,17],[7,15],[8,14],[8,15],[6,18],[6,16],[6,21],[6,18],[9,24],[7,21],[10,19],[11,12],[11,11],[13,10],[9,10],[10,16],[10,15],[8,17],[5,18],[4,22],[6,24],[7,20],[7,22],[8,25],[8,17],[8,16],[8,16],[9,17],[8,15],[10,17],[10,19],[8,16],[7,15],[10,15],[9,12],[9,10],[11,5],[10,4],[10,1],[11,2],[10,1],[12,-4],[11,-7],[9,-5],[9,-2],[2,0],[9,-1],[3,0],[11,2],[2,9]],[[8106,7870],[-46,-93],[-7,-10],[-6,-6],[-5,-5],[-5,-5],[-5,-8],[-6,-11],[-5,-7],[-5,-6],[-5,-3],[-6,0],[-5,2],[-5,2],[-4,3],[-4,4],[-4,4],[-6,7],[-5,5],[-5,4],[-7,2],[-6,2],[-5,-1],[-5,-4],[-6,-7],[-4,-6],[-5,-7],[-5,-7],[-5,-10],[-5,-8],[-3,-11],[-4,-9],[-2,-8],[-3,-9],[-4,-11],[-2,-9],[-3,-9],[-4,-9],[-4,-11],[-4,-10],[-4,-10],[-4,-8],[-6,-12],[-5,-8],[-5,-9],[-4,-8],[-5,-8],[-3,-8],[-4,-8],[-5,-10],[-4,-8],[-4,-13],[-4,-8],[-6,-10],[-6,-6],[-5,-6],[-6,-3],[-5,3],[-6,6],[-6,0],[-6,-1],[-6,0],[-5,0],[-1,-11],[-3,-11],[-3,-11],[-4,-9],[-4,-13],[-3,-11],[-2,-14],[0,-11],[3,-12],[7,-9],[4,-11],[2,-12],[1,-12],[-1,-16],[-1,-9],[-1,-9],[-1,-11],[-1,-9],[-1,-10],[0,-11],[1,-11],[0,-12],[0,-12],[0,-12],[1,-12],[0,-9],[0,-10],[0,-13],[-1,-14],[-1,-10],[-2,-9],[-1,-11],[0,-13],[-1,-14],[-1,-11],[-2,-9],[0,-13],[-1,-10],[-4,-13],[-2,-9],[-3,-14],[-1,-15],[0,-14],[0,-12],[2,-11],[0,-11],[0,-13],[2,-10],[4,-13],[4,-15],[3,-13],[2,-11],[2,-15],[1,-13],[0,-12],[-2,-16],[0,-15],[0,-12],[1,-13],[2,-11],[1,-14],[-3,-8],[-3,-7],[-3,-11],[0,-11],[-3,-10],[-4,-11],[-2,-13],[0,-13],[-2,-13],[-5,-14],[-4,-10],[-5,-13],[-2,-11],[-2,-11],[2,-11],[4,-11],[2,-9],[3,-15],[3,-14],[3,-11],[0,-10],[-2,-11],[-3,-13],[2,-15],[0,-13],[0,-10],[0,-12],[-2,-10],[-2,-9],[-2,-9],[-4,-9],[-4,-9],[-3,-13],[0,-8],[-2,-12],[-2,-11],[-1,-8],[-3,-12],[-3,-8],[-5,-11],[-5,-9],[-3,-6],[-3,-7],[-3,-6],[-3,-8],[-2,-8],[3,-10],[3,-10],[1,-10],[1,-11],[0,-8],[-1,-8],[-2,-8],[0,-11],[3,-7],[2,-6],[3,-8],[3,-11],[1,-8],[1,-9],[3,-7],[3,-10],[3,-7],[3,-6],[2,-8],[2,-7],[1,-9],[1,-10],[1,-12],[1,-8],[-2,-11],[-1,-10],[-2,-11],[-3,-11],[-3,-7],[-4,-7],[-4,-9],[-4,-8],[-4,-5],[-5,-7],[-3,-8],[3,-6],[2,-12],[2,-8],[1,-8],[1,-11],[0,-11],[-1,-11],[1,-12],[3,-10],[1,-8],[-1,-11],[1,-9],[2,-11],[5,-7],[0,-12],[0,-11],[-3,-11],[-2,-9],[1,-11],[0,-10],[0,-12],[2,-11],[-2,-10],[-2,-12],[-2,-7],[-1,-8],[-1,-11],[-1,-8],[3,-9],[2,-8],[4,-10],[2,-7],[2,-7],[3,-7],[3,-10],[1,-10],[2,-8],[-1,-9],[-2,-7],[-3,-10],[-2,-11],[-3,-10],[-3,-14],[-4,-9],[-5,-6],[-5,-7],[-3,-7],[-1,-8],[-2,-10],[-2,-10],[-1,-11],[1,-11],[-2,-9],[-4,-10],[-3,-10],[-1,-10],[2,-14],[3,-8],[3,-9],[2,-8],[3,-7],[2,-10],[4,-9],[5,-7],[5,-3],[6,-5],[3,-10],[2,-10],[3,-7]],[[7717,5321],[2,-13],[-6,4],[-5,6],[-4,9],[-4,-4],[-4,-6],[-5,-4],[-7,1],[-5,2],[-5,4],[-5,4],[-6,-2],[-4,-9],[-3,-6],[-7,-2],[-7,-2],[-5,-6],[-2,-11],[-1,-8],[-2,-11],[-2,-7],[-1,-8],[-2,-8],[0,-11],[3,-9],[6,-5],[5,-6],[2,-11],[5,-7],[1,-10],[1,-8],[1,-8],[1,-9],[1,-11],[1,-18],[3,-10],[-4,-7],[-5,-1],[-6,0],[-6,-3],[-6,-5],[-6,-6],[-4,-9],[-3,-5],[-6,-4],[-7,-3],[-6,-1],[-5,-3],[-5,-8],[-4,-8],[-5,-6],[-4,-3],[-4,-6],[-3,-9],[-1,-11],[-4,-10],[-3,-11],[-3,-6],[-4,-5],[-4,-5],[-6,-5],[-5,-6],[-4,-4],[-7,-3],[-6,-4],[-3,-9],[-3,-9],[-3,-11],[-2,-11],[-1,-11],[-1,-11],[-2,-10],[-4,-10],[0,-9],[5,-5],[3,-6],[2,-11],[0,-9],[0,-9],[1,-8],[0,-8],[1,-9],[3,-7],[6,-8],[4,-7],[5,-6],[5,-8],[6,-6],[4,-6],[2,-9],[3,-7],[1,-10],[1,-9],[-2,-13],[0,-10],[-2,-11],[0,-8],[0,-10],[0,-9],[0,-8],[0,-12],[1,-10],[-1,-11],[0,-11],[-3,-7],[-2,-10],[-2,-10],[-3,-8],[-3,-10],[-2,-12],[-2,-8],[-3,-8],[-3,-8],[-3,-10],[-2,-8],[-2,-7],[-2,-8],[-2,-8],[-2,-8],[-1,-10],[-3,-12],[-2,-10],[-3,-7],[-4,-6],[-7,-4],[-4,-1],[-7,-3],[-6,-1],[-5,2],[-7,-1],[-4,-2],[-4,-5],[-2,-7],[-3,-8],[-4,-7],[-4,-6],[-4,-5],[-3,-7],[-5,-6],[-3,-7],[-5,-7],[-5,-1],[-7,-3],[-9,-6],[-5,-3],[-4,-2],[-5,0],[-4,-4],[-5,-2],[-4,-3],[-4,-2],[-4,-5],[-5,-4],[-4,-3],[-3,-6],[-3,-6],[-3,-7],[-3,-6],[-4,-6],[-3,-5],[-5,-6],[-4,-5],[-5,-3],[-4,0],[-5,2],[-5,0],[-5,-2],[-4,-3],[-4,-5],[-3,-6],[-4,-4],[-3,-7],[-5,-4],[-4,-4],[-3,-5],[-4,-3],[-5,-3],[-3,-6],[-4,-6],[-3,-7],[-2,-7],[-2,-8],[-6,7],[-2,7],[-3,8],[-3,7],[-2,7],[0,9],[-3,7],[-2,7],[-2,7],[-4,6],[-4,5],[-3,5],[-4,6],[-3,7],[-3,6],[0,8],[0,9],[-1,8],[-1,8],[-3,7],[-1,8],[-2,8],[-1,8],[0,8],[0,9],[-3,6],[-3,7],[-3,6],[0,12],[-6,1],[-2,7],[-5,2],[-4,-4],[-4,4],[-4,6],[-5,1],[-4,-2],[-4,0],[-8,-1],[-5,2],[-4,0],[-5,3],[-4,2],[-5,0],[-4,2],[-5,3],[-4,5],[-4,2],[-5,0],[-4,0],[-5,1],[-4,3],[-5,-2],[-2,-6],[-4,-5],[-5,-2],[-5,1],[-4,2],[-5,3],[-4,3],[-5,2],[-4,2],[-5,2],[-4,2],[-4,5],[-3,6],[-4,4],[-5,2],[-4,-6],[-3,-5],[-2,-8],[-2,-8],[-3,-4],[-5,-3],[-2,-7],[-4,-3],[-5,-3],[-3,-6],[-4,-5],[-3,-5],[-3,-6],[-3,-6],[-3,-7],[-3,-6],[-4,-5],[-3,-5],[-4,-5],[-5,-3],[-4,-4],[-2,-7],[-4,-5],[-4,-3],[-4,-4],[-5,-3],[-4,-4],[-3,-6],[-3,-6],[-3,-8],[-2,-7],[-2,-8],[-2,-7],[-5,-5],[-5,-10],[-5,-4],[-2,-6],[-2,-8],[-2,-7],[-2,-7],[-5,-2],[-4,-3],[-1,-9],[-3,-5],[-5,2],[-4,2],[-5,-1],[-4,-5],[-3,-5],[-4,-2],[-4,-5],[-3,-7],[-3,-7],[-3,-8],[-2,-7],[-2,-11],[-1,-10],[-2,-11],[-10,-6],[-4,-1],[-5,1],[-6,2],[-6,4],[-5,5],[-6,4],[-6,6],[-6,5],[-5,5],[-6,4],[-6,5],[-6,5],[-5,5],[-5,0],[-6,-3],[-5,-2],[-6,0],[-7,1],[-6,0],[-7,1],[-4,3],[-5,4],[-4,4],[-6,3],[-7,4]],[[6100,8306],[7,0],[6,0],[5,0],[5,1],[8,1],[5,1],[5,1],[8,0],[9,0],[6,0],[7,0],[5,0],[5,-1],[6,-2],[7,-2],[4,-3],[5,-3],[4,-4],[4,-5],[5,-4],[5,-6],[4,-4],[5,-3],[5,2],[7,-2],[5,-4],[6,-5],[7,-3],[7,-4],[7,-4],[9,-7],[4,-4],[9,-5],[6,-1],[6,-1],[11,1],[6,3],[7,3],[5,3],[7,4],[7,4],[6,3],[5,1],[7,3],[6,1],[6,1],[10,2],[6,1],[6,1],[7,1],[12,2],[7,0],[3,0],[4,0],[5,0],[8,0],[8,-1],[7,-1],[11,-3],[6,-4],[4,-4],[6,-6],[4,-5],[5,-9],[6,-9],[5,-5],[5,-6],[6,-7],[6,-8],[3,-5],[3,-4],[7,-9],[4,-5],[7,-8],[4,-5],[5,-4],[4,-3],[7,-6],[5,-4],[4,-4],[6,-4],[4,-4],[4,-3],[6,-5],[5,-3],[4,-3],[7,-5],[5,-4],[4,-5],[8,-8],[5,-5],[5,-6],[6,-10],[4,-5],[5,-8],[5,-7],[4,-8],[2,-6],[4,-8],[3,-8],[3,-11],[4,-11],[2,-7],[1,-7],[3,-13],[1,-7],[3,-11],[2,-14],[1,-7],[2,-14],[2,-13],[2,-10],[3,-12],[3,-7],[4,-9],[5,-8],[4,-5],[4,-5],[4,-6],[6,-8],[4,-4],[7,-5],[8,-4],[6,-4],[7,-5],[6,-4],[7,-3],[6,-2],[7,-3],[6,-1],[7,-3],[5,-1],[5,0],[5,0],[6,0],[7,1],[6,1],[7,0],[6,1],[6,1],[4,1],[5,0],[6,2],[4,1],[7,1],[7,1],[5,0],[5,0],[5,0],[9,-1],[5,-1],[5,0],[5,-1],[8,-3],[4,-1],[4,-1],[7,0],[7,0],[7,0],[5,0],[4,1],[7,2],[4,1],[4,1],[7,1],[7,2],[6,2],[5,2],[6,0],[6,1],[4,2],[5,2],[4,4],[5,3],[5,4],[5,5],[5,5],[6,7],[4,6],[5,7],[5,7],[3,6],[6,8],[5,8],[4,7],[6,10],[5,9],[5,9],[4,9],[5,11],[4,10],[5,11],[3,8],[4,9],[3,8],[4,13],[5,13],[3,7],[3,9],[6,14],[4,8],[5,11],[5,12],[3,9],[4,9],[3,10],[4,11],[5,11],[6,14],[5,10],[6,13],[5,10],[6,11],[5,10],[4,7],[5,8],[4,7],[5,11],[5,8],[6,11],[6,9],[8,11],[9,9],[6,4],[5,4],[11,5],[7,4],[6,4],[10,6],[7,4],[6,5],[11,8],[6,5],[50,36],[9,7],[6,5],[8,8],[7,6],[8,9],[8,9],[4,5],[4,5],[7,8],[5,5],[6,5],[6,5],[10,8],[6,4],[6,4],[3,3],[3,2],[3,2],[8,8],[7,5],[8,8],[6,6],[7,8],[5,7],[5,7],[7,7],[3,2],[2,2],[5,4],[8,6],[9,6],[6,5],[7,4],[8,4],[6,-1],[2,-3],[1,-2],[2,-6],[2,-7],[1,-9],[1,-5],[1,-5],[4,-7],[2,-10],[2,-8],[2,-10],[1,-5],[3,-8],[2,-8],[3,-7],[3,-8],[3,-6],[3,-9],[3,-2],[3,-3],[5,-4],[3,-2],[6,-5],[4,-3],[4,-3],[4,-5],[6,-7],[4,-5],[6,-7],[5,-6],[3,-3],[4,-4],[3,-4],[6,-7],[3,-6],[4,-6],[3,-4],[4,-6],[5,-7],[4,-7],[3,-5],[4,-7],[5,-7],[4,-6],[6,-9],[4,-5],[4,-3],[6,-4],[6,-5],[5,-3],[6,-4],[5,-4],[7,-3],[7,-4],[5,-3],[5,-3],[5,-4],[8,-6],[4,-3],[6,-5],[4,-4],[7,-4],[7,-3],[7,-6],[6,-4],[6,-6],[5,-7],[5,-7],[5,-7],[3,-4],[4,-4],[4,-9],[3,-5],[3,-5],[5,-8],[5,-8],[5,-7],[3,-5],[4,-4],[7,-6],[4,-3],[3,-4],[8,-7],[4,-3],[5,-6],[6,-7],[5,-6],[6,-7],[3,-4],[6,-6],[3,-4],[4,-3],[7,-6],[5,-6],[5,-5],[5,-4],[4,-5],[4,-3],[4,-5],[3,-7],[3,-6],[-7,-7],[-5,-5],[-4,-5],[-6,-6],[-2,-2],[-3,-4],[2,-6],[5,-4],[4,-6],[5,-6],[3,-4],[5,-7],[4,-4],[3,-4],[1,0],[3,-3],[4,-3],[6,-6],[6,-7],[3,-6],[4,-8],[3,-5],[4,-7],[2,-5],[3,-5],[3,-7],[3,-6],[2,-4]],[[7717,5321],[9,-9],[5,-4],[3,-10],[2,-10],[-1,-11],[0,-8],[0,-8],[2,-8],[0,-8],[-3,-10],[4,-7],[2,-8],[1,-11],[1,-11],[5,-7],[5,-6],[5,-7],[6,-6],[5,-7],[4,-3],[5,-7],[4,-3],[6,-4],[6,-3],[0,-10],[-3,-9],[-1,-8],[0,-11],[1,-12],[2,-11],[5,-7],[3,-5],[4,-9],[2,-7],[1,-8],[2,-7],[4,-10],[3,-6],[4,-4],[4,-4],[5,-4],[6,-5],[1,-8],[3,-6],[3,-7],[2,-10],[3,-11],[3,-5],[6,-5],[5,-6],[4,-8],[2,-7],[4,-9],[2,-7],[2,-10],[4,-11],[3,-7],[2,-10],[2,-11],[2,-13],[3,-9],[4,-5],[3,-7],[3,-10],[4,-10],[5,-7],[3,-9],[4,-5],[5,-7],[4,-6],[7,-4],[6,-1],[2,7],[4,-7],[2,-7],[3,-9],[1,-11],[1,-8],[1,-9],[2,-11],[0,-8],[0,-9],[1,-8],[1,-9],[1,-8],[5,0],[2,-13],[5,-4],[5,-7],[3,-6],[3,-10],[2,-7],[1,-8],[0,-10],[-1,-9],[2,-12],[1,-11],[-1,-12],[1,-8],[2,-11],[1,-11],[0,-11],[4,-8],[3,-5],[5,-7],[3,-7],[2,-7],[2,-8],[0,-11],[-2,-8],[-3,-6],[-3,-15],[-9,-4],[-4,-4],[-4,-5],[-4,-4],[-3,-7],[-4,-10],[-1,-9],[1,-8],[-2,-12],[-3,-6],[-4,-8],[-6,-6],[-3,-6],[-2,-7],[-3,-11],[-3,-10],[-3,-9],[-3,-6],[-3,-7],[2,-9]],[[7939,4300],[0,-12],[2,-11],[3,-8],[3,-7],[3,-9],[2,-8],[1,-10],[1,-9],[0,-8],[-2,-8],[-2,-8],[-3,-6],[-4,-6],[-4,-6],[-5,-8],[-4,-6],[-5,-9],[-2,-6],[3,-5],[5,-2],[5,0],[6,-1],[4,-6],[4,-3],[5,1],[7,-6],[4,-8],[4,-4],[6,-2],[4,0],[4,-6],[4,-7],[1,-8],[0,-8],[3,-8],[3,-7],[5,-8],[4,-9],[1,-11],[3,-8],[2,-6],[4,-6],[3,-9],[5,-6],[4,-6],[4,-9],[4,-10],[3,-6],[5,-3],[7,-2],[4,-4],[5,-4],[6,0],[7,1],[6,1],[5,5],[5,2],[6,-4],[3,-8],[2,-11],[5,-5],[5,-2],[5,0],[6,-4],[4,-6],[4,-6],[3,-6],[4,-10],[0,-9],[-2,-10],[-2,-8],[-3,-7],[-3,-12],[3,-7],[3,-6],[4,-11],[4,-6],[5,-6],[0,-8],[4,-8],[4,-4],[6,-6],[2,-11],[-2,-8],[-1,-9],[0,-8],[-2,-8],[1,-11],[3,-10],[-1,-10],[0,-9],[1,-8],[2,-9],[-3,-7],[-5,-8],[-6,-5],[-4,-7],[-4,-5],[-2,-8],[-3,-7],[-4,-5],[-5,-7],[-6,-6],[-4,-7],[-4,-6],[-4,-6],[-4,-6],[-4,-5],[-5,-6],[-5,-5],[-5,-4],[-4,-1],[-4,-1],[-6,-3],[-5,-2],[-9,-3],[-4,-5],[-3,-11],[-2,-9],[-3,-7],[-2,-7],[-2,-9],[-3,-8],[-4,-4],[-4,-1],[-5,0],[-6,0],[-7,-2],[-5,-5],[-3,-6],[-3,-10],[-2,-8],[-2,-12],[-2,-8],[-7,-5],[-5,0],[-5,1],[-5,-1],[-5,-4],[-5,-1],[-5,-1],[-7,-1],[-5,-3],[-6,-4],[-6,-6],[-4,-8],[-3,-10],[-2,-7],[-5,-8],[-1,-9],[-2,-10],[-2,-11],[-1,-8],[-3,-10],[-2,-10],[-7,-9],[-2,-9],[-7,-6],[-5,-6],[-4,-6],[-2,-7],[-2,-9],[-1,-9],[-3,-6],[-4,-4],[-4,-11],[-5,-8],[-4,-1],[-5,-4],[-1,-7],[-1,-10],[-2,-8],[-1,-10],[-2,-8],[-2,-11],[1,-9],[3,-9],[1,-10],[0,-8],[-1,-10],[2,-11],[4,-8],[-1,-8],[-4,-8],[-6,-5],[-1,-12],[2,-9],[0,-8],[-1,-12],[0,-10],[1,-10],[1,-9],[4,-8],[4,-7],[2,-9],[0,-8],[-3,-7],[-7,-1],[-6,0],[-5,-3],[-7,-5],[-5,-4],[-5,-7],[-4,-10],[-1,-8],[-2,-9],[-2,-8],[-1,-10],[-2,-9],[-2,-10],[-2,-10],[5,-6],[0,-8],[0,-8],[-4,-10],[0,-8],[0,-11]],[[7801,2869],[-7,-11],[-5,-3],[-4,-4],[-3,-9],[0,-9],[1,-11],[3,-7],[-4,-9],[-5,-3],[-3,-11],[-2,-9],[-3,-7],[-4,-9],[-8,-4],[-4,-1],[-3,-10],[1,-11],[2,-8],[3,-7],[3,-7],[2,-8],[0,-8],[0,-9],[-5,-5],[-5,-1],[0,-11],[5,-4],[4,-6],[2,-7],[0,-8],[-1,-11],[-1,-9],[7,1],[6,-1],[4,-8],[1,-12],[0,-8],[-1,-9],[-2,-11],[-4,-4],[-5,1],[-6,3],[-6,2],[-6,-5],[-1,-10],[1,-12],[-4,-11],[-5,-6],[-6,-3],[-4,-2],[-6,-4],[-2,-10],[-1,-14],[0,-8],[3,-7],[6,-4],[4,-8],[-6,-4],[-8,1],[-6,-1],[-5,-3],[-2,-9],[-1,-13],[-2,-11],[0,-10],[1,-10],[-1,-10],[-3,-8],[-3,-9],[-3,-10],[-1,-9],[1,-9],[4,-8],[1,-10],[-1,-8],[-6,-8],[-5,-3],[-8,-1],[-5,-3],[-5,-10],[-2,-7],[-5,-6],[-4,4],[-5,4],[-6,-2],[-6,4],[-6,-1],[-6,-1],[-9,-1],[-7,0],[-5,2],[-4,-1],[-5,-5],[-1,-10],[-1,-10],[-1,-8],[-3,-8],[-3,-8],[-5,-8],[-6,-2],[-2,9],[-3,7],[-6,2],[-5,-7],[-4,-8],[-5,-10],[-4,-10],[-5,-9],[-5,-8],[-7,-9],[-5,-5],[-5,-4],[-4,-3],[-7,-3],[-5,-4],[-7,1],[-7,5],[-5,4],[-5,2],[-5,-3],[-6,-3],[-6,0],[-5,-4],[-4,-7],[-5,-6],[-5,-4],[-6,-1],[-5,-3],[-5,-3],[-4,-7],[-5,-4],[-9,3],[-6,2],[-5,-2],[-6,-4],[-7,-6],[-14,-5],[3,-20],[-3,-18],[-3,-15],[0,-9],[-4,-9],[-7,-9],[-5,-3],[-6,-5],[-5,-4],[-4,-8],[-6,-10],[-3,-16],[0,-11],[1,-18],[-2,-16],[-1,-12],[-2,-11],[-5,-6],[-6,-5],[-5,-5],[-4,-7],[0,-11],[0,-11],[1,-9],[-1,-14],[-2,-14],[-3,-10],[-5,-8],[-4,-11],[-6,-11],[-6,-14],[-5,-9],[-5,-13],[-5,-10],[-4,-6],[-4,-5],[-4,-3],[-7,-7],[-4,-7],[-2,-9],[-2,-12],[-2,-12],[0,-15],[0,-13],[0,-9],[-1,-14],[0,-11],[0,-16],[-2,-9],[-4,-5],[-6,-2],[-5,-3],[-5,-3],[-7,-9],[-5,-4],[-6,-2]],[[7197,1607],[-8,-12],[-5,-13],[-2,-12],[0,-13]],[[7182,1557],[-6,-7],[-4,-3],[-5,-6],[-5,-5],[-13,-16],[-4,-5],[-9,-4],[-6,0],[-6,9],[-2,7],[-4,5],[-10,7],[-5,4],[-5,6],[-4,6],[-4,8],[-3,6],[-4,8],[-5,-3],[-13,-5],[1,9],[7,9],[7,11],[2,7],[0,14],[0,10],[-1,9],[-2,8],[-1,9],[-1,8],[-12,8],[-7,6],[-5,8],[-4,10],[-8,8],[-2,8],[-6,0],[-6,1],[-6,-1],[-7,1],[-8,-3],[-8,-2],[-7,4],[-8,2],[-6,3],[-10,6],[-7,6],[-7,5],[-3,9],[1,11],[3,9],[2,9],[1,9],[-1,9],[-1,16],[0,10],[-2,10],[-4,2],[-4,10],[-4,7],[-6,12],[0,12],[2,15],[2,12],[1,16],[1,13],[2,11],[2,16],[-1,11],[-3,11],[-4,8],[-1,9],[1,10],[3,14],[2,13],[2,10],[3,11],[2,13],[-8,5],[-4,11],[-4,12],[-3,14],[-6,15],[-3,21],[-4,5],[-7,2],[-8,2],[-7,0],[-9,3],[-18,3],[-7,0],[-6,1],[-7,6],[-5,10],[-11,7],[-5,1],[-6,5],[-5,1],[-7,4],[-6,1],[-6,2],[-7,4],[-2,7],[-4,18],[-1,13],[-2,18],[0,13],[2,13],[2,11],[1,13],[0,11],[0,9],[-3,8],[-2,9],[-2,8],[-1,11],[-3,10],[0,11],[-2,21],[0,17],[1,21],[-2,11],[-1,12],[-3,7],[-5,6],[-6,4],[-6,1],[-5,0],[-12,6],[-3,9],[-3,10],[-2,7],[-3,7],[-8,7],[-7,9],[-2,11],[-1,21],[-1,8],[-1,9],[1,18],[3,15],[1,8],[1,11],[1,19],[0,10],[1,9],[0,13],[-1,8],[-2,14],[-2,12],[-2,7],[-3,10],[0,14],[4,10],[3,15],[5,24],[5,10],[2,11],[4,13],[3,9],[5,13],[2,9],[3,8],[4,15],[2,8],[6,19],[2,8],[1,9],[2,8],[2,11],[1,12],[0,10],[1,9],[1,11],[-2,10],[1,9],[2,17],[1,9],[-1,25],[-3,16],[0,9],[1,14],[2,15],[1,9],[3,7],[1,8],[2,11],[-2,12],[-11,19],[-5,6],[-4,5],[-5,9],[-3,6],[-4,10],[-3,11],[-4,19],[-2,9],[-1,10],[-2,23],[2,18],[6,18],[1,11],[1,11],[0,10],[-1,11],[-1,11],[-2,7],[-2,7],[-4,8],[-2,11],[-3,5],[-4,5],[-6,4],[-7,0],[-6,1],[-5,7],[-3,5],[-5,14],[-5,4],[-5,4],[-4,4],[-5,2],[-4,5],[-5,8],[-2,7],[-2,8],[0,9],[1,8],[-1,12],[1,8],[1,10],[3,12],[0,12],[-2,11],[-4,6],[-3,7],[-3,6],[-6,6],[-3,5],[-2,13],[2,11],[1,8],[0,8],[-1,9],[-1,9],[0,9],[0,8],[0,9],[-3,7],[-4,8],[-4,5],[-6,8],[0,9],[0,9],[-1,9],[0,9],[2,8],[1,9],[0,9],[-1,8],[-2,9],[-1,8],[3,11],[0,9],[-1,8],[-2,8],[-1,9],[2,11],[3,8],[-2,8],[-4,6],[-5,1],[-5,2],[-4,5],[-5,3],[-5,1],[-3,8],[-3,11],[-1,8],[-1,9],[1,10],[1,10],[2,11],[0,11],[-2,10],[-1,8],[-2,8],[-2,7],[-1,8],[0,11],[0,8],[0,8],[-2,8],[-4,10],[-5,13]],[[1125,5649],[5,4],[1,3],[4,14],[5,19],[5,15],[5,16],[4,17],[7,17],[8,17],[7,14],[1,3],[7,14],[8,17],[7,16],[6,16],[6,16],[7,15],[6,15],[6,18],[7,16],[7,14],[8,18],[7,16],[6,18],[5,16],[5,19],[4,19],[1,2],[4,17],[5,20],[5,20],[7,20],[6,19],[2,8],[3,11],[3,8],[4,8],[8,20],[5,17],[7,23],[6,16],[6,19],[5,21],[2,11],[2,10],[4,21],[2,19],[3,25],[5,23],[3,23]],[[1377,6432],[74,-61],[2,-1],[2,-1],[2,-2],[2,-1],[1,-1],[2,-1],[2,-1],[2,-1],[2,-1],[2,-1],[1,-2],[2,-1],[2,-2],[2,-1],[2,-2],[1,-2],[2,-1],[2,-2],[2,-2],[1,-1],[2,-2],[2,-1],[2,-1],[2,-1],[2,-1],[1,0],[2,-1],[2,-1],[2,0],[2,-1],[2,0],[2,-1],[2,0],[5,-10],[4,-7],[5,-6],[4,-4],[6,-4],[5,-2],[4,0],[5,1],[5,1],[5,-1],[5,-3],[5,-3],[5,-7],[5,-7],[3,-9],[4,-8],[4,-8],[2,-10],[3,-9],[2,-8],[4,-7],[5,-7],[5,-3],[5,0],[5,1],[5,-4],[5,-6],[4,-6],[5,-5],[5,-4],[5,-3],[5,-2],[5,-3],[5,-8],[4,-7],[5,-6],[4,-4],[6,-4],[5,-3],[6,-3],[5,-2],[6,-2],[6,-3],[5,-1],[5,1],[5,1],[5,2],[4,3],[5,4],[4,6],[3,8],[3,10],[1,9],[1,9],[-1,8],[0,11],[4,6],[5,4],[5,2],[4,6],[5,5],[4,5],[4,5],[5,6],[5,5],[4,2],[6,-1],[5,-3],[5,-3],[4,3],[5,2],[6,0],[4,-7],[3,-7],[5,-5],[5,-3],[4,-7],[5,-6],[4,-6],[3,-8],[3,-8],[4,-6],[6,-2],[3,4],[4,6],[3,7],[3,6],[4,7],[3,6],[4,6],[4,6],[4,7],[3,7],[4,6],[5,3],[4,2],[5,2],[5,3],[4,2],[4,3],[5,5],[3,6],[12,7],[4,5],[4,3],[5,2],[6,1],[5,0],[6,1],[5,5],[1,-15],[1,-13],[7,-17],[0,-10],[0,-10],[-1,-10],[0,-10],[0,-8],[1,-10],[-1,-9],[1,-10],[0,-11],[-1,-8],[-2,-7],[-3,-7],[-1,-10],[2,-8],[2,-10],[-1,-10],[-3,-9],[-3,-8],[-4,-4],[-5,-5],[-1,-8],[4,-7],[4,-9],[2,-9],[2,-10],[2,-9],[1,-9],[0,-10],[0,-10],[-2,-9],[-4,-7],[-3,-7],[-3,-8],[0,-9],[-1,-10],[3,-10],[5,-4],[5,-4],[5,-6],[4,-5],[4,-6],[4,-8],[2,-8],[1,-11],[2,-10],[3,-9],[4,-9],[3,-8],[3,-9],[1,-10],[2,-9],[4,-7],[3,-7],[-5,-8],[-4,-7],[-2,-9],[-2,-9],[-1,-9],[-3,-8],[-4,-6],[-5,-2],[-4,0],[-6,0],[-4,-2],[-5,-5],[-4,-5],[-5,-5],[-4,-5],[-4,-5],[-5,-6],[-3,-6],[-4,-7],[0,-9],[0,-10],[-1,-8],[-2,-8],[-5,-3],[-5,0],[-2,-9],[3,-9],[3,-14],[3,-7],[3,-6],[4,-5],[5,-4],[4,-3],[6,0],[4,5],[4,8],[3,6],[3,9],[3,7],[3,7],[6,3],[4,-1],[5,3],[4,4],[5,2],[5,-2],[3,-6],[1,-10],[0,-9],[1,-10],[3,-9],[4,-6],[5,-5],[4,-4],[4,-5],[4,-5],[4,-5],[3,-5],[4,-6],[4,-5],[3,-5],[4,-8],[3,-8],[2,-7],[2,-8],[5,-7],[3,-5],[4,-6],[4,-5],[4,-5],[5,-5],[4,-6],[3,-7],[2,-9],[1,-9],[3,-10],[2,-8],[4,-7],[4,-6],[4,-7],[3,-7],[4,-6],[4,-7],[3,-7],[4,-4],[4,-5],[3,-7],[0,-9],[0,-8],[1,-9],[3,-9],[0,-10],[0,-9],[1,-8],[2,-8],[1,-7],[2,-9],[3,-7],[3,-8],[5,-5],[4,-4],[3,-7],[1,-10],[1,-9],[0,-10],[1,-9],[1,-9],[2,-8],[2,-7],[3,-9],[3,-7],[3,-8],[3,-6],[4,-4],[6,0],[5,-2],[4,-6],[4,-5],[5,-2],[5,-2],[3,5],[7,-9],[6,-5],[8,0],[0,-11],[3,-10],[2,-9],[1,-11],[-2,-11],[-3,-9],[-5,-7],[-5,-3],[-7,-1],[-8,13],[0,-10],[-3,-7],[-3,-7],[-3,-7],[-3,-8],[-1,-10],[-1,-8],[0,-8],[-1,-8],[-1,-8],[-1,-9],[1,-8],[0,-9],[0,-9],[2,-10],[1,-9],[1,-9],[-1,-8],[-1,-8],[-1,-10],[-2,-7],[-1,-9],[1,-9],[1,-9],[0,-8],[3,-10],[2,-9],[1,-8],[1,-10],[2,-10],[-1,-9],[0,-7],[-2,-9],[-2,-8],[-2,-6],[-3,-9],[-1,-10],[1,-9],[-7,-21],[-3,-8],[-2,-12],[1,-13],[1,-15],[0,-8],[2,-39],[-1,-24],[-1,-8],[-4,-14],[-3,-8],[-4,-9],[-4,-10],[-3,-8],[-2,-10],[1,-10],[1,-10],[0,-9],[2,-8],[1,-11],[-1,-9],[2,-9],[2,-13],[1,-13],[1,-11],[-1,-15],[-2,-14],[-1,-10],[-1,-18],[-3,-17],[-1,-8],[0,-9],[1,-11],[2,-9],[2,-10],[3,-12],[5,-10],[4,-10],[4,-7],[5,-11],[6,-7],[8,-6],[6,0],[8,7],[5,-5],[5,-6],[8,-5],[7,-6],[5,-5],[6,-3],[9,-10],[5,-5],[5,-6],[3,-18],[1,-14],[1,-10],[1,-11],[1,-13],[1,-11],[1,-14],[1,-10],[0,-11],[-2,-13],[-4,-11],[-5,-7],[-4,-7],[-5,-12],[-5,-14],[-8,-25],[-1,-10],[-1,-14],[0,-11],[3,-24],[8,-24],[6,-9],[6,-1],[6,-2],[7,-4],[6,-1],[5,-5],[5,-6],[10,-14],[9,-12],[8,-5],[11,-15],[7,-10],[7,-10],[4,-6],[5,-12],[1,-10],[-1,-15],[-2,-10],[-2,-10],[0,-11],[0,-10],[-1,-14],[-1,-15],[0,-17],[0,-10],[1,-18],[2,-11],[0,-19]],[[8178,2015],[-5,-4],[-4,2],[-5,4],[-6,6],[-6,11],[-8,-17],[-7,-3],[-5,0],[-5,-3],[-3,-11],[-2,-12],[-2,-9],[-4,-7],[-4,-6],[-4,-6],[-4,-7],[-5,-6],[-7,-4],[-6,2],[-5,5],[-4,4],[-6,4],[-7,-1],[-7,-4],[-3,-15],[-2,-8],[-2,-10],[-2,-11],[0,-9],[1,-10],[0,-14],[0,-10],[-2,-10],[-22,-56],[-29,-47],[-21,-60],[-4,-68],[4,-68],[13,-63],[-23,-57],[-17,-64],[-18,-62],[-36,-15],[-25,-52],[-22,-59],[-2,-69],[5,-68],[-1,-71],[-33,-33],[-38,-29],[-36,5],[-36,-15],[-32,35],[-34,26],[-13,18],[-2,71],[25,52],[9,70],[31,39],[-5,67],[-27,45],[-7,67],[-2,8],[-37,-11],[-37,-5],[-28,40],[-15,61],[-10,64],[-33,26],[-38,-16],[-37,-1],[-19,-6],[-7,-13],[-5,-7],[-4,-4],[-5,-1],[-7,-10],[-6,-1],[-6,2],[-7,2],[-6,4],[-4,3],[-5,6],[-9,3],[-6,4],[-10,4],[-6,10],[-5,8],[-11,2],[-5,0],[-6,-1],[-5,-2],[-6,-3],[-11,-4],[-11,-1],[-15,-1],[-6,8],[-4,5],[-14,17],[-4,7],[-2,15]],[[7801,2869],[5,-10],[5,-3],[4,-1],[5,-1],[5,-1],[5,-2],[4,-4],[5,-3],[6,-2],[7,0],[7,0],[6,2],[4,3],[5,2],[5,4],[3,7],[4,4],[5,5],[6,5],[4,2],[8,0],[5,-2],[6,-1],[5,-1],[6,-1],[6,-2],[7,-7],[6,2],[6,4],[7,3],[7,3],[6,1],[7,-2],[6,-3],[8,-3],[6,-5],[0,-9],[1,-8],[-2,-9],[-6,-7],[-5,-2],[3,-10],[1,-11],[-5,-8],[-4,-9],[-5,-10],[-6,-3],[-5,-2],[-4,-8],[0,-10],[-1,-8],[-2,-7],[-3,-6],[-3,-7],[-4,-7],[-5,-6],[-6,-5],[-4,-6],[-3,-6],[-5,-2],[-5,-5],[-4,-4],[-5,-9],[-2,-10],[-1,-9],[2,-10],[1,-8],[-1,-8],[-4,-8],[-3,-11],[2,-10],[4,-7],[4,-8],[3,-8],[4,-9],[4,-11],[3,-8],[4,-6],[6,-2],[5,-4],[1,-9],[1,-8],[3,-8],[4,-7],[2,-11],[2,-9],[1,-8],[1,-11],[-1,-10],[0,-9],[2,-9],[5,-4],[4,-2],[5,-4],[3,-6],[3,-6],[4,-6],[6,-1],[5,-5],[4,-9],[4,-8],[7,2],[5,-6],[3,-7],[1,-8],[2,-8],[5,1],[5,-3],[3,-10],[5,-3],[6,-7],[6,-10],[4,-7],[4,-6],[5,-12],[3,-11],[3,-11],[3,-6],[2,-9],[6,1],[4,10],[4,3],[6,0],[6,1],[7,-5],[7,-3],[5,-2],[4,-3],[6,-5],[6,3],[5,2],[7,-3],[7,-6],[3,-6],[5,-5],[5,-3],[7,-1],[6,3],[7,5],[3,7],[3,8],[3,12],[3,8],[2,-9],[2,-12],[0,-12],[1,-10],[0,-12],[0,-11],[-4,-8],[-5,-7],[-3,-8],[-2,-9],[-2,-14],[-2,-8],[-3,-12],[1,-11],[2,-8],[2,-10],[2,-11],[1,-10],[-1,-13],[0,-12],[-2,-10],[-4,-11],[-2,-9],[-2,-9],[-1,-10],[-2,-9],[-3,-11]],[[3839,6576],[1,-15],[1,-8],[0,-9],[-1,-8],[-1,-9],[1,-16],[3,-17],[1,-9],[-1,-15],[2,-12],[2,-7],[3,-21],[1,-11],[2,-18],[-2,-14],[-2,-12],[-2,-12],[-5,-17],[-3,-15],[-3,-10],[-4,-5],[-4,-6],[-4,-5],[-6,-6],[-7,-3],[-4,-3],[-6,-6],[-7,-10],[-4,-5],[-5,-4],[-4,-5],[-3,-6],[-5,-14],[-45,-76],[-3,-6],[-2,-14],[-4,-6],[-4,-6],[-2,-10],[-2,-9],[-1,-15],[-5,-16],[-2,-11],[1,-8],[3,-6],[0,-9],[-2,-13],[-2,-11],[-1,-9],[-4,-13],[-2,-9],[-1,-13],[2,-11],[2,-8],[0,-11],[-6,-15],[-3,-8],[4,-8],[4,-10],[6,-5],[4,-5],[4,-12],[3,-6],[9,0],[4,2],[5,-4],[5,-3],[8,-6],[5,-5],[5,-5],[5,1],[13,5],[7,0],[7,4],[4,5],[6,6],[6,6],[5,3],[5,1],[5,0],[7,-2],[7,-4],[5,-3],[11,-8],[8,-10],[5,-10],[5,-13],[5,-8],[3,-7],[2,-8],[2,-8],[5,-14],[3,-8],[2,-8],[2,-6],[5,-10],[13,-13],[4,-5],[5,-7],[5,-10],[5,-12],[3,-14],[2,-8],[2,-9],[0,-10],[0,-9],[-2,-8],[-3,-12],[-4,-8],[-5,-5],[-6,-5],[-5,-9],[-7,-8],[-6,-6],[0,-9],[-4,-13],[-3,-9],[-4,-14],[-4,-10],[-4,-10],[-9,-15],[-5,-7],[-7,-5],[-6,-3],[-9,1],[-13,2],[-7,1],[-8,-2],[-8,0],[-5,-4],[-3,-11],[-4,-20],[-2,-11],[-4,-10],[-6,-10],[-11,-12],[-4,-5],[-4,-11],[-3,-7],[-3,-7],[-2,-9],[-4,-14],[-4,-17],[-2,-10],[-3,-9],[-5,-10],[-5,-5],[-6,-4],[-6,-3],[-4,-6],[-5,-7],[-9,-13],[-6,-8],[-5,-4],[-9,-1],[-7,-4],[-6,-7],[-5,-12],[-1,-14],[-1,-10],[-1,-15],[-5,-8],[-4,-5],[-5,-8],[-7,-9],[-4,-3],[-5,-3],[-9,-4],[-8,-10],[-8,-10],[-4,-6],[-2,-9],[-1,-8],[3,-8],[5,-7],[1,-12],[0,-11],[-4,-11],[-5,-10],[-7,-11],[-10,-12],[-7,-5],[-9,-14],[-5,-6],[-8,-14],[-6,-11],[-7,-13],[-4,-8],[-9,-2],[-9,0],[-6,2],[-6,6],[-6,3],[-6,0],[-5,-4],[-6,-3],[-7,-1],[-5,-5],[-3,-6],[-3,-11],[-2,-15],[2,-8],[1,-8],[-7,-3],[-10,2],[-5,4],[-4,4],[-5,9],[-3,6],[-5,6],[-4,-5],[-3,-11],[-3,-9],[-3,-9],[-4,-6],[-7,-4],[-6,-16],[-5,-9]],[[3392,4897],[0,12],[-3,8],[-3,11],[-6,12],[-8,-12],[-7,-4],[-2,-8],[-5,-3],[-6,-7],[-6,1],[-3,7],[-4,5],[-5,7],[-6,2],[-5,7],[-8,-3],[-4,-3],[-7,2],[-7,5],[-4,2],[-9,-3],[-6,2],[-5,3],[-6,-3],[-11,5],[-8,-3],[-6,-2],[-5,3],[-12,9],[-8,7],[-5,-1],[-7,-2],[-8,-5],[-5,-1],[-8,1],[-6,0],[-5,3],[-4,5],[-2,10],[-1,21],[0,11],[0,15],[0,20],[-1,11],[0,10],[-3,10],[-3,6],[0,9],[-3,9],[-6,10],[-3,9],[-1,10],[-2,17],[-3,7],[-6,5],[-7,3],[-5,2],[-5,2],[-4,2],[-4,7],[-2,9],[-2,11],[-4,20],[-3,7],[-8,17],[-7,3],[-5,4],[-5,1],[-8,-4],[-5,-6],[-5,-8],[-3,-10],[-3,-9],[-4,-7],[-11,-20],[-3,-8],[-2,-7],[-4,-3],[-7,-2],[-6,-1],[-7,0],[-5,3],[-9,1],[-11,-3],[-6,-1],[-6,-1],[-5,-3],[-4,-7],[-5,-7],[-4,-8],[-4,-11],[-3,-7],[-3,-7],[-3,-7],[-2,-7],[-4,-7],[-2,-6],[-4,-9],[-4,-5],[-3,-5],[-4,-5],[-5,-3],[-6,-5],[-7,-3],[-5,-2],[-6,-1],[-4,-8],[-2,9],[-1,10],[-1,11],[-1,11],[-2,10],[-2,9],[-3,10],[-3,9],[-4,9],[-4,8],[-4,8],[-3,8],[-4,9],[-5,5],[-5,5],[-6,1],[-6,2],[-6,3],[-6,2],[-5,6],[-2,9],[-3,9],[-2,8],[-2,10],[-2,10],[-2,10],[-2,10],[-1,11],[-2,10],[-1,11],[-1,11],[-1,11],[-1,10],[-2,10],[-1,11],[-2,11],[-2,10],[-2,10],[-1,10],[-2,10],[-2,10],[-3,9],[-5,8],[-5,3],[-6,1],[-6,3],[-5,3],[-5,7],[-4,8],[-3,9],[-3,10],[-3,9],[-3,10],[-2,10],[-2,9],[-3,11],[-3,9],[-3,9],[-3,9],[-1,11],[0,10],[0,11],[0,10],[0,11],[1,10],[3,11],[2,10],[3,9],[4,8],[4,8],[1,11],[1,10],[0,11],[0,8],[0,11],[0,10],[-1,11],[-1,10],[0,11],[-2,11],[-1,11],[1,11],[1,11],[1,11],[0,11],[1,11],[1,10],[2,10],[3,10],[4,6],[1,11],[0,8],[-5,4],[-6,5],[-3,9],[-1,10],[2,10],[1,10],[-1,11],[-2,9],[-3,9],[-5,7],[-5,7],[-5,7],[-4,7],[-6,2],[-6,-3],[-5,-6],[-5,-5],[-5,2],[-3,8],[-2,10],[-1,10],[-2,10],[0,11],[4,8],[0,11],[-2,10],[0,10],[-2,10],[-3,9],[1,17]],[[1846,1030],[-4,1],[-20,-9],[-16,-12],[-22,-29],[-15,-25],[-4,-7],[-23,-26],[0,-3],[-12,-16],[-9,-19],[-8,-18],[-10,26],[-2,31],[-13,24],[-3,1],[-8,-4],[-3,-4],[-5,-8],[-5,-5],[0,-3],[-4,-6],[-11,-25],[-7,-7],[-16,-21],[-6,-10],[-22,-25],[-21,-16],[-4,-6],[-9,-9],[-26,-31],[0,-3],[-14,-22],[-27,-20],[-3,-1],[-7,-1],[-10,6],[-22,17],[-16,3],[-1,0],[-6,-1],[-60,-17],[-39,-28],[-17,-17],[-8,-7],[-6,-5],[-13,4],[-7,31],[-11,21],[-1,5],[0,3],[-12,15],[-6,2],[-2,-1],[-14,-7],[-20,-13],[-36,-41],[-19,-15],[-25,-10],[-5,2],[-3,1],[-6,7],[-3,17],[-2,1],[-2,3],[-5,38],[-2,1],[-3,12],[-6,9],[-12,-9],[-4,2],[-10,8],[-4,20],[-1,1],[-6,42],[-20,22],[-6,79],[5,34],[4,8],[2,4],[1,20],[-3,12],[-1,2],[-3,4],[-1,6],[-3,13],[-6,10],[-1,0],[-23,14],[0,2],[-7,10],[-1,2],[0,18],[3,9],[4,10],[3,11],[1,0],[11,20],[1,12],[0,6],[-1,8],[-5,7],[-4,7],[-1,10],[-3,12],[-1,2],[0,2],[-13,21],[-40,22],[-14,14],[-4,2],[-17,3],[-26,-5],[-7,-4],[-9,7],[-1,7],[7,54],[0,9],[-1,1],[0,6],[-5,16],[0,6],[-2,0],[0,2],[-17,28],[-26,32],[-12,50],[-2,4],[-3,7],[-2,2],[0,1],[-2,-1],[-11,-7],[-3,-4],[-1,-6],[-11,-18],[-21,-17],[-9,-11],[-33,-36],[-29,-20],[-11,-1],[-24,-2],[-4,3],[-1,-1],[-26,22],[-37,53],[-18,25],[-1,0],[-1,4],[-5,7],[-5,23],[1,16],[3,8],[19,21],[10,4],[14,24],[0,40],[0,2],[-6,44],[-3,5],[0,6],[-9,17],[-3,21],[-6,7],[-26,22],[-2,-2],[-16,16],[-4,2],[0,3],[-11,29],[0,3],[-10,13],[-1,5],[-1,1],[-1,6],[-7,11],[0,3],[-2,1],[0,3],[-5,-1],[-1,0],[-1,-3],[-16,-7],[-5,-25],[-1,-2],[-10,-19],[-6,-21],[-6,-12],[-24,-27],[-6,-32],[-8,-65],[-2,-9],[-7,-11],[-14,-18],[-5,-13],[-1,-11],[-2,-2],[-11,4],[-4,20],[-1,6],[0,7],[-2,1],[-2,46],[-2,75],[-2,209],[2,7],[1,26],[1,2],[8,75],[2,16],[6,22],[4,22],[0,11],[0,5],[-4,28],[-8,96],[-4,49],[0,2],[-5,51],[3,89],[-4,34],[-2,11],[-2,56],[-3,4],[-2,-1],[-5,2],[-5,-1],[-19,-15],[-5,1],[-24,25],[-4,19],[-8,13],[-5,3],[-22,-7],[-28,12],[-20,24],[-26,26],[0,3],[0,3],[-4,6],[-2,2],[-6,8],[0,4],[-2,10],[-3,4],[0,3],[-2,0],[0,3],[-9,16],[-3,6],[-12,4],[-31,-11],[-1,0],[-7,1],[-23,14],[-17,3],[-4,-1],[-6,1],[-15,15],[-4,-2],[-20,9],[-6,5],[0,15],[2,17],[6,22],[18,20],[2,13],[1,6],[-5,59],[-2,2],[0,5],[0,19],[1,4],[5,12],[1,1],[0,3],[2,0],[1,4],[12,17],[7,2],[5,2],[15,3],[6,-2],[6,3],[17,13],[7,14],[3,9],[3,26],[-1,52],[1,10],[2,11],[4,15],[2,1],[10,25],[12,44],[4,31],[-1,76],[-2,10],[0,15],[2,56],[3,8],[27,28],[6,2],[19,16],[4,3],[0,3],[0,3],[7,7],[2,7],[3,8],[9,3],[10,10],[0,2],[1,-1],[13,4],[23,-11],[2,-2],[10,5],[27,-3],[23,6],[25,-21],[3,2],[10,11],[2,12],[6,20],[1,0],[11,18],[28,25],[4,5]],[[9772,2971],[-9,-5],[-17,-28],[-30,-31],[-6,-58],[3,-50],[12,-22],[7,-21],[17,-54],[-6,-36],[-10,-14],[-8,-42],[-18,-53],[1,-41],[15,-68],[2,-77],[-1,-27],[0,-10],[15,-23],[10,-29],[-8,-33],[24,-27],[9,-52],[26,1],[31,1],[20,-42],[18,-34],[6,-44],[3,-75],[25,-22],[27,-46],[18,-11],[-3,-108],[-1,-44],[6,-32],[27,-13],[12,-95],[-16,-67],[9,-44],[6,-60],[-10,-79],[-14,-75],[-3,-48],[1,-34],[-1,-1],[-17,-40],[-10,-34],[-4,-81],[-25,-47],[-19,7],[-18,-28],[-16,-6],[-30,-40],[-17,-13],[-29,-3],[-49,15],[-36,7],[-40,16],[-27,9],[-26,19],[-20,28],[-18,25],[-8,22],[-30,44],[-17,62],[-36,44],[-55,54],[-42,41],[-36,36],[-25,2],[-16,-2],[-16,-4],[-12,-3],[-23,-5],[-25,-1],[-13,-11],[-64,-221],[-43,-77],[-22,-35],[-24,-37],[-80,-82],[-47,-57],[-3,-4],[-92,-100],[-24,-7],[-28,3],[-16,0],[-6,-1],[-14,0],[-30,-41],[-24,-2],[-76,63],[-63,36],[-25,3],[-35,-28],[-28,-41],[-7,-10],[-28,-23],[-91,-30],[-87,-25],[-59,-18],[-54,-19],[-43,12],[-31,38],[-39,60],[-21,26],[-18,19],[-15,14],[-48,65],[-27,35],[-9,12],[-18,-2],[-1,-3],[-11,-30],[-24,-76],[-16,-50],[-15,-48],[-20,-33],[-39,-41],[-55,-47],[-14,-14],[-27,5],[-51,18],[-45,11],[-16,23],[-38,49],[-43,50],[-39,8],[-36,17],[-59,-1],[-44,-1],[-65,17],[-108,-15],[-42,-3],[-39,23],[-32,12],[-28,34],[-22,-8],[-40,-110],[-54,-112],[-10,-18],[-37,-2],[-32,11],[-50,28],[-5,1]],[[6710,532],[0,7],[-2,10],[0,10],[-4,10],[-2,9],[-3,9],[0,9],[-2,13],[-3,7],[-2,12],[-4,6],[-1,8],[0,10],[1,11],[-4,9],[-1,12],[-4,12],[-2,10],[0,11],[-4,9],[0,11],[-2,8],[-4,10],[-3,7],[-2,9],[-2,9],[-4,20],[7,19],[4,9],[9,5],[5,6],[-2,22],[-1,13],[-4,14],[-2,11],[3,8],[7,5],[7,3],[4,5],[3,7],[2,9],[1,13],[2,10],[6,21],[5,15],[5,-5],[5,0],[5,0],[4,0],[6,4],[6,8],[4,5],[5,7],[7,1],[6,-7],[3,-7],[5,-4],[4,-1],[5,-2],[5,0],[8,1],[8,3],[7,5],[5,7],[4,4],[8,6],[4,5],[3,7],[6,1],[6,3],[6,2],[7,2],[6,6],[5,12],[6,6],[7,1],[5,4],[6,3],[4,7],[4,13],[4,8],[6,8],[5,1],[2,-9],[-1,-10],[1,-18],[1,-11],[9,5],[6,8],[4,6],[5,9],[5,8],[6,9],[4,5],[5,-2],[6,-7],[4,-9],[3,-9],[3,-8],[5,-7],[4,-1],[6,-1],[7,-4],[4,-6],[4,-5],[4,-6],[3,-6],[4,-7],[4,-4],[5,2],[5,8],[5,8],[7,6],[4,7],[2,9],[7,17],[4,6],[7,7],[4,3],[5,0],[11,2],[5,1],[8,2],[10,8],[5,7],[6,9],[5,8],[6,10],[4,6],[4,10],[-1,10],[-5,14],[-2,11],[-2,10],[0,11],[1,8],[2,9],[1,16],[0,9],[2,11],[1,8],[2,9],[4,11],[5,10],[3,8],[2,11],[-2,10],[-2,12],[-1,9],[3,12],[3,6],[6,7],[5,3],[7,3],[5,0],[7,3],[5,2],[3,9],[1,9],[-1,11],[0,10],[1,12],[-1,9],[-2,12],[-3,12],[-4,5],[-3,12],[-2,7],[-1,17],[0,10],[0,11],[1,13]],[[8178,2015],[2,-8],[1,-9],[1,-9],[4,-7],[5,-10],[4,-7],[5,-3],[6,-2],[9,-3],[6,1],[0,5],[0,3],[5,-1],[3,8],[4,10],[7,3],[6,2],[5,2],[6,5],[6,6],[5,7],[7,7],[8,4],[5,4],[5,3],[5,2],[5,2],[5,2],[4,4],[6,10],[4,5],[4,6],[4,5],[4,7],[4,7],[3,7],[4,6],[4,8],[4,6],[5,6],[7,3],[6,2],[4,5],[5,1],[5,1],[4,6],[6,4],[5,1],[4,-6],[4,4],[4,3],[5,4],[5,2],[5,5],[6,8],[5,8],[4,7],[6,6],[5,3],[4,1],[3,10],[3,9],[1,10],[3,11],[1,8],[1,9],[6,-4],[5,-4],[4,-4],[5,-5],[5,-5],[5,-3],[6,0],[6,1],[7,0],[6,-1],[5,0],[5,0],[5,-1],[4,-5],[3,-7],[3,-7],[2,-7],[5,-7],[5,-6],[5,-4],[5,-4],[5,-1],[5,-1],[8,-2],[6,0],[5,5],[4,7],[5,2],[5,2],[5,2],[5,3],[6,4],[6,1],[6,0],[5,2],[7,4],[4,4],[4,6],[3,7],[3,7],[2,8],[4,11],[4,6],[6,6],[4,5],[4,6],[5,5],[7,2],[6,1],[5,4],[5,5],[4,4],[6,6],[4,5],[7,3],[4,1],[8,6],[5,5],[4,1],[5,0],[6,-2],[4,-3],[6,-5],[5,2],[5,6],[4,7],[4,6],[5,5],[4,5],[5,7],[4,4],[7,5],[4,3],[5,2],[6,-3],[5,-4],[7,-7],[5,-4],[6,0],[5,9],[4,9],[4,11],[5,10],[4,4],[9,-1],[6,8],[6,3],[4,0],[6,-1],[5,-2],[5,-3],[5,-3],[4,-2],[5,-1],[5,0],[4,2],[5,2],[5,3],[4,3],[4,3],[5,4],[5,2],[4,1],[5,2],[6,3],[4,7],[4,6],[3,6],[7,10],[3,10],[2,10],[2,11],[1,10],[3,12],[4,8],[6,6],[7,7],[5,6],[4,8],[3,8],[4,7],[2,8],[3,8],[1,9],[1,10],[1,9],[3,16],[5,7],[4,6],[5,8],[3,10],[1,9],[1,9],[2,10],[3,8],[4,10],[3,9],[3,5],[7,6],[5,6],[3,6],[4,5],[4,6],[3,6],[4,7],[3,6],[3,7],[3,6],[5,8],[4,12],[8,-1],[7,2],[4,3],[5,4],[5,3],[5,3],[4,-1],[6,3],[4,5],[4,5],[6,8],[4,4],[4,4],[4,5],[4,6],[6,2],[4,1],[5,1],[5,3],[7,2],[6,-3],[5,5],[4,4],[4,4],[6,3],[7,2],[6,4],[8,0],[5,1],[5,3],[5,3],[6,-1],[5,-5],[7,-3],[4,-5],[7,-2],[6,-4],[4,4],[0,12],[3,9],[5,3],[6,3],[5,2],[6,2],[4,0],[7,0],[5,-2],[5,-4],[5,-4],[4,-5],[3,-5],[5,-6],[5,-5],[5,-3],[5,0],[3,10],[0,9],[-3,10],[-3,13],[-1,8],[-1,11],[1,11],[2,11],[2,11],[1,13],[-1,13],[0,9],[1,8],[0,12],[1,8],[0,12],[-1,8],[-1,9],[0,10],[2,11],[2,8],[3,13],[2,12],[0,10],[1,11],[-2,12],[-3,11],[-1,7],[-2,8],[-3,10],[1,9],[2,7],[1,9],[0,9],[-2,11],[0,9],[3,11],[3,8],[1,13],[-3,7],[-2,8],[-2,9],[-1,8],[0,10],[0,9],[1,8],[0,9],[1,12],[2,12],[2,8],[3,8],[3,7],[4,9],[2,7],[4,7],[4,6],[5,5],[4,1],[5,0],[5,0],[5,-1],[6,-4],[5,-6],[6,-6],[5,-7],[3,-7],[3,-7],[4,-11],[2,-9],[2,-12],[-1,-12],[1,-10],[2,-14],[3,-11],[4,-11],[2,-12],[-1,-8],[-1,-12],[1,-11],[1,-9],[2,-8],[2,-9],[2,-12],[2,-7],[4,-8],[5,-5],[3,-6],[3,-7],[3,-7],[2,-9],[0,-8],[-1,-12],[0,-12],[0,-9],[1,-8],[2,-10],[5,-6],[6,-6],[5,-5],[4,-5],[4,-5],[4,-5],[6,-6],[5,-6],[5,-4],[5,-3],[4,-2],[8,-4],[6,-4],[5,-4],[4,-1],[6,-1],[7,-1],[6,-2],[6,-1],[5,0],[5,3],[6,7],[5,5],[5,0],[4,-2],[8,-2],[7,-4],[5,-5],[5,-3],[6,-1],[4,2],[7,3],[5,2],[5,1],[6,2],[5,-2],[6,-4],[18,-14]],[[6710,532],[-27,6],[-21,10],[-9,-1],[-17,-3],[-34,-13],[-14,-2]],[[5304,2646],[2,7],[2,8],[2,8],[2,8],[3,13],[3,8],[4,3],[8,6],[7,7],[7,6],[2,12],[9,-3],[6,0],[7,-1],[6,-2],[5,-2],[11,-1],[6,6],[3,10],[0,11],[0,10],[-1,12],[-2,18],[0,11],[3,14],[7,9],[7,-1],[6,3],[5,6],[6,-2],[8,-1],[3,10],[5,12],[3,10],[4,7],[5,3],[8,2],[8,-1],[11,-6],[8,-5],[5,-11],[4,-7],[3,-9],[3,-11],[4,-8],[5,-6],[5,-8],[6,-7],[4,4],[10,-1],[11,-3],[6,-8],[9,-5],[6,4],[9,5],[5,3],[6,8],[6,9],[5,0],[7,0],[6,4],[7,5],[5,3],[6,1],[6,-3],[4,-2],[9,-7],[6,-1],[10,-5],[8,-3],[5,-2],[4,-4],[6,-1],[1,10],[-4,4],[-6,5],[-6,5],[-2,13],[-1,15],[-3,11],[-6,12],[-4,13],[-5,12],[-4,10],[-3,18],[-5,5],[-5,-1],[-4,6],[-2,12],[-4,16],[-5,9],[-4,12],[-6,8],[-1,9],[-7,5],[-2,8],[-2,8],[-6,9],[-4,8],[-1,9],[-3,12],[-3,11],[-4,5],[-2,10],[-2,7],[-3,11],[-4,7],[-2,7],[5,9],[6,7],[6,11],[2,6],[6,5],[8,2],[10,1],[4,2],[5,5],[4,5],[7,12],[7,8],[4,4],[4,10],[5,5],[5,2],[6,4],[4,2],[8,0],[11,3],[7,8],[7,-1],[5,5],[5,5],[7,4],[6,6],[4,5],[7,2],[5,1],[5,1],[6,4],[4,4],[4,6],[4,5],[7,3],[5,2],[6,-1],[5,-3],[8,10],[7,2],[7,2],[5,10],[6,4],[10,6],[2,7],[5,6],[6,5],[4,7],[2,10],[4,7],[3,9],[5,4],[5,4],[3,5],[3,9],[6,9],[5,4],[5,5],[1,9],[0,15],[-2,8],[3,8],[-1,9],[-5,3],[-1,9],[1,15],[1,9],[4,6],[1,9],[1,9],[0,15],[-3,8],[2,9],[1,9],[-5,4],[-4,7],[0,9],[-1,8],[0,10],[-3,7],[1,17],[5,5],[-1,11],[3,7],[-1,9],[0,9],[3,12],[4,13],[1,10],[1,8],[4,12],[3,18],[3,13],[8,15],[5,11],[5,16],[3,8],[3,10],[2,8],[6,20],[1,10],[0,9],[3,8],[5,17],[-1,9],[3,11],[0,9],[-3,15],[1,9],[0,8],[-1,6],[0,5]],[[8962,4710],[-6,-33],[-15,-65],[-1,-11],[-2,-12],[-3,-8],[-4,-6],[-4,-7],[-2,-8],[-2,-8],[-2,-8],[-3,-9],[-3,-7],[-4,-5],[-5,-1],[-5,-1],[-6,-4],[-9,0],[-6,1],[-5,-3],[-5,-2],[-6,0],[-5,5],[-5,5],[-4,5],[-5,4],[-7,4],[-5,-1],[-7,-3],[-6,-4],[-5,-5],[-5,-6],[-5,-8],[-5,-7],[-5,-6],[-6,-5],[-7,-4],[-7,-4],[-5,-5],[-6,-5],[-6,-5],[-6,-2],[-6,-2],[-5,0],[-5,-1],[-7,-2],[-6,-4],[-5,-6],[-4,-6],[-5,-6],[-7,-5],[-5,-2],[-6,-1],[-6,2],[-7,2],[-6,0],[-8,0],[-8,-5],[-5,-6],[-6,-6],[-3,-6],[-4,-8],[-4,-8],[-3,-7],[-3,-8],[-4,-8],[-5,-7],[-4,-4],[-4,-3],[-5,-4],[-4,-3],[-5,-4],[-4,-3],[-8,-3],[-6,-3],[-6,-1],[-4,0],[-7,3],[-5,2],[-6,1],[-5,0],[-5,1],[-11,0],[-10,-5],[-6,2],[-5,2],[-5,1],[-7,3],[-2,-11],[-4,-10],[-4,-6],[-5,-5],[-5,-5],[-5,-9],[-3,-9],[-4,-8],[-5,-11],[-3,-7],[-2,-8],[-3,-8],[-3,-9],[-2,-9],[-4,-12],[-5,-9],[-3,-7],[-4,-6],[-4,-9],[-4,-11],[-2,-7],[-5,-10],[-4,-6],[-6,-6],[-5,-1],[-5,-1],[-7,-1],[-6,-2],[-7,-1],[-6,-1],[-7,-2],[-5,-2],[-6,-3],[-5,-3],[-5,-4],[-5,-6],[2,-13],[-1,-8],[-3,-7],[-4,-6],[-6,2],[-4,1],[-5,-2],[-5,-3],[-5,-6],[-5,2],[-4,7],[-7,7],[-5,4],[-6,6],[-7,5],[-6,5],[-7,8],[-5,7],[-4,5],[-6,7],[-8,2],[-7,1],[-6,1],[-4,1],[-5,0],[-5,1],[-5,2],[-4,4],[-5,3],[-4,4],[-5,4],[-5,3],[-5,-2],[-4,-2],[-6,2],[-4,5],[-4,8],[-3,7],[-3,7],[-5,6],[-6,3],[-4,-2],[-5,-3],[-4,-4],[-6,2],[-7,5],[-3,7],[-4,5],[-4,2],[-6,2],[-4,3],[-5,5],[-4,6],[-4,4],[-5,5],[-4,5],[-3,5],[-4,5],[-3,6],[-4,4],[-4,5],[-4,6],[-6,4],[-9,3],[-5,1],[-5,-1],[-5,-2],[-5,2],[-6,3],[-6,5],[-6,5],[-4,3],[-4,4],[-6,5],[-4,1],[-6,1],[-5,1],[-5,0],[-5,-5],[-4,-4],[-4,-5],[-5,0],[-6,2]],[[8106,7870],[2,-3],[4,-6],[4,-2],[7,1],[6,2],[6,3],[6,3],[6,2],[6,5],[7,5],[6,6],[5,5],[6,6],[7,5],[7,5],[6,3],[7,2],[7,1],[7,-2],[6,-3],[5,-1],[1,-1],[7,-4],[6,-4],[6,-5],[6,-3],[6,-3],[6,-3],[7,-3],[7,-4],[7,-4],[5,-2],[7,-4],[5,-3],[4,-3],[7,-6],[8,-6],[6,-5],[7,-5],[6,-4],[8,-3],[7,-4],[8,-4],[6,-3],[7,-2],[6,-2],[7,-2],[6,-1],[6,-2],[6,-1],[8,-3],[6,-2],[6,-3],[6,-3],[6,-3],[6,-2],[7,-4],[5,-2],[5,-3],[6,-3],[5,-2],[6,-1],[6,1],[5,0],[8,1],[5,1],[8,3],[5,1],[6,1],[2,0],[4,-1],[5,-1],[5,-4],[6,-5],[5,-7],[3,-12],[3,-9],[4,-9],[3,-7],[5,-10],[4,-8],[5,-9],[4,-7],[4,-7],[4,-4],[3,-4],[5,-5],[4,-3],[3,-4],[3,-5],[5,-4],[2,-1],[9,-7],[9,-3],[9,-6],[9,-5],[8,-9],[8,-11],[1,-23],[-1,-22],[3,-22],[3,-25],[1,-20],[0,-20],[1,-27],[1,-27],[-1,-26],[1,-23],[0,-27],[0,-22],[-3,-29],[-4,-25],[-6,-19],[-8,-15],[-8,-11],[-9,-9],[-11,-10],[-9,-14],[-8,-13],[-7,-15],[-7,-14],[-7,-15],[-7,-14],[-9,-16],[-8,-12],[-17,3],[-14,3],[-2,2],[-15,11],[-20,-5],[-22,-18],[-24,33],[-15,17],[-29,-36],[-22,36],[-22,-8],[-15,-49],[-17,-7],[-19,43],[-25,-19],[5,-53],[31,-96],[13,-61],[15,-37],[22,-16],[15,7],[18,30],[44,13],[48,-59],[12,-19],[27,-45],[4,-42],[2,-69],[0,-33],[3,-36],[25,-40],[1,-44],[-11,-30],[-20,-38],[-2,-93],[-17,-101],[2,-58],[-23,-24],[-5,-37],[-13,-19],[-22,13],[-19,-15],[7,-37],[-20,-21],[-5,-25],[-1,-45],[-68,-119],[-27,-117],[16,-83],[23,-43],[15,-28],[2,-54],[-44,-95],[15,-56],[43,-78],[30,-114],[9,-26],[20,7],[2,4],[1,0],[9,14],[12,-13],[19,-118],[14,-56],[23,-32],[31,-27],[16,-29],[6,-43],[4,-44],[17,-11],[21,20],[2,2],[19,26],[21,22],[16,34],[11,15],[19,2],[30,-44],[31,-26],[6,-51],[4,-58],[18,-20],[40,-1],[25,23],[24,2],[20,-6],[18,-42],[25,-9]],[[8962,4710],[8,-3],[44,29],[62,21],[25,-17],[30,-5],[1,0],[33,41],[28,42],[42,-3],[27,-57],[56,3],[22,-31],[31,18],[41,1],[27,-39],[22,-27],[30,2],[16,3],[32,33],[22,-11],[18,0],[9,17],[21,40],[22,19],[43,28],[23,-13],[3,-72],[-9,-62],[7,-64],[14,-37],[27,-25],[17,-6],[12,-34],[3,-35],[-5,-77],[15,-38],[17,-15],[5,-25],[-14,-61],[-11,-67],[1,-67],[6,-62],[25,-57],[10,-23],[-4,-111],[24,-55],[33,-49],[73,-55],[13,-15],[30,-38],[10,-32],[-2,-42],[-3,-30],[-11,-16],[-15,4],[-1,0],[-24,-29],[-20,24],[-35,-6],[-15,23],[-16,6],[-8,3],[-63,-35],[-27,-30],[1,-30],[29,-32],[8,-30],[27,-25],[12,-17],[1,-34],[7,-32],[4,-65],[-9,-54],[-12,-32],[-16,-41],[-3,-83],[-15,-32],[-21,-13]],[[3392,4897],[2,-9],[3,-9],[2,-10],[1,-10],[-1,-9],[2,-21],[2,-11],[1,-14],[1,-12],[5,-10],[5,-11],[3,-8],[0,-15],[-5,-10],[-8,-7],[-5,0],[-5,2],[-5,-1],[-6,-3],[-4,-3],[-7,-8],[-7,-11],[-5,-6],[-5,-7],[-5,-5],[-6,-5],[-7,0],[-9,2],[-5,0],[-8,-3],[-8,-5],[-5,-4],[-5,-6],[-2,-3],[-2,-4],[-1,-4],[-2,-2],[-2,0],[-4,-4],[-2,-2],[-11,-15],[-8,-7],[-8,-2],[-5,-3],[-4,-1],[-7,2],[-10,6],[-6,6],[-14,11],[-4,-5],[-4,0],[-5,11],[-5,-15],[-4,-10],[-4,-7],[-5,-8],[-4,-5],[-6,0],[-5,2],[-5,3],[-9,4],[-5,0],[-9,-2],[-6,-3],[-9,-12],[-4,-5],[-13,-11],[-15,-5],[-7,-3],[-9,-2],[-11,-3],[-6,0],[-7,-1],[-7,1],[-7,3],[0,-22],[1,-9],[1,-11],[-2,-19],[-2,-13],[-3,-8],[-5,-12],[-3,-14],[-2,-11],[0,-9],[-1,-12],[-3,-16],[-1,-8],[-1,-12],[0,-9],[0,-8],[0,-11],[-1,-16],[-1,-10],[2,-9],[8,-9],[4,-6],[4,-8],[4,-10],[4,-7],[3,-13],[3,-10],[1,-15],[-1,-11],[-3,-8],[-8,-11],[-5,-6],[-4,-5],[-8,-10],[-12,-17],[-6,-7],[-5,-8],[-7,-32],[-6,-11],[-6,-3],[-10,-9],[-7,-8],[-9,-11],[-4,-7],[-6,-6],[-9,-9],[-4,-8],[-5,-7],[-4,-7],[-7,-9],[-5,-10],[-6,-5],[-4,-7],[-8,-9],[-5,-6],[-4,-6],[-5,-10],[6,-16],[3,-9],[4,-8],[5,-8],[3,-8],[8,-11],[4,-8],[7,-8],[6,-4],[5,-4],[7,-6],[6,-3],[4,-6],[1,-11],[-3,-13],[-2,-15],[-3,-13],[-2,-12],[-9,-10],[-2,-10],[2,-14],[2,-10],[1,-11],[1,-10],[2,-10],[2,-18],[0,-11],[1,-8],[0,-11],[-1,-14],[0,-10],[3,-14],[2,-10],[1,-11],[0,-11],[-1,-10],[-1,-17],[-1,-11],[-1,-10],[0,-11],[0,-12],[0,-15],[0,-10],[1,-17],[2,-15],[-1,-11],[1,-11],[0,-10],[-3,-14],[-1,-11],[-1,-11],[-2,-10],[-2,-10],[-6,-14]],[[1377,6432],[2,3],[5,19],[6,17],[6,17],[1,3],[4,18],[5,17],[4,17],[4,17],[6,16],[7,24],[5,19],[5,22],[6,22],[5,18],[5,20],[4,20],[5,20],[8,19],[7,17],[7,16],[8,13],[10,12],[9,9],[10,10],[6,15],[-2,18],[-2,16],[0,1],[-1,19],[1,22],[7,24],[8,13],[2,2],[9,11],[10,11],[9,12],[10,13],[9,15],[9,13],[1,1],[11,7],[10,1],[11,-5],[12,-11],[11,-5],[12,-1],[12,-2],[12,0],[10,2],[10,4],[10,9],[10,10],[9,16],[8,11],[9,13],[9,10],[9,10],[10,6],[11,7],[10,5],[10,7],[9,12],[7,16],[5,16],[6,16],[7,17],[7,15],[6,18],[5,20],[-2,23],[-1,6],[-2,13],[-1,2],[-5,22],[-6,22],[-6,22],[-5,24],[-5,21],[-6,22],[-5,21],[-6,19],[-6,21],[-7,26],[-6,22],[-5,20],[-4,26],[-3,26],[-1,22],[-1,24],[1,22],[0,23],[0,19],[2,20],[3,19],[5,16],[7,15],[6,12],[7,12],[7,10],[8,12],[8,8],[8,7],[11,6],[10,4],[8,1],[10,2],[14,0],[9,0],[3,0],[1,0],[13,-3],[11,-2],[14,-2],[14,-2],[11,-2],[12,-1],[10,1],[12,4],[10,1],[12,-1],[9,0],[3,5]],[[4781,3134],[-2,9],[0,14],[1,11],[4,11],[3,8],[5,8],[8,9],[6,5],[6,6],[5,7],[3,7],[4,5],[3,10],[3,15],[4,5],[10,2],[3,9],[2,8],[1,11],[1,8],[0,2],[0,2],[0,1],[0,2],[1,2],[0,2],[0,1],[0,2],[1,2],[0,2],[0,1],[0,2],[1,2],[0,2],[0,1],[0,2],[0,2],[1,2],[0,1],[0,2],[0,2],[0,2],[0,1],[1,2],[0,2],[0,2],[0,2],[0,1],[0,2],[1,2],[0,2],[0,2],[0,2],[0,1],[0,2],[0,2],[0,2],[1,2],[0,1],[0,2],[0,3],[-1,2],[0,3],[0,2],[-1,2],[-1,1],[0,2],[-1,1],[-1,2],[0,1],[-1,2],[0,3],[0,2],[0,3],[0,1],[0,2],[0,2],[0,2],[0,2],[0,2],[0,1],[1,2],[0,2],[0,2],[0,2],[0,1],[0,2],[0,2],[0,2],[0,2],[1,1],[0,2],[0,2],[0,2],[0,1],[0,2],[0,2],[-9,0],[-5,1],[-5,4],[-5,12],[-3,9],[-4,14],[-4,6],[-5,4],[-4,-3],[-5,-2],[-4,13],[5,14],[4,13],[1,10],[0,13],[-3,9],[-3,8],[-4,11],[-1,12],[0,9],[-2,14],[-3,9],[-2,9],[-3,9],[-3,7],[1,11],[6,15],[3,11],[1,9],[-3,6],[-5,6],[-5,4],[-4,6],[-2,9],[-3,10],[-3,7],[-3,6],[-1,9],[-5,9],[-5,3],[-7,3],[-7,11],[-5,10],[-7,16],[-4,9],[-4,6],[-5,5],[-8,2],[-5,3],[-5,6],[-4,9],[-7,11],[-5,8],[-4,9],[-7,11],[-4,8],[-5,9],[-4,8],[-3,10],[0,19],[-1,23],[1,14],[3,9],[4,7],[4,5],[4,9],[3,9],[-3,12],[-5,4],[-7,4],[-3,8],[-3,14],[-4,9],[-5,6],[-6,9],[-9,21],[-4,10],[-3,15],[-1,10],[-2,10],[-2,9],[-3,7],[-5,9],[-7,11],[-6,8],[-3,7],[-2,9],[-5,16],[-6,12],[-4,10],[-2,8],[-2,10],[-2,11],[-1,11],[1,8],[5,19],[2,9],[2,17],[2,15],[3,16],[2,17],[-2,12],[-3,12],[-1,11],[-1,12],[1,18],[-7,6],[-4,6],[-5,6],[-10,11],[-7,6],[-4,4],[-5,6],[-7,9],[-4,6],[-2,9],[-1,11],[1,8],[2,22],[-3,19],[-2,19],[-4,8],[-8,5],[-5,6],[-1,10],[5,7],[20,27],[5,3],[8,4],[10,2],[6,-3],[5,-1],[5,0],[7,0],[6,3],[5,0],[13,0],[6,-1],[8,0],[6,3],[9,3],[6,5],[5,6],[5,9],[4,10],[4,10],[4,11],[1,10],[4,21],[5,17],[2,10],[5,3],[6,8],[5,7],[3,5],[7,4],[4,3],[7,0],[10,1],[7,1],[12,4],[6,1],[6,0],[4,-2],[7,0],[6,2],[4,7],[3,9],[3,9],[4,3],[10,-7],[7,-3],[5,-6],[4,-8],[5,-11],[3,-10],[9,-8],[4,11],[1,10],[1,9],[4,8],[4,9],[3,7],[4,6],[4,4],[7,7],[4,8],[7,10],[6,6],[6,6],[4,5],[5,10],[1,13],[-2,7],[-3,14],[-4,5],[-5,9],[-3,6],[-4,5],[-5,7],[-12,4],[-9,0],[-5,-2],[-4,-4],[-5,-2],[-7,-3],[-6,1],[-7,9],[-5,10],[-5,3],[-8,0],[-6,6],[1,8],[1,15],[-1,9],[-4,11],[-3,12],[-5,15],[-3,7],[-2,8],[-2,8],[-4,19],[-3,21],[-2,6],[-5,4],[-4,3],[-1,9],[-1,14],[0,11],[-1,9],[-1,9],[-2,7],[-8,1],[-3,8],[-1,8],[-1,12],[-3,9],[-4,6],[-2,8],[-2,12],[-1,16],[0,16],[-2,7],[-4,9],[-3,13],[-2,9],[-3,11],[2,8],[1,11],[-2,9],[-2,8],[-2,8],[-3,20],[-4,25],[-3,7],[-4,4],[-7,4],[-5,5],[-3,7],[-1,11],[1,14],[1,10],[-1,11],[0,15],[3,10],[5,8],[7,7],[14,19],[8,15],[7,17],[8,10],[6,8],[4,7],[1,8],[1,11],[0,11],[1,8],[2,7],[2,8],[0,22],[-4,7],[-4,13],[2,8],[2,9],[2,9],[3,11],[1,8],[1,9],[1,11],[1,11],[1,12],[1,11],[4,9],[7,7],[5,8],[5,10],[4,10],[5,6],[5,2],[7,-1],[5,-4],[6,-6],[4,-8],[4,-6],[7,-5],[6,-1],[6,1],[6,0],[7,1],[6,4],[4,6],[6,2],[8,-5],[9,-1],[6,4],[8,10],[5,3],[6,2],[5,4],[10,10],[4,5],[8,6],[4,-7],[5,-13],[5,-12],[5,-15],[4,-8],[6,-8],[7,-3],[7,-2],[5,0],[5,0],[4,4],[8,16],[5,2],[5,-1],[6,1],[6,7],[7,7],[8,9],[13,13],[7,5],[5,5],[5,3],[8,7],[6,4],[8,3],[8,3],[9,2],[5,1],[8,-1],[6,1],[9,7],[10,9],[8,12],[9,13],[4,5],[7,11],[2,8],[2,12],[3,7],[2,9],[3,25],[3,9],[1,14],[0,9],[1,15],[2,13],[1,10],[1,12],[2,9],[0,12],[0,8],[3,17],[1,8],[2,15],[1,12],[4,11],[2,11],[1,10],[2,10],[2,8],[1,8],[-2,11],[-1,9],[1,8],[2,9],[0,9],[1,9],[2,11],[1,11],[0,11],[3,9],[2,7],[2,11],[0,10],[0,9],[0,12],[1,8],[0,9],[-2,8],[-2,11],[3,9]],[[5079,8218],[5,1],[7,2],[5,1],[8,3],[6,3],[7,6],[7,6],[5,4],[6,3],[8,5],[5,3],[6,3]]],"transform":{"scale":[0.0003369935382209982,0.00016260628748421147],"translate":[88.75101470947277,26.69909095764166]}}
