{"type":"Topology","objects":{"type":"GeometryCollection","geometries":[{"type":"Polygon","properties":{"NAME_1":"Araria","ST_NM":"Bihar","ST_CEN_CD":10,"DT_CEN_CD":7,"CENSUSCODE":209,"iso_a2":"IN_BR_AR"},"arcs":[[0,1,2,3,4]]},{"type":"Polygon","properties":{"NAME_1":"Aurangabad","ST_NM":"Bihar","ST_CEN_CD":10,"DT_CEN_CD":33,"CENSUSCODE":235,"iso_a2":"IN_BR_AU"},"arcs":[[5,6,7,8,9,10]]},{"type":"Polygon","properties":{"NAME_1":"Banka","ST_NM":"Bihar","ST_CEN_CD":10,"DT_CEN_CD":23,"CENSUSCODE":225,"iso_a2":"IN_BR_BA"},"arcs":[[11,12,13,14]]},{"type":"Polygon","properties":{"NAME_1":"Begusarai","ST_NM":"Bihar","ST_CEN_CD":10,"DT_CEN_CD":20,"CENSUSCODE":222,"iso_a2":"IN_BR_BE"},"arcs":[[15,16,17,18,19]]},{"type":"Polygon","properties":{"NAME_1":"Bhagalpur","ST_NM":"Bihar","ST_CEN_CD":10,"DT_CEN_CD":22,"CENSUSCODE":224,"iso_a2":"IN_BR_BG"},"arcs":[[20,21,-15,22,23,24,25]]},{"type":"Polygon","properties":{"NAME_1":"Bhojpur","ST_NM":"Bihar","ST_CEN_CD":10,"DT_CEN_CD":29,"CENSUSCODE":231,"iso_a2":"IN_BR_BJ"},"arcs":[[26,27,28,29,30,31]]},{"type":"Polygon","properties":{"NAME_1":"Buxar","ST_NM":"Bihar","ST_CEN_CD":10,"DT_CEN_CD":30,"CENSUSCODE":232,"iso_a2":"IN_BR_BU"},"arcs":[[-27,32,33,34,35,36]]},{"type":"Polygon","properties":{"NAME_1":"Darbhanga","ST_NM":"Bihar","ST_CEN_CD":10,"DT_CEN_CD":13,"CENSUSCODE":215,"iso_a2":"IN_BR_DA"},"arcs":[[37,38,39,40,41]]},{"type":"MultiPolygon","properties":{"NAME_1":"Gaya","ST_NM":"Bihar","ST_CEN_CD":10,"DT_CEN_CD":34,"CENSUSCODE":236,"iso_a2":"IN_BR_GA"},"arcs":[[[42,43,44,45,-11,46,47,48,49,50]],[[51]]]},{"type":"Polygon","properties":{"NAME_1":"Gopalganj","ST_NM":"Bihar","ST_CEN_CD":10,"DT_CEN_CD":15,"CENSUSCODE":217,"iso_a2":"IN_BR_GO"},"arcs":[[52,53,54,55,56,57]]},{"type":"Polygon","properties":{"NAME_1":"Jamui","ST_NM":"Bihar","ST_CEN_CD":10,"DT_CEN_CD":36,"CENSUSCODE":238,"iso_a2":"IN_BR_JA"},"arcs":[[-13,58,59,60,61,62]]},{"type":"Polygon","properties":{"NAME_1":"Kaimur (bhabua)","ST_NM":"Bihar","ST_CEN_CD":10,"DT_CEN_CD":31,"CENSUSCODE":233,"iso_a2":"IN_BR_KM"},"arcs":[[-36,63,-34,64,65]]},{"type":"Polygon","properties":{"NAME_1":"Katihar","ST_NM":"Bihar","ST_CEN_CD":10,"DT_CEN_CD":10,"CENSUSCODE":212,"iso_a2":"IN_BR_KT"},"arcs":[[-21,66,67]]},{"type":"Polygon","properties":{"NAME_1":"Khagaria","ST_NM":"Bihar","ST_CEN_CD":10,"DT_CEN_CD":21,"CENSUSCODE":223,"iso_a2":"IN_BR_KH"},"arcs":[[68,-24,69,-16,70,71]]},{"type":"Polygon","properties":{"NAME_1":"Kishanganj","ST_NM":"Bihar","ST_CEN_CD":10,"DT_CEN_CD":8,"CENSUSCODE":210,"iso_a2":"IN_BR_KI"},"arcs":[[72,-1,73]]},{"type":"Polygon","properties":{"NAME_1":"Lakhisarai","ST_NM":"Bihar","ST_CEN_CD":10,"DT_CEN_CD":25,"CENSUSCODE":227,"iso_a2":"IN_BR_LA"},"arcs":[[-18,74,-62,75,76,77]]},{"type":"Polygon","properties":{"NAME_1":"Madhepura","ST_NM":"Bihar","ST_CEN_CD":10,"DT_CEN_CD":11,"CENSUSCODE":213,"iso_a2":"IN_BR_MP"},"arcs":[[-3,78,-25,-69,79,80]]},{"type":"Polygon","properties":{"NAME_1":"Madhubani","ST_NM":"Bihar","ST_CEN_CD":10,"DT_CEN_CD":5,"CENSUSCODE":207,"iso_a2":"IN_BR_MB"},"arcs":[[81,82,-38,83,84]]},{"type":"Polygon","properties":{"NAME_1":"Munger","ST_NM":"Bihar","ST_CEN_CD":10,"DT_CEN_CD":24,"CENSUSCODE":226,"iso_a2":"IN_BR_MG"},"arcs":[[-23,-14,-63,-75,-17,-70]]},{"type":"Polygon","properties":{"NAME_1":"Muzaffarpur","ST_NM":"Bihar","ST_CEN_CD":10,"DT_CEN_CD":14,"CENSUSCODE":216,"iso_a2":"IN_BR_MZ"},"arcs":[[-41,85,86,87,-54,88,89]]},{"type":"Polygon","properties":{"NAME_1":"Nalanda","ST_NM":"Bihar","ST_CEN_CD":10,"DT_CEN_CD":27,"CENSUSCODE":229,"iso_a2":"IN_BR_NL"},"arcs":[[-77,90,91,-44,92,93,94]]},{"type":"Polygon","properties":{"NAME_1":"Nawada","ST_NM":"Bihar","ST_CEN_CD":10,"DT_CEN_CD":35,"CENSUSCODE":237,"iso_a2":"IN_BR_NW"},"arcs":[[-60,95,-45,-92,96]]},{"type":"Polygon","properties":{"NAME_1":"Pashchim Champaran","ST_NM":"Bihar","ST_CEN_CD":10,"DT_CEN_CD":1,"CENSUSCODE":203,"iso_a2":"IN_BR_WC"},"arcs":[[97,-58,98]]},{"type":"MultiPolygon","properties":{"NAME_1":"Patna","ST_NM":"Bihar","ST_CEN_CD":10,"DT_CEN_CD":28,"CENSUSCODE":230,"iso_a2":"IN_BR_PA"},"arcs":[[[99,100,-19,-78,-95,101,102,103,-30,104]],[[105]]]},{"type":"Polygon","properties":{"NAME_1":"Purba Champaran","ST_NM":"Bihar","ST_CEN_CD":10,"DT_CEN_CD":2,"CENSUSCODE":204,"iso_a2":"IN_BR_EC"},"arcs":[[106,107,108,-89,-53,-98,109]]},{"type":"Polygon","properties":{"NAME_1":"Purnia","ST_NM":"Bihar","ST_CEN_CD":10,"DT_CEN_CD":9,"CENSUSCODE":211,"iso_a2":"IN_BR_PU"},"arcs":[[110,-67,-26,-79,-2,-73]]},{"type":"Polygon","properties":{"NAME_1":"Rohtas","ST_NM":"Bihar","ST_CEN_CD":10,"DT_CEN_CD":32,"CENSUSCODE":234,"iso_a2":"IN_BR_RO"},"arcs":[[-65,-33,-32,111,-7,112]]},{"type":"Polygon","properties":{"NAME_1":"Saharsa","ST_NM":"Bihar","ST_CEN_CD":10,"DT_CEN_CD":12,"CENSUSCODE":214,"iso_a2":"IN_BR_SH"},"arcs":[[-80,-72,113,-39,-83,114]]},{"type":"Polygon","properties":{"NAME_1":"Samastipur","ST_NM":"Bihar","ST_CEN_CD":10,"DT_CEN_CD":19,"CENSUSCODE":221,"iso_a2":"IN_BR_SM"},"arcs":[[-114,-71,-20,-101,115,-86,-40]]},{"type":"Polygon","properties":{"NAME_1":"Saran (chhapra)","ST_NM":"Bihar","ST_CEN_CD":10,"DT_CEN_CD":17,"CENSUSCODE":219,"iso_a2":"IN_BR_SR"},"arcs":[[-88,116,-105,-29,117,118,-55]]},{"type":"Polygon","properties":{"NAME_1":"Sheikhpura","ST_NM":"Bihar","ST_CEN_CD":10,"DT_CEN_CD":26,"CENSUSCODE":228,"iso_a2":"IN_BR_SP"},"arcs":[[-76,-61,-97,-91]]},{"type":"Polygon","properties":{"NAME_1":"Sheohar","ST_NM":"Bihar","ST_CEN_CD":10,"DT_CEN_CD":3,"CENSUSCODE":205,"iso_a2":"IN_BR_SO"},"arcs":[[-108,119]]},{"type":"Polygon","properties":{"NAME_1":"Sitamarhi","ST_NM":"Bihar","ST_CEN_CD":10,"DT_CEN_CD":4,"CENSUSCODE":206,"iso_a2":"IN_BR_ST"},"arcs":[[-84,-42,-90,-109,-120,-107,120]]},{"type":"Polygon","properties":{"NAME_1":"Siwan","ST_NM":"Bihar","ST_CEN_CD":10,"DT_CEN_CD":16,"CENSUSCODE":218,"iso_a2":"IN_BR_SW"},"arcs":[[-119,121,-56]]},{"type":"Polygon","properties":{"NAME_1":"Supaul","ST_NM":"Bihar","ST_CEN_CD":10,"DT_CEN_CD":6,"CENSUSCODE":208,"iso_a2":"IN_BR_SU"},"arcs":[[-81,-115,-82,122,-4]]},{"type":"Polygon","properties":{"NAME_1":"Vaishali","ST_NM":"Bihar","ST_CEN_CD":10,"DT_CEN_CD":18,"CENSUSCODE":220,"iso_a2":"IN_BR_VA"},"arcs":[[-116,-100,-117,-87],[-106]]},{"type":"Polygon","properties":{"NAME_1":"Arwal","ST_NM":"Bihar","ST_CEN_CD":10,"DT_CEN_CD":38,"CENSUSCODE":240,"iso_a2":"IN_BR_AR"},"arcs":[[123,-49,124,-8,-112,-31,-104,125,126]]},{"type":"Polygon","properties":{"NAME_1":"Jehanabad","ST_NM":"Bihar","ST_CEN_CD":10,"DT_CEN_CD":37,"CENSUSCODE":239,"iso_a2":"IN_BR_JE"},"arcs":[[-94,127,-51,128,-127,129,-102]]}]},"arcs":[[[8692,6536],[2,-8],[3,-10],[-2,-8],[-2,-2],[-3,-4],[-6,-2],[-13,10],[-6,1],[-6,-6],[-2,-10],[11,-16],[-13,-31],[-11,-5],[-7,-6],[1,-27],[-7,-6],[-20,9],[-4,-8],[10,-31],[16,-17],[0,-16],[6,-7],[0,-14],[16,1],[8,-19],[11,-11],[14,-6],[22,-19],[5,-41],[-10,-3],[-4,-8],[0,-9],[5,-8],[2,-18],[23,-14],[0,-15],[-16,-11],[2,-9],[9,0],[2,-17],[4,-12],[1,-13],[-3,-11],[4,-13],[21,-22],[7,-26],[5,-6],[0,-17],[6,-2],[3,-9],[1,-12],[5,-13],[4,-11],[2,-12],[-3,-14],[-10,-7],[-7,4],[-6,-13],[-1,-14],[4,-15],[21,-13],[4,-9],[1,-9],[-2,-8],[-11,1],[-14,-2],[1,-26],[6,-3],[-5,-17],[-1,-37],[-7,1],[4,-30],[-5,-7],[2,-25],[-8,-22]],[[8751,5671],[-4,-10],[8,-10],[6,-11],[-12,-16],[-8,-1],[1,-14],[-3,-24],[-9,-2],[-18,7],[-6,7],[-6,5],[-6,0],[-1,-10],[-12,1],[-8,-2],[-11,1],[-8,-3],[-1,-9],[18,-16],[-1,-5],[-13,2],[-1,-8],[-5,-1],[1,-16],[-11,-3],[-4,-14],[-3,-4],[-6,-2],[-1,-7],[5,-5],[0,-13],[17,-16],[2,-12],[-8,-34],[3,-8],[0,-7],[-6,-7],[-8,-2],[-7,-7],[-26,3],[-3,-14],[-12,-8],[-22,-8],[-13,-7],[-32,-28],[-3,-24],[2,-22],[-20,-12],[-22,-1],[-5,-2],[-3,-10],[-7,7],[-2,5],[-5,4],[-3,-4],[2,-8],[-5,-7],[-23,2],[6,-11],[0,-9],[-5,4],[-24,46],[-11,-9],[-4,5],[-1,-9],[-12,-29],[-9,2],[-7,5],[-10,10],[-6,12],[-12,10],[-10,3],[-22,-16],[-2,0],[-6,0],[-34,18],[-10,9],[-11,-9],[-9,3],[-1,-4],[-6,8],[-1,-13],[-16,1],[-3,-4],[3,-7],[6,-2],[1,-2],[-5,-16],[-4,-5],[-6,-23],[0,-16],[-6,-4],[-17,9],[-4,-4],[1,-7],[4,-8],[10,-5],[-3,-3],[-7,0],[1,5],[-7,6],[-2,12],[-9,1],[-2,13],[-8,5],[-6,10],[-28,14],[-6,8],[-7,6],[-4,-4],[-1,-7],[-5,-2],[-31,9],[-32,-6],[-12,6],[-8,-33],[-7,-9],[-6,-6],[-6,-6],[-12,-6],[-9,-1],[-9,14],[1,42],[-5,11],[-7,-2],[-15,10],[-18,-35],[-13,-16],[-14,-9],[-7,1],[0,-9],[-18,-5],[0,-13],[-6,-14],[-1,-13],[1,-10],[-13,-3],[-2,14],[-2,14],[-4,9],[-6,6],[-6,3],[-27,-6],[-5,-14],[-3,-3],[-13,-3],[-8,3],[-3,-14],[-13,-4],[-2,-7],[-26,0],[-6,10],[-27,15],[-7,1],[-3,-7],[-5,-2],[-4,14],[-8,6],[-6,2],[-9,-7],[-3,-8],[-3,15],[-6,4],[-6,10],[-5,-12],[-10,28],[-4,7],[-10,6],[-24,-8],[-16,-13],[-4,-5]],[[7553,5209],[-1,10],[0,8],[4,11],[-5,8],[-16,8],[-3,-1],[-13,18],[-7,3],[-3,14],[4,6],[0,8],[11,11],[5,-9],[5,0],[3,6],[0,17],[19,41],[9,26],[-5,11],[-1,20],[8,19],[8,5],[7,2],[32,-10],[3,7],[-6,7],[4,11],[8,3],[0,9],[-8,3],[-5,9],[-34,10]],[[7576,5500],[0,16],[-6,7],[-9,15],[7,13],[15,6],[20,17],[7,11],[3,20],[-1,21],[-19,-5],[-16,4],[-22,7],[-34,17],[-11,16],[9,17],[11,3],[9,12],[19,7],[0,8],[-5,20],[2,14],[28,1],[7,10],[5,15],[0,36],[-8,12],[-1,9],[7,8],[11,20],[9,25],[1,16],[-3,14],[-9,-2],[-20,2],[-17,-6],[-7,-1],[-3,4],[3,8],[8,7],[-1,9],[2,9],[13,12],[-4,10],[1,4],[0,1],[-2,8],[-9,11],[-4,10],[-10,10],[-9,5],[-3,10],[10,18],[-4,12],[-8,10],[-7,4],[-2,12],[-6,5],[-4,21],[-2,26],[1,17],[-5,16],[7,24],[2,22],[0,16],[7,6],[-1,7],[-26,7],[-16,9],[-3,12],[-2,24],[-14,21],[10,6],[4,6],[2,23],[-1,14],[10,-2],[8,7],[8,0],[10,-2],[6,-8],[6,12],[-2,26],[-5,24],[0,12],[-8,4],[-1,14],[7,8],[15,6],[-1,14],[5,10],[-4,24],[-20,35],[-8,6],[-3,17],[-1,10],[-2,12],[8,-3],[2,-8],[6,-11],[1,-4],[6,-2],[10,5],[6,13],[-3,10],[-8,10],[-5,18],[0,17],[-5,8],[-12,3],[-6,10],[5,25],[20,-1],[-4,17],[-5,9],[-1,15],[-5,9],[12,7],[0,9],[-6,10],[-8,3],[-7,6],[-4,22],[-8,13],[4,6],[-3,5],[-1,0],[1,6],[15,4],[-1,9],[-6,9],[-8,8],[-7,11],[-3,18],[2,15],[18,10],[0,28],[-6,11],[-1,8],[1,15],[4,12],[13,6],[-1,16],[-3,16],[-6,16],[-25,3],[-3,13],[-6,7],[-4,1]],[[7465,7053],[6,11],[11,25],[-1,43],[54,-2],[4,-28],[-2,-54],[3,-56],[7,-14],[7,-48],[3,-21],[0,-28],[11,-105],[7,-58],[45,-56],[31,-35],[17,-16],[13,-11],[14,-15],[11,-9],[12,-5],[12,-1],[17,1],[26,1],[-5,18],[-2,11],[51,-3],[-2,-6],[3,-9],[10,-12],[8,5],[7,10],[10,14],[5,0],[14,3],[12,0],[5,-4],[7,-2],[10,-2],[10,-5],[7,-7],[3,-18],[1,-15],[-3,-28],[1,-11],[0,-34],[11,1],[11,0],[19,0],[7,1],[25,-24],[22,17],[9,-25],[16,-12],[7,-5],[23,-31],[18,18],[16,20],[-7,37],[2,40],[11,23],[8,30],[10,14],[17,2],[21,32],[20,4],[25,5],[35,-2],[10,12],[21,24],[15,7],[14,8],[9,7],[20,0],[11,0],[31,-9],[48,-20],[38,-27],[26,-9],[11,-41],[42,-29],[22,-6],[7,-35],[38,-4],[10,30],[10,3],[20,5],[33,-2],[5,0]],[[2020,694],[8,22],[2,18],[-10,32],[-5,28],[-12,14],[-2,21],[-5,18],[-15,23],[-9,49],[-9,9],[-26,-8],[-22,2],[5,-31],[17,-6],[-4,-14],[-19,-2],[1,-17],[-9,-2],[-4,-11],[-9,2],[-2,-21],[-18,2],[3,13],[-3,9],[-15,14],[-13,1],[1,29],[-29,-8],[-6,-47],[-17,6],[-6,25],[-11,13],[-1,23],[-24,-5],[-2,-19],[-11,-6],[-18,0],[0,-16],[19,-56],[8,-4],[-8,-12],[0,-9],[-6,-16],[-16,-2],[-20,9],[-15,15],[4,6],[0,15],[17,29],[-7,13],[-23,7],[-7,0],[-19,-34],[1,-34],[6,-41],[-7,-7],[-15,-6],[-8,-7],[-5,-36],[-26,-16],[-17,20],[-8,24],[-16,26],[-5,32],[6,59],[-2,7],[-9,8],[-12,19],[-2,23],[-7,16],[2,21],[-4,15],[-10,5],[-5,12],[-11,6],[6,21],[-3,17],[-6,-3],[-11,-1],[-3,10],[4,10],[-11,36],[-6,2],[4,16],[-17,22],[-10,-1],[-3,8],[-6,3],[-4,15],[-5,4],[-10,-6],[-8,2],[-2,12],[-25,12],[-20,8]],[[1358,1148],[76,173],[51,118],[53,118],[32,54],[56,76],[33,56],[44,58],[144,253],[30,37],[104,177],[10,43],[14,20],[47,47],[30,20],[21,9],[9,9],[21,14],[62,52],[19,21],[19,63],[10,45],[16,45]],[[2259,2656],[26,-18],[30,-23],[-21,-25],[-4,-16],[8,-7],[7,-12],[14,-16],[7,18],[30,4],[21,20],[9,5],[4,6],[27,0],[37,-5],[18,22],[9,2],[4,9],[16,-2],[4,8],[8,-7],[2,-26],[16,-13],[24,-4],[4,6],[3,-2],[-6,-59],[-15,-2],[-3,-27],[12,-5],[4,12],[20,7],[-1,27],[6,8],[1,17],[20,-3],[-3,25],[15,8],[11,-5],[4,-37],[-2,-22],[4,-9],[19,20],[6,19],[14,13],[11,19],[23,-11],[22,-18],[14,21],[14,-17],[12,-5],[8,-12],[23,-16],[1,-15],[9,-8],[7,6],[7,-5],[3,-7],[10,-1],[-1,-12],[14,-6],[2,-12],[-3,-31]],[[2844,2437],[-1,-13]],[[2843,2424],[-7,-23]],[[2836,2401],[-30,-1],[-30,3],[-1,-11],[-1,-15],[10,-16],[28,-23],[2,-23],[6,-12],[18,-1],[6,4],[5,6],[25,-7],[1,-32],[-16,-12],[-3,-14],[1,-26],[-20,-2],[-10,-18],[-1,-23],[17,-19],[-2,-23],[-23,-1],[-4,-5],[-25,0],[-1,-13],[8,-10],[-3,-25],[10,-22],[-4,-46],[-14,-3],[-3,-25],[-3,-4],[-3,-15],[-14,-3],[-18,5],[-4,-10],[-10,4],[-2,-11],[1,-16],[-7,-8],[-9,-1],[-3,8],[-15,-11],[-6,-13],[14,-5],[4,-6],[1,-19],[-12,-13],[-10,21],[-29,12],[-11,-15],[5,-8],[-2,-25],[13,-12],[8,-22],[28,-15],[12,-3],[6,-27],[-1,-23],[18,-7],[11,10],[10,-8],[7,-16],[-1,-29],[11,-16],[1,-33],[60,-19],[4,-16],[-18,-4],[-1,-17],[10,-6],[1,-10],[6,-4],[-1,-30],[-34,-3],[5,-26],[15,-15],[1,-70],[-9,-89],[-12,0],[-15,-10],[-13,3],[-9,-24],[1,-30],[-18,-8],[-54,14],[2,-10],[-15,3],[-7,-16],[-14,8],[-6,-18],[4,-25],[-12,1],[-5,-34],[-14,-4],[-21,14],[-15,12],[-2,-17],[-14,5],[-7,-40],[-1,-39],[1,-14],[8,-5],[-20,-27],[6,-24],[-6,-11],[6,-22],[-12,-10],[-2,-13],[-35,-36],[-16,-26],[6,-9],[20,1],[7,-9],[-11,-16],[-13,-5],[4,-17],[-6,-20],[-11,-10],[-13,-18],[-13,-12],[-7,-14],[-52,-4],[-24,-19],[-38,-18],[-32,57],[-11,15],[-37,-17],[-4,23],[-4,53],[-15,50],[-16,-2],[-14,-61],[-12,18],[-21,20],[6,18],[-11,4],[-8,-13],[-11,-2],[-4,-20],[4,-11],[-4,-15],[1,-21],[-17,-8],[5,-37],[-29,-10],[5,-34],[-10,-19],[-44,-32],[-4,-10],[-36,-22]],[[7740,2413],[-7,-9],[0,-9],[-13,-37],[-12,-13],[-7,-1],[-5,-6],[-5,-20],[0,-22],[1,-13],[3,-9],[1,-11],[14,-27],[-1,-24],[-2,-27],[0,-18],[1,-17],[-4,-22],[-4,-20],[0,-22],[7,-17],[6,-15],[-1,-16],[-4,-8],[-6,-8],[-4,-11],[-2,-15],[2,-14],[2,-10],[3,-6],[8,-9],[6,-12],[2,-20],[0,-12],[-3,-15],[-4,-13],[-10,-13],[-4,-14],[-1,-16],[9,2],[-1,-15],[-13,3],[-12,0],[-12,1],[-6,-7],[-5,-9],[-8,-4],[-8,3],[-10,4],[-10,-14],[-7,-11],[-3,-8],[-4,-16],[-5,-14],[-5,-15],[-5,-12],[-8,-8],[-6,-1],[-8,0],[-7,4],[-4,-7],[-2,-12],[0,-12],[-1,-8],[1,-10],[6,3],[2,-6],[4,-3],[6,-2],[5,-5],[3,-5],[7,6],[5,-2],[0,-7],[-2,-12],[-5,-16],[-4,-13],[-6,-9],[-5,-9],[-5,-10],[-1,-19],[0,-15],[2,-11],[3,-9],[3,-10],[-3,-7],[-4,-7],[-4,-6],[0,-3],[1,-7],[-4,-6],[-6,-3],[-4,-2],[-2,-5],[1,-8],[5,-2],[-2,-5],[0,-6],[3,-2],[3,1],[4,3],[1,-3],[0,-10],[1,-11],[2,-7],[-1,-7],[-4,-8],[-5,-10],[-2,-13],[-6,-6],[-2,-5],[-3,-11],[0,-13],[-1,-13],[0,-13],[-3,-10],[-4,-9],[-7,-10],[-5,-11],[-2,-13],[-3,-16],[-8,-5],[1,-17],[-1,-13],[-5,-16],[-3,-19],[-1,-18],[-3,-20],[-6,-18],[-3,-21],[3,-12],[2,-9],[0,-10],[3,-12],[4,-10],[-11,-4],[-4,10],[-4,7],[-4,4],[-4,3],[-2,-5],[-2,-5],[-5,-1],[-5,-1],[-5,-1],[-2,6],[0,15],[0,12],[-4,4],[-6,-5],[-10,-6],[-2,-13],[-5,-13],[-6,-9],[-35,40],[-5,4],[0,-2],[-4,1],[-5,4],[-11,10],[-18,17],[-11,5],[-15,-8],[-9,-5],[-17,-4],[-1,14],[6,15],[2,21],[-20,1],[-17,-1],[6,-22],[6,-16],[-4,-12],[-10,0],[-11,-7],[-10,-15],[0,-18],[-2,-8],[-16,-30],[-2,-12],[-9,-6],[-6,-11],[-7,-15],[0,-19],[5,-13],[5,-14],[-4,-15],[11,-10],[0,-11],[0,-14],[0,-19],[1,-18],[8,-14],[-10,7],[-10,11],[-5,16],[-11,15],[-13,-2],[-5,1],[0,18],[-10,9],[-5,13],[-7,-8],[-7,-11],[-16,-3],[-8,-11],[-6,-19],[-15,8],[-17,3],[0,14],[0,13],[-3,16],[-12,0],[-11,-7],[-9,8],[-6,3],[-10,-4],[-9,-13],[-8,1],[-9,1],[0,4],[0,9],[2,10],[4,7],[8,8],[-2,13],[-3,13],[-1,16],[3,12],[-8,9],[-3,3],[-3,8],[-2,7],[-1,7],[-2,9],[-4,11],[-5,10],[-13,5],[1,-12],[3,-7],[6,-7],[4,-10],[4,-14],[0,-12],[-15,8],[-1,16],[-5,17],[-6,14],[-8,15],[-4,-1],[1,-12],[-13,3],[-30,-5],[-6,10],[-13,-47],[2,-41],[-12,-9],[-9,-17],[-7,-16],[-26,8],[-18,-15],[-29,-14],[-18,5],[-10,-17],[-8,4],[-18,-17],[-25,8],[-21,12],[-9,27],[-14,2],[-14,9],[-18,15],[1,31],[-24,-1],[2,15],[3,8],[1,2],[-1,15]],[[6616,1059],[-8,-1],[0,40],[10,23],[3,33],[-13,13],[-5,8],[16,26],[-7,10],[0,18],[-14,6],[-11,18],[-11,5],[-10,6],[-9,-3],[-7,28],[-14,22],[-23,6],[-25,65],[12,39],[-2,24],[1,23],[-6,15],[-2,7],[-9,6],[4,27],[-5,18],[0,9],[-4,12],[-43,-8],[-26,-9],[-12,-8],[-15,-5],[-1,-11],[-5,0],[1,26],[10,30],[3,19],[26,7],[12,5],[12,3],[-1,33],[-6,29],[17,41],[0,33],[-3,4],[10,76],[0,15],[-21,51],[-2,15],[-18,22],[-16,25],[-39,23],[-1,30],[25,12],[-8,17],[5,6],[-8,24],[-5,6],[9,33],[-7,69],[17,18],[4,5]],[[6391,2198],[1,2],[4,16],[30,1],[21,-5],[8,-18],[7,-23],[10,-8],[7,-9],[2,-11],[-4,-9],[-7,-15],[6,-8],[8,7],[10,9],[14,4],[11,5],[11,-4],[8,-15],[6,-19],[13,-3],[12,6],[19,4],[-4,31],[5,19],[7,22],[9,-2],[9,0],[6,5],[4,-4],[2,-17],[10,-13],[19,33],[11,2],[6,4],[2,8],[-2,13],[1,13],[4,13],[9,18],[10,18],[-9,27],[9,7],[7,8],[5,1],[13,-18],[1,5],[-18,37],[-13,45],[1,17],[3,11],[7,10],[-5,15],[0,5],[7,18],[-4,12],[5,3],[7,1],[3,5],[4,11],[2,16],[7,23],[11,21],[16,-8],[16,29],[8,24],[-9,5],[2,9]],[[6772,2607],[13,1],[34,6],[7,1],[4,0],[8,-4],[5,-6],[5,-3],[4,5],[3,18],[4,9],[8,7],[17,-4],[5,-7],[3,-10],[0,-13],[2,-8],[4,-6],[7,0],[15,8],[7,1],[6,-9],[5,-11],[-2,-13],[4,-6],[4,3],[13,29],[5,7],[6,2],[6,-7],[5,-13],[5,-1],[17,20],[6,6],[11,-1],[3,-10],[0,-5],[5,-7],[8,-2],[31,12],[17,8],[18,2],[27,-7],[22,-12],[12,-4],[17,-2],[30,1],[24,-2],[16,4],[40,6],[18,-1],[9,-2],[11,-7],[15,-4],[36,0],[19,7],[16,1],[15,2],[16,3],[10,-1],[75,-9],[18,-4],[21,-11],[21,-13],[11,-2],[27,3],[13,-3],[15,-14],[10,-11],[11,-13],[13,-24],[24,-32],[24,-36],[4,-6]],[[5968,4225],[5,-6],[2,-10],[-1,-10],[-18,-37],[6,-22],[-2,-11],[-5,-7],[-10,-7],[-1,-21],[14,-41],[8,2],[0,-9],[17,-20],[-1,-4],[-27,17],[1,-15],[-6,-65],[0,-23],[2,-8],[14,8],[3,-7],[-1,-13],[1,-6],[10,3],[1,-7],[-6,-19],[0,-9],[17,-1],[6,-5],[7,-2],[15,3],[5,-3],[8,-19],[1,-15],[3,-9],[3,5],[0,9],[3,9],[4,4],[4,-2],[2,-5],[2,-9],[-2,-25],[-2,-5],[3,-16],[-13,-13],[5,-11],[14,-10],[8,0],[3,6],[-2,25],[2,5],[42,5],[4,-3],[-4,-11],[-17,-21],[-5,-14],[-8,1],[-1,-5],[6,-2],[-4,-11],[2,-7],[11,-9],[17,25],[2,9],[-1,15],[10,9],[8,-5],[4,-12],[-15,-12],[-1,-13],[4,-5],[2,0],[22,13],[3,-1],[1,-4],[4,2],[1,7],[-4,22],[12,10],[21,36],[12,1],[5,-2],[11,-24],[9,-1],[7,3],[0,2],[5,4],[4,-20],[-9,-5],[-1,-43],[11,4],[9,-5],[7,-11],[2,-14],[14,1],[3,-20],[5,-20],[5,-13],[27,-32],[24,-16],[35,-30],[6,-2],[11,-6],[3,2],[4,-3],[3,10],[5,3]],[[6403,3576],[2,-14],[0,-26],[11,-2],[-9,-16],[-12,11],[-47,2],[-10,-45],[-28,-26],[-11,7],[7,10],[-7,9],[-7,-3],[-32,11],[-12,-18],[-32,-3],[0,-7],[-19,-19],[-3,5],[-4,0],[-1,-8],[3,-19],[-3,-9],[3,-10],[-27,-29],[-5,14],[1,13],[-1,11],[3,11],[-1,4],[-49,-63],[10,-10],[-7,-3],[-21,-17],[-35,-19],[2,-9],[-6,2],[-8,-4],[-15,-10],[-6,6],[-15,-15],[15,-35],[-13,-14],[-4,-5],[-31,-60]],[[5979,3174],[-44,-23],[-21,-15],[8,-17],[-16,-9],[-25,-17],[-7,-9],[-11,-10],[-15,-22],[-31,-14],[-24,-9],[-13,-1],[-7,5],[6,19],[-13,2],[-8,4],[-36,38],[2,-26],[-2,-14],[-13,15],[-17,2],[-5,-17],[-2,8],[1,17],[-18,7],[-10,-2],[-17,2],[-2,9],[4,3],[4,-2],[1,6],[-13,38],[-26,36],[-7,6],[-11,25],[-6,9],[-10,-20],[-22,6],[-15,9],[4,14],[-15,7],[-8,9],[-4,9],[-7,35]],[[5508,3287],[5,3],[1,4],[0,56],[-8,5],[-10,30],[-7,27],[-6,49],[-25,-8],[-3,-24],[-1,-17],[-3,-2],[1,-25],[-3,-18],[-13,-4],[-9,1],[-4,-3],[-6,0],[-14,26],[8,6],[-7,14],[-27,33],[-16,17],[-48,45],[-19,12],[-4,10],[0,12],[-8,-1],[-5,-15],[-25,5],[-9,8],[-25,15],[-9,9],[-8,11],[-7,18],[-5,3],[-4,-5],[-8,-22],[-3,-2],[-11,12],[-7,-7],[1,-6],[-4,1],[-30,56],[9,41],[-2,22],[0,21],[9,21],[16,-23],[12,-22],[7,3],[3,-3],[10,3],[-4,19],[-16,19],[-8,37],[-9,48],[-24,15],[-23,8],[-49,27],[-6,7],[-4,27],[-32,30],[-16,17],[-9,7],[-53,8],[-15,-10],[-30,-7],[-19,-17],[-22,-36]],[[4848,3878],[4,36],[3,7],[10,3],[2,21],[1,31],[3,7],[14,7],[9,12],[9,6],[10,14],[7,13],[0,17],[2,10],[5,4],[54,-19],[14,-9],[10,-2],[12,2],[47,-8],[6,31],[6,11],[-2,11],[-1,34],[-6,11],[-29,21],[-5,8],[4,15],[14,12],[3,19],[4,14],[4,6],[-4,10],[5,8],[17,1],[8,-11],[3,2],[3,10],[8,-3],[15,10],[0,40],[4,1],[0,13],[10,2],[8,-4],[2,-20],[-2,-20],[2,-14],[-10,-33],[7,2],[8,12],[4,12],[5,7],[0,12],[5,8],[9,-3],[3,-13],[8,-10],[12,-10],[13,-1],[10,16],[9,-2],[23,8],[3,14],[10,-6],[11,3],[5,-15],[5,-10],[11,-5],[9,-16],[5,-14],[13,-16],[0,-24],[11,-13],[4,0],[28,-32],[17,-18],[29,-27],[11,2],[13,37],[-3,15],[0,31],[-5,44],[3,6],[7,5],[4,8],[1,11],[-2,13],[-22,6],[1,6],[23,33],[-10,12],[-8,-2],[-6,-6],[-5,-10],[-6,5],[-1,2],[2,15],[-1,21],[4,15],[5,9],[10,-2],[19,17],[3,10],[1,12],[-6,20],[-9,10],[-15,8],[-5,9],[-3,9],[3,14],[-1,10],[5,13],[8,5],[6,-8],[10,-19],[8,4],[3,7],[-5,33],[7,-3],[5,-8],[4,-16],[10,-5],[0,10],[6,21],[9,11],[8,-12],[6,-5],[3,-12],[8,0],[14,9],[19,-5],[8,4],[4,8],[6,8],[0,6],[-23,8],[-2,16],[5,6],[11,-5],[10,1],[10,4],[13,-1],[5,3],[20,-23],[4,-3],[5,1],[2,3],[-1,5],[2,4],[13,-18],[18,4],[8,21],[-1,9],[7,15],[-6,13],[-7,-5],[-8,-1],[-2,-5],[-28,19],[-12,-2],[-7,4],[-7,47],[6,5],[10,4],[38,-13],[4,-9],[6,-5],[7,-1],[-16,-17],[2,-8],[5,8],[8,2],[6,9],[8,2],[9,-2],[1,-6],[-3,-7],[9,-4],[1,-20],[-2,-8],[-7,-9],[3,-4],[0,-11],[3,-7],[8,0],[5,-20],[-1,-14],[-15,-2],[-7,-5],[-2,-26],[1,-24],[4,-3],[16,12],[18,3],[2,15],[13,-4],[3,-9],[11,-11],[1,-23],[5,-23],[-1,-25],[7,-33],[5,-32],[7,-15],[16,-10],[13,-5],[41,-7],[13,-4],[11,-1],[12,-4],[8,-9],[6,-10],[13,3],[0,-24],[2,-14],[18,4],[21,-13],[1,-9],[17,21],[8,8],[-1,4]],[[7855,3647],[-2,-24],[-13,-29],[-5,-9],[-11,-7],[-13,-4],[-10,-39],[29,-17],[4,-5],[3,-11],[1,-12],[-7,-10],[1,-11],[3,-10],[15,-15],[0,-7],[12,-11],[-2,-4],[8,-8],[20,10],[37,-14],[22,-14],[-23,-48],[2,-8],[6,4],[7,15],[14,15],[12,35],[18,76],[22,12],[3,-2],[24,18],[16,1],[12,13],[13,9],[7,0],[7,-4],[21,3],[22,25],[-2,-45],[5,-7],[22,-9],[59,-40],[-4,-17],[4,-14],[20,-6],[14,-9],[5,2],[5,-6],[8,20],[12,-47],[9,-10],[20,-7],[11,16],[32,2],[23,4],[30,-52],[14,6],[12,0],[22,-13],[3,23],[2,2],[3,-13],[-6,-29],[18,-19],[11,-16],[20,2]],[[8502,3278],[-2,-22],[-5,-2],[-6,-57],[-5,-25],[2,-45],[-8,-4],[-13,-2],[-7,4],[-26,34],[-28,1],[-18,39],[-7,-28],[-10,-2],[12,-54],[14,-7],[-5,-12],[7,-19],[1,-9],[-2,-8],[-15,7],[-30,-65],[1,-29],[-2,-27],[0,-85],[-9,-5],[-1,8],[-10,-2],[-9,8],[-5,-1],[-77,54],[-15,0],[-3,12],[-11,7],[-11,14],[-10,5],[-11,-5],[-6,-7],[-13,-3],[-6,-12],[-8,-42],[-3,6],[-21,13],[-6,7],[-15,-1],[-34,12],[0,16],[-14,3],[-11,-67],[-5,-14],[0,-12],[3,-13],[-2,-7],[-11,-51],[4,-2],[3,-5],[2,-7],[-2,-7],[-8,-8],[-1,-21],[-4,-10],[-11,-15],[-1,-4],[3,-2],[-2,-8],[2,-8],[-7,-11],[-4,0],[-9,-62],[3,-2],[0,-5],[-4,-23],[5,-15],[-9,-32],[-11,5],[-21,4],[-10,5],[-11,12],[-3,10],[-9,11],[-16,4],[-3,-1],[-8,-20],[-8,6],[-3,-5],[-12,-41],[-13,5],[-19,3],[-4,5],[-9,-2],[-1,-13],[-5,-6],[-17,-12],[-5,-18],[-19,-20],[-7,0],[-16,-9],[-5,-19],[-1,-4],[-10,-24]],[[6772,2607],[2,18],[-10,0],[-1,8],[-8,7],[0,-11],[-7,7],[-2,25],[11,30],[7,9],[5,5],[11,-4],[4,14],[-2,9],[6,18],[10,16],[-8,17],[7,9],[4,2],[3,4],[21,-5],[4,1],[6,5],[18,26],[5,10],[-18,3],[-5,5],[-14,3],[-3,-1],[-4,2],[-3,11],[-8,5],[4,-17],[-7,-1],[-5,3],[-4,-2],[0,10],[3,15],[-14,10],[0,11],[-4,-2],[-4,-8],[1,-7],[4,-13],[-4,-9],[-6,-4],[-11,1],[-11,9],[-4,14],[-2,31],[-8,6],[-6,15],[-4,3],[-21,5],[-15,6],[4,9],[-1,7],[-9,7],[-13,1],[-2,37],[3,8],[6,5],[12,5],[57,-12],[15,3],[14,6],[60,6],[9,13],[9,15]],[[6849,3041],[22,24],[35,31],[-2,-16],[10,1],[7,4],[28,25],[-13,40],[16,22],[-3,11],[15,19],[2,6],[-8,7],[6,16],[1,9],[-5,7],[-2,11],[20,17],[18,6],[14,-12],[9,3],[5,11],[3,11],[10,5],[2,17],[29,36],[13,8],[9,1],[12,14],[6,15],[-5,26],[-10,4],[-9,6],[-14,16],[-3,12],[0,24],[-8,13],[-6,14],[-7,12],[-13,17],[-3,7],[8,13],[0,23],[6,13],[1,6],[-1,18],[-8,10]],[[7036,3624],[7,6],[3,0],[2,9],[-9,10],[2,13],[6,7],[54,-14],[8,30],[10,-3],[1,8],[4,4],[15,-11],[10,-2],[13,13],[8,16],[16,11],[6,8],[3,1],[9,-2],[9,-9],[7,-4],[7,5],[3,17],[-5,11],[-10,13],[-3,10],[29,6],[1,-21],[3,-5],[8,-1],[-2,18],[1,4],[7,-2],[9,3],[16,-8],[1,-10],[-6,-3],[-12,1],[-5,-3],[-2,-7],[33,-23],[0,8],[3,9],[6,0],[8,-8],[2,-11],[13,-3],[7,-6],[-1,-24],[7,-2],[6,27],[10,14],[20,3],[17,-22],[12,-2],[-4,3],[12,15],[12,1],[5,15],[8,-10],[3,-7],[0,-7],[-3,-9],[-10,-16],[1,-7],[7,-2],[10,3],[38,26],[6,-1],[6,4],[13,-7],[16,-3],[14,1],[4,10],[3,13],[7,15],[2,24],[3,13],[7,4],[10,9],[6,13],[5,27],[11,10]],[[7595,3840],[1,-31],[-2,-11],[4,-33],[-5,-17],[-8,-16],[-14,-8],[-8,-8],[-2,-58],[6,-2],[3,-11],[-5,-8],[6,-21],[8,14],[15,-10],[0,-11],[18,-18],[13,5],[1,3],[14,6],[4,-7],[5,5],[7,-2],[47,0],[10,5],[7,19],[4,8],[12,9],[23,-5],[7,-14],[0,-6],[4,-5],[4,3],[-2,8],[4,2],[9,13],[11,-8],[15,5],[7,11],[5,16],[32,-15]],[[1912,3365],[19,8],[8,35],[-3,21],[6,16],[8,12],[16,-9],[11,1],[-1,11],[4,7],[-2,29],[-5,19],[10,40],[15,13],[10,19],[46,0],[7,3],[9,30],[-15,5],[3,13],[22,25],[6,23],[2,24],[-17,4],[0,49],[-28,5],[3,41],[-21,39],[-1,81],[4,31],[7,11],[5,32],[-6,45],[15,49],[13,21],[4,9],[2,37],[-3,12],[-8,7],[-15,5],[26,34],[-2,8],[-13,-5],[-10,30],[-12,13],[-11,5],[15,20],[10,-15],[5,26],[5,1],[4,-8],[-1,-16],[5,4],[5,11],[4,26],[-1,18],[-15,0],[-12,8],[-3,10],[7,7],[16,-6],[15,-2],[7,4],[-2,22],[7,25],[23,55],[27,47]],[[2141,4510],[26,-17],[-2,-9],[5,-5],[10,-23],[-7,-24],[10,-29],[18,-3],[26,-10],[1,51],[17,1],[12,-5],[20,12],[1,-9],[12,-4],[7,-21],[0,-15],[9,1],[-1,-9],[-5,-16],[13,-16],[46,17],[-2,-40],[21,-2],[14,15],[21,-14],[17,21],[6,95],[5,28],[11,6],[-9,-103],[42,-27],[8,14],[5,38],[1,63],[-7,46],[80,8]],[[2572,4525],[-9,-34],[15,-2],[7,1],[10,-9],[25,-13],[-1,-6],[-10,2],[0,-10],[6,-14],[12,-13],[17,-4],[21,3],[23,16],[18,-1],[17,-8],[20,-19],[68,4],[50,15],[10,-8],[18,-8],[1,-16],[6,-6],[12,-4],[19,-13],[3,-12],[9,-3],[5,13],[19,6],[10,-6],[11,-13],[6,4],[17,0],[4,12],[-13,3],[-13,-1],[0,10],[7,14],[58,-16],[8,7],[17,0]],[[3075,4396],[-7,-54],[-30,0],[-11,-8],[-9,-15],[-1,-17],[20,-23],[16,-5],[-27,-31],[-6,-28],[-6,-12],[3,-10],[-4,-32],[19,5],[-7,-15],[-19,-27],[-7,-50],[14,-10],[-8,-38],[-17,-22],[-24,-13],[-6,-12],[-50,-69],[-11,-48],[-12,-34],[-7,-60],[15,-59],[21,-45],[9,-31],[-29,-95],[-21,-34],[-2,-28],[-14,-43],[-10,-22],[-14,-43],[-2,-21],[-14,-58],[-22,-44],[-19,-16]],[[2776,3229],[-33,-21],[-26,-28],[-21,-47],[-13,-39],[-11,-41],[-23,-38],[-29,-32],[-45,-20],[-12,-11],[-52,-22],[-19,-14],[-15,-5],[-50,-8],[-21,-12],[-19,-19],[-40,-35],[-18,-23],[-35,-57]],[[2294,2757],[-23,18],[-54,61],[-39,19],[-3,-10],[2,-9],[-6,-8],[-11,9],[-23,10],[-1,9],[-7,6],[-5,-7],[-10,4],[-4,-9],[-11,2],[-21,-1],[4,10],[-2,8],[-14,12],[-6,-4],[-7,3],[-8,-8],[-14,9],[-3,15],[-24,26],[7,22],[12,4],[0,22],[8,18],[-12,7],[1,13],[6,29],[-3,33],[-11,17],[-1,9],[8,16],[15,14],[-1,5],[-15,4],[-5,12],[2,7],[15,2],[6,8],[-1,11],[-11,4],[-6,7],[-1,40],[-11,2],[0,18],[-23,5],[-3,12],[-9,2],[-2,-6],[-22,-3],[-21,15],[3,19],[-6,18],[7,17],[-1,17],[-10,4],[-7,19]],[[1912,3365],[-9,-7],[-5,-14],[-25,7],[-2,-5],[-10,-1],[-29,6],[-10,-31],[-18,5],[-6,21],[-3,21],[-5,10],[-2,4],[-27,6],[-32,3],[-3,4],[-29,1],[-8,-8],[-17,4],[-13,7],[-19,2],[-6,-9],[-13,-4],[-6,-14],[-10,-1],[-4,-8],[-9,-5],[-11,9],[-14,3],[0,14],[-6,1],[-2,-23],[-4,-2],[-13,16],[-21,5],[-9,12],[-22,5],[-7,7],[-3,-2],[-29,5],[3,-18],[-1,-29],[14,-7],[-4,-31],[-13,-14],[-18,-1],[-3,-9],[5,-10],[2,-14],[12,-2],[18,-30],[1,-11],[7,-13],[1,-9],[4,-6],[-3,-32],[-18,-2],[-4,-26],[-13,-9],[-5,-30],[-6,-25],[-27,4],[-6,-6],[-2,-12],[-4,-2],[-5,0],[-13,12],[-10,1],[-5,5],[-7,-7],[-7,-4],[-6,0],[-23,20],[-3,9],[-12,15],[-9,9],[-9,3],[-9,9],[-5,1],[-7,-3],[-5,3],[-7,0],[-2,10],[-7,-5],[-27,18],[-35,9],[-8,-7],[-13,-2]],[[1157,3161],[-6,21],[-5,10],[-13,17],[-6,14],[-11,-1],[-7,5],[-8,13],[-5,10],[-7,9],[-2,8],[-28,21],[-10,3],[-6,11],[3,5],[-5,7],[-10,7],[-11,3]],[[1020,3324],[-34,43]],[[986,3367],[1,9],[-8,4],[-1,11],[-3,7],[-11,-2],[0,-9],[-8,6],[-8,-5],[-15,5],[-10,-1],[-6,-4],[-3,11],[-1,25],[-6,12],[-10,10]],[[897,3446],[0,10],[3,23],[3,3],[11,2],[23,-5],[29,30],[6,8],[8,22],[4,20],[-4,7],[-22,10],[4,4],[5,4],[12,0],[30,14],[6,1],[7,-14],[12,1],[16,11],[2,5],[0,11],[-3,12],[-9,12],[-6,3],[-18,2],[-6,4],[-9,3],[-7,1],[-5,-3],[-5,1],[3,15],[7,22],[4,7],[5,1],[15,-19],[5,-3],[9,1],[9,4],[28,25],[7,8],[8,35],[9,13],[10,4],[4,9],[9,30],[-6,26],[10,27],[8,3],[11,0],[11,5],[10,7],[7,9],[6,11],[29,69],[7,13],[7,9],[9,5],[29,7],[9,6],[24,25],[71,78],[17,21],[29,25],[28,21],[58,29],[39,16],[7,47],[-12,60],[-1,34],[-8,37],[27,53],[23,23],[27,10],[31,1],[24,24],[3,-13],[0,-11],[-10,0],[-10,-16],[5,-4],[13,-1],[18,11],[8,17],[-7,8],[6,7],[15,-16],[24,-12],[13,-19],[41,-37],[6,-35],[4,-61],[7,-8],[29,-17],[32,0],[29,-4],[42,2],[9,-5],[25,-1],[9,4],[6,18],[-22,18],[3,8],[9,-2],[8,2],[6,-9],[8,-7],[19,1],[8,1],[2,-11],[11,9],[4,31],[6,68],[-1,58],[2,31],[3,12],[11,23],[13,2],[34,-5],[23,-16],[7,-7],[4,7],[-8,10],[4,7],[7,-5],[14,20],[17,-14],[-8,-20],[-7,-10]],[[4914,6667],[-8,-23],[-2,-17],[-12,-34],[0,-19],[2,-4],[9,4],[17,-10],[6,7],[5,1],[5,1],[16,-3],[-4,7],[0,12],[9,-1],[5,4],[3,12],[9,-5],[16,-1],[12,-8],[8,3],[2,-8],[-1,-14],[1,-5],[4,-2],[-8,-9],[-2,-4],[1,-8],[4,-3],[9,-14],[1,-5],[13,-2],[8,12],[3,-2],[2,-16],[-1,-7],[7,-3],[-1,-3],[-8,3],[-2,-1],[-1,-6],[-2,-2],[-13,9],[-4,0],[-2,-2],[-1,-14],[-6,1],[-2,-5],[17,-23],[1,-6],[4,-7],[1,-6],[5,-2],[-2,-8],[-12,1],[-6,-2],[-3,-13],[-1,-21],[22,-5],[13,1],[3,2],[4,-8],[-5,-1],[-8,-22],[-2,-28],[-12,8],[-10,8],[-7,-10],[1,-12],[-7,-27],[4,-5],[0,-9],[-2,-6],[-7,-4],[11,-11],[1,-14],[-11,-12],[16,-12],[30,-32],[21,7],[15,-12],[3,2],[3,9],[9,-4],[5,5],[4,-7],[15,-2],[6,-11],[9,-3],[1,6],[4,5],[7,-3],[17,5],[9,20],[12,7],[6,-5],[17,-5],[7,12],[-6,6],[-1,21],[-6,23],[8,-2],[0,14],[9,-3],[5,-6],[6,3],[4,6],[4,3],[16,-2],[10,-4],[26,-5],[10,0],[9,7],[7,3],[8,32],[3,7],[5,3],[19,-1],[6,-8],[-1,-7],[5,-13],[37,-42],[14,-2],[0,-5],[-12,-10],[-17,-22],[5,-26],[-4,-25],[4,-5],[-7,-14],[22,-18],[-3,-10],[7,-6],[-1,-12],[12,-7],[12,2],[8,-2],[1,-17],[5,-11],[19,-3],[-3,-17],[-8,-16],[-22,-25],[4,-10],[-2,-19],[-14,-16],[3,-15],[6,-5],[14,-1],[18,-11],[8,0],[2,7],[5,-7],[11,15],[-2,31],[5,9],[27,-10],[3,6],[2,16],[11,-1],[5,5],[7,-8],[1,-10],[12,-19],[22,-7],[1,-14],[17,-11],[3,10],[0,18],[10,-2],[9,17],[4,19],[0,20],[14,4],[6,6],[5,16],[10,9],[7,12],[8,-1],[4,5],[12,-21],[7,-7],[10,-6],[9,-2],[7,0],[-2,9],[18,-8],[31,0],[18,-3],[21,11],[53,4],[1,-20],[3,-15],[-9,-30],[0,-19],[4,-10],[32,-17],[10,-10],[-1,-30],[14,-3],[8,7],[18,-5],[12,-17],[6,-18],[55,-16],[3,-15],[7,-7],[1,-14],[8,-4],[-2,-10],[-8,-2],[-10,-30],[-2,-30],[8,-34],[10,-20],[-12,-2],[1,-16],[7,-1],[-1,-22],[7,-9],[11,-2],[11,-8],[3,-13],[10,-7],[13,3],[2,-11],[31,-57],[7,-29],[-1,-18],[17,-15]],[[6138,5466],[2,-11],[-3,-5],[-7,-8],[0,-10],[4,-2],[3,-2],[0,-5],[-9,-8],[0,-10],[7,0],[-8,-12],[2,-10],[5,-6],[2,-7],[2,-12],[2,-4],[2,1],[2,4],[9,-5],[-2,-36],[-9,-10],[0,-3],[7,-12],[3,-9],[-4,3],[-4,2],[-2,0],[4,-10],[3,-6],[-3,-3],[-1,-1],[2,-5],[8,-9],[3,-11],[-7,-11],[-4,-1],[-6,-4],[-4,-9],[3,-4],[-1,-4],[-1,-4],[2,-2],[9,11],[5,-9],[2,-13],[-6,-2],[-6,-5],[-1,-4],[3,-5],[9,0],[6,-3],[-4,-8],[0,-4],[3,-3],[0,-1],[-1,-4],[3,-13],[5,-4],[3,6],[6,-5],[9,-4],[-1,-9],[1,-6],[6,-3],[6,1],[-6,-11],[-6,-3],[-37,-8],[-7,9],[2,17],[-11,6],[-12,12],[-7,-2],[-5,-11],[-1,-14],[-6,-4],[1,-9],[-9,-2],[-7,-8],[-4,-24],[-9,-12],[1,-8],[3,-8],[-23,-6],[-2,-21],[-4,-14],[-12,-20],[-12,-8],[3,-31],[-8,-6],[-15,-10]],[[6004,4922],[-17,30],[19,14],[-3,20],[-9,10],[-5,20],[-9,13],[-16,3],[-25,-8],[0,12],[-23,11],[-16,-6],[-8,3],[-14,-14],[-15,4],[-15,0],[2,-14],[-10,-11],[-22,-9],[-12,-13],[-6,2],[-5,7],[-15,0],[-8,14],[-16,-1],[-3,-10],[-5,-2],[-1,7],[-16,1],[4,-20],[-10,-2],[-18,-22],[-8,12],[6,18],[-15,19],[-31,4],[-29,-3],[-2,-13],[-29,7],[-1,26],[-10,3],[0,17],[-2,6],[-7,-9],[-3,-18],[-10,-17],[-8,25],[-2,-5],[-16,25],[-6,-2],[-6,17],[-10,-4],[-5,16],[-9,-4],[-2,12],[-4,8],[-10,8],[7,15],[-3,0],[-5,-5],[-9,11],[-13,-4],[-7,6],[-1,6],[15,14],[-7,7],[-7,9],[-2,-7],[-7,0],[0,9],[-17,-2],[-15,-7],[-17,2],[-2,-3],[2,-16],[-1,-6],[-7,-2],[-3,-4],[1,-7],[-3,-3],[-7,16],[-14,0],[-13,-4],[-11,2],[0,23],[3,4],[2,7],[-4,5],[-10,3],[-4,14],[-33,-7],[-3,10],[-8,0],[-5,14],[-19,3],[0,-14],[-12,-12],[-10,15],[3,15],[0,11],[-10,-9],[-2,-18],[-2,-4],[-10,-2],[0,15],[-8,8],[4,32],[-8,15],[-1,2],[-11,7],[-7,2],[-7,-18],[-19,6],[-3,7],[-10,-1],[-3,9],[0,12],[-2,10],[-5,1],[-7,-7],[-6,-9],[-5,3],[-2,8],[2,10],[-14,31],[0,16],[5,9],[0,5],[-8,7],[1,6],[7,18],[-26,-7],[-12,1],[-6,5],[-3,5],[12,27],[-7,11],[-18,-6],[-1,-10],[-6,-9],[-7,-6],[-9,2],[-22,10],[-3,8],[-60,20],[-10,0],[-4,12],[-4,4],[-6,-1],[-14,-11],[1,12],[0,10],[-6,3],[5,16],[0,9],[-5,-7],[-2,1],[-4,-14],[-11,-21],[5,-24],[-1,-8],[-4,-1],[-6,4],[-3,8],[-2,15],[-13,22],[-7,-4],[-6,-11],[-2,-19],[-8,-1],[-7,15],[-3,12],[-12,6],[-1,5],[5,9],[1,16],[2,6],[9,16],[3,12],[-2,5],[-16,-8],[-2,2],[0,24],[-7,44]],[[4806,5607],[-2,25],[3,20],[7,15],[7,0],[16,-6],[7,3],[0,6],[-2,5],[-6,-2],[-3,11],[2,19],[-2,15],[15,5],[18,12],[9,16],[4,11],[0,7],[6,4],[-9,16],[-1,7],[-7,7],[-9,25],[-36,9],[-2,13],[2,26],[3,2],[2,54],[2,15],[-4,5],[-9,1],[-2,23],[-16,7],[-3,13],[-3,3],[3,8],[-5,4],[0,12],[-2,-3],[-13,4],[-2,11],[4,32],[3,4],[13,2],[12,-4],[4,3],[0,12],[4,14],[-18,4],[-11,-6],[-17,25],[2,5],[6,4],[-1,4],[4,10],[6,3],[11,13],[16,8],[1,10],[-6,2],[2,21],[0,22],[-6,7],[-17,9],[-1,32]],[[4785,6271],[13,11],[3,12],[20,-1],[4,-17],[10,12],[-8,14],[13,1],[4,22],[-9,11],[2,35],[3,8],[-1,6],[-14,17],[-17,7],[-18,4],[-13,-3],[-2,-3],[5,-14],[-1,-20],[-11,15],[-20,9],[-2,8],[-15,2],[-7,4],[-2,5],[2,6],[3,5],[28,-9],[24,-3],[5,3],[5,8],[19,2],[3,4],[1,7],[-7,3],[-6,-1],[-9,8],[-5,10],[-2,10],[-6,17],[-9,-3],[-6,1],[-2,3],[10,46],[-17,34],[3,17],[0,16],[2,3],[14,5],[18,20],[5,23],[5,10],[-1,9],[-5,7],[-2,9],[4,13],[10,6],[6,-7],[15,6],[26,-35],[14,-6],[16,1],[10,3],[17,-2],[4,2]],[[3780,2425],[-3,-17]],[[3777,2408],[0,-5],[-2,-38],[17,2],[8,7],[8,17],[6,4],[4,8],[-1,27],[13,5],[12,-5],[10,-28],[10,-46],[-1,-19],[-5,-14],[5,-12],[10,-11],[2,-12],[10,-1],[8,5],[4,5],[3,10],[1,25],[-1,30],[7,5],[6,-1],[3,-9],[2,-18],[8,5],[8,-2],[5,13],[9,-1],[33,-10],[12,3],[29,-8],[5,-3],[7,-20],[1,-8],[-2,-15],[5,-5],[6,1],[14,-6],[1,11],[15,5],[2,17],[2,2],[9,4],[7,0],[7,-3],[4,-6],[1,-13],[-8,-19],[2,-11],[2,-4],[3,-35],[7,-2],[12,1],[30,6],[1,-3],[-13,-28],[-4,-11],[0,-7],[8,5],[22,-35]],[[4166,2157],[-6,-18],[-24,-39],[2,-10],[13,-9],[-1,-30],[-14,-7],[-2,-5],[-1,-23],[2,-8],[6,-9],[-4,-39],[3,-3],[-1,-8],[-6,-1],[-6,-9],[-10,-5],[-5,-8],[-3,-8],[1,-16],[-27,5],[-7,-3],[-11,12],[-7,-3],[-10,-11],[-4,-9],[1,-6],[17,-34],[-5,-14],[-24,-13],[-6,-8],[-2,-8],[2,-30],[-2,-5],[-10,-5],[-7,-8],[-21,-47],[0,-8],[4,-18],[-2,-16],[-5,-20],[-16,-35],[-13,-20],[-15,10],[-7,-6],[-4,-10],[-3,-21],[-3,-49],[-11,-27],[2,-6],[9,-5],[23,7],[21,2],[1,-5],[-1,-9],[13,-5],[5,-4],[-1,-34],[1,-7],[7,0],[23,8],[5,-1],[3,-4],[2,-27],[12,-26],[0,-34],[-2,-12],[-8,-5],[-5,-10],[-1,-15],[3,-23],[0,-21],[3,-12],[-1,-3],[-25,12],[-7,-1],[-8,14],[-7,-2],[-7,-7],[-5,1],[-3,-5],[9,-31],[18,-9],[-4,-22],[4,-6],[10,-3],[23,3],[0,-5],[-3,-11],[-1,-15],[-5,-14],[-31,35],[-5,-41],[20,-41],[-1,-17],[-5,-31],[16,-3],[-6,-32],[0,-13],[3,-7],[7,-3],[10,4],[7,-12],[2,-6],[1,-11],[-9,-21],[-16,-6],[-2,-10],[3,-10],[42,-23],[22,-8],[6,1],[27,12],[11,-3],[11,-6],[37,-26],[3,-8],[-9,-12],[-6,-9]],[[4153,836],[-1,-8],[-25,-9],[-18,0],[-31,-5],[-16,0],[-13,-6],[-18,-2],[-8,-3],[-12,6],[-30,7],[-19,-1],[-11,-5],[-7,-24],[1,-16],[5,-14],[0,-17],[-2,-12],[2,-8],[-25,4],[-31,-2],[-16,-8],[-14,-20],[-8,-27],[-14,-1],[-9,-26],[-16,4],[-26,2],[-8,-17],[-17,3],[-16,0],[-13,-2],[-13,-5],[-4,3],[-9,0],[-21,-9],[-4,-4],[-3,-11],[1,-11],[6,-6],[12,-8],[5,-24],[5,-6],[2,-17],[3,-7],[5,-6],[1,-7],[-10,-5],[-13,-11],[-5,-19],[-15,1],[-42,-21],[-12,-9],[-4,2],[-8,0],[-11,-32],[-22,-15],[-5,-9],[-7,-29],[-6,-7],[-18,5],[-30,18],[11,40],[-4,4],[2,13],[6,4],[3,6],[-2,14],[4,26],[1,56],[-14,-13],[-9,-15],[-9,-19],[-5,-25],[-9,-4],[-22,10],[-5,18],[-8,-3],[-7,6],[-23,-10],[-13,-9],[-7,-9],[-41,-12],[-44,-111],[-42,-13],[-26,14],[-19,5],[-25,-7],[-19,-10],[-11,-1],[-7,9],[12,21],[-5,36],[-12,15],[-19,57],[-9,17],[4,29],[-4,36],[4,58],[-8,0],[-7,9],[-10,3],[-9,-28],[-7,-3],[-5,3],[0,10],[-19,15],[-11,-32],[-16,-9],[-7,21],[4,6],[1,26],[-12,1],[1,49],[10,78],[-26,41],[-36,-12],[-13,26],[-11,-24],[-12,-12],[-8,-39],[-34,-10],[-42,-16],[-4,-25],[-31,-47],[-14,-13],[-10,-1],[-13,12],[-25,-33],[-20,-8],[-10,-8],[-10,-47],[-16,-31],[0,-8],[5,-7],[-1,-40],[-10,-8],[-6,-44],[-4,-7],[-30,15],[-29,4],[-12,12],[-7,-6],[-8,5],[-5,-8],[-24,0],[-13,9],[-9,1],[-16,-9],[-4,28],[-15,6],[-14,-15],[-9,-18],[-4,-14],[11,-22],[3,-19],[-20,-13],[-20,-18],[-9,9],[-40,-1],[5,-23],[8,-12],[-3,-12],[-16,-24],[1,-22],[13,-20],[-17,-18],[-6,-31],[-7,-19],[-15,-6],[2,-29],[-6,-22],[2,-13],[-11,-5],[-7,-18],[-18,31],[6,5],[3,11],[-4,8],[-17,-6],[1,19],[3,10],[4,8],[9,7],[18,12],[6,9],[6,11],[-2,15],[-7,5],[-12,-14],[-20,-35],[-7,-7],[-6,4],[-12,3],[-14,-2],[-15,64],[-16,4],[-3,-17],[-56,-9],[2,34],[9,51],[-56,27],[10,21],[-4,8],[-12,-5],[-14,11],[-5,32],[-17,4],[-13,-13],[-12,-1],[-12,13],[-17,4],[-22,11],[4,17],[-13,10],[-11,20],[3,17],[0,17],[-5,5],[-14,-11],[-6,10],[9,18],[16,-5],[6,2],[0,9],[-31,50],[-44,10],[-6,22],[-10,24],[18,46],[28,18],[27,9]],[[2836,2401],[2,7],[4,14],[1,2]],[[2843,2424],[1,5]],[[2844,2429],[10,-5],[8,1],[8,1],[8,2],[10,-2],[7,-5],[7,-11],[2,-5],[4,-2],[2,3],[0,7],[1,3],[7,2],[4,23],[2,8],[9,11],[10,4],[10,-3],[6,-10],[3,0],[5,4],[10,15],[9,7],[11,4],[11,-5],[22,-17],[2,-4],[3,-8],[2,-6],[6,0],[21,9],[16,-1],[16,-4],[6,0],[7,5],[8,5]],[[3117,2455],[3,3]],[[3120,2458],[1,0],[12,-6],[6,-4],[8,-3],[7,4],[11,8],[5,3],[7,0],[4,0],[4,0],[2,-2],[1,-3],[0,-6],[0,-7],[4,-2],[11,2],[9,1],[7,-6],[3,-12],[0,-15],[-8,-29],[-1,-4],[-8,-4],[-16,-2],[-3,-21],[0,-11],[1,-7],[12,3],[9,0],[6,-4],[0,-5],[-2,-12],[-1,-4],[14,-4],[1,-31],[2,-1],[10,-14],[-3,-3],[-4,-6],[-1,-6],[0,-5],[2,-4],[5,-2],[2,0],[4,0],[0,-4],[1,-6],[2,-3],[13,2],[5,0],[5,-4],[1,1],[13,-1],[1,2],[1,5],[1,9],[-1,1],[1,9],[2,6],[4,6],[3,2],[-1,1],[5,15],[24,-6],[1,-1],[10,-3],[3,1],[2,17],[10,3],[8,1],[1,17],[2,4],[0,8],[-1,1],[-3,9],[-4,4],[0,4],[0,2],[10,-5],[12,-6],[25,1],[1,-1],[2,0],[2,-7],[2,-5],[10,3],[1,3],[-1,9],[1,0],[0,9],[3,5],[4,4],[1,8],[3,6],[22,5],[4,0],[4,0],[0,-2],[1,-50],[2,-28],[3,-13],[5,-6],[4,0],[10,-3],[8,5],[6,6],[7,-4],[5,0],[7,-21],[3,0],[5,7],[3,1],[3,-3],[2,-5],[-3,-9],[7,-8],[16,0],[8,26],[1,-1],[2,0],[2,1],[0,1],[3,13],[8,19],[11,15],[5,7],[6,12],[12,28],[3,13],[2,30],[8,22],[8,10],[4,2],[5,0],[7,0],[2,0],[1,0],[17,-6],[6,-4],[5,2],[1,4],[0,24],[0,11],[-2,5],[3,3],[7,0],[13,-1],[14,4],[8,7],[4,0],[2,0],[9,4],[3,-1],[2,-7],[-1,-6],[-2,-9],[-8,-8],[-9,-7],[2,-16],[4,-13],[13,-1],[14,3],[6,-2],[14,3],[1,0],[4,6]],[[2378,0],[-7,0],[-6,6],[-4,12],[-4,24],[1,8],[3,11],[5,2],[7,-5],[5,-14],[4,-15],[4,-12],[-2,-10],[-6,-7]],[[2349,7179],[-11,-26],[22,-73],[24,0],[10,-16],[4,-29],[-7,-40],[-2,-28],[63,-81],[6,-26],[-7,-39],[23,-11],[8,23],[10,14],[9,-4],[17,-20],[8,-3],[-8,-50],[24,-28],[-1,-28],[8,-3],[-3,-13],[2,-6],[-6,-15],[10,-5],[38,28],[10,11],[13,7],[10,19],[16,14],[24,8],[14,-2],[11,-7],[71,-87],[8,5],[24,-26],[5,-8],[5,-15],[-3,-12],[-3,-4],[16,-39],[7,-6],[9,-52],[20,-38],[20,-24],[10,-33],[19,-19],[7,-14],[21,0],[39,-35],[10,-20],[2,-11],[11,10],[3,-17],[3,-65],[-5,-28],[39,-16],[15,10],[3,-12],[24,-22],[26,-29],[17,-30],[10,1]],[[3121,6114],[13,-44],[-3,-14],[7,-9],[48,4],[3,-33],[-9,-11],[-6,-4],[-1,-10],[-8,-3]],[[3165,5990],[-49,10],[-13,8],[-14,-18],[-98,-13],[-38,-18],[-9,15],[-33,-1],[-18,4]],[[2893,5977],[-17,5],[4,55],[-23,-11],[-22,6],[-9,11],[-17,4],[-10,21],[-18,-2],[-28,-10],[-14,7],[-4,54],[5,18],[-5,13],[-17,4],[-3,12],[-34,3],[-9,15],[6,81],[-21,2],[-45,-7],[-18,4],[-10,22],[-24,6],[-10,13],[-3,19],[-37,-5],[-5,-22],[-23,-4],[-5,-48],[-36,25],[8,17],[17,18],[4,16],[-43,46],[-17,5],[-6,-12],[-14,-13],[-13,12],[-14,-7],[-24,7],[-6,6],[-8,23],[-8,-8],[-13,11],[-28,15],[10,17],[-2,29],[-4,13],[-45,16],[-30,-16],[-12,2],[-18,-9],[-36,17],[-11,-7],[-35,-7],[-2,-15],[11,-27],[-1,-34],[2,-19],[-10,-25],[-1,-71],[2,-19],[-18,-4],[-17,10],[-10,11],[-6,18],[2,27],[-38,31],[-19,-25],[-12,-12],[-23,-8],[-12,5],[-21,-33],[-29,20],[-29,3],[-11,7],[-3,24],[-17,4],[-13,17],[-22,10],[-7,16],[-6,26],[9,16],[-31,12],[3,14],[-12,4],[-13,19],[-18,10]],[[1721,6471],[-30,13],[-5,-7],[-47,19],[-4,6],[-24,3],[-3,7],[-37,1],[-9,8],[-5,-9],[-4,8],[-13,-1],[-1,-11],[-4,-2],[-3,-5],[-11,2],[-2,7],[-19,10],[1,13],[-14,18],[0,5],[-20,7],[0,3],[-7,1],[-1,9],[-5,6],[-5,-8],[-11,16],[5,2],[-23,35],[-2,11],[-8,10],[-3,23],[2,8],[-10,20],[-4,-11],[-15,-4],[-18,12],[-4,0],[-15,-39],[-3,-1],[-41,8],[-30,3],[-21,11],[-34,11],[-22,13],[-12,2],[2,33],[-3,19],[3,15],[4,68],[5,19],[-1,19],[-11,11],[-1,10],[2,14],[25,7],[32,13],[9,-1],[9,-9],[13,-9],[-5,-8],[-1,-7],[6,-10],[21,-6],[13,1],[5,10],[3,28],[3,15],[5,11],[7,8],[19,-2],[13,-4],[17,-8],[0,-8],[4,0],[28,22],[11,0],[22,11],[24,16],[10,8],[2,21],[-1,22],[2,13],[11,18],[4,18],[12,19],[10,5],[7,10],[-2,15],[18,15],[7,16],[-2,11],[6,23],[-4,14],[2,10],[-8,16],[5,9],[4,15],[-7,8],[2,8],[-2,13],[2,6],[6,-8],[19,-6],[2,-6],[9,-2],[0,-5],[10,-4],[3,14],[19,0],[12,-8],[-1,9],[7,-1],[9,4],[17,-7],[4,8],[26,-1],[2,-15],[-9,-18],[37,-11],[1,6],[19,-5],[15,4],[35,-5],[4,-11],[6,1],[18,-7],[12,-9],[2,-8],[12,0],[4,-10],[19,1],[21,-7],[16,-2],[8,-13],[19,-11],[3,6],[8,-2],[3,18],[15,-8],[5,9],[8,-4],[4,3],[4,28],[11,6],[8,-2],[9,-7],[29,2],[9,9],[42,7],[40,-16],[16,20],[10,-1],[23,13],[11,-5],[28,10],[-14,33]],[[2196,7281],[25,-1],[2,-35],[-2,-15],[9,-14],[-7,-13],[-7,4],[-4,-15],[-12,-12],[-13,-30],[-5,-14],[12,-17],[7,8],[6,24],[6,16],[69,100],[-2,-18],[10,-13],[11,0],[36,-32],[6,-16],[6,-9]],[[6616,1059],[-13,-7],[-6,-17],[-10,-8],[-10,-13],[-12,-23],[-1,-38],[-10,-15],[-21,-16],[-12,1],[-7,-11],[-8,0],[7,-34],[-13,-15],[-10,-26],[-12,5],[-9,0],[-11,-11],[-14,8],[-36,-55],[-16,-60],[1,-33],[-6,-6],[-10,-3],[1,-17],[-4,-14],[2,-21],[-11,-26],[14,-15],[-1,-22],[2,-23],[-7,-17],[0,-27],[-13,0],[-17,-7],[-15,-3],[-5,-10],[4,-15],[-4,-18],[7,-39],[-3,-31],[-7,-25],[-14,-9],[-6,-16],[-11,-1],[-25,26],[-7,-2],[-11,6],[-19,3],[-29,53],[-5,12],[-35,37],[-16,11],[-11,25],[-10,8],[-19,47],[-5,5],[-6,-10],[-31,-1],[-26,0],[-8,12],[-24,2],[-8,13],[-2,16],[5,8],[-44,16],[5,26],[8,19],[16,-1],[8,19],[1,20],[7,14],[4,14],[12,25],[6,6],[-4,17],[-6,38],[-9,5],[-3,13],[13,27],[4,20],[-12,33],[12,15],[-4,8],[6,8],[17,19],[-2,13],[8,5],[1,11],[-22,6],[-4,-13],[-17,4],[-18,9],[-9,-5],[-16,0],[-13,-5],[5,-11],[1,-15],[-6,4],[-8,7],[-7,13],[-4,-19],[-5,3],[-9,19],[-18,6],[-11,22],[-8,14],[-17,17],[-26,29],[-2,-28],[-1,-35],[-42,-19],[-59,-4],[-17,17],[-10,32],[-15,10],[-23,2],[-5,16],[-10,9],[-5,24],[-3,13],[0,19],[-7,36],[10,19],[6,19],[4,36],[-5,15],[9,2],[7,12],[-3,15],[-6,30],[-10,46],[-11,20],[-6,22],[-10,16],[-3,25],[-8,12],[-38,31],[-47,17],[-5,-13],[-11,-4],[-25,-7],[-7,-8],[-5,8],[-1,10],[11,2],[8,12],[9,12],[6,19],[0,18],[-1,17],[-4,19]],[[5494,1586],[-2,45],[-30,41],[-20,41],[-28,15],[-12,32],[-14,24],[-31,15],[-18,25],[-3,8],[-1,12],[-10,3],[-20,10],[-12,3],[-1,-30],[-4,-6],[-10,-2],[-18,0],[-42,15],[-25,11],[-13,8],[-6,2],[-8,19],[-4,26],[0,21],[-6,25],[-5,15],[-5,7],[-7,5],[7,68],[-17,8],[-2,7],[-10,-1],[-3,-11],[-4,-37],[-7,1],[-6,5],[-15,17],[-6,-1],[-2,-4],[-2,-19],[-17,-2],[-21,2],[-3,7],[1,11],[5,3],[1,11],[3,12],[-2,47],[34,-5],[6,-3],[4,-18],[5,-3],[15,9],[3,16],[-6,19],[-9,4],[-2,21],[-4,12],[-11,16],[-13,27],[-8,14]],[[5053,2209],[6,4],[25,22],[9,8],[9,6],[14,13],[12,5],[12,1],[13,-1],[8,2],[15,14],[14,12],[4,3],[8,4]],[[5202,2302],[6,0],[10,-1],[5,-1],[29,-16],[14,-6],[10,-9],[7,-7],[11,-3],[4,3],[2,21],[3,7],[4,2],[8,-3],[7,-9],[12,-19],[5,-9],[5,-21],[4,-10],[5,0],[6,6],[7,5],[9,9],[11,3],[9,8],[8,0],[4,-6],[3,-6],[-1,-7],[-3,-4],[-3,-9],[3,-8],[5,-9],[6,-8],[8,-2],[11,7],[7,4],[7,2],[9,-4],[4,-8],[5,-16],[1,-12],[2,-7],[8,3],[9,15],[7,8],[11,5],[6,-1],[5,-4],[6,-19],[10,1],[8,10],[9,7],[3,1],[21,-12],[4,5],[4,11],[3,2],[8,-2],[6,-6],[4,-11],[3,-5],[9,-4],[10,3],[8,-5],[4,3],[5,13],[0,17],[-3,17],[1,13],[5,12],[11,11],[9,17],[0,12],[-4,16],[-1,26],[3,23],[5,18],[14,12],[4,8],[7,19],[2,7],[2,12],[4,4],[7,4],[11,-1],[13,-10],[5,-7],[17,-28],[6,-10],[4,-7],[27,-37],[16,-22],[16,-19],[16,-23],[12,-13],[9,-1],[5,5],[5,7],[5,19],[6,16],[1,21],[2,13],[6,15],[0,12],[-6,6],[-5,9],[-2,14],[1,22],[4,11],[10,14],[12,12],[11,12],[13,22],[16,16],[12,4],[15,0],[21,-1],[9,5],[18,16],[7,14],[4,14],[4,32],[4,23],[9,28],[12,12],[33,31],[18,22],[11,9]],[[6121,2702],[7,-15],[5,-6],[9,-3],[6,6],[14,5],[26,-10],[25,-19],[11,-20],[4,-24],[-2,-40],[-4,-17],[-8,-27],[-18,-18],[-14,-20],[-10,-21],[-9,-34],[-1,-23],[5,-11],[17,-15],[18,-8],[17,-3],[15,-12],[11,-10],[10,-7],[10,-13],[2,-13],[1,-24],[0,-9],[3,-23],[4,-11],[13,-14],[67,-30],[31,-11],[5,-4]],[[986,3367],[26,-34],[8,-9]],[[1157,3161],[-6,-11],[1,-13],[-2,-10],[3,-8],[0,-28],[5,-14],[0,-8],[-4,-3],[-21,6],[-6,-4],[0,-10],[5,-6],[-1,-14],[-10,-3],[-31,0],[-4,-22],[-16,5],[-9,-9],[-34,-1],[-12,-35],[-8,-41],[-14,2],[-1,-9],[-4,3],[-2,-11],[-12,0],[0,-16],[11,-12],[5,-15],[-2,-52],[-14,-15],[27,-13],[1,-31],[7,-5],[-1,-30],[-19,0],[0,-20],[8,-1],[-1,-19],[-2,-19],[-8,-31],[-11,-28],[1,-16],[5,-24],[13,-27],[11,-42],[2,-29],[3,-36],[-10,-52],[4,-6],[0,-4],[-10,-12],[-5,-8],[-14,-20],[-1,3],[-5,-8],[-1,-6],[-4,-8],[-7,-22],[0,-8],[1,-5],[7,-4],[8,-13],[4,-24],[-7,-2],[-3,-4],[0,-7],[5,-3],[7,2],[17,9],[3,-6],[-17,-14],[-8,-19],[-1,-24],[6,-19],[1,-13],[-5,-6],[-16,8],[-3,-7],[8,-8],[5,-9],[-5,-4],[-12,-5],[-2,-7],[4,-16],[-9,-6],[-2,-8],[-10,4],[-5,-12],[-13,-17],[5,-6],[-10,-12],[-7,-24],[-13,-6],[-3,-5],[1,-12],[-3,-10],[2,-12],[-2,-9],[-6,-5],[2,-21],[-4,-10],[-5,-5],[-3,-6],[-2,-12],[2,-8],[12,-12],[-10,-11],[1,-11],[-7,0],[-7,8],[-6,-17],[-7,-1],[-3,-12],[-6,-4],[-7,-16],[-14,-7],[-2,-10],[-6,-5],[-1,-17],[-11,-10],[0,-11],[17,-19],[3,-10],[1,-11],[-3,-10],[4,-23],[3,-6],[15,-4],[16,-8],[13,0],[7,1],[6,-8],[7,-6],[18,-3],[8,-11],[0,-10],[-4,-9],[2,-9],[5,-9],[8,-46],[7,-23],[-14,3],[-2,-10],[4,-23],[5,-15],[1,-19],[-16,-4],[-19,-29],[0,-10],[4,-6],[2,-7],[-12,-2],[-1,-14],[6,-11],[4,-20],[-2,-7],[-6,4],[-1,9],[-3,9],[-30,-79],[-10,-33],[-14,-23],[-1,-21],[-6,-12],[8,-11],[-4,-15],[13,-8],[6,-6],[2,-12],[19,-20],[3,-12],[1,-21],[-6,-18],[-8,-9],[-5,-11],[-8,-40],[-2,-21],[14,-25],[4,-11],[-8,-25],[-19,-21],[-31,-8],[-4,-6],[0,-8],[-1,-10],[-7,-21],[-11,-7],[-20,-1],[-4,-2],[-7,-1],[-23,0],[-21,10],[-8,11],[-7,20],[-6,5],[-4,-8],[-27,-29],[-13,-5],[-20,-3],[-42,-2],[-80,7],[-24,2],[-45,-6],[-8,5],[-10,14]],[[404,874],[1,18],[4,11],[10,27],[-2,24],[3,15],[-1,15],[-3,9],[-7,10],[-5,23],[0,14],[17,32],[18,6],[7,19],[7,8],[-1,5],[-5,5],[-36,7],[7,37],[-1,7],[-4,1],[-12,-6],[-17,20],[-10,-2],[-5,3],[-5,6],[-1,24],[5,28],[6,10],[22,22],[1,7],[-2,7],[-7,4],[-19,30],[-8,5],[-2,20],[-6,7],[-5,3],[-7,-10],[-5,1],[-6,8],[-1,13],[1,19],[6,20],[0,26],[-2,12],[-5,9],[-9,0],[-8,-7],[-9,-4],[-7,2],[-2,0],[-19,-5],[-17,22],[-6,10],[-15,40],[-18,19],[-12,21],[-16,16],[-16,4],[-18,9],[-15,15],[-1,7],[4,15],[8,17],[-5,15],[0,8],[12,20],[0,14],[-2,14],[-7,9],[-3,12],[1,18],[-2,10],[-8,12],[-6,0],[-3,9],[0,4],[-4,5],[-21,53],[-25,16],[-4,6],[7,9],[11,11],[3,5],[-1,5],[-4,6],[-11,6],[-3,4],[0,6],[2,5],[7,3],[1,5],[-17,35],[-1,9],[2,5],[8,7],[3,4],[1,8],[-1,16],[2,56],[-2,26],[1,18],[-2,11],[-15,13],[-6,10],[-5,3],[-11,-1],[4,35],[0,13],[11,40],[1,12],[-3,20],[-2,24],[-4,3],[-6,1],[-23,14],[-16,-3],[-3,6],[-4,31],[1,34],[3,10],[11,19],[-4,14],[1,10],[6,0],[2,-1],[2,-6],[6,-8],[4,-1],[4,1],[-1,22],[-4,5],[-7,4],[6,38],[3,28],[2,7],[7,5],[2,5],[5,32],[-1,42],[6,1],[10,-5],[12,-2],[7,43],[1,11],[-11,10],[3,28],[-1,27],[-2,8],[-3,5],[-15,16],[4,25],[3,9],[3,27],[-12,1],[-9,3],[-5,5],[1,7],[11,6],[5,5],[7,18],[5,18],[12,-1],[9,-7],[13,12],[11,3],[5,4],[6,22],[4,6],[4,-3],[8,-14],[5,3],[4,14],[0,7],[2,5],[8,4],[2,17],[2,8],[9,15],[2,23],[3,15],[6,15],[5,6],[15,-9],[5,0],[-2,18],[2,4],[6,-4],[13,-23],[5,0],[0,17],[4,10],[13,18],[6,0],[22,-24],[7,-3],[6,5],[6,13],[15,20],[3,8],[-4,12],[2,9],[18,31],[4,2],[8,-11],[7,5],[4,17],[6,2],[2,-9],[3,-4],[2,0],[9,20],[11,-10],[6,5],[14,16],[-2,16],[0,7],[2,6],[4,2],[6,-9],[6,-2],[6,6],[5,9],[23,15],[5,1],[3,6],[-5,4],[-22,0],[3,7],[9,7],[16,-5],[8,-6],[6,0],[13,6],[7,0],[-3,-19],[3,-5],[10,6],[6,23],[12,-3],[1,2],[4,16],[7,8],[8,4],[30,16],[9,2],[6,1],[8,-3],[11,-9],[5,3],[5,16],[7,4],[1,6],[-1,9],[3,7],[4,-4],[14,-6],[7,3],[4,12],[5,7],[-6,22],[3,10],[10,5],[1,7],[-2,12],[1,8],[12,-13],[5,-2],[3,2],[-5,17],[5,5],[9,-13],[9,-7],[6,0],[14,7],[15,8],[5,6],[-2,9],[-23,8],[-3,5],[2,10],[27,13],[7,24],[3,7],[4,1],[5,-25],[5,-7],[5,1],[11,28],[12,12],[5,2],[15,-7],[4,3],[4,23],[6,14],[5,-4],[6,-26],[6,-2],[2,1],[13,11],[5,2],[5,-2],[10,-9],[1,-2],[-13,-7],[-5,-5],[0,-14],[25,-13]],[[7855,3647],[7,29],[-3,4],[-4,24],[-5,11],[-30,24],[-1,7],[-2,1],[4,48],[-9,4],[0,6],[-3,5],[1,5],[13,1],[15,3],[5,37],[7,13],[0,20],[-5,13],[5,7],[13,2],[19,8],[3,17],[3,4],[7,6],[12,1],[5,19],[6,5],[10,3],[6,22],[-15,8],[7,9],[-12,23],[6,31],[-8,9],[-2,18],[-9,2],[2,39],[4,14],[1,17],[-11,0],[0,14],[9,31],[11,11],[11,6],[12,2],[9,6],[-13,17],[-17,12],[-10,43],[7,7],[-8,18],[-8,11],[-14,30],[-7,24],[0,7],[5,16],[12,14],[6,0],[13,27],[17,-8],[6,-1],[4,2],[6,-3],[-4,-9],[2,-19],[6,-10],[31,-1],[11,-5],[7,-9],[1,-13],[20,2],[5,-12],[15,-7],[19,-1],[7,-5],[4,-9],[9,3],[18,-1],[10,12],[8,1],[10,-3],[19,-17],[7,2],[6,6],[13,-6],[7,4],[20,-14],[23,3],[2,-12],[33,5],[8,13],[42,-2],[42,7],[12,-1],[8,-31],[5,5],[1,-9],[5,-8],[30,2],[2,8],[-4,22],[11,-5],[21,-6],[3,-6],[11,-2],[5,3],[0,19],[-2,6],[6,2],[7,11],[8,-1],[-5,-17],[3,-16],[-4,-16],[4,-8],[5,1],[7,8],[9,0],[7,-6],[-1,-11],[16,-13],[9,-2],[10,1],[5,-9],[4,3],[2,14],[-2,28],[-8,8],[-33,19],[0,4],[13,5],[-12,5],[8,5],[5,-1],[17,-13],[1,3],[6,0],[0,7],[2,2],[18,-3],[22,9],[6,0],[7,-3],[4,-9],[5,2],[10,-10],[13,0],[24,14],[19,19],[6,-5],[0,-11],[17,-18],[8,10],[20,4],[9,11],[5,25],[5,12],[18,-10],[4,3],[-1,23],[-2,8],[-3,25],[7,8],[-4,13],[7,21],[1,45],[10,9],[21,-9],[3,7],[-8,11],[6,14],[8,-8],[5,0],[0,5],[3,5],[2,19],[16,4],[14,-9],[9,9],[14,-2],[10,-5],[6,-6],[17,-26],[29,9],[8,0],[5,-3],[6,-14],[3,-14],[22,12],[-16,30],[2,4],[10,6],[9,8],[21,7],[6,5],[-6,2],[5,28],[6,1],[38,28],[-3,36],[-11,40],[-12,55],[-41,41],[9,5],[12,-3],[22,3],[-1,3],[10,34],[-9,18],[-2,17],[-23,10],[-4,5],[-1,9],[13,19],[12,-2],[21,2]],[[9047,4967],[3,-2],[6,-29],[23,-8],[18,0],[14,-5],[11,-7],[19,8],[5,-9],[6,5],[3,-20],[13,-4],[5,0],[7,19],[30,-14],[4,-11],[6,-10],[13,-4],[-28,-37],[1,-16],[-5,-4],[-5,6],[-7,-7],[-3,0],[-9,-13],[2,-4],[14,-3],[5,9],[6,-1],[3,-4],[-9,-8],[10,-15],[12,-4],[12,-12],[-2,-13],[-4,-4],[-9,14],[-2,-3],[0,-6],[-2,-1],[-4,3],[-5,-2],[-3,-19],[8,2],[5,-5],[3,-6],[-3,-4],[-5,-1],[-2,-3],[5,-58],[-6,-26],[2,-7],[5,-1],[8,8],[27,6],[20,-18],[1,13],[7,-3],[10,-10],[0,-30],[8,-7],[1,-8],[-7,-15],[11,-1],[0,-13],[14,-16],[11,-10],[8,-10],[3,-7],[-2,-16],[21,-14],[16,-5],[5,10],[12,6],[0,-11],[9,-3],[10,-22],[9,-9],[10,-8],[20,-5],[1,-7],[-6,-15],[0,-10],[4,-8],[12,0],[9,22],[7,0],[4,-7],[5,-8],[10,13],[7,-11],[4,-14],[7,2],[4,-15],[-3,-13],[-9,-14],[-3,-10],[4,-43],[7,-5],[0,-8],[-9,-9],[2,-14],[7,-13],[-3,-2],[-2,4],[-3,-5],[-1,-10],[-3,-2],[-5,9],[-9,-2],[0,-13],[10,-2],[5,-13],[22,3],[-13,-16],[-8,1],[-9,-2],[-5,-17],[-3,-15],[4,-4],[6,-16],[-2,-6],[4,-9],[-10,-10],[-13,-7],[3,-5],[9,-4],[8,1],[-2,-7],[-15,-13],[0,-10],[-10,-5],[-11,3],[2,-13],[16,-26],[-9,-16],[6,-8],[11,-2],[9,-6],[-6,-11],[-4,4],[-8,-6],[2,-6],[-7,-13],[6,-9],[16,-13],[-4,-29],[6,-11],[7,-3],[7,6],[6,-3],[4,-8],[10,-2],[5,-4],[-2,-9],[19,-28],[4,-11],[-8,-14],[-2,-7],[5,-3],[10,-1],[3,-3],[-6,-6],[-3,-16],[0,-21],[4,-29],[-9,2],[-8,14],[-12,-5],[-6,8],[-7,-1],[0,-11],[-6,0],[-9,8],[-11,4],[4,15],[-8,4],[-6,-21],[-8,1],[3,8],[-17,20],[-10,16],[-11,1],[-4,6],[7,14],[-8,9],[-8,-17],[-1,-16],[2,-17],[-11,4],[-12,8],[-12,14],[-3,17],[-9,24],[14,15],[1,5],[-1,5],[-3,2],[-28,-5],[-6,9],[-10,22],[-17,15],[-7,-5],[-19,-6],[-9,2],[-9,-1],[-16,4],[-3,-2],[-9,-14],[-8,3],[-3,-3],[0,-17],[-1,-5],[-12,1],[-10,-15],[7,-17],[-7,-7],[4,-12],[-9,-1],[-3,-9],[-6,2],[-2,16],[-14,8],[-5,14],[-13,-4],[3,-8],[2,-24],[-23,-8],[-3,-18],[-10,-11],[-6,-23],[0,-25],[6,-23],[1,-7],[-1,-8],[-26,9],[-2,-10],[-32,-2],[0,-17],[-12,0],[-4,-4],[3,-18],[-5,-7],[2,-13],[-8,-7],[-2,-10],[-3,-6],[-22,-11],[-3,2],[-17,22],[-10,1],[-2,10],[-12,10],[-10,-13],[-4,-24],[-6,-24],[-13,0],[-8,-14],[10,-18],[3,-11],[-3,-10],[-2,-5],[-4,-4],[-8,1],[-4,9],[-5,-6],[-1,-15],[9,-1],[6,-4],[-7,-24],[-1,-20],[0,-9],[6,-25],[16,-19],[6,-3],[25,4],[-3,-53],[-5,-31],[-7,-20],[5,-18],[15,-31],[11,-1],[9,5],[19,-14],[19,-19],[17,-29],[4,-4],[19,-11],[20,-3],[2,-15],[4,-10],[3,1],[3,-20],[0,-16],[-4,-31],[-6,4],[-3,-6],[0,-17],[2,-11],[-3,-14],[-4,-4],[-4,0],[-8,4],[-12,-11],[-6,-16],[-4,-15],[-11,-10],[-5,-7],[23,-64],[6,-31],[-1,-12],[-8,4],[-6,11],[-17,12],[-22,11],[-18,20],[-27,7],[0,25],[-4,23],[-1,13],[-3,8],[-1,10],[-28,1],[-13,8],[-64,12],[-20,1],[-26,9],[-2,10],[2,36],[-4,10],[-10,10],[-9,3],[-11,8],[-4,10],[3,20],[9,13],[-7,9],[4,14],[-11,5],[-15,-1],[1,10],[6,1],[0,7],[-51,-2],[-14,-7],[-36,16],[-4,-2],[-12,21],[1,-9],[-7,-15],[-18,14],[-14,-12],[-14,10],[-21,22],[0,6],[-17,13],[-1,13],[14,25],[-15,24],[-2,-5],[1,-9],[-16,-10],[-9,-20],[-39,-10]],[[7003,4220],[3,-8],[11,-8],[1,-5],[17,-9],[1,-23],[3,-6],[13,0],[4,5],[6,1],[8,-7],[3,-11],[-2,-27],[6,-30],[-8,-12],[3,-8],[-1,-10],[4,-7],[5,-3],[4,-8],[12,-9],[-7,-13],[4,-13],[-6,-12],[-12,-34],[1,-13],[-1,-15],[10,-21],[-1,-23],[-2,-4],[-6,-6],[-3,-33],[-12,-13],[-5,-14],[-12,-20],[2,-19],[-1,-12],[9,-29],[-16,-24],[1,-7],[-8,2],[-7,-1],[-14,-4],[5,-9],[12,3],[3,-10],[-1,-21],[-10,2],[-4,-4],[-2,-5],[11,-18],[5,-16],[7,-5]],[[6849,3041],[-12,9],[-17,23],[-19,20],[-39,6],[-32,-1],[-6,-3],[-21,-1],[-13,4],[-3,13],[-18,39],[-9,26],[-5,26],[8,23],[17,27],[11,24],[-2,7],[-5,11],[-9,10],[-10,18],[-9,19],[-1,17],[-11,-4],[-4,13],[4,8],[13,13],[6,13],[2,16],[2,5],[5,43],[-1,17],[-14,24],[-14,13],[-18,12],[-38,37],[-8,19],[-8,36],[1,39],[-5,15],[-11,28],[-5,33],[-4,13],[-16,26],[-8,5],[-14,4],[-15,9],[1,-11],[-3,-20],[-1,2],[-20,9],[-7,-22],[-11,-18],[3,-12],[-3,-10],[-13,-17],[-9,-18],[-5,-20],[-9,-7],[-11,-3],[-2,-14],[-6,-12],[5,-46]],[[5968,4225],[1,13],[-3,29],[4,6],[45,8],[23,1],[9,28],[22,34],[9,21],[4,18],[9,14],[28,33],[11,-1],[12,15],[11,1],[5,4],[6,10],[20,23],[28,-7],[5,21]],[[6217,4496],[5,-2],[2,2],[2,3],[6,-2],[3,-9],[-1,-7],[-8,-12],[6,-5],[3,2],[2,1],[3,-3],[-5,-27],[5,-7],[5,10],[2,5],[3,-3],[4,-9],[9,-12],[0,-6],[0,-1],[-4,-5],[3,-5],[25,-19],[-1,17],[6,-1],[5,-7],[7,-2],[0,1],[4,7],[2,14],[4,-10],[-2,-17],[-3,-11],[-13,-17],[12,-4],[-2,-14],[2,-4],[9,3],[4,0],[3,-3],[-2,-12],[7,-19],[-2,-5],[11,2],[2,-3],[-1,-3],[2,-5],[4,-6],[-10,-12],[2,-6],[15,12],[3,-4],[-11,-16],[-4,-7],[4,-19],[1,-16],[8,6],[0,1],[2,-2],[1,-16],[1,-3],[2,-4],[0,-5],[15,-16],[1,-14],[23,2],[3,-1],[2,-6],[3,-15],[3,-8],[11,2],[16,-12],[8,0],[20,-5],[5,8],[2,7],[5,2],[5,-6],[5,-9],[17,16],[4,-2],[8,-11],[7,-20],[4,-2],[12,9],[4,0],[12,-3],[16,-10],[9,-11],[3,4],[-1,5],[-12,32],[6,11],[-4,5],[10,20],[19,1],[9,4],[7,10],[8,3],[15,2],[19,9],[10,1],[13,16],[8,16],[21,-3],[5,-7],[-1,-17],[6,-3],[0,-9],[4,-15],[10,-7],[4,-1],[3,16],[7,9],[6,-6],[4,10],[-2,5],[6,17],[-2,6],[4,7],[5,4],[24,12],[5,-1],[6,-8],[1,-4],[5,-19],[4,3],[5,11],[-2,4],[-6,4],[-5,3],[0,19],[8,9],[14,10],[4,12],[-2,10],[20,-6],[5,-3],[5,-13],[15,-17],[-3,-13],[2,-10],[11,-10],[9,-5],[6,-1],[7,1],[6,8],[0,-9],[10,-22],[-4,-6],[-1,-16],[29,-4],[18,8],[16,12],[12,5],[10,21]],[[9046,5125],[-4,30],[-13,14],[-9,33],[4,3],[3,6],[8,5],[-2,12],[-14,13],[1,5],[14,-4],[5,17],[6,5],[0,41],[0,29],[18,38],[12,25],[4,15],[2,9],[3,13],[0,16],[1,20],[3,10],[-4,17],[6,14],[6,25],[32,34],[0,6],[-10,1],[-1,12],[5,12],[9,15],[-11,21],[1,13],[5,13],[1,2],[3,14],[-6,-1],[-13,-33],[-7,-1],[-6,6],[-21,-8],[-14,0],[-11,14],[10,5],[-17,9],[-11,-10],[-10,-2],[-32,7],[-9,-11],[-8,-5],[-10,-12],[-13,0],[-8,-5],[-2,26],[1,15],[-10,7],[-26,5],[2,-10],[-3,-7],[-43,7],[-6,12],[-15,-7],[-1,19],[-6,9],[-13,-4],[-3,8],[-10,4],[-8,-28],[-12,-1],[-9,-13],[-29,-3]],[[8692,6536],[9,0],[-2,39],[54,33],[2,20],[-1,39],[30,0],[13,-21],[30,-4],[5,-11],[9,-21],[5,-15],[10,-6],[12,-8],[3,10],[2,16],[4,8],[15,1],[5,-3],[4,-19],[4,-12],[9,2],[16,2],[4,4],[-2,17],[8,8],[9,10],[1,16],[4,10],[3,13],[-1,11],[-1,13],[-1,10],[-2,8],[-1,10],[4,4],[8,7],[-1,9],[4,5],[10,3],[5,7],[-5,15],[13,2],[20,-13],[21,-12],[18,-21],[12,-11],[-3,-29],[20,-8],[22,-7],[3,13],[1,13],[2,5],[2,1],[6,1],[7,3],[4,3],[2,3],[2,9],[-4,4],[-4,4],[0,4],[1,9],[-2,3],[-1,9],[3,2],[7,2],[2,4],[-2,7],[13,7],[32,18],[8,31],[21,-27],[7,-19],[12,-39],[-21,-29],[26,-4],[13,-1],[8,-1],[5,-3],[1,-7],[-3,-11],[-5,-11],[-8,-5],[-3,-6],[4,-4],[6,-3],[6,-4],[2,-2],[1,-16],[1,-10],[3,-5],[6,-3],[5,1],[42,-38],[24,-24],[9,-4],[8,0],[5,-3],[8,-2],[8,-3],[6,-1],[3,-2],[5,1],[-1,-9],[0,-9],[1,-11],[1,-9],[-2,-12],[1,-10],[-2,-3],[4,-10],[2,-7],[5,-4],[3,-9],[22,-24],[20,-7],[22,8],[4,26],[-1,19],[1,22],[13,23],[19,17],[25,26],[31,44],[20,29],[23,37],[10,36],[-5,15],[-8,8],[14,18],[10,18],[-5,16],[-4,12],[8,23],[-2,23],[-6,23],[-6,15],[-3,20],[13,24],[5,28],[-7,23],[9,12],[5,6],[-1,-10],[6,-2],[5,-15],[9,0],[17,-31],[18,-23],[11,5],[7,-8],[8,-2],[5,17],[6,1],[9,-3],[4,9],[16,9],[2,39],[4,9],[5,-3],[6,-11],[10,-6],[2,11],[-1,8],[7,18],[6,4],[10,0],[12,-2],[5,-6],[0,-9],[5,0],[5,3],[2,-7],[5,-7],[14,2],[2,7],[-9,2],[-3,6],[6,3],[9,0],[8,14],[-4,7],[-10,7],[3,20],[13,-12],[19,-4],[-1,-39],[5,-21],[-15,-18],[-15,-9],[-24,-27],[0,-15],[-14,2],[-12,-8],[-15,-24],[-14,-19],[0,-11],[8,-6],[-1,-10],[18,-7],[4,-33],[42,-7],[5,8],[-9,6],[1,10],[26,-4],[0,-13],[-10,-16],[-12,-4],[19,-30],[9,-27],[10,-3],[5,10],[14,0],[10,-32],[7,-16],[15,-9],[7,-8],[5,-15],[5,-5],[1,-11],[-11,-9],[-15,2],[-40,-60],[-10,-7],[-3,-12],[5,-16],[12,-29],[11,-4],[4,6],[12,0],[8,-5],[13,17],[12,4],[5,-7],[8,-5],[16,-53],[16,-9],[4,-10],[-6,-8],[-11,-6],[-8,-9],[4,-20],[-4,-13],[-6,-9],[-8,-6],[-6,6],[-2,13],[-7,-1],[-8,4],[-6,-11],[-4,-13],[-5,-7],[-11,-4],[-7,-31],[-11,-10],[-5,-24],[-5,4],[-5,12],[-10,-20],[0,-22],[-4,-23],[-8,-3],[-4,-8],[-8,-2],[-1,-10],[-6,-5],[-15,-2],[-19,-16],[-10,2],[-12,-1],[-13,-40],[-20,-13],[-8,1],[-9,-2],[-28,-13],[-8,-10],[0,-12],[-7,-6],[-3,-20],[6,-19],[-6,-8],[-9,-5],[-10,1],[-1,3],[-12,0],[-16,-6],[4,-6],[4,-3],[-15,-19],[-5,-2],[-7,-12],[-10,-18],[-8,0],[-8,-10],[-4,-16],[0,-11],[-12,-6],[-17,-22],[4,-12],[-7,-8],[-3,-9],[-6,5],[-7,-3],[-10,-8],[-13,-7],[-8,9],[-4,10],[-11,-3],[-7,3],[-10,-13],[3,-10],[-10,-9],[-4,-14],[-19,-22],[-11,-3],[-2,-17],[8,-19],[-4,-6],[-12,7],[-16,-9],[-6,4],[-15,21],[-13,33],[-14,-20],[-11,5],[-11,-7],[-1,-10],[10,-3],[0,-26],[5,-7],[-6,-16],[-22,-9],[3,-10],[18,-1],[16,-11],[-12,-38],[-23,-2],[-6,-9],[-1,-9],[7,-6],[-1,-12],[10,-7],[6,-9],[8,0],[1,-14],[4,-7],[-8,-11],[-8,6],[-9,2],[-18,-3],[-15,5],[-11,0],[-2,-15],[3,-9],[-7,-19],[-7,-5],[-18,9],[-1,15],[-11,9],[2,25],[-9,10],[-34,-35],[-7,2],[-6,-16],[-2,-10],[-7,-1],[-18,-17],[3,-25],[-5,-7],[-24,2],[-28,-35],[-14,-1],[-2,-10],[1,-27],[-6,-29],[4,-10],[-15,-57],[-5,-28],[-7,1],[-3,-12],[1,-15],[7,-36],[3,-24],[-1,-5],[-11,-11],[3,-16],[-1,-11],[-5,-11],[2,-8],[7,-8],[-2,-10],[5,-8],[-6,-11],[-7,-1],[-11,5]],[[5979,3174],[15,-35],[13,-14],[17,-14],[10,-1],[16,13],[9,5],[11,6],[20,-2],[11,-9],[7,-16],[6,-27],[29,-93],[10,-53],[-9,-44],[-15,-69],[-9,-41],[1,-30],[0,-48]],[[5202,2302],[-4,22],[0,23],[3,10],[6,8],[1,8],[-1,13],[8,6],[10,6],[14,-2],[5,5],[1,8],[-4,33],[2,7],[4,4],[4,3],[20,6],[12,8],[10,10],[4,7],[2,11],[-4,20],[0,18],[1,11],[5,18],[1,14],[-1,17],[0,33],[2,49],[3,11],[10,9],[27,15],[4,5],[4,6],[5,15],[-1,20],[-9,36],[-13,33],[-14,29],[-17,30],[-16,28],[-4,16],[-4,26],[-8,20],[-7,13],[-19,5],[-29,1]],[[5215,2996],[14,14],[-4,11],[-5,8],[-16,12],[-21,22],[-2,12],[5,12],[-1,24],[5,13],[-4,26],[3,13]],[[5189,3163],[2,14],[12,-6],[11,15],[13,1],[11,3],[0,14],[6,17],[-4,16],[3,16],[21,2],[14,-2],[22,-12],[60,-19],[14,-9],[28,-22],[1,-13],[2,-3],[4,6],[6,-4],[-1,-14],[12,-3],[11,1],[0,17],[3,15],[14,9],[0,32],[10,41],[-4,9],[16,11],[4,6],[8,6],[4,-18],[9,-4],[7,2]],[[7553,5209],[-17,2],[-23,15],[-3,-3],[-3,-6],[-1,-6],[1,-12],[-4,-12],[-4,-5],[-5,-2],[-8,6],[-6,2],[-8,0],[-4,-3],[-1,15],[-9,6],[-7,-4],[-4,-6],[-5,-14],[1,-8],[-12,-6],[-5,-6],[-11,-4],[-7,-5],[-12,3],[-7,-1],[-18,-4],[4,-24],[14,-36],[7,-13],[5,-17],[8,-20],[5,-12],[12,-22],[4,5],[1,-12],[6,2],[10,14],[4,-5],[6,-20],[3,-38],[-2,-10],[-5,-11],[-11,-7],[6,-7],[4,-9],[0,-7],[10,-17],[7,-16],[2,-15],[1,-29],[-3,-11],[-1,-16],[-10,-17],[1,-13],[-1,-7],[-4,-5],[-6,3],[-9,8],[-5,1],[-4,-10],[0,-13],[7,-27],[-5,-10],[0,-18],[-3,-14],[-10,-21],[-2,-57],[0,-6],[-7,-47],[7,-19],[4,-6],[7,-4],[1,-16],[8,-27],[9,-13],[9,-11],[8,5],[9,-2],[1,-13],[13,-31],[9,-36],[-3,-18],[-8,-18],[-5,-15],[-7,-13],[-19,-2],[-3,-8],[3,-15],[-4,-24],[9,-24],[5,-24],[9,-19],[13,-18],[0,-27],[-4,-20],[-1,-29],[5,-16],[21,-26],[8,-15],[-1,-9],[4,-36],[-16,-86],[1,-10],[4,-7],[-3,-12],[4,-8],[6,-6],[9,9],[5,1],[13,-20],[6,-2],[6,5],[8,15],[25,-4],[6,-6],[3,-9],[1,-16]],[[7003,4220],[5,7],[4,14],[-11,13],[-5,10],[2,14],[3,1],[7,-3],[11,3],[14,26],[4,3],[9,-6],[8,0],[4,7],[1,8],[1,19],[13,7],[16,3],[17,-14],[10,4],[-5,27],[-6,14],[0,20],[24,34],[3,14],[9,15],[-3,16],[-10,24],[-10,5],[-30,6],[-7,8],[-4,8],[3,13],[4,9],[13,-13],[8,1],[2,4],[2,10],[-6,6],[-13,4],[15,40],[2,17],[-15,11],[2,14],[5,15],[7,12],[4,16],[-1,14],[-7,9],[-7,51],[34,13],[-5,11],[-2,9],[-7,2],[-19,35],[-1,15],[-5,9],[3,20],[-8,-6],[-1,-1],[-6,36],[2,11],[-11,9],[-1,5],[2,2],[3,4],[-3,3],[-4,-1],[-16,-6],[-12,-2],[-7,3],[-24,16],[-13,-10],[-22,-25],[-8,-5],[-21,-5],[-16,6],[-10,0],[-15,1],[-14,-15],[-28,7],[-11,7],[-4,13],[-5,3],[-7,0],[-9,-4],[-12,1],[-4,10],[-12,60],[0,18],[-5,30],[-28,-10],[-1,15],[2,29],[-6,7],[-1,19],[14,32],[-4,5],[-17,1],[-13,-3],[-4,-5],[-4,-15],[-14,2],[-29,-23],[-4,0],[-9,10],[-3,6],[-12,0],[-3,6],[-2,20],[-8,17],[-6,6],[-5,1],[-7,-3],[-5,1],[-1,10],[7,18],[6,10],[15,18],[3,13],[-4,2],[-10,-1],[-15,5],[-7,7],[-9,13],[2,23],[-6,23],[2,7],[2,15],[3,33],[7,10],[8,5],[14,1],[8,12],[3,10],[5,27]],[[6655,5418],[15,-10],[13,0],[23,-10],[17,2],[7,7],[15,3],[1,22],[19,7],[-3,19],[3,10],[6,10],[-4,14],[5,30],[7,17],[18,18],[19,49],[7,14],[7,7],[7,28],[15,41],[14,3],[15,-20],[29,-22],[-2,-13],[17,-10],[4,-16],[23,0],[24,29],[9,9],[14,1],[10,11],[10,5],[23,-2],[7,-6],[5,-8],[4,-13],[6,-8],[25,-7],[23,-12],[21,-1],[25,-7],[55,-9],[23,-7],[23,4],[85,-47],[17,-10],[23,-6],[10,12],[12,8],[8,13],[5,2],[8,0],[11,-7],[12,-12],[20,-33],[5,2],[7,9],[6,3],[7,-2],[6,-5],[11,-18],[7,-2],[10,3],[18,0],[23,-8],[6,1]],[[6836,6654],[-26,-14],[-9,-46],[-8,-16],[-3,-13],[0,-21],[-14,-12],[-3,-17],[1,-5],[8,-10],[-10,-2],[-2,-6],[4,-18],[-4,-4],[-7,4],[-24,3],[-7,-6],[-9,2],[-6,-6],[0,-10],[-14,1],[-14,9],[-11,-3],[-2,-11],[-17,-7],[-13,-15],[-2,-16],[-8,-11],[-7,-23],[0,-13],[-8,-5],[-21,13],[-3,2],[-4,-1],[-6,9],[-13,3],[-12,-1],[-1,-22],[-17,0],[-14,-9],[-6,-25],[-23,-7],[-11,-33],[-8,-11],[-29,-2],[-18,-8],[-11,-23],[-12,-47],[-5,-6],[-20,0],[-8,-23],[-3,-17],[1,-23],[28,-2],[1,-6],[-3,-15],[5,-18],[2,-32],[-4,-27],[-5,-10],[-7,-3],[-16,9],[-8,-5],[-2,-12],[-13,-3],[-29,4],[-5,-11],[-14,-5],[-14,-1],[-11,2],[-8,4],[-6,24],[-9,7],[-8,-16],[-4,-21],[0,-9],[4,-12],[-16,-26],[-7,-5],[-33,8],[-5,6],[-3,17],[-7,-2],[-3,-12],[14,-21],[3,-26],[-9,-11],[-4,-7],[0,-25],[18,-4],[11,-5],[0,-22],[22,-9],[1,2],[1,3],[-2,8],[2,6],[3,4],[5,1],[4,-4],[-4,-13],[0,-7],[7,-2],[16,4],[9,18],[1,17],[5,5],[6,-4],[6,-30],[5,-11],[13,-12],[0,-8],[10,-7],[21,5],[10,14],[17,9],[13,2],[6,23],[6,4],[3,-3],[3,-14],[15,-6],[19,-11],[6,-9],[2,-11],[0,-11],[-8,-14],[-5,-19],[-10,-10],[-4,-13],[-19,-22],[-26,10],[-14,9],[-26,-5],[-12,-4],[-11,-8],[-6,-17],[-1,-15],[-8,-7],[-8,-3],[-7,-25],[-11,-4],[-6,-13],[-1,-14],[-5,-9],[0,-14],[-2,-10],[-3,-8],[-11,-10],[4,-5]],[[6241,5562],[-10,-29],[-2,-14],[-6,-8],[-15,1],[-9,-8],[-12,-19],[-2,-11],[-2,-6],[-45,-2]],[[4914,6667],[2,11],[-3,3],[0,1],[5,3],[7,11],[-1,4],[-8,7],[-14,6],[-12,12],[-4,28],[-4,16],[0,7],[4,7],[5,1],[9,-2],[9,-5],[22,-29],[3,6],[35,-24],[2,10],[11,7],[6,-1],[3,24],[15,4],[-1,20],[-4,-1],[-6,4],[-2,3],[2,5],[-8,7],[-4,-2],[-13,3],[-5,4],[-10,0],[4,-7],[-3,-9],[-6,3],[-5,-7],[-11,2],[-4,4],[-8,2],[-1,9],[5,1],[1,4],[-2,6],[-5,8],[-20,2],[-2,23],[10,3],[8,18],[6,9],[0,5],[-4,4],[0,6],[6,5],[13,16],[6,-1],[6,-6],[13,3],[0,-28],[-2,-10],[-5,-8],[-1,-15],[16,-1],[5,5],[2,6],[0,9],[5,5],[4,17],[14,0],[-1,7],[-6,6],[6,8],[3,13],[13,10],[2,6],[8,11],[7,17],[1,17],[-17,26],[-15,3],[-8,12],[7,23],[2,16],[-4,4],[-2,4],[7,7],[5,12],[6,26],[-8,18],[15,14],[-6,21]],[[5015,7181],[1,-1],[9,-1],[6,0],[7,1],[0,7],[0,10],[-1,9],[1,6],[5,-2],[6,-2],[5,-2],[11,-1],[1,0],[5,-1],[5,-3],[6,-4],[3,-12],[1,-8],[2,-9],[1,-5],[1,-10],[1,-7],[-1,-9],[-5,-8],[-5,-10],[-5,-11],[-2,-11],[-1,-11],[2,-7],[5,-2],[3,-2],[6,0],[4,2],[2,1],[6,6],[5,6],[6,6],[10,10],[3,4],[5,5],[5,11],[7,0],[4,-8],[5,2],[4,8],[2,9],[1,9],[6,7],[7,3],[5,2],[3,4],[1,10],[2,6],[7,5],[7,4],[4,3],[4,9],[5,1],[6,4],[7,2],[7,3],[3,4],[3,6],[2,2],[3,-5],[4,-1],[3,8],[6,1],[6,-8],[5,0],[4,4],[2,8],[0,8],[1,7],[4,4],[6,4],[2,5],[1,9],[0,10],[1,12],[1,11],[2,10],[2,7],[3,9],[7,7],[8,6],[8,4],[7,9],[8,4],[9,-2],[6,-6],[7,-1],[8,-2],[10,-1],[9,3],[3,1],[3,0],[8,-1],[8,-1],[7,0],[3,3],[2,10],[7,4],[11,6],[9,8],[7,1],[9,-1],[9,-5],[8,-4],[12,-4],[10,-5],[11,-3],[10,-1],[7,0],[8,-15],[2,-12],[5,-2],[10,-7],[9,-10],[11,-7],[8,-4],[0,-1],[15,-9],[4,-5],[12,-7],[12,-6],[9,-5],[6,-5],[15,-1],[10,2],[5,-5],[2,-16],[-5,-17],[-2,-24],[4,-12],[2,0],[2,0],[7,6],[6,7],[10,3],[10,7],[5,5],[7,2],[6,-1],[11,8],[4,4],[4,-12],[8,0],[3,2],[13,0],[9,1],[5,-4],[-2,-8],[5,-9],[1,-7],[1,-14],[-2,-13],[5,-7],[10,4],[4,-2],[8,-5],[8,-4],[4,-4],[7,-4],[11,1],[8,0],[6,1],[5,1],[2,2],[-1,10],[0,9],[5,5],[10,10],[2,5],[4,10],[5,8],[13,11],[9,2],[11,4],[14,3],[12,0],[8,-4],[14,-5],[13,-2],[9,8],[12,10],[8,3],[12,-1],[10,0],[15,-2],[14,-2],[19,-5],[-1,-8],[-3,-11],[-1,-13],[4,-1],[15,-1],[12,-3],[17,-7],[17,-7],[9,-6],[13,-4],[20,-6],[3,-7],[1,-3],[-1,-18],[8,-5],[11,-5],[13,-6],[13,-7],[15,-8],[16,-7],[16,-4],[9,-4],[14,-4],[10,-7],[13,-12],[10,-11],[11,-10],[10,-8],[13,-11],[15,-14],[10,-10],[12,-5],[17,0],[13,7],[9,2],[15,-3],[9,-3],[14,-18],[11,-15],[4,-10],[2,-18],[4,-19],[6,-10],[12,-20],[10,-17],[7,-7],[11,-4],[20,-7],[14,-6],[16,-9],[15,-6],[6,2],[8,-6],[7,-11],[7,-7],[7,-6],[1,-14],[1,-7],[5,-9],[7,-5],[13,-7],[12,-5],[12,-5],[13,-5],[10,-4],[35,-14],[15,-6],[6,-3],[9,-5],[-1,-12],[4,-10],[8,-10],[10,-6],[12,-2],[13,-3],[6,-7],[3,-5]],[[4806,5607],[-15,-13],[-6,3],[3,-10],[8,-15],[0,-12],[-4,-20],[0,-9],[7,-4],[0,-4],[-6,0],[-10,-12],[-2,-7],[-9,-38],[-15,9],[-7,-19],[-4,-21],[-8,-22],[-7,-2],[-3,5],[-3,-2],[-17,-2],[-3,-10],[-10,-14],[-9,-6],[-8,-26],[-8,-6],[-1,-7],[-10,-3],[-29,6],[-5,-10],[-1,-11],[-4,-31],[6,-14],[2,-13],[11,-6],[1,-10],[3,-12],[-11,-13],[-6,-35],[3,-22],[7,-16],[14,-13],[-6,-18],[-2,-29]],[[4642,5093],[-25,-11],[-4,8],[-20,10],[-6,-3],[-14,-1],[-8,-4],[-6,-13],[-8,0],[-5,-4],[-14,2],[-3,11],[-6,-3],[-2,-3],[-3,-1],[-9,6],[-9,1],[-3,-10],[-6,-37],[-8,-3],[-29,10],[-9,34],[-20,-10],[-23,-33],[-6,-12],[-9,2],[-10,9],[-16,2],[-6,36],[-12,13],[-26,21],[-16,10],[3,-19],[-6,-10],[-12,2],[-9,-5],[-12,5],[-9,-1],[-12,14],[0,7],[-8,3],[-3,12],[-11,16],[-25,5],[-4,8],[-7,-5],[-1,-11],[-12,-16],[-16,0],[-11,-18],[-34,6],[-2,7],[-9,3],[0,17],[-21,-1],[-30,29],[-11,4],[-25,-9],[-10,-13],[-10,-1],[-20,9],[-16,-7],[-15,17],[-1,10],[5,4],[6,17],[-3,19],[7,18],[1,26],[12,33],[-15,16],[-16,21],[-11,22],[-1,5],[-6,-1],[-9,13],[-31,-2],[-12,-3],[-9,6],[-15,5],[-4,-3],[0,-5],[1,-20],[-4,-12],[-10,7],[-5,-6],[-20,-2],[-3,1],[-8,-1],[-4,9],[-5,2],[-13,0],[-14,-11],[-9,3],[-11,20],[-25,4],[-11,-5],[-11,0],[0,-5],[-4,3],[0,-6],[-17,-1],[1,-19],[2,-25],[-3,-19],[-13,8],[-16,1],[-12,-3],[-28,16],[-14,-4],[-1,-16],[7,-16],[-4,-12],[-11,-1],[-10,2],[2,-12],[-2,-4],[-5,2],[-7,8],[-10,3],[-7,-14],[-8,-10],[-10,17],[-10,-8]],[[3509,5243],[-13,19],[-6,12],[-1,18],[-11,5],[-19,1],[-16,-3],[-16,-11],[-13,4],[-22,39],[-15,26],[-8,17],[-12,-1],[-12,-25],[-9,-7],[-6,-7],[0,-2],[-1,-2],[0,-2],[-1,-2],[-1,-2],[0,-1],[-1,-2],[-1,-1],[-1,-2],[-1,-1],[-1,-1],[-1,-1],[-2,0],[-1,-1],[-1,0],[-2,-1],[-1,0],[-2,0],[-1,1],[-2,0],[-1,1],[-2,0],[-2,1],[-2,2],[-1,1],[-2,2],[-1,1],[-2,3],[0,2],[-1,2],[-1,2],[0,3],[-6,25],[-11,5],[-29,22],[2,11],[-5,13],[2,9],[-5,5],[6,29],[-10,9],[15,30],[12,5],[2,12],[7,20],[-5,28],[0,58],[-7,3],[-11,9],[2,5],[14,12],[5,11],[-5,2],[-7,9],[-2,29],[-32,44],[-14,14],[-8,19],[-2,13],[-4,19],[0,21],[9,14],[8,40],[-11,7],[-6,13],[-6,29],[-10,11],[-3,19],[-14,36]],[[3121,6114],[11,15],[5,42],[18,57],[10,46],[11,30],[2,13],[11,-8],[24,17],[71,1],[37,-7],[14,1],[21,27],[15,1],[19,-6],[10,-11],[4,-12],[8,-15],[6,-1],[5,5],[15,28],[0,6],[4,5],[18,10],[3,16],[29,7],[6,-2],[14,-24],[6,-15],[9,5],[9,-25],[10,5],[4,-2],[7,0],[9,-9],[13,10],[4,-4],[9,-18],[8,-10],[15,6],[9,-4],[3,2],[-1,4],[5,0],[4,-2],[5,-12],[7,3],[3,14],[7,8],[2,6],[7,-1],[6,-16],[3,-2],[13,5],[5,6],[5,27],[3,4],[4,3],[8,-2],[9,4],[-6,7],[6,21],[5,-3],[4,6],[8,-2],[6,-9],[3,-13],[6,-5],[0,-31],[2,-7],[0,-20],[3,2],[2,7],[-2,27],[2,11],[4,-4],[2,-5],[2,-13],[1,-31],[4,-4],[1,5],[1,31],[5,-6],[2,-11],[0,-31],[-4,-4],[-16,-4],[-8,2],[1,-9],[9,-14],[7,-5],[3,1],[14,21],[2,-3],[-2,-9],[-13,-31],[0,-6],[4,-1],[12,32],[6,3],[19,-8],[3,26],[5,0],[15,-6],[2,1],[1,5],[-7,9],[-1,6],[6,2],[6,-3],[4,-6],[1,-14],[21,4],[3,-8],[6,-4],[8,0],[2,3],[5,-3],[1,17],[-7,0],[-3,3],[-2,14],[3,68],[11,3],[6,-8],[12,-4],[5,21],[-4,-2],[-4,4],[-9,17],[-5,4],[-9,3],[-10,-6],[-9,3],[-2,-8],[-5,3],[-10,16],[-1,9],[-3,6],[-13,9],[-7,-1],[-5,-9],[-9,3],[-3,8],[1,33],[3,9],[5,7],[22,-5],[14,5],[1,-8],[10,-23],[0,-8],[10,-12],[4,-12],[13,0],[6,8],[11,-3],[10,-8],[13,2]],[[3938,6402],[-1,-10],[4,1],[7,9],[3,13],[4,1],[17,-30],[11,13],[9,3],[17,-8],[21,10],[2,-14],[-3,-20],[1,-13],[6,-11],[9,-11],[4,6],[-3,11],[-1,22],[3,12],[9,-7],[0,9],[9,-1],[8,-17],[8,-3],[-5,20],[9,1],[11,7],[20,-15],[10,-38],[1,-14],[-2,-13],[1,-15],[6,-12],[7,-7],[12,-5],[7,-1],[4,2],[-5,17],[-3,20],[-14,8],[7,6],[11,-9],[13,-35],[6,24],[15,0],[14,-42],[-3,-9],[-13,2],[-11,8],[-4,-2],[-1,-9],[2,-6],[6,-10],[-16,-7],[-6,-10],[-2,-11],[1,-15],[5,-9],[4,3],[9,33],[7,5],[8,-2],[6,-7],[-4,-2],[-6,2],[-5,-2],[4,-12],[0,-10],[5,-8],[0,-11],[4,-16],[21,41],[2,10],[12,14],[-4,-32],[1,-8],[-10,-17],[1,-2],[19,11],[14,20],[5,0],[-8,-30],[4,-7],[19,62],[8,0],[5,5],[5,24],[8,3],[6,31],[-1,12],[-4,11],[8,7],[3,17],[8,4],[-7,15],[3,4],[11,0],[3,6],[6,1],[3,37],[4,1],[2,4],[2,14],[8,-5],[5,2],[5,7],[5,21],[3,-3],[6,5],[2,23],[-1,16],[5,4],[4,11],[5,1],[25,-18],[8,1],[13,9],[-1,-13],[6,-11],[7,4],[20,-8],[8,9],[7,23],[8,17],[5,-2],[9,2],[8,11],[19,13],[9,-29],[-10,-35],[-9,-20],[0,-6],[13,0],[13,-13],[9,-14],[11,-2],[8,-10],[7,2],[17,-7],[6,-11],[0,-13],[-2,-9],[-6,8],[-2,-16],[1,-5],[5,-3],[3,3],[6,-1],[16,6],[14,-12],[2,-5],[-1,-12],[-10,-22],[5,-7],[16,6],[4,-3],[14,12],[9,-10],[8,4],[7,-9],[6,2],[16,-10],[13,18],[9,1],[17,-8],[11,-24],[2,-13],[9,5],[4,-5]],[[5215,2996],[-17,-16],[-7,-7],[-28,-9],[-15,2],[-19,9],[-3,19],[-8,3],[-7,8],[-13,-2],[-12,1],[-24,-9],[-6,-20],[-8,-7],[-3,-24],[-9,-14],[-11,-1],[-8,6],[-5,19],[-9,0],[-18,11],[-8,1],[-7,-18],[-1,-12],[-4,-4],[-14,-3],[-1,27],[1,25],[11,42],[-1,9],[-21,-19],[-9,-1],[-12,0],[1,58],[-20,5],[-5,-11],[-27,2],[-18,5],[0,29],[-5,10],[-11,3],[-9,-4],[-16,-12],[-29,-8],[-4,-11],[2,-34],[-3,-34],[1,-35],[41,-27],[8,-15],[0,-28],[8,-12],[2,-15],[-2,-10],[-10,3],[-5,-11],[-1,-19],[-8,3],[-23,1],[-6,4],[-11,1],[-2,-38],[1,-26],[12,1],[4,-12],[-5,-7],[-10,-2],[-8,-15],[-6,-34],[-4,-39],[-37,-31],[-12,-4],[-16,0],[-46,24],[-16,0],[-36,-9],[-5,-51],[1,-14],[4,-5],[5,7],[6,16],[8,7],[11,-1],[39,-51]],[[4657,2566],[19,-44],[22,-57],[-7,-11],[-8,-1],[-5,2],[-5,5],[-9,14],[-4,2],[-6,-9],[-1,-17],[-4,-8],[-8,-7],[-14,-18],[-12,-20],[-14,-8],[-8,-13],[-2,-13],[-16,-9],[-11,11],[-8,-2],[-11,-7],[-28,-3],[-4,5],[-6,15],[-5,-6],[-9,-2],[-2,-13],[-5,-13],[-4,-16],[3,-15],[13,-23],[11,-10],[9,-1],[0,-5],[-2,-25],[-9,-2],[1,-18],[-1,-3],[-5,1],[-4,7],[-13,1],[0,17],[-3,3],[-23,-5],[-2,10],[-2,3],[1,11],[-4,34],[-4,0],[-6,-17],[-11,-5],[-58,-1],[-13,-5],[-7,-7],[-55,-45],[-62,-33],[-20,-5],[-23,0],[-5,-5],[-10,-13],[-12,-10]],[[3777,2408],[3,17]],[[3780,2425],[9,7],[6,10],[6,4],[3,11],[-1,30],[-9,13],[-16,42],[3,10],[8,15],[-7,5],[-7,0],[-8,19],[-9,-6],[-8,-1],[-9,-9],[-21,-3],[-12,3],[4,29],[8,23],[-3,18],[0,12],[1,25],[4,17],[7,8],[11,5],[6,2],[12,-1],[0,11],[-6,28],[-5,5],[-15,7],[2,21],[-8,3],[-10,-15],[-5,-4],[-3,0],[0,13],[5,34],[-10,29],[-2,13],[3,5],[11,-1],[1,5],[2,27],[5,8],[8,4],[2,5],[3,22],[-2,13],[-8,8],[-23,12],[-1,20],[12,6],[4,24],[6,5],[27,5],[9,12],[3,10],[5,5],[32,-8],[7,4],[3,17],[-16,8],[-10,1],[-9,-3],[-11,1],[-6,13],[-22,3],[-11,7],[0,17],[11,26],[10,17],[2,8],[-1,14],[-5,15],[-9,16]],[[3733,3209],[2,22],[2,8],[12,19],[2,24],[7,19],[-1,23],[3,9],[0,10],[-4,16],[0,43],[2,20],[-2,11],[-15,12],[-5,8],[2,11],[6,12],[4,20],[16,3],[3,3],[3,10],[4,2],[12,1],[6,18],[4,4],[11,0],[10,-4],[12,0],[9,-9],[5,-22],[7,-2],[13,13],[11,21],[12,-7],[3,-21],[-1,-12],[4,-11],[10,9],[9,2],[8,-1],[8,-9],[4,-2],[0,10],[5,11],[9,-13],[1,-9],[9,-3],[9,-6],[2,-10],[21,13],[3,6],[-3,15],[5,13],[7,-2],[4,-7],[8,3],[16,1],[6,-1],[7,-6],[12,4],[9,8],[8,17],[7,-3],[2,-10],[-2,-10],[20,-5],[4,-8],[3,16],[10,25],[1,19],[6,12],[3,12],[7,8],[12,-12],[4,13],[8,-1],[15,9],[9,2],[2,7],[0,52],[5,24],[28,-2],[19,-16],[19,-26],[10,1],[12,-7],[14,4],[18,-3],[13,-12],[11,-1],[12,6],[4,8],[11,7],[5,-8],[10,-50],[9,-2],[17,7],[12,-12],[8,0],[8,3],[5,9],[7,-6],[6,-1],[1,-19],[17,10],[7,-11],[8,-2],[14,14],[6,-1],[-3,-22],[7,1],[7,13],[6,5],[19,1],[3,-21],[2,-35],[0,-8],[-8,-11],[12,-12],[15,-34],[9,-8],[5,-2],[1,11],[-2,10],[5,9],[6,-2],[11,-19],[16,-2],[25,-9],[0,-26],[5,-11],[11,-4],[6,-10],[-7,-28],[-1,-12],[1,-10],[4,1],[1,11],[10,0],[15,-37],[-18,-18],[-20,-1],[-3,-28],[8,-8],[11,0],[9,2],[-1,-21],[16,-5],[4,-6],[9,5],[5,8],[1,17],[0,21],[-4,11],[2,12],[7,1],[6,5],[6,6],[3,11],[6,3],[13,0],[16,4],[7,26],[20,-7],[5,2],[5,28],[17,-20],[-1,14],[3,14],[10,-1],[8,-25],[-5,-15],[6,-13],[10,1],[5,-18],[1,-19],[16,-4],[3,-18],[4,-11],[5,-9],[14,-13],[9,-3],[3,1],[5,8],[11,-11],[17,7],[11,-9],[0,-11],[7,-8],[5,10],[15,-9],[10,5],[12,-7],[8,-52],[16,-5],[36,3],[17,11],[23,1],[14,6],[4,-43],[18,-2],[12,-7],[16,13],[1,16],[7,17],[5,7],[9,-12],[12,1]],[[5494,1586],[-5,-4],[-10,-3],[-8,-2],[-9,-1],[-6,-11],[-8,-7],[-10,-3],[-6,-5],[-11,4],[-9,-3],[-7,-8],[-13,-43],[-45,-12],[-3,-5],[-6,-30],[-5,-8],[-9,-4],[-11,-2],[-20,2],[-16,7],[-30,18],[-13,13],[-21,27],[-12,24],[-6,26],[-29,48],[5,19],[-24,26],[-28,16],[-20,7],[-24,1],[-30,5],[-9,-2],[-9,-6],[-11,-24],[-4,-15],[-50,13],[-13,6],[-4,-5],[-16,12],[-1,4],[0,14],[-7,12],[-9,7],[-5,1],[-22,14],[-21,9],[-4,-4],[-5,-15],[-5,-25],[-3,-24],[-11,-5],[-4,-37],[-17,-11],[-5,-7],[-2,-17],[-9,-20],[-2,-17],[0,-18],[4,-18],[5,-12],[-6,-24],[-1,-34],[-2,-11],[-10,-13],[-5,-12],[1,-11],[-19,-39],[-15,-22],[-61,-20],[-2,-16],[4,-8],[19,-14],[0,-13],[2,-9],[5,-9],[1,-11],[-6,-32],[1,-12],[5,-7],[1,-10],[3,-15],[6,-17],[7,-35],[-4,-61],[4,-4],[2,-7],[0,-9],[-6,-15],[-11,-18],[-41,-12],[-23,7],[-22,10],[-13,-2],[-14,6],[-2,18],[-19,20],[-14,-1],[-19,9],[-10,9],[-14,-9],[-9,-10],[-5,-17],[-3,-23],[2,-8],[10,-9],[-3,-20],[5,-20],[-8,-10],[-16,-4],[0,-12],[-4,-2],[-4,10],[-17,16],[-10,4],[-4,-2],[-1,-4],[3,-7],[4,-17],[1,-17],[-8,-44],[-5,-12],[-32,-24],[-7,10],[-21,6],[-3,5],[1,14],[-1,22],[-5,3],[-5,9],[0,5],[-6,6],[-10,-4],[-6,5],[-12,-8],[-17,-1],[-31,-27],[-21,3],[-8,-2],[-18,-10],[-12,3],[-33,24],[-9,2],[-7,-2],[-16,-12],[-13,-12],[-11,-6]],[[4657,2566],[21,16],[13,2],[10,6],[8,-1],[8,-4],[7,0],[15,18],[9,5],[22,-16],[4,-12],[-2,-12],[5,-10],[6,7],[9,5],[7,-4],[7,-1],[19,-18],[9,9],[13,4],[12,0],[11,5],[11,23],[5,8],[8,-5],[2,-16],[15,-6],[12,-9],[8,-12],[-6,-15],[5,-19],[-12,-4],[0,-12],[7,-30],[-9,-24],[1,-29],[2,-16],[-8,-24],[3,-16],[-3,-10],[4,-7],[8,-2],[2,-8],[-3,-9],[-5,-5],[-15,-1],[-30,1],[-2,-30],[12,-16],[0,-3],[4,-25],[7,-7],[14,-3],[5,5],[9,0],[-6,30],[2,7],[6,9],[7,0],[15,-5],[-2,-11],[9,-36],[9,-6],[9,-19],[-3,-8],[12,-8],[11,-13],[7,12],[14,31],[9,9],[29,13],[6,-14],[-1,-7],[3,-1],[-5,-5],[1,-7],[0,-1]],[[2893,8400],[-29,-57],[1,-20],[6,-16],[-4,-24],[-13,-3],[-2,-15],[-10,-11],[-16,5],[-14,-5],[-10,-7],[-3,-22],[-9,8],[-8,-22],[-13,6],[-5,-11],[4,-42],[-6,-22],[-13,-12],[-8,25],[-13,-18],[3,-19],[4,-54],[8,-5],[3,-31],[13,-6],[45,-62],[-4,-18],[7,-20],[21,0],[9,-8],[1,-23],[-14,-5],[-13,-19],[10,-10],[15,0],[21,-19],[0,-21],[-18,-46],[-10,13],[-7,-11],[-10,-26],[-4,-21],[2,-55],[-3,-19],[9,-12],[-1,-31],[-33,-18],[-7,-15],[1,-20],[-3,-28],[-15,8],[0,-11],[-28,-45],[-19,-2],[-18,-39],[-15,-23],[-16,-2],[-17,8],[2,30],[-25,5],[-21,-2],[-13,-13],[-14,15],[-10,-18],[6,-18],[-3,-16],[-16,-10],[-2,-13],[-37,-4],[-9,-11],[-15,-13],[-22,-10],[-56,-94],[0,-26],[10,-26],[-1,-23],[-32,-8],[-13,10],[-25,2]],[[2196,7281],[-5,14],[-5,88],[-72,23],[-24,0],[-9,8],[-11,-3],[-15,3],[-23,9],[-5,12],[-10,86],[-15,53],[-11,12],[3,6],[-18,42],[-22,-6],[-17,0],[-14,-21],[-10,-7],[-14,-4],[-9,-6],[-1,-14],[-5,-9],[-10,-7],[-10,5],[-16,27],[-2,17],[-17,37],[22,30],[11,26],[15,53],[2,29],[5,20],[-11,18],[4,19],[-12,3],[8,18],[9,9],[-1,22],[3,22],[-13,42],[-9,12],[-11,6],[-14,16],[-13,1],[-2,7],[-24,-4],[-25,-30],[-14,-4],[-9,0],[-9,-8],[-9,-12],[1,-12],[-3,-11],[4,-10],[-5,-21],[-12,-4],[-23,6],[-14,9],[-38,50],[1,45],[15,11],[-4,7],[2,21],[4,2],[1,12],[-22,-7],[-14,11],[-2,11],[-21,-2],[-4,8],[-7,2],[-11,17],[-3,-17],[4,-4],[-3,-18],[-6,-5],[-8,-26],[-5,-2],[-8,5],[3,10],[-5,9],[-18,-20],[-10,10],[-23,14],[-2,13],[-14,3],[-6,25],[4,6],[-7,14],[-5,-5],[-5,13],[3,3],[11,14],[-4,53],[-4,-4],[-14,1],[-4,7],[4,16],[-4,9],[-13,-5],[-2,5],[-8,4],[3,20],[10,1],[7,-2],[8,17],[-1,11],[5,-1],[7,10],[5,3],[-2,19],[-9,0],[4,38],[-2,4],[-12,7],[5,12],[14,-2],[7,11],[-10,21],[2,6],[-5,11],[-6,8],[-19,18],[11,23],[0,30],[9,19],[1,29],[-10,6],[-9,0],[-14,-6],[-25,28],[-34,23],[-9,22],[1,9],[29,2],[13,28],[10,8],[3,11],[-5,14],[6,5],[4,6],[-13,14],[-6,15],[-12,-3],[-6,-11],[-10,-6],[-10,5],[-5,-4],[-18,-15],[-6,-4],[-14,-2],[-32,-18],[-15,0],[-7,4],[-7,7],[-3,10],[2,29],[-3,15],[-1,11],[3,18],[3,9],[13,12],[6,8],[4,9],[2,9],[-6,21],[1,6],[15,24],[16,37],[4,15],[22,24],[10,16],[1,9],[-12,58],[-5,9],[-24,23],[-6,9],[-2,8],[6,14],[1,7],[0,6],[-5,8],[-13,10],[2,7],[-3,5],[-13,10],[-46,13],[-27,12],[-8,5],[-12,12],[-8,23],[-5,26],[2,28],[4,6],[12,6],[13,14],[16,21],[7,12],[7,24],[0,16],[-4,21],[-14,28],[-17,15],[-21,-1],[-8,-3],[-12,-8],[-31,-31],[-27,-14],[-9,-2],[-8,3],[-5,6],[-1,9],[-4,8],[-6,5],[-12,-5],[-12,5],[-3,5],[-1,5],[0,4],[2,5],[40,25],[11,15],[3,22],[0,2],[6,11],[4,13],[7,12],[8,10],[3,6],[3,8],[5,10],[3,9],[1,16],[-3,11],[-6,11],[-6,9],[-9,8],[-10,6],[-8,8],[-6,9],[-3,12],[-8,18],[-6,10],[-8,8],[-11,11],[-8,9],[-7,11],[-5,19],[6,14],[8,14],[7,14],[12,13],[11,-3],[8,-8],[9,-9],[9,-8],[10,-6],[13,0],[12,5],[11,6],[10,2],[14,2],[11,-2],[11,2],[10,6],[12,10],[12,8],[8,4],[10,-6],[6,-4],[6,-4],[6,-10],[5,0],[6,2],[6,-3],[8,1],[3,7],[6,3],[7,3],[0,-3],[4,-4],[8,-4],[5,-3],[6,-6],[4,-4],[7,10],[5,7],[5,3],[16,2],[1,0],[7,-4],[8,-6],[7,-6],[9,-4],[7,-4],[12,-5],[9,3],[4,6],[5,6],[6,8],[6,5],[6,3],[6,-1],[7,-2],[7,-4],[2,5],[0,8],[-1,8],[5,5],[9,3],[4,3],[1,5],[3,9],[0,10],[0,9],[3,10],[4,9],[3,10],[1,10],[-1,12],[5,4],[4,4],[0,7],[3,1],[7,-2],[8,-1],[9,3],[6,6],[7,9],[7,7],[3,5],[5,11],[2,26],[-1,10],[-1,11],[5,9],[4,7],[10,7],[12,-1],[4,-6],[2,-5],[2,-7],[5,-9],[11,-4],[10,3],[7,7],[8,8],[9,5],[10,2],[6,-1],[4,-8],[2,-12],[-1,-5],[-1,-5],[-6,-6],[-4,-8],[-3,-9],[-1,-15],[0,-8],[4,-10],[8,-12],[9,-9],[8,-6],[1,5],[10,-6],[5,-12],[9,-8],[12,-5],[10,-7],[6,-3],[11,0],[12,1],[9,-6],[11,-3],[0,-11],[-1,-14],[1,-11],[1,-11],[2,-9],[1,-3],[2,-7],[3,-10],[6,-10],[11,-1],[3,2],[1,18],[2,8],[5,4],[9,4],[3,1],[11,2],[6,-1],[5,-1],[8,-1],[9,-4],[5,-9],[3,-7],[1,-14],[0,-10],[1,-6],[10,-6],[5,-1],[9,-10],[5,-12],[4,-19],[2,-14],[2,-16],[1,-12],[0,-3],[-2,-9],[-1,-14],[7,-7],[7,-5],[8,-11],[7,-11],[5,-4],[5,7],[6,9],[8,5],[8,-3],[6,-2],[11,-10],[7,-12],[11,-4],[8,-5],[10,-6],[13,-7],[11,0],[18,-5],[10,3],[9,-4],[8,-2],[8,0],[8,4],[4,3],[2,1],[7,-2],[6,-4],[8,-6],[7,-7],[10,-1],[9,2],[6,-1],[6,-1],[5,1],[8,2],[6,2],[4,2],[8,0],[11,-2],[12,-3],[12,-3],[9,-6],[11,-9],[7,-2],[2,0],[9,0],[8,-9],[9,-9],[7,-8],[6,0],[5,6],[4,6],[7,4],[8,0],[15,-6],[5,-4],[10,1],[10,-2],[10,-5],[9,-3],[8,-2],[12,-3],[12,-1],[12,-1],[16,-2],[14,-4],[14,0],[12,0],[5,-1],[5,-3],[14,-4],[4,-4],[13,-8],[12,-4],[17,-6],[11,-4],[8,2],[9,3],[7,0],[6,-2],[9,-8],[13,-26],[8,-20],[4,-7],[8,-17],[6,-18],[7,-16],[5,-15],[7,-16],[8,-21],[3,-14],[4,-6],[8,-18],[5,-16],[6,-15],[8,-21],[7,-22],[6,-21],[3,-8],[6,-16],[6,-19],[3,-15],[0,-10],[-2,-23],[-3,-17],[-6,-14],[1,-19],[-2,-17],[0,-15],[1,-14],[-3,-10],[-4,-6],[-6,-10],[-3,-5],[3,-5],[1,-4],[2,-12],[0,-9],[4,-2],[6,1],[4,4],[2,-8],[-4,-6],[2,-9],[-3,-9],[-1,-12],[-1,-14],[1,-6],[-3,-11],[-2,-6],[-2,-5],[-2,-7],[1,-8],[0,-8],[-3,-5],[-4,-6],[0,-8],[0,-13],[5,-6],[-2,-4],[-8,0],[-2,-3],[-1,-7],[4,-5],[2,-4],[2,-8],[0,-6],[-4,-10],[-4,-6],[-1,-4],[-4,-9],[-1,-8],[-3,-5],[-3,-4],[-5,-6],[-9,-4],[-6,-6],[-2,-4],[-1,-2],[-3,-5],[-5,-8],[-5,-10],[-1,-9],[-3,-12],[3,-9],[1,-9],[-3,-10],[1,-12],[-5,-9],[-2,-11],[22,-11],[6,-4],[12,-5],[4,-1],[8,-6],[6,-5],[9,-8],[11,-4],[11,-5],[10,-1],[13,-4],[6,-5],[7,-6],[5,-6],[6,-5],[9,-2],[8,-3],[2,-10],[6,-7],[9,0],[7,1],[9,-6],[8,-4],[6,-4],[11,-7],[19,-20],[6,-4]],[[3761,4176],[50,-32],[26,-19],[23,-18],[14,-16],[24,-47],[26,-44],[53,-129],[8,-16],[10,-12],[15,-7],[19,-4],[30,0],[14,-5],[64,-11],[23,-2],[13,2],[15,-6],[27,-13],[18,-12],[16,56],[44,-40],[13,-3],[6,-5],[12,-3],[7,-5],[36,-6],[7,-19],[5,-9],[7,-2],[9,30],[3,16],[9,12],[8,-4],[13,11],[12,1],[12,-2]],[[4452,3813],[1,-14],[1,-37],[13,-5],[17,6],[33,0],[23,3],[18,9],[18,-1],[24,-15],[-40,-28],[47,-23],[-1,-12],[26,-9],[22,-3],[17,3],[4,4],[-3,43],[-13,68],[29,3],[1,-10],[-6,-8],[5,-11],[7,-2],[37,13],[5,-41],[-1,-15],[5,1],[37,56],[22,25],[5,10],[3,23],[7,29],[8,0],[13,-13],[12,16]],[[3733,3209],[-13,-1],[-4,-2],[-3,-6],[-7,-2],[-17,18],[-17,8],[-28,8],[-9,-1],[1,-22],[-7,-23],[-9,-14],[-11,-1],[-3,-12],[4,-25],[11,-11],[4,-5],[-1,-9],[-10,-11],[-6,3],[-5,-3],[-6,0],[-1,9],[1,12],[-23,28],[-12,-2],[1,-15],[-9,1],[-12,-26],[-3,4],[1,9],[-3,7],[-11,5],[-17,19],[-8,-17],[-10,2],[-6,-2],[-8,-7],[-6,-1],[-5,-7],[-9,-4],[-3,-15],[-3,-3],[-15,-1],[-10,-14],[-7,0],[-9,19],[12,2],[9,37],[-9,19],[-14,3],[-7,4],[0,33],[-4,6],[2,33],[-6,6],[-13,3],[-17,-1],[-7,1],[-15,-35],[-11,-6],[0,-16],[-3,-34],[-18,15],[-10,-21],[-5,-6],[-12,1],[-17,6],[-9,-10],[-10,-24],[6,-15],[-9,-3],[0,-13],[-9,1],[-4,0],[-8,8],[-8,19],[10,25],[1,11],[-7,10],[-6,0],[-8,-5],[-23,-3],[-7,-18],[-12,-6],[-8,-16],[-9,-22],[3,-13],[5,-12],[-6,-20],[-16,-11],[-11,-1],[-4,-9],[5,-13],[-15,-31],[-2,-8],[1,-24],[-3,-21]],[[3102,2925],[-6,0]],[[3096,2925],[-6,17],[-4,4],[-5,15],[-20,5],[-1,8],[-18,4],[-6,-17],[-15,1],[-14,-17],[-17,-12],[-3,-11],[-14,4],[-3,6],[-18,9],[-18,-1],[-20,3],[-9,-5],[-7,-6],[-25,-2],[-3,-14],[-10,-3],[-3,-11],[-6,1],[-9,-6],[-10,-17],[-8,0],[-9,8],[3,25],[-11,5],[22,25],[10,-1],[13,12],[10,12],[3,18],[12,5],[12,-21],[16,-2],[6,6],[6,13],[22,3],[4,18],[1,16],[-1,16],[-5,8],[-10,6],[-12,-5],[-8,0],[-12,6],[-6,11],[-9,0],[-11,4],[-19,15],[-13,-15],[-1,-33],[-28,15],[-1,9],[-10,3],[-7,0],[-23,-8],[1,-7],[-2,-6],[-12,0],[-9,5],[-8,14],[2,16],[5,17],[11,-2],[20,6],[3,27],[4,6],[10,-1],[8,4],[12,2],[2,12],[1,14],[-3,5],[-13,4],[-12,11],[-12,48]],[[3075,4396],[11,8],[-3,9],[4,19],[7,6],[9,4],[6,15],[4,5],[14,0],[7,-17],[25,4],[7,9],[15,6],[4,-28],[5,-3],[20,1],[6,-8],[8,3],[3,-4],[1,-10],[23,-6],[-1,13],[4,5],[9,-7],[12,-5],[11,15],[11,11],[10,-7],[2,18],[3,13],[6,7],[8,3],[6,8],[6,4],[10,2],[3,-2],[26,18],[6,2],[27,-3],[21,3],[9,-5],[16,-17],[33,-23],[20,-10],[12,-9],[25,1],[6,-26],[27,-73],[12,-65],[9,-16],[4,-16],[10,-13],[11,-22],[12,-17],[16,-12],[21,-4],[21,2],[35,-2],[23,-2],[8,-2]],[[4045,3839],[-11,1],[-10,3],[-18,12],[-5,10],[2,10],[5,13],[33,-17],[7,-7],[0,-15],[-3,-10]],[[3886,7651],[0,-4],[6,-24],[-12,-41],[13,-9],[-4,-36],[1,-21],[7,-55],[-3,-14],[-7,9],[-6,-19],[-26,-25],[-1,-14],[-4,-20],[18,-29],[11,31],[4,-9],[8,-1],[4,-20],[15,-12],[-1,-14],[2,-7],[-1,-17],[-1,-13]],[[3909,7287],[4,-6],[14,-14],[1,-9],[-5,1],[-3,-22],[-5,-14],[4,-4],[-10,-20],[-7,2],[-2,-2],[1,-26],[-2,-33],[-6,-17],[-21,-25],[-2,-13],[-6,-6],[-7,5],[-16,-8],[4,-10],[8,-12],[-1,-5],[-6,-2],[-5,-11],[3,-16],[-4,-3],[-5,2],[-14,-1],[-3,-6],[-2,-15],[-4,-18],[5,-18],[4,1],[4,-29],[-10,-8],[3,-18],[7,-14],[-4,-17],[-10,-2],[-4,-6],[-28,-7],[-36,-1],[-6,-4],[0,-8],[2,-4],[-6,-15],[4,-13],[13,-20],[-2,-9],[8,-6],[1,-11],[17,-5],[5,-27],[19,-14],[6,-9],[-1,-11],[-14,-1],[0,-3],[17,-23],[4,-18],[-17,2],[-1,-21],[29,-8],[4,3],[2,-14],[6,-13],[5,-3],[4,23],[8,-1],[5,-6],[8,2],[4,-9],[-4,-13],[1,-13],[15,17],[7,5],[10,-12],[-2,-7],[0,2],[-16,-10],[1,-13],[3,-8],[8,-9],[12,5],[4,-3]],[[3906,6555],[-1,-17],[23,-19],[0,13],[10,13],[10,-2],[-5,-20],[4,-2],[3,-23],[7,-6],[-1,-7],[6,-17],[-23,-6],[-5,-8],[4,-8],[25,-7],[5,-13],[-21,0],[-7,-8],[-2,-16]],[[2893,8400],[3,15],[4,12],[4,12],[8,10],[9,6],[6,-9],[8,-6],[7,-6],[8,-11],[1,-19],[0,-4],[1,-8],[9,-3],[6,5],[7,7],[3,2],[3,9],[7,12],[7,6],[4,7],[1,6],[0,16],[5,-3],[14,7],[7,0],[8,-6],[6,-6],[4,-3],[40,-23],[-4,-19],[0,-5],[0,-3],[3,-1],[-5,-10],[3,-7],[3,-5],[7,-3],[7,-2],[5,-2],[6,-2],[5,-3],[10,-7],[14,-9],[11,-6],[8,-6],[5,-11],[8,-7],[13,-1],[11,0],[12,-1],[13,-1],[14,-2],[13,-4],[11,-5],[7,-5],[16,-8],[12,-5],[9,-7],[10,-17],[4,-7],[6,-10],[7,-13],[4,-13],[-3,-13],[-7,-8],[-5,-9],[-3,-4],[-1,-6],[-2,-10],[0,-8],[1,-6],[9,-1],[11,-1],[12,-2],[15,-3],[12,-5],[2,-1],[8,-13],[1,-6],[1,-11],[-2,-7],[-6,2],[-2,-3],[-1,-3],[-1,-4],[1,-3],[1,-3],[6,-4],[6,-7],[6,-4],[12,-3],[10,0],[8,-3],[5,-2],[11,-2],[15,0],[13,-2],[13,-4],[5,-6],[5,-8],[2,-9],[-6,-5],[-8,-2],[-12,2],[-7,-3],[-2,-1],[-1,-1],[-3,-1],[-3,-3],[-3,-1],[-3,-3],[-6,-4],[-3,-7],[-2,-7],[-2,-6],[-1,-10],[0,-7],[-1,-2],[0,-2],[-2,-8],[0,-4],[-1,-4],[4,-3],[10,-6],[7,-1],[4,0],[9,-3],[4,-2],[7,0],[6,-1],[9,-1],[9,-2],[8,-1],[4,1],[2,9],[5,2],[5,0],[6,1],[6,2],[-1,9],[1,4],[7,-4],[4,-6],[5,-4],[3,3],[4,4],[4,10],[-4,5],[-7,12],[6,5],[8,-2],[6,2],[5,3],[6,6],[6,4],[10,2],[8,0],[8,-1],[7,0],[10,-3],[8,-5],[7,-3],[7,4],[6,4],[12,2],[10,-1],[13,-2],[13,-5],[7,2],[10,1],[10,1],[10,-1],[10,1],[10,0],[5,-2],[1,-10],[0,-12],[-4,-14],[-1,-13],[0,-12],[1,-19],[0,-12],[-1,-13],[-4,-15],[-6,-12],[-5,-7],[-6,-11],[-5,-11],[-3,-6],[2,-16],[4,-8],[4,-11],[0,-7],[1,-9],[7,-8],[1,-8],[5,-3],[7,2],[3,-9],[-1,-12],[-2,-11],[-1,-5],[2,-5],[4,-12],[6,-12],[4,-7],[3,-4],[6,-13],[5,-8],[9,-6],[8,-1],[6,3],[14,5],[7,2],[11,5],[6,0],[10,-4],[10,-3],[6,-7],[6,-3],[4,-4]],[[9046,5125],[-22,-9],[-2,-5],[-5,-24],[8,-7],[0,-8],[-8,-5],[1,-6],[8,-10],[5,16],[3,-3],[9,-1],[2,-11],[-1,-13],[-7,-15],[2,-4],[9,-5],[3,-10],[-5,-17],[-5,-1],[0,-8],[3,-6],[3,-6]],[[2294,2757],[-2,-7],[-8,-17],[-9,-38],[-11,-22],[-5,-17]],[[1358,1148],[-26,-70],[-14,-57],[-15,-28],[-14,-34],[-19,-30],[-24,-33],[-7,-13],[-9,-11],[-9,-6],[-12,-1],[-31,-10],[-48,-19],[-21,-11],[-20,14],[-1,1],[-19,-4],[-14,-6],[-28,-4],[-22,-6],[-15,-7],[-20,3],[-9,-1],[-13,-7],[-13,-11],[-66,-41],[-36,-5],[-28,-12],[-29,8],[-14,10],[-26,15],[-24,-3],[-16,3],[-36,2],[-90,-10],[-15,5],[-43,7],[-48,21],[-10,7],[-14,-2],[-23,1],[-29,5],[-23,-1],[-1,5],[-9,22],[1,19],[23,7],[25,14]],[[6217,4496],[-15,7],[-8,13],[16,60],[3,32],[-4,2],[0,2],[-3,5],[-3,-1],[-2,5],[5,5],[2,5],[-1,8],[-12,-5],[-3,3],[-1,4],[0,5],[7,13],[0,6],[3,3],[9,-2],[4,2],[-1,7],[-4,0],[-1,0],[-2,4],[2,11],[4,8],[0,3],[1,3],[-1,1],[-9,-4],[-2,23],[-14,1],[-2,3],[5,13],[1,6],[-5,6],[-15,3],[-22,-2],[-7,6],[-1,3],[1,5],[7,4],[4,6],[-3,3],[-2,3],[4,16],[0,8],[-9,12],[-3,-9],[-6,1],[-7,12],[-1,14],[-2,-1],[-3,1],[-1,3],[1,7],[10,15],[-5,9],[-7,-1],[-3,3],[-2,11],[-8,4],[-17,-3],[-15,11],[3,7],[-4,2],[-9,-5],[-15,-3],[-4,-5],[-1,-6],[-6,-1],[-14,6],[-6,3],[0,12],[-14,15]],[[6241,5562],[4,-7],[13,15],[16,-14],[11,11],[6,4],[8,-3],[4,-11],[1,-34],[5,-12],[31,-13],[16,-19],[5,19],[7,16],[9,10],[18,4],[4,-23],[-4,-19],[-8,-18],[-20,-22],[-5,-10],[2,-22],[14,-24],[20,-19],[5,-10],[2,-22],[7,-4],[6,-10],[14,21],[9,25],[26,13],[7,34],[7,14],[8,6],[21,-9],[10,-6],[18,-4],[54,-21],[13,6],[9,11],[9,6],[12,1],[4,-1],[16,-3]],[[4452,3813],[-2,10],[-10,76],[0,31],[11,21],[12,-3],[15,-50],[3,13],[10,10],[-3,55],[-4,8],[-15,3],[7,23],[6,4],[-2,6],[-24,5],[-5,28],[-9,3],[1,52],[11,49],[23,0],[4,9],[1,33],[8,20],[1,10],[0,27],[5,7],[-2,8],[6,5],[20,72],[-1,12],[12,-2],[2,5],[10,9],[3,27],[29,8],[2,17],[14,1],[9,6],[5,57],[-4,2],[-2,7],[23,74],[-6,5],[0,7],[6,0],[5,6],[-3,8],[6,5],[4,20],[-3,8],[-13,-8],[-2,8],[-6,-4],[-10,5],[-5,37],[-6,3],[9,16],[-8,7],[-4,14],[5,16],[3,17],[9,24],[8,12],[-19,22],[1,9],[12,9],[0,6],[-15,21],[-9,-2],[-2,4],[7,11],[7,9],[0,14],[5,11],[-6,28],[5,18],[9,7],[12,4],[4,27],[6,5],[0,10],[-6,9],[8,4],[0,7],[-3,12],[3,14],[19,14],[3,18],[-10,25]],[[3509,5243],[9,-20],[3,-19],[-2,-29],[7,-37],[10,-39],[25,-26],[41,-76],[5,-17],[-1,-36],[3,-42],[11,-23],[51,-32],[15,-27],[13,6],[6,-9],[8,-54],[9,-32],[2,-21],[10,-32],[-1,-19],[-8,-36],[4,-31],[-7,-18],[6,-41],[23,-57],[4,-33],[2,-30],[14,-80],[-5,-34],[1,-28],[-1,-18],[9,-37],[-2,-17],[-12,-23]],[[2572,4525],[35,-26],[23,-8],[13,1],[-2,15],[-7,26],[-8,17],[-15,17],[-23,15],[-6,9],[5,36],[15,15],[9,-15],[12,0],[-3,51],[4,10],[-2,6],[-7,4],[-12,16],[-25,27],[-23,31],[-31,31],[-30,24],[-19,11],[-6,-35],[-22,7],[-12,7],[-2,64],[-12,18],[16,11],[24,-13],[1,5],[-18,32],[-6,16],[-44,-17],[-43,52],[-13,-3],[-25,-14],[-11,15],[-21,5]],[[2281,4988],[18,91],[-10,7],[-1,5],[1,41],[-9,0],[8,39],[-1,12],[-4,7],[-21,-6],[-18,26],[10,55],[14,2],[5,23],[1,18],[-49,6],[-2,19],[-2,37],[-36,1],[0,19],[5,9],[5,31],[25,-3],[10,-8],[17,16],[10,-9],[16,-5],[36,-6],[46,20],[16,-21],[13,3],[25,24],[59,-16],[42,7],[8,27],[16,6],[12,21],[-1,15],[9,25],[2,25],[13,0],[15,-12],[8,-12],[4,27],[1,31],[-4,16],[13,13],[8,-8],[4,-23],[17,-14],[21,-5],[42,-4],[16,4],[18,12],[49,8],[10,13],[0,17],[13,87],[28,10],[1,23],[51,30],[6,20],[4,63],[16,19],[18,5],[4,19],[-10,24],[2,24],[-20,14],[-11,25]],[[3909,7287],[21,2],[34,17],[30,6],[10,1],[11,0],[19,-4],[10,-3],[13,-10],[11,-19],[3,-8],[6,-35],[14,-77],[1,-82],[3,-23],[6,-6],[11,-5],[11,-2],[2,-8],[-4,-12],[-13,-32],[-3,-9],[1,-10],[2,-4],[11,-12],[20,-15],[6,-9],[4,-13],[0,-25],[-7,-27],[-3,-25],[-6,-7],[-6,-3],[-21,-3],[-12,3],[-21,3],[-9,-1],[-11,-8],[-34,-36],[-16,-17],[-35,-30],[-31,-30],[-4,-7],[3,-12],[9,-10],[4,-14],[-7,-13],[-8,-21],[-6,-27],[-22,-50]],[[3886,7651],[2,-2],[5,0],[7,-3],[10,-1],[12,-3],[10,0],[11,-1],[10,-2],[10,-2],[12,2],[12,0],[13,-6],[7,-5],[9,-3],[6,-4],[5,-5],[13,-5],[6,-5],[10,10],[7,10],[9,13],[8,15],[10,13],[6,5],[6,0],[15,-16],[10,9],[8,10],[7,23],[7,9],[3,1],[10,1],[10,7],[9,10],[2,9],[6,18],[3,5],[10,0],[9,-3],[6,-6],[7,-6],[14,3],[4,6],[6,0],[14,-11],[14,-10],[7,-4],[4,2],[4,1],[5,8],[4,5],[8,3],[7,3],[9,4],[3,3],[5,8],[0,14],[2,14],[11,-8],[7,-4],[8,-5],[6,1],[2,12],[2,10],[0,13],[6,13],[13,9],[8,-1],[12,0],[10,-7],[45,75],[20,-10],[5,10],[3,17],[9,-2],[8,-4],[4,18],[4,19],[10,20],[17,-4],[7,-12],[0,-18],[14,6],[16,10],[13,10],[6,12],[10,17],[14,23],[25,-5],[6,-22],[4,-22],[3,-15],[1,1],[23,-11],[14,-6],[8,-4],[24,-5],[10,-9],[23,-16],[23,-17],[15,-15],[17,-20],[9,-9],[5,-21],[-3,-10],[8,-17],[9,-19],[1,-18],[-1,-35],[-3,-22],[-1,-17],[-5,-18],[-3,-17],[0,-16],[4,-12],[7,-19],[-3,-9],[0,-5],[-3,-5],[-4,-9],[-1,-7],[-6,-9],[0,-9],[3,-10],[0,-7],[-5,-11],[-2,-7],[4,-8],[0,-6],[-4,-14],[0,-11],[-2,-13],[0,-6],[0,-11],[3,-8],[-3,-11],[6,-13],[3,-23],[8,-4],[7,-10],[1,-22],[2,-22],[10,-17],[14,-12],[19,-9],[7,-6],[8,-9],[5,-4],[18,-6],[28,-9],[21,-5],[5,-13],[3,-8],[2,-6],[1,-5],[-1,-2],[-1,-2],[4,-7],[4,-5],[5,-7],[6,-7],[4,-6],[2,0]],[[2281,4988],[-14,-2],[-25,9],[-7,-4],[-9,4],[2,18],[-5,12],[-8,28],[-17,40],[-2,21],[-44,21],[-43,38],[-27,27],[-5,2],[-10,-4],[-60,-33],[-10,-4],[-12,-1],[-14,2],[-9,4],[-16,22],[-17,17],[-21,19],[-20,11],[-21,18],[-8,18],[-10,10],[-24,16],[-19,15],[-25,14],[-14,-29],[-5,-5],[-32,25],[-8,3],[-4,-22],[-8,0],[0,34],[2,70],[-16,21],[-45,45],[-18,26],[-24,59],[-18,21],[-32,46],[-20,10],[-24,-2],[-40,1],[-2,13],[-6,8],[-6,16],[3,17],[-4,10],[7,0],[-6,34],[-17,18],[-31,23],[11,28],[7,-3],[2,20],[-1,10],[-10,8],[-6,-4],[-12,9],[-22,34],[2,8],[-3,28],[13,29],[12,-6],[11,0],[7,11],[-1,11],[-8,4],[0,10],[3,15],[7,17],[-8,12],[-7,-6],[-15,7],[-2,4],[-6,27],[11,6],[-1,9],[2,5],[6,0],[8,-5],[5,8],[7,-6],[14,-1],[0,-11],[5,-11],[26,-6],[6,-14],[15,-1],[3,5],[30,-6],[0,-12],[12,1],[1,10],[4,8],[-5,15],[16,14],[8,-8],[2,19],[16,-3],[2,12],[18,-4],[5,24],[-6,11],[5,10],[1,17],[22,-10],[5,8],[31,-11],[7,12],[17,-50],[7,-4],[5,6],[-8,20],[-1,16],[5,10],[12,1],[8,8],[8,12],[-1,8],[-6,10],[3,11],[3,29],[-4,19],[5,33],[16,25],[5,16],[-10,17],[-19,48],[0,67],[4,8],[4,35]],[[6836,6654],[10,-17],[11,-4],[12,10],[12,14],[8,20],[8,24],[16,-1],[6,25],[13,12],[11,-6],[15,-12],[10,-6],[9,-7],[15,-5],[12,-7],[19,-8],[11,-4],[14,-2],[13,0],[12,0],[12,17],[13,9],[11,14],[11,8],[14,0],[18,9],[11,7],[19,3],[-2,24],[-3,16],[-4,19],[8,18],[19,3],[52,2],[-1,28],[2,19],[2,25],[14,13],[13,4],[21,8],[13,6],[28,-8],[18,27],[26,-3],[33,20],[23,47],[21,38]],[[3117,2456],[0,-1]],[[2844,2429],[0,8]],[[3096,2925],[2,0]],[[3098,2925],[0,-4],[-1,-10],[-2,-12],[-3,-6],[-1,-2],[-1,-7],[-4,-8],[-5,-5],[0,-3],[2,-1],[1,-7],[0,-11],[2,-22],[2,-3],[6,-8],[2,-7],[-2,-7],[-1,-7],[1,-7],[1,-9],[-2,-14],[1,-8],[0,-12],[2,-14],[-1,-8],[0,-8],[3,-6],[1,-3],[2,-5],[2,-4],[7,-9],[1,-7],[1,-8],[1,-4],[-1,-7],[2,-3],[2,-1],[3,-3],[1,-5],[3,-2],[5,-9],[-1,-7],[-4,-10],[-2,-13],[-3,-13],[-5,-23],[0,-5],[1,-9],[1,-4],[4,-2],[1,0],[1,-2],[0,-7],[3,-8],[3,-3],[1,-3],[-2,-23],[-1,-1],[-2,-2],[-2,-4],[-2,-8],[-1,-13],[0,-5],[-1,-14],[0,-4]],[[3780,2425],[0,0]],[[3120,2458],[-3,-2]],[[3098,2925],[4,0]]],"transform":{"scale":[0.0004974492415727661,0.0003258538596406337],"translate":[83.32430152391085,24.26307774881292]}}