{"type":"Topology","objects":{"type":"GeometryCollection","geometries":[{"type":"Polygon","properties":{"NAME_1":"Bastar","ST_NM":"Chhattisgarh","ST_CEN_CD":22,"DT_CEN_CD":15,"CENSUSCODE":414,"iso_a2":"IN_CG_BA"},"arcs":[[0,1,2,3,4,5,6]]},{"type":"Polygon","properties":{"NAME_1":"Bijapur","ST_NM":"Chhattisgarh","ST_CEN_CD":22,"DT_CEN_CD":18,"CENSUSCODE":417,"iso_a2":"IN_CG_BJ"},"arcs":[[7,8,9,10,11,12,13,14]]},{"type":"Polygon","properties":{"NAME_1":"Bilaspur","ST_NM":"Chhattisgarh","ST_CEN_CD":22,"DT_CEN_CD":7,"CENSUSCODE":406,"iso_a2":"IN_CG_BI"},"arcs":[[15,16,17,18,19,20,21,22,23,24,25,26,27,28,29,30,31,32]]},{"type":"Polygon","properties":{"NAME_1":"Dantewada","ST_NM":"Chhattisgarh","ST_CEN_CD":22,"DT_CEN_CD":17,"CENSUSCODE":416,"iso_a2":"IN_CG_DA"},"arcs":[[33,-6,34,-14,35,36]]},{"type":"MultiPolygon","properties":{"NAME_1":"Dhamtari","ST_NM":"Chhattisgarh","ST_CEN_CD":22,"DT_CEN_CD":13,"CENSUSCODE":412,"iso_a2":"IN_CG_DH"},"arcs":[[[37,-4,38,39,40]],[[41]]]},{"type":"Polygon","properties":{"NAME_1":"Durg","ST_NM":"Chhattisgarh","ST_CEN_CD":22,"DT_CEN_CD":10,"CENSUSCODE":409,"iso_a2":"IN_CG_DU"},"arcs":[[42,-40,43,44,45,-31],[-42]]},{"type":"Polygon","properties":{"NAME_1":"Janjgir-champa","ST_NM":"Chhattisgarh","ST_CEN_CD":22,"DT_CEN_CD":6,"CENSUSCODE":405,"iso_a2":"IN_CG_JC"},"arcs":[[46,47,48,-29,49,-27,50,-25,51,-23,52,-21,53,-19,54,55,56]]},{"type":"Polygon","properties":{"NAME_1":"Jashpur","ST_NM":"Chhattisgarh","ST_CEN_CD":22,"DT_CEN_CD":3,"CENSUSCODE":402,"iso_a2":"IN_CG_JA"},"arcs":[[57,58,59]]},{"type":"Polygon","properties":{"NAME_1":"Uttar Bastar Kanker","ST_NM":"Chhattisgarh","ST_CEN_CD":22,"DT_CEN_CD":14,"CENSUSCODE":413,"iso_a2":"IN_CG_BA"},"arcs":[[-39,-3,60,61,62,63,64,65,-44]]},{"type":"Polygon","properties":{"NAME_1":"Korba","ST_NM":"Chhattisgarh","ST_CEN_CD":22,"DT_CEN_CD":5,"CENSUSCODE":404,"iso_a2":"IN_CG_KB"},"arcs":[[66,67,68,-47,69,-56,70,-17],[71]]},{"type":"Polygon","properties":{"NAME_1":"Koriya","ST_NM":"Chhattisgarh","ST_CEN_CD":22,"DT_CEN_CD":1,"CENSUSCODE":400,"iso_a2":"IN_CG_KJ"},"arcs":[[72,-67,-16,73]]},{"type":"Polygon","properties":{"NAME_1":"Mahasamund","ST_NM":"Chhattisgarh","ST_CEN_CD":22,"DT_CEN_CD":12,"CENSUSCODE":411,"iso_a2":"IN_CG_MA"},"arcs":[[74,75,76]]},{"type":"Polygon","properties":{"NAME_1":"Narayanpur","ST_NM":"Chhattisgarh","ST_CEN_CD":22,"DT_CEN_CD":16,"CENSUSCODE":415,"iso_a2":"IN_CG_NR"},"arcs":[[77,-62,78,-1,79,-37,80,-12,81,-10,82,-8,83,-64]]},{"type":"MultiPolygon","properties":{"NAME_1":"Raigarh","ST_NM":"Chhattisgarh","ST_CEN_CD":22,"DT_CEN_CD":4,"CENSUSCODE":403,"iso_a2":"IN_CG_RG"},"arcs":[[[-59,84,-75,85,-48,-69,86]],[[-72]]]},{"type":"Polygon","properties":{"NAME_1":"Raipur","ST_NM":"Chhattisgarh","ST_CEN_CD":22,"DT_CEN_CD":11,"CENSUSCODE":410,"iso_a2":"IN_CG_RP"},"arcs":[[-49,-86,-77,87,-41,-43,-30]]},{"type":"Polygon","properties":{"NAME_1":"Rajnandgaon","ST_NM":"Chhattisgarh","ST_CEN_CD":22,"DT_CEN_CD":9,"CENSUSCODE":408,"iso_a2":"IN_CG_RN"},"arcs":[[-45,-66,88,89]]},{"type":"Polygon","properties":{"NAME_1":"Surguja","ST_NM":"Chhattisgarh","ST_CEN_CD":22,"DT_CEN_CD":2,"CENSUSCODE":401,"iso_a2":"IN_CG_SJ"},"arcs":[[-60,-87,-68,-73,90]]},{"type":"Polygon","properties":{"NAME_1":"Kabeerdham","ST_NM":"Chhattisgarh","ST_CEN_CD":22,"DT_CEN_CD":8,"CENSUSCODE":407,"iso_a2":"IN_CG_KW"},"arcs":[[-32,-46,-90,91]]}]},"arcs":[[[2673,2430],[6,8],[17,2],[27,-5],[23,12],[26,-4],[1,9],[-18,36],[-20,-2],[-12,3],[-29,15],[4,8],[23,23],[-5,25],[7,9],[32,-1],[1,-5],[-12,-28],[5,-9],[26,-18],[4,-8],[22,-9],[27,2],[27,15],[9,3],[81,-1],[2,23],[-1,21],[-7,16],[-4,19],[4,27],[19,45],[-69,5],[-32,2],[-17,11],[-9,16],[12,11],[49,23],[6,15],[-23,9],[-1,18],[14,23],[35,22],[-7,18],[4,11],[7,11],[-2,6],[-3,16],[6,19],[-3,6],[-12,4],[-5,7],[1,11],[48,8],[30,2],[27,7],[22,6],[22,14],[-43,-3],[-37,3],[-16,6],[-10,6],[-60,14],[-4,8],[7,30],[-28,12],[-20,14],[-10,3],[-31,5],[-79,3],[-16,13],[-3,14],[7,6],[18,10],[-9,26],[-12,13],[9,7],[-12,19],[3,15],[53,48],[-2,0]],[[2763,3234],[-3,2]],[[2760,3236],[-39,26],[9,9],[14,6],[23,5],[18,9],[2,11],[-6,11],[-20,12],[-16,6],[-10,3],[-9,10],[-17,9],[-19,7],[-14,-1],[-19,-3],[-6,26],[-16,8],[-24,6],[-5,8],[4,29],[-6,13],[-55,13],[-6,7],[-3,9],[1,7],[1,17],[-4,7],[-10,10],[-6,9],[16,2],[21,-1],[13,9],[35,10],[28,10],[21,-3],[20,-2],[7,20],[19,-2],[51,3],[8,22],[15,14],[10,6],[7,8],[0,8],[-7,16],[-2,10],[4,10],[-5,14],[15,17],[7,8],[3,7],[7,6],[11,15],[4,12],[39,-9],[26,-6],[11,-1],[13,4],[11,7],[13,5],[19,5],[16,2],[28,4],[30,2],[16,1],[29,7],[16,8],[30,9],[26,14],[8,3],[30,4],[34,4],[10,-2],[37,-32],[19,-10],[10,-14],[12,-3],[56,-22],[38,-10],[10,-3],[36,-8],[20,1],[44,8],[21,4],[24,2],[8,6],[10,21],[22,3],[30,8],[9,0],[32,-9],[17,-2],[43,3],[26,4],[18,7],[6,7]],[[3783,3766],[14,1],[11,-1],[16,-3],[30,-4],[4,-2],[0,-28],[6,-41],[0,-14],[7,-9],[46,-27],[6,-7],[0,-11],[2,-4],[-4,-26],[3,-4],[14,-8]],[[3938,3578],[-17,-16],[-3,-3],[-2,-8],[-10,-9],[-7,-22],[-5,-9],[-8,-10],[-1,-2],[-3,-21],[-8,-20],[-16,-24],[-7,-8],[3,-7],[19,-6],[5,-5],[-7,-25],[0,-12],[9,-11],[21,-13],[27,-11],[69,-23],[64,-15],[36,-6],[50,-16],[-7,-30],[10,-18],[21,-18],[24,-27],[17,-7],[12,5],[17,6],[9,0],[12,-3],[39,-6],[12,-1],[14,1],[15,-1],[8,-4],[9,-2],[10,5],[18,-13],[-2,-13],[-9,-22],[5,-12],[-26,-16],[-6,-9],[0,-13],[-4,-10],[3,-14],[-5,-9],[-10,-7],[3,-18],[20,-37],[2,-10],[-4,-15],[5,-6],[-4,-9],[2,-9],[8,-11],[2,-11],[-7,-14],[-9,-7],[0,-15],[-18,-6],[-8,-11],[2,-12],[7,-10],[11,-9],[4,-10],[-3,-11],[-6,-9],[7,-12],[7,-9],[-8,-12],[-4,-9],[-21,-7],[-5,-11],[-19,-20],[90,3],[18,12],[9,8],[42,-9],[9,-1],[-3,-25],[20,-7],[6,-25],[-4,-12],[-7,-8],[24,-13],[-1,-15],[31,-31],[35,2],[64,7],[16,1],[8,-1],[21,-16],[9,-2],[1,-9],[-14,-10],[-9,-46],[-18,-17],[-37,7],[-16,-1],[-8,-6],[0,-7],[3,-10],[0,-11],[18,-6],[18,-3],[14,-8],[14,0],[11,-5],[10,-3],[7,0],[7,-20],[-23,-6],[-9,-21],[0,-11],[-4,-8],[-24,-15],[-9,-10],[-7,-15],[-2,-11],[2,-31],[0,-24],[5,-12],[18,-12],[-13,-19],[5,-5],[16,-9],[21,-5],[-9,-12],[12,-5],[1,-6],[-9,-2],[4,-6],[13,-5],[1,-4],[-4,-6],[-6,-4],[-7,2],[-10,5],[-8,-4],[2,-7],[18,-4],[6,-4],[-7,-4],[-5,2],[-10,-1],[-3,-6],[9,-9],[-4,-3],[-13,-3],[-4,-6],[13,-18],[12,-3],[15,19],[36,-14],[21,2],[4,-2],[-11,-23],[6,-3],[-2,-8],[3,-4],[26,1],[4,-3],[-3,-8],[-6,-11],[-28,-17],[-7,-12],[69,-62],[6,-10],[4,-33],[31,-132],[-13,-8],[-7,0],[-9,2],[-6,4],[-27,5],[-36,-11],[-33,-13],[-19,0],[-11,-3],[-5,-6],[-1,-22],[-17,-9],[-12,-4],[11,-6],[-4,-12],[-7,-9],[10,-11],[-1,-12],[7,-12],[-16,-29],[1,-4],[8,-7],[-2,-2],[-12,-5],[-4,-6],[11,-2],[5,-7],[-5,-4],[-18,-7],[-4,-8],[-11,-9],[-15,-6],[-20,1],[-6,-9],[2,-10],[-37,4],[-19,-3],[-35,-4],[-16,4],[-8,-4],[13,-14],[-5,-23],[-10,-16],[-5,-16],[-11,1],[-16,6],[-14,2],[-6,0],[-2,-9],[-15,-1],[-6,9],[-24,-1],[-14,3],[-43,-8],[-14,-5],[-30,-16],[-14,-4],[-38,-4],[-20,-8],[-9,-4],[-7,-3]],[[4150,1429],[-10,9],[-13,13],[-10,5],[-9,3],[-9,3],[-4,5],[-2,8],[-5,13],[28,31],[8,13],[-16,10],[-21,6],[-34,5],[-23,-2],[-13,-14],[-12,-4],[-38,-6],[-22,0],[-26,11],[-8,-5],[2,-6],[-9,-14],[-26,-12],[-18,-2],[-38,4],[-27,6],[-7,0],[-29,-11],[-10,1],[-1,10],[-16,8],[-28,8],[-26,5],[8,10],[0,8],[-3,5],[-21,-3],[-8,5],[3,8],[9,6],[-2,7],[-15,15],[-11,26],[-48,12],[-11,4],[-12,4],[-37,19],[-17,-22],[-52,-1],[-11,-4],[-17,-19],[-23,-14],[-29,7],[-28,12],[-5,13],[-7,4],[-11,1],[-22,-4],[-16,8],[-2,7],[18,8],[2,6],[-2,4],[-21,6],[-14,12],[-18,-7],[-32,-5],[-10,8],[-5,8],[-9,18],[-8,4],[-11,-2],[-8,12],[-18,1],[0,7],[-10,3],[-7,10],[0,12],[16,26],[-43,9],[-22,8],[-18,-11],[-16,-7],[-2,8],[-9,11],[0,7],[-18,9],[-5,1],[-51,14],[-29,3],[1,9],[5,11],[14,9],[20,7],[-1,5],[-11,12],[-15,12],[-8,25],[4,5],[21,5],[-1,7],[13,-2],[32,2],[16,0],[14,-2],[11,0],[21,9],[-2,6],[2,16],[15,13],[-63,10],[-10,8],[-3,8],[13,13],[26,4],[-2,4],[-19,5],[-30,21],[-2,8],[4,14],[-2,9],[-15,16],[-12,8],[7,4],[25,3],[-1,20],[8,4],[-1,7],[-7,6],[-5,7],[9,15],[-2,11],[7,16],[3,9],[6,25],[-1,7],[-10,3],[-23,5],[-14,4],[-22,2],[-20,-6],[-24,-19],[-4,-8],[-7,-4],[-15,-2],[-2,0],[-15,2],[-38,8],[-21,1],[-14,-5],[-12,2],[-4,13],[-21,12],[-20,4],[-18,6],[-25,9],[-28,7],[0,17],[2,13],[6,3],[15,4],[7,7],[-1,5],[-15,11],[-1,16],[-6,10],[0,9],[5,12],[43,16],[-7,16],[-18,4],[-8,4],[-12,9]],[[2677,2428],[-4,2]],[[1414,2473],[7,-7],[17,-18],[10,7],[11,1],[19,-2],[39,-5],[30,0],[8,-1],[2,-6],[7,-2],[3,-5],[-1,-7],[3,-5],[15,-4],[10,-1],[13,4],[10,-6],[11,5],[13,3],[22,-4],[43,-3],[13,-4],[9,-7],[7,-8],[-1,-11],[-4,-8],[-4,-20],[29,-46],[-2,-18],[-11,-15],[0,-8],[48,5]],[[1790,2277],[9,-1]],[[1799,2276],[6,6],[10,1],[33,-3]],[[1848,2280],[39,3]],[[1887,2283],[15,-7],[13,1],[17,9],[11,-3],[6,-9],[12,0],[10,2],[3,1],[19,6],[2,6],[-6,18],[-4,35],[6,4],[13,3],[17,-5],[16,9],[46,-4],[19,-17]],[[2102,2332],[22,-10]],[[2124,2322],[6,-8],[2,-7],[-29,-8],[-14,-11],[25,-6],[10,-6],[0,-24],[16,-14],[21,-23],[6,-10],[19,-1],[23,-3],[29,6],[51,7],[23,0],[14,-27],[-11,-12],[-4,-12],[2,-8],[13,-17],[-7,-22],[4,-26],[-1,-26],[3,-13],[21,-41],[13,-14],[-37,-38],[-3,-7],[10,-7],[27,2],[3,-6],[-26,-10],[-7,-5],[-6,-9],[-11,-6],[-3,-6],[20,-16],[14,-3],[16,-14],[9,-5],[13,-3],[-20,-13],[-15,-18],[-59,-3],[-27,-8],[-6,-7],[0,-7],[-19,-5],[-5,-7],[3,-8],[12,-4],[14,4],[10,-2],[11,-4],[10,6],[12,1],[17,-2],[16,4],[19,2],[3,-21],[-16,-10],[-5,-9],[-1,-44],[-5,-12],[-17,-17],[1,-14],[-3,-12],[-12,-11],[-26,-18],[6,-31],[10,-10],[11,-66],[-2,-6],[-8,-11],[-9,-2],[-30,-40],[-40,-32],[-2,-11],[3,-28],[37,-24],[-21,-24],[-8,-3],[-9,-1],[2,-26],[-6,-6],[3,-7],[-23,-14],[-4,-4],[2,-24],[-3,-25],[29,25],[19,13],[27,5],[21,2],[18,-3],[2,-21],[-8,-32],[2,-15],[-6,-8],[-28,-8],[-36,15],[8,-12],[-26,-14],[-14,-4],[-63,12],[-56,8],[-54,5],[-21,-1],[-19,-5],[-39,-15],[-35,-1],[-10,-4],[-7,-9],[2,-11],[1,-12],[3,-8],[0,-10],[-17,-9],[-58,-30],[-24,-25],[-8,-10],[-17,-24],[-13,-6],[-7,-6],[-9,-3],[-6,-5],[-5,-13],[-5,-3],[-5,-10],[-6,-4],[-23,-7],[-5,1],[-6,4],[-6,-2],[-5,-11],[-8,-5],[-9,-1],[-6,-2],[-18,-13],[-10,-10],[21,2],[20,-9],[9,-13],[11,-4],[12,1],[30,8],[12,-1],[18,-14],[10,-4],[20,-10],[14,-2],[16,0],[8,-4],[17,-1],[16,-7],[13,-3],[15,-1],[10,1],[12,5],[9,2],[10,-2],[8,-13],[10,-6],[4,-13],[18,-11],[0,-14],[16,-12],[-6,-7],[-10,-2],[-16,-42],[-21,-4],[-9,-3],[26,-15],[19,0],[17,-16],[2,-10],[17,-5],[16,-12],[13,3],[12,-12],[7,-17],[9,-13],[-8,-1],[-17,2],[-7,0],[-20,-18],[-16,-11],[-19,-17],[-42,-9],[-19,-12],[-7,-2],[-39,7],[-11,-2],[-8,4],[1,7],[-22,3],[-43,-5]],[[1771,593],[0,14],[0,2],[-20,0],[-27,-2],[-11,-5],[-13,-11],[-18,-3],[-2,-4],[-10,-5],[-48,-17],[-27,-6],[-19,-1],[-28,-3],[-46,0],[-1,6],[-8,5],[-6,6],[-2,6],[2,7],[-10,27],[2,16],[-1,8],[-8,15],[-2,7],[3,4],[17,-3],[12,1],[10,3],[4,4],[1,6],[-14,23],[-6,7],[-47,3],[-13,8],[-12,2],[-13,-1],[-12,-4],[-4,-9],[2,-10],[-1,-10],[2,-33],[-2,-8],[-17,-6],[0,-7],[-31,-20],[-26,-3],[-59,-2],[-42,3],[-26,11],[-5,35],[0,18],[2,21],[57,17],[30,11],[36,11],[7,5],[3,5],[-1,7],[-7,6],[-8,3],[-10,0],[-10,8],[-17,21],[-8,6],[-9,1],[-6,3],[-10,11],[-3,10],[-17,7],[2,5],[-2,18],[-4,9],[-19,26],[-21,18],[-8,17],[0,11],[3,6],[-3,6],[-10,6],[-6,6],[-1,6],[20,13],[7,8],[4,6],[-5,8],[-10,2],[-10,-1],[-13,-6],[-53,21],[4,15],[6,9],[9,2],[-9,8],[-8,-1],[-21,7],[-2,8],[-4,6],[-16,4],[-2,4],[-8,4],[-9,2],[-9,5],[-28,11],[-6,10],[-28,24],[-5,7],[-3,7],[7,7],[-3,13],[-6,5],[-13,-1],[-14,8],[-18,4],[-7,12],[-17,12],[-7,6],[-13,7],[-34,13],[-33,6],[-14,13],[-10,5],[-42,16],[-21,5],[-6,6],[-2,6],[-16,11],[-9,5],[-7,6],[-3,9],[-8,4],[-30,3],[-24,14],[-12,3],[-8,-1],[-19,-7],[-11,-1],[-11,0],[-31,6],[-79,-25],[-3,-3],[-34,-3],[-21,-6],[-9,-6],[-19,-9],[-27,15],[-9,2],[-10,-1],[-7,-3],[-5,-6],[-4,-7],[-7,-5],[-11,-3],[-16,-4],[-7,3],[-6,4],[-12,9],[-29,40],[-11,23],[-17,25],[-20,43],[-8,10],[-18,15],[-26,25],[-17,4],[-8,7],[-25,21],[-6,8],[-18,11],[-16,9],[-3,5],[2,7],[4,5],[17,9],[13,1],[17,-2],[9,-3],[16,-1],[11,4],[7,5],[26,29],[10,7],[12,5],[47,3],[38,16],[28,8],[4,8],[2,13],[-7,15],[-15,23],[-9,13],[-25,21],[-9,8],[-20,10],[-12,8],[-25,23],[-16,11],[-51,27],[-6,6],[-6,9],[-3,10],[3,10],[5,9],[4,18],[-4,26],[1,11],[11,16],[38,26],[13,12],[4,11],[-11,18],[-4,10],[6,6],[26,9],[32,14],[11,8],[5,8],[1,12],[-7,9],[11,11],[17,10],[-4,10],[-18,20],[-3,7],[9,27],[26,9],[10,9],[2,9],[12,6],[41,11],[25,9],[20,9],[13,13],[-1,10],[-15,21],[-7,14],[5,24],[10,10],[12,7],[21,4],[27,3],[27,4],[21,6],[22,11],[20,14],[27,46],[13,14],[8,12],[12,21],[13,10],[13,4],[46,6],[17,3],[16,8],[12,9],[9,9],[8,12],[13,11],[67,37],[21,5],[12,-4],[27,-34],[2,-5],[-6,-8],[8,-25],[7,-13],[10,-15],[7,-6],[7,-10],[4,-11],[9,-10],[15,-7],[18,-4],[19,3],[24,10],[54,18],[16,4],[18,0],[18,-4],[12,-7],[2,-11],[-8,-27],[4,-14],[12,-5],[13,-2],[16,0],[21,1],[22,4],[30,-2],[14,4],[16,-1],[14,1],[14,13],[12,8],[15,13],[29,16],[10,5],[14,4],[27,2],[9,11],[8,4],[16,5],[8,7],[24,9]],[[4522,8412],[19,-15],[26,-16],[18,-15],[13,-12],[12,-17],[3,-6],[4,-4],[18,-7],[9,-1],[9,-7],[20,-40],[-3,-24],[-14,-17],[2,-22],[-1,-8],[5,-4],[32,-16],[18,-12],[25,-8],[7,-4],[18,-3],[2,0]],[[4764,8154],[0,-1],[-3,-6],[-10,-17],[-10,-12],[-12,-12],[-21,-15],[-17,-10],[-12,-10],[-25,-16],[-15,-10],[-7,-6],[-17,-20],[-7,-9],[-24,-12],[0,-3],[12,-1],[9,-3],[0,-12],[-3,-17],[5,-6],[6,-3],[2,-5],[-2,-9],[1,-19],[-3,-14],[-9,-34],[-1,-3],[-2,-15],[-8,-11],[5,-8],[22,-11],[8,-7],[0,-7],[5,-14],[0,-1],[-1,-7],[3,-16],[3,-5],[12,-4],[1,-10],[-3,-16],[3,-15],[5,-4],[12,3],[15,4],[7,0],[9,-1],[16,-5],[3,-3],[1,-3],[6,-4],[16,2],[19,0],[54,-8],[-4,-7],[-1,-8],[-4,-7],[-1,-8],[-1,-8],[2,-13],[4,-7],[-5,-22],[-10,-20],[-8,-1],[-42,5],[-13,0],[-9,-6],[-8,-14],[-5,-5],[-4,-2],[-17,-11],[-14,-9],[-18,-14],[-14,-5],[-3,-2],[-16,-11],[-19,-5],[13,-7],[11,-12],[-10,-28],[-4,-19],[-6,-4],[-17,-8],[-10,-11],[-3,-9],[-1,-1],[-4,-26],[0,-9],[5,-9],[16,-7],[25,-3],[12,-4],[7,-5],[1,-3],[5,-12],[10,-15],[9,-7],[6,-2],[1,-5],[-3,-8],[-28,-11],[-4,-3],[-2,-17],[-2,-4],[-5,-1],[-35,-1],[12,-14],[-2,-40],[-6,-10],[-6,-6],[-10,-6],[-14,-7],[7,-2],[51,-2],[13,-8],[12,-1],[15,5],[8,-4],[3,-5],[5,-3],[14,-1],[0,1],[0,-1],[10,-1],[11,-6],[9,1],[6,3],[4,4],[13,16],[5,14],[6,0],[14,-9],[6,-2],[11,-1],[8,1],[11,5],[5,0],[9,0],[23,1],[8,1],[6,1],[15,-1],[9,-6],[4,-7],[0,-8],[-4,-14],[-13,-12],[-5,-6],[0,-5],[-1,-8],[19,2],[34,-11],[17,-3],[9,0],[9,5],[7,7],[11,4],[20,21],[2,2],[11,10],[8,6],[9,4],[11,1],[19,-1],[13,0],[13,4],[10,-1],[40,-15],[12,-11],[5,-11],[48,4],[9,-2],[10,-6],[17,-20],[13,-6],[-13,-8],[-26,-12],[-16,-12],[11,-5],[15,-4],[6,-1],[35,-14],[14,-10],[11,-14],[10,-10],[28,-5],[22,-9]],[[5334,7008],[6,-5]],[[5340,7003],[-2,0],[-5,-23],[1,-5],[6,-3],[3,-1],[15,-4],[11,-5],[-19,-11]],[[5350,6951],[-26,-7],[-2,-1]],[[5322,6943],[-16,-4],[-10,-5],[-16,-14],[-16,-18],[-8,-12],[-1,-7],[-21,-1],[-32,-5],[-8,-5],[-12,-3],[-21,3],[-11,4],[-13,3],[-13,1],[-24,-1],[-9,-2],[-6,-7],[-10,-3],[-8,-5],[-14,-17],[-17,-17],[7,-10],[2,-11],[-3,-7],[0,-6],[2,-7],[-7,-24],[-10,-25],[3,-12],[0,-15],[3,-22],[-1,-7],[-5,-5],[-6,-3],[-12,-4],[-1,-4],[5,-9],[-4,-16],[6,-8],[2,-7],[-4,-11],[13,-12],[-16,-18],[-16,-13],[-14,-14],[-6,-14],[4,-17],[-9,-10],[0,-4],[9,-1],[14,-3],[-11,-11],[9,-11],[1,0],[0,-3],[1,-9],[11,-8],[5,-4]],[[5008,6463],[2,-1],[6,-5]],[[5016,6457],[18,-10],[22,-5],[25,-12],[5,-13],[7,-7]],[[5093,6410],[8,-22],[1,-2]],[[5102,6386],[1,-2],[2,-2],[3,-5]],[[5108,6377],[0,-1],[8,-12]],[[5116,6364],[6,-12],[4,-21],[18,-24],[1,-10]],[[5145,6297],[3,-6],[0,-1]],[[5148,6290],[4,-7],[5,-1],[4,1],[16,6],[15,-6],[31,0],[15,-10],[10,-11],[18,-5],[21,-5]],[[5287,6252],[-4,-2],[-13,-12],[-17,-9],[-37,-13],[-23,-6],[-28,-3],[-71,2],[-39,2],[-30,-1],[-39,9],[-25,11],[-13,15],[-7,17],[-15,8],[-177,10],[-27,6],[-12,4],[-21,16],[-13,26],[-4,29],[4,10],[5,34],[-1,4],[-10,7],[-52,5],[-23,-4],[-55,-14],[-13,-2],[-11,6],[-33,20],[-13,10],[-15,4],[-16,2],[-32,13],[-19,4],[-36,17],[-22,4],[-13,0],[-9,-7],[-15,-27],[-11,-6],[-30,-6],[-16,-2],[-12,1],[-52,-1],[-17,-3],[-32,-9],[-6,-6],[-5,-8],[1,-8],[-3,-9],[-5,-6],[-16,-11],[-3,-1]],[[4086,6372],[-29,23],[-9,4],[-14,4],[-29,5],[-13,4],[-8,6],[-3,10],[4,15],[0,9],[-5,14],[8,12],[0,7],[-14,8],[-13,1],[-10,-2],[-10,-9],[-12,-5],[-10,1],[-7,3],[-8,13],[-6,6],[-15,-1],[-15,-3],[-9,-4],[-1,-4],[3,-10],[-3,-3],[-10,-3],[-31,1],[-8,1],[-12,4],[-4,6],[17,30],[3,7],[-3,10],[-8,5],[-20,5],[-22,8],[-7,6],[6,17],[-1,5],[-13,3],[-20,-1],[-7,5],[-10,3],[-13,0],[-8,-4],[-13,-4],[-7,1],[-21,8],[-11,-2],[-21,-8],[-29,-4],[-11,0],[-14,8],[-5,2],[-19,5],[-13,1],[1,6],[-28,6],[-33,-3],[-20,2],[-18,3],[-9,6],[-3,12],[3,14],[-8,6],[-21,6],[-42,-3],[-8,-8],[-8,1],[-8,2],[-9,5],[-4,5],[-3,16],[-15,16],[-7,7],[-10,5],[-19,0],[-16,2],[-14,7],[-10,-1],[-9,-8],[13,-4],[17,-1],[6,-6],[-5,-17],[7,-6],[2,-9],[-6,-5],[-14,-6],[-9,-1],[-4,5],[-9,2],[-3,2],[2,5],[-3,5],[-15,-2],[-13,1],[-5,2],[-1,7],[-18,8],[-26,3],[-21,-3],[-16,-4],[-1,-4],[-17,-15],[-19,15],[-12,10],[-5,9]],[[3030,6686],[11,5],[5,11],[-1,11],[-23,-1],[7,30],[4,9],[20,1],[6,16],[19,28],[-6,7],[-9,5],[-8,23],[-9,10],[0,16],[1,11],[3,11],[6,7],[20,6],[1,11],[10,10],[-4,10],[4,19],[9,11],[21,19],[-9,14],[8,8],[-8,7],[-4,8],[13,10],[0,11],[9,8],[20,7],[0,17],[3,9],[-2,15],[-4,6],[-22,8],[-22,3],[9,21],[-15,18],[-2,9],[-8,2],[2,3],[-12,6],[11,3],[29,6],[19,7],[13,15],[13,9],[16,8],[-2,5],[-37,2],[-24,15],[-26,22],[-10,10],[-4,12],[-10,12],[-10,1],[-11,7],[-39,19],[-8,12],[8,11],[11,6],[3,15],[-1,9],[-27,23],[-6,17],[1,16],[11,13],[-4,8]],[[2989,7445],[14,16],[10,8],[4,14],[4,4],[23,11],[9,-7],[13,2],[7,8],[0,9],[1,4],[9,5],[22,0],[19,-10],[15,-6],[12,3],[23,1],[14,3],[-13,6],[1,14],[13,7],[16,-2],[33,-8],[11,-1],[12,-10],[17,-3],[22,1],[16,4],[15,8],[-1,6],[-5,8],[0,9],[10,9],[21,-4],[14,0],[18,6],[8,5],[1,12],[-12,11],[-10,5],[3,9],[0,24],[5,11],[12,9],[15,3],[4,16],[16,1],[38,26],[23,-4],[25,-1],[20,6],[17,9],[10,13],[4,10],[8,10],[17,-5],[16,-6],[6,-12],[3,-21],[20,-4],[33,28],[6,9],[2,11],[-7,14],[-17,20],[-18,35],[-4,10],[6,11],[32,3],[1,10],[2,9],[35,17],[14,14],[-7,13],[-16,17],[3,23],[-7,14],[-27,32],[-2,8],[10,10],[10,17],[2,14],[-1,21],[39,6],[24,5],[60,4],[14,-1],[12,1],[10,6],[50,7],[12,4],[2,17],[-5,17],[25,-5],[10,2],[14,10],[15,9],[20,5],[16,7],[10,12],[20,12],[23,5],[11,5],[12,1],[17,3],[6,12],[0,17],[-3,15],[-7,11],[0,14],[-3,4],[0,10],[-12,13],[-13,8],[1,5],[-3,4],[-16,13],[-2,7],[7,10],[6,17],[5,7],[22,7],[7,4],[-1,11],[1,2],[35,-2],[21,6],[9,0],[10,-1],[7,3],[7,0],[12,6],[5,2],[8,-1],[12,-2],[5,0],[11,-7],[13,-3],[19,4],[6,-2],[8,0],[19,1],[10,2],[28,16],[14,12],[5,7],[33,20],[14,1],[5,-3],[7,-2],[8,-2],[9,0],[16,-5],[38,-1],[19,-5],[16,-2]],[[2672,2430],[5,-2]],[[4150,1429],[-9,-4],[-5,-5],[13,-20],[-22,-10],[-10,-9],[-3,-15],[0,-9],[5,-12],[-2,-6],[-28,6],[-49,5],[-15,8],[-10,8],[-24,9],[-4,3],[-19,-5],[11,-11],[-4,-10],[-3,-20],[3,-6],[28,-2],[31,-10],[32,-16],[9,-11],[21,-7],[25,-3],[13,-5],[-21,-18],[-5,-14],[8,-11],[-8,-6],[-18,3],[-15,1],[-23,-1],[-9,2],[-19,9],[-19,-12],[-2,-12],[-6,-10],[1,-8],[6,-9],[-9,-6],[-34,1],[-9,-4],[-8,-8],[-11,-6],[-19,-1],[-12,-6],[-12,-9],[-10,-11],[2,-18],[-13,-12],[-37,-20],[-76,-46],[-72,-40],[-13,-5],[-4,-19],[-12,-21],[-21,-49],[-4,-16],[-19,-1],[-47,-2],[-44,0],[-45,-4],[-55,-2],[-12,-5],[-9,-8],[8,-10],[19,-15],[-4,-7],[-29,1],[-35,-6],[-11,-5],[-15,-2],[-13,-4],[-24,-2],[-22,4],[-8,-2],[-7,-12],[-11,-2],[-29,-17],[-16,-13],[-47,-18],[-20,0],[-28,-4],[-10,-17],[5,-19],[-7,-15],[-29,-40],[-5,-15],[-10,-13],[1,-10],[9,-6],[14,-3],[19,-23],[-2,-14],[-14,-14],[-10,-17],[-2,-40],[-5,-18],[-29,-31],[-4,-6],[-1,-17],[-32,-13],[-18,-34],[9,-13],[3,-26],[-3,-16],[-8,-8],[-3,-8],[9,-15],[1,-6],[-2,-4],[-8,-4],[-15,-16],[-29,-13],[-23,-33],[-2,-6],[4,-8],[0,-11],[5,-5],[0,-6],[-11,-16],[-2,-12],[-6,-10],[-7,-5],[-7,-2],[-10,0],[-17,4],[-28,13],[-19,5],[-11,0],[-8,-2],[-5,-4],[-8,-17],[-2,-19],[1,-4],[19,-20],[-1,-5],[-10,-12],[-21,-16],[-4,-9],[0,-10],[5,-12],[-2,-5],[-23,3],[-17,5],[-24,3],[-32,2],[-22,0],[-22,1],[-27,0],[-40,-4],[-84,1],[-23,3],[-63,22],[-18,5],[-16,6],[-52,22],[-20,3],[-18,0],[-40,6],[-93,-39],[-29,-8],[-28,-10],[-20,-10],[-5,-12],[-18,-13],[-15,-13],[-18,-4],[-24,-2],[-26,2],[-18,3],[-13,6],[-48,42],[-20,35],[-6,41],[-18,79],[-6,8],[-17,5],[-4,19],[-6,8],[-2,9],[-4,6],[-10,43],[-3,26],[-3,7],[-4,9],[-3,14],[-6,10],[-5,10],[-3,10],[-1,1],[9,19],[-6,10],[-27,35],[-21,14],[5,5],[6,11],[4,11],[-1,9],[-5,21],[4,10],[44,23],[12,9],[6,13],[-3,10]],[[2124,2322],[0,0]],[[2124,2322],[21,-2],[11,0],[9,6],[-3,12],[-7,14],[2,21],[2,12],[31,0],[6,-1],[4,-5],[3,-13],[-1,-9],[24,-15],[11,3],[42,10],[8,14],[7,4],[14,1],[43,-2],[17,24],[4,25],[16,7],[12,-2],[12,1],[16,5],[11,-3],[33,3],[17,9],[20,7],[40,0],[35,-6],[43,-9],[14,-11],[31,8]],[[4267,3576],[-8,4],[-14,3],[-13,-2],[-7,0],[-15,7],[-8,8],[-11,19],[-12,10],[-26,16],[-20,9],[-25,16],[-7,1],[-10,-2],[-8,-3],[-20,-14],[-9,-5],[-15,-21],[-13,-11],[-21,-12],[-17,-17],[-12,-8],[-10,-3],[-11,1],[-11,3],[-6,3]],[[3783,3766],[-6,14],[-2,10],[3,9],[-22,34],[-8,3],[-34,-4],[-8,24],[-6,3],[-8,2],[-4,6],[12,18],[5,5],[12,22],[26,-6],[7,0],[1,2],[-3,7],[-17,23],[-4,10],[-7,9],[-27,-15],[-13,0],[-11,3],[-10,4],[-5,6],[-1,6],[1,11],[5,14],[7,4],[23,1],[5,14],[10,2],[24,0],[6,1],[3,6],[0,6],[-25,25],[-5,17],[-8,1],[-21,-5],[-9,0],[-8,4],[-2,6],[5,12],[2,12],[8,13],[-5,7],[-23,7],[-12,7],[-22,20],[-16,18],[-5,12],[-2,17],[8,24],[8,18],[-3,5],[-13,4],[-2,6],[4,12],[-13,1],[-68,-2],[-19,1],[-22,5],[-26,8],[-10,4],[-28,8],[-23,-4],[-14,1],[0,9],[-4,4],[-7,4],[-34,9],[-12,4],[-7,0],[-13,-2],[-9,1],[-11,4],[-43,2],[-27,0],[-13,-1],[-19,-5],[-9,-1],[-8,1],[-23,0],[-6,-7],[-1,-5],[-5,-7],[-8,-7],[-10,-4],[-24,-4],[-13,2],[-9,4],[-6,5],[-8,9],[-10,18],[-4,3],[-7,1],[-13,-4],[-12,-5],[-72,1],[-41,7],[-27,-4],[-13,3],[-20,11],[-6,0],[-4,3],[-3,40]],[[2807,4373],[21,-2],[10,2],[13,13],[9,4],[10,4],[44,2],[-2,11],[-21,25],[9,0],[11,-3],[27,-3],[5,0],[8,5],[7,1],[4,-1],[30,-9],[7,0],[11,5],[31,2],[21,4],[-9,8],[-5,-5],[-31,3],[-8,2],[-3,-4],[-40,1],[-5,2],[2,5],[3,3],[31,5],[6,-1],[7,0],[44,17],[5,17],[-6,-1],[-9,-6],[-17,-5],[-6,-8],[-10,5],[-7,9],[-1,5],[1,4],[3,3],[7,3],[10,12],[2,14],[-4,3],[-12,6],[1,11],[8,5],[27,4],[6,3],[5,12],[0,9],[-4,16],[9,22],[0,14],[-29,7],[-15,-3],[-4,-3],[-10,1],[-4,3],[-3,4],[-13,10],[-3,4],[4,12],[11,17],[-3,3],[1,19],[-13,10],[-2,12],[2,4],[5,4],[26,8],[4,10],[13,5],[10,8],[15,2],[3,2],[7,17],[-1,7],[5,6],[1,9],[-3,7],[-9,1],[-20,-1],[-11,1],[-13,7],[1,8],[9,8],[-4,5],[-20,7],[-15,-1],[-12,7],[-6,4],[-5,10],[1,10],[25,1],[24,19],[9,14],[9,4],[41,0],[14,8],[11,16],[6,13],[18,15],[14,5],[37,3],[16,2],[15,5],[29,3],[10,5],[13,14],[25,9],[9,4],[6,5],[6,7],[-1,9],[-5,5],[1,7],[16,9],[9,6],[-1,9],[-8,9],[-5,8],[-7,10],[-15,11],[9,8]],[[3292,5120],[4,-1],[18,-5],[8,-6],[16,-5],[4,-3],[5,-2],[28,-2],[14,-8],[8,-5],[7,-4],[6,1],[23,0],[9,1],[16,-2],[12,0],[6,4],[8,5],[8,-2],[8,2],[11,13],[11,6],[7,2],[7,-1],[11,-11],[4,-1],[7,0],[29,6],[10,0],[29,-4],[12,-6],[9,-10],[2,-4],[10,-9],[2,-11],[9,-3],[14,-3],[20,-17],[80,-30],[-1,-4],[3,-5],[17,3],[31,-12],[11,-1],[17,1],[16,4],[10,6],[10,18],[5,2],[27,5],[1,-32],[0,-16],[0,-4],[5,-21],[12,-13],[11,-4],[10,-8],[3,-13],[-5,-11],[-3,-12],[1,-10],[28,-35],[3,-11],[6,-14],[13,-10],[26,-13],[6,-8],[-1,-6],[-3,-5],[-33,-26],[5,-9],[10,-5],[21,-18],[2,-6],[-2,-15],[3,-13],[4,-4],[15,-9],[7,-3],[8,-2],[75,-12],[20,-6],[6,-4],[2,-2],[3,-6],[-4,-22],[3,-5],[24,-17],[12,-7],[6,-5],[26,-13],[4,-4],[-1,-4],[-13,-10],[-12,-22],[-8,-6],[-8,-10],[-3,-8],[2,-11],[3,-3],[5,-1],[7,-14],[10,-15],[11,-25],[15,-22],[2,-31],[4,-18],[2,-27],[4,-5],[24,-7],[10,-6],[2,-9],[6,-4],[2,-7],[3,-3],[16,-2],[2,-7],[-1,-6],[0,-6],[4,-4],[1,-5],[12,-10],[0,-8],[-6,-15],[4,-7],[12,-15],[7,-4],[0,-11],[3,-6],[18,-5],[7,-6],[0,-13],[6,-5],[13,-8],[1,-25],[-7,-9],[-1,-6],[3,-5],[8,-5],[0,-6],[-11,-16],[3,-10],[17,-24],[-5,-12],[0,-5],[-6,-9],[3,-2],[13,-5],[13,-8],[13,-20],[16,-28],[17,-4],[43,1],[23,-2],[21,-8],[14,-22],[21,-13],[21,0],[-2,-7],[-7,-10],[-6,-5],[-14,-14],[5,-6],[-4,-7],[-7,0],[-5,-2],[-7,-7],[-12,-3],[-5,-3],[-30,-51],[-3,-11],[3,-14],[-5,-24],[6,-14],[-16,-8],[-10,-3],[-3,-2],[-6,0],[-1,-5],[-7,1],[-9,-5],[-4,-8],[-1,-10],[-3,-9],[-6,-8],[-14,-10],[-21,-4],[-37,1],[-13,1],[-16,4],[-10,-1],[-48,-15],[-18,4],[-10,-33],[-6,-9],[-5,-7],[-6,-6],[-1,-4],[1,-10],[-15,-9]],[[2900,4437],[-10,-1],[-1,4],[5,16],[8,14],[17,14],[10,5],[5,-11],[-1,-7],[-7,-6],[-20,-9],[-4,-9],[-2,-7],[0,-3]],[[4086,6372],[-70,-35],[-22,-16],[-8,-5],[-20,-7],[-19,-5],[-13,-2],[-7,-1],[-33,-4],[-20,-12],[-13,-4],[-41,5],[-28,0],[-17,6],[-14,10],[-14,-1],[-11,-1],[-24,-7],[-13,2],[-14,4],[-7,0],[-14,-8],[-13,-11],[-33,-12],[-8,1],[-8,4],[-4,7],[-1,7],[-7,7],[-9,0],[-25,-5],[-8,-1],[-19,3],[-7,-1],[-15,-6],[-5,-7],[-2,-7],[24,-21],[15,-10],[10,-20],[11,-8],[3,-4],[-6,-21],[1,-5],[-11,-8],[-21,-10],[-10,-3],[-28,-2],[-24,-6],[-14,-7],[-6,-11],[-5,-4],[-10,-1],[-11,2],[-7,-3],[-5,-8],[3,-8],[6,-8],[12,-6],[25,-9],[25,-12],[17,-12],[6,-6],[2,-10],[-4,-12],[-4,-4],[-7,-8],[-19,-18],[-6,-14],[-10,-6],[-19,-5],[-6,-5],[3,-20],[-1,-7],[-2,-4],[-40,2],[-17,-2],[-2,-6],[4,-24],[-1,-11],[-26,-13],[-7,-9],[-3,-34],[3,-15],[-14,-11],[-2,-5],[4,-17],[15,-12],[0,-7],[-5,-12],[5,-13],[-3,-16],[4,-6],[13,-9],[1,-4],[-24,-22],[-7,-4],[-25,-1],[-12,-6],[0,-5],[5,-11],[-4,-10],[-5,-4],[-7,-2],[-26,-5],[-3,-5],[4,-15],[-7,-7],[-19,-11],[-14,-3],[-14,2],[-13,3],[-9,0],[-17,-1],[-8,-3],[-3,-3],[-6,-36],[-4,-5],[-7,-3],[-22,-1],[-6,-3],[3,-8],[21,-29],[2,-6],[1,-4],[-6,-23],[2,-13],[3,-5],[3,-4],[5,-4],[7,-1],[28,1],[9,-3],[9,-7],[7,-12],[11,-9],[22,-6],[16,-10],[22,-10],[10,-11],[10,-20],[10,-10],[8,-13],[14,-16],[-35,-1],[-8,-3],[0,-16],[-24,-10],[-11,-11],[-11,-7],[-9,-12],[-2,-25],[-2,-3],[-2,-10],[-8,-8],[6,-14],[-2,-16],[3,-3],[7,-3],[17,-5],[8,-2],[22,-1],[9,-2],[6,-7],[-1,-7],[-11,-4],[-14,-4],[-25,-2],[-2,-7],[4,-3],[28,-6],[8,-5],[11,-11],[12,-7],[-2,-3]],[[2807,4373],[-8,-1],[-10,-2],[-11,-7],[-26,-19],[-10,-3],[-10,1],[-39,7],[-15,12],[-11,8],[-24,2],[-8,-1],[-24,8],[-22,-1],[-13,-7],[-9,-10],[-7,-9],[-4,-15],[-23,-17],[-14,-8],[-48,-9],[-33,-12],[-5,-3],[7,-3],[5,-4],[11,-21],[-3,-12],[-4,-6],[-24,-23],[10,-10],[-7,-7],[-15,-6],[-23,2],[-1,-12],[-4,-8],[-13,2],[-5,-2],[0,-7],[-4,-6],[-5,-4],[-6,-1],[-42,-6],[-23,-4],[-18,-2],[-28,-9],[-9,-7],[-6,-6],[-19,-11],[-8,-7],[-4,-6],[-10,-4],[-18,3],[-39,18],[-54,16],[-56,23],[-18,5],[-10,2],[-30,0],[-24,1],[-18,4],[-10,5],[-7,5],[-11,13],[-16,14],[-20,9],[-18,5],[-20,5],[-10,-3],[-4,-5],[-10,-2],[-9,-1],[-6,-1],[-6,-2],[-3,-3],[1,-4],[-5,-3],[-10,-3],[-16,-7],[-22,-3],[-9,1],[-12,5],[-10,2]],[[1685,4196],[7,14],[-2,10],[-5,9],[24,8],[22,1],[17,8],[0,10],[-3,13],[-7,15],[-19,4],[-19,4],[-19,11],[9,21],[15,11],[-5,18],[3,11],[17,9],[17,6],[26,0],[17,17],[19,15],[-2,27],[-9,27],[-10,0],[-19,7],[-19,6],[-17,-2],[-5,6],[-12,7],[-19,6],[-22,4],[5,19],[13,21],[-2,9],[0,4],[-4,3],[-17,-1],[-14,-4],[-23,-21],[-8,-4],[-8,3],[-11,24],[-17,-1],[-15,-4],[-10,-8],[-11,-3],[-12,3],[-20,13],[-6,2],[-19,-2],[-10,5],[-8,5],[-3,4],[16,23],[-79,-5],[-16,2],[-13,6],[-7,8],[-1,10],[-3,6],[-9,7],[4,4],[-11,6],[0,6],[10,8],[0,9],[13,7],[3,6],[10,11],[3,6],[-3,13],[4,6],[10,3],[45,11],[33,13],[28,13],[8,14],[25,12],[17,-6],[18,12],[5,0],[5,-7],[12,-4],[1,-10],[-16,-2],[1,-8],[10,-3],[4,-6],[1,-2],[6,0],[2,5],[24,-2],[8,-2],[10,-7],[8,-1],[3,7],[10,0],[10,26],[6,11],[10,6],[10,8],[20,6],[4,4],[-3,3],[-6,-2],[-5,3],[2,4],[7,1],[16,-6],[11,-12],[6,-3],[7,-1],[7,3],[5,8],[-8,12],[-6,5],[-11,-4],[-7,4],[-8,13],[-5,3],[-9,-1],[-11,4],[-6,5],[14,20],[18,3],[10,-1],[27,9],[12,6],[14,14],[2,3],[7,3],[0,9],[-10,5],[-16,3],[-6,12],[-25,5],[-15,18],[2,8],[13,9],[-18,8],[-2,35],[-6,2],[-10,-4],[-28,-5],[-4,6],[4,4],[10,17],[0,7],[0,5],[-18,11],[7,4],[19,6],[7,-3],[5,6],[1,6],[-16,16],[-2,3],[7,1],[3,1],[5,1],[10,1],[9,0],[9,0],[9,-2],[0,3],[1,2],[8,1],[6,0],[3,0],[5,-1],[6,-1],[7,0],[6,-2],[6,-2],[3,-1],[4,0],[6,-2],[6,-2],[28,-3],[13,-1],[14,-6],[8,-2],[27,4],[38,-3],[43,-1],[12,3],[15,5],[27,-3],[4,3],[4,2],[6,2],[10,5],[10,-1],[13,3],[8,1],[9,3],[9,9],[14,6],[10,8],[5,7],[-1,7],[-7,4],[0,3],[12,9],[3,13],[17,11],[2,4],[-9,14],[-1,6],[9,9],[11,4],[10,1],[-1,13],[1,9],[15,12],[18,6],[20,-2],[20,-6],[11,-5],[12,0],[8,3],[14,4],[6,2],[2,5],[-1,5],[-5,6],[-14,1],[-1,6],[-2,6],[1,6],[10,1],[6,0],[7,2],[4,2],[2,25],[16,23],[1,17],[-2,4],[-14,5],[-6,3],[2,15],[-4,6],[-22,15],[-1,6],[5,17],[-1,9],[-6,3],[-43,-6],[-21,0],[-10,-1],[-11,0],[-10,-2],[-5,-6],[-7,-2],[-2,4],[3,14],[5,6],[9,5],[9,3],[3,10],[-6,3],[-21,2],[-1,2],[1,5],[30,17],[2,4],[-1,29],[-3,8],[-1,10],[5,7],[7,4],[18,4],[5,19],[5,10],[5,4],[13,3],[4,19],[20,0],[3,4],[-17,13],[-5,6],[-3,18],[8,4],[4,9],[3,25],[-1,6],[-3,8],[-6,3],[-17,5],[-7,4],[15,3],[2,5],[-3,3],[-15,9],[-5,7],[-9,20],[-3,15],[15,11],[3,7],[1,7],[-4,16],[8,28],[-5,2],[-30,0],[-11,1],[-6,4],[-3,15],[-3,3],[5,7],[40,-8],[18,-2],[9,1],[9,19],[9,11],[-11,6],[-16,5],[-40,6],[-10,3],[-11,11],[-6,17],[-19,6],[-16,-3],[-4,6],[1,6],[3,5],[30,36],[13,8],[20,8],[21,11],[5,10],[3,15],[-4,15],[17,9],[10,1],[6,3],[-3,4],[-21,11],[-5,5],[5,26],[-2,11],[-9,7],[-2,9],[-4,6],[4,1],[-1,9],[-4,15],[3,11]],[[2240,6195],[16,-2],[14,10],[9,-1],[4,-4],[7,0],[20,7],[7,1],[18,-9],[10,0],[12,2],[18,7],[10,14],[-18,5],[-7,3],[-3,12],[4,15],[-4,16],[3,4],[45,-7],[11,-3],[9,0],[18,2],[6,2],[11,9],[9,0],[10,5],[20,5],[11,0],[22,10],[8,-2],[4,-3],[13,-3],[16,-8],[21,5],[15,4],[21,2],[10,4],[4,4],[1,3],[-15,2],[-3,4],[-1,9],[-6,3],[-10,4],[-1,9],[0,10],[5,16],[0,5],[-14,11],[-4,5],[4,8],[8,4],[20,15],[6,2],[12,0],[26,-6],[17,-2],[10,0],[24,8],[8,-1],[16,-10],[21,-3],[12,0],[9,6],[-7,11],[0,14],[-4,5],[-12,7],[3,15],[-6,14],[1,7],[32,14],[7,5],[5,8],[0,5],[9,18],[7,8],[6,-2],[4,-14],[4,-4],[5,-3],[11,-2],[9,2],[9,-1],[16,-4],[10,2],[-14,9],[0,5],[8,3],[12,1],[17,6],[1,34],[2,7],[20,17],[21,11],[-12,16],[1,8],[19,16],[6,7],[0,6],[-6,13],[-7,9],[-15,14],[33,4],[46,-8]],[[5501,7045],[13,-16],[4,-6],[4,-16],[1,-7],[8,-5],[8,-1],[9,1],[13,4],[22,11],[14,2],[21,5],[6,5],[14,16],[10,11],[3,9],[-1,8],[6,8],[9,1],[12,-2],[28,-2],[25,-6],[4,-4],[29,-10],[8,-4],[6,-6],[1,-19],[4,-2],[-4,-14],[1,-6],[9,-13],[11,-9],[8,-6],[8,-9],[-2,-9],[-8,-15],[-10,-17],[-12,-16],[-4,-6],[-14,-21],[-7,-1],[0,-17],[11,-14],[15,-14],[5,-8],[0,-3],[21,-7],[16,-5],[11,-7],[9,-9],[6,-2],[7,0],[19,14],[12,2],[21,-3],[7,-5],[2,-4],[3,-5],[2,-7],[4,-15],[12,-25],[6,-5],[13,-8],[17,-5],[12,-2],[12,1],[8,1],[4,8],[0,6],[-11,13],[-5,27],[-9,11],[-3,11],[16,1],[11,6],[4,10],[9,-5],[17,4],[8,5],[-5,6],[1,9],[15,16],[25,8],[-8,-4],[24,7],[41,7],[10,3],[-9,10],[2,5],[16,1],[14,4],[11,4],[7,3],[14,9],[50,0],[7,0],[8,2],[6,1],[3,5],[2,6],[10,8],[14,2],[16,1],[21,-4],[29,-10],[14,-19],[10,-14],[7,-5],[4,-2],[16,-7],[18,-5],[19,-10],[18,-4],[11,2],[1,0]],[[6492,6858],[8,-5],[36,-16],[22,-16],[15,-7],[32,-11],[28,-6],[12,-7],[25,-8],[0,-6],[-4,-9],[2,-8],[4,-7],[11,-2],[24,7],[7,-6],[-36,-27],[-22,-11],[-3,-4],[10,-4],[15,-4],[2,-2],[6,-9],[1,-7],[6,-6],[9,-2],[31,-2],[22,-3],[-68,-6],[-1,-8],[-2,-1],[-8,-1],[-4,-6],[-6,-5],[-12,0],[-10,1],[-2,-10],[-2,-4],[-1,-10],[3,-1],[2,-2],[3,-7],[6,-3],[35,6],[8,-1],[15,-5],[14,0],[21,2],[11,0],[25,3],[4,4],[1,5],[4,1],[29,1],[39,-1],[11,-14],[14,-15],[12,-10],[2,-6],[4,-6],[14,-15],[13,-6],[16,-2],[3,4],[3,0],[9,-4],[11,0],[1,-8],[4,-4],[18,-7],[6,-4],[3,1],[5,4],[16,2],[2,2],[8,-2],[15,1],[3,-1],[3,-2],[6,2],[6,0],[9,10],[15,-2],[6,2],[19,-7],[5,-1],[6,-9],[15,-6],[-4,-3],[21,-5],[0,-5],[-3,-2],[1,-4],[5,-2],[-3,-2],[-2,-6],[6,-10],[-18,-6],[-8,-1],[-4,-13],[1,-7],[-4,-2],[-6,-3],[-28,-6],[-12,-3],[-7,-10],[1,-9],[5,-3],[7,-1],[48,-3],[24,-7],[13,-5],[-3,-4],[-6,-3],[-17,-5],[-8,-14],[-1,-8],[8,-8],[24,-12],[6,-10],[7,-2],[27,-3],[2,-10],[0,-14],[7,-13],[17,-24],[7,-3],[19,-1],[20,-21],[1,-4],[-3,-3],[-17,-4],[-2,-3],[1,-3],[3,-2],[6,-1],[4,-2],[1,-8],[6,-6],[19,-8],[13,-4],[43,-4],[10,1],[18,-3],[2,-3],[5,-4],[7,-3],[6,-7],[-3,-16],[-14,-3],[-19,1],[-15,2],[-46,9],[-28,6],[-35,10],[-41,8],[-14,0],[-109,18],[-41,4],[-51,1],[-62,6],[-13,-1],[-29,-6],[-23,-2],[-15,0],[-33,6],[-25,6],[-58,20],[-32,5],[-21,-1],[-23,-3],[-13,-2],[-10,-4],[-28,-9],[-38,-8],[-52,3]],[[6516,6225],[-25,-4],[-48,-21],[-34,-13],[-39,-10],[-29,-4],[-29,-1],[-26,6],[-50,15],[-56,19],[-39,14],[-23,-1],[-28,-5],[-68,1],[-21,2],[-27,6],[-27,3],[-27,1],[-28,-5],[-21,-7],[-29,-13],[-15,-3],[-17,1],[-37,20],[-18,8],[-15,3],[-25,-6],[-20,-13],[-25,-8],[-24,4],[-40,11],[-53,22],[-24,2],[-34,-4],[-37,-3],[-27,-5],[-24,-6],[-23,0],[-22,6],[-18,6],[-25,12],[-21,3],[-11,-6]],[[5148,6290],[-3,7]],[[5116,6364],[-8,13]],[[5102,6386],[-9,24]],[[5016,6457],[-8,6]],[[5322,6943],[28,8]],[[5340,7003],[0,0]],[[5340,7003],[11,5],[10,7],[14,4],[16,16],[11,7],[10,5],[3,4],[6,4],[21,4],[11,3],[9,-1],[17,3],[7,-3],[5,-8],[7,-5]],[[5498,7048],[3,-3]],[[9142,8515],[-6,-10],[-5,-12],[3,-7],[7,-10],[1,-7],[5,-6],[10,-4],[13,-3],[18,-9],[7,-6],[8,-13],[6,-4],[12,-4],[24,4],[27,-1],[23,-7],[18,-9],[13,-11],[5,-8],[9,-2],[25,-1],[7,-6],[4,-6],[2,-16],[-2,-7],[-12,-10],[-3,-5],[-3,-14],[0,-13],[3,-9],[5,-8],[12,-12],[13,-19],[3,-12],[14,-16],[2,-9],[-4,-12],[11,-18],[16,1],[32,10],[8,10],[-2,13],[-4,15],[11,6],[2,3],[-4,11],[7,7],[3,14],[6,3],[26,2],[20,-8],[4,-6],[-7,-17],[10,-9],[26,-19],[7,-14],[5,-2],[24,6],[25,0],[10,-11],[23,-3],[9,4],[18,10],[14,12],[8,2],[0,-8],[-6,-8],[8,-12],[16,-16],[25,1],[42,9],[19,8],[9,6],[17,5],[16,0],[28,-9],[11,3],[32,-2],[22,1],[7,-4],[7,-10],[3,-7],[0,-15],[4,-5],[6,-5],[11,-6],[7,-5],[1,-24],[-8,-11],[-24,-12],[-13,-12],[4,-5],[10,-1],[4,-7],[-1,-9],[-5,-10],[2,-9],[-2,-3],[-11,-3],[-3,-5],[-1,-7],[-28,-6],[-25,4],[-13,-6],[-10,0],[-8,2],[-13,-2],[-22,-16],[-5,-8],[1,-14],[4,1],[-6,-29],[-13,-11],[-2,-11],[-4,-7],[-16,-1],[-4,-5],[-13,-3],[-14,-10],[-8,-17],[1,-9],[-5,-12],[-10,-5],[-6,2],[-12,7],[-33,-1],[-14,-3],[-1,-4],[-6,-4],[-23,-15],[-29,-13],[-11,-8],[-1,-13],[7,-6],[4,-29],[-4,-11],[11,-15],[-11,-18],[-17,-13],[-14,-7],[-13,-2],[-6,3],[-13,0],[-11,-2],[-13,-6],[-27,-16],[-38,-7],[-17,-7],[-18,-11],[-43,3],[-41,-1],[-19,2],[-23,-6],[-9,0],[-33,6],[-51,-46],[-15,-8],[-12,-13],[-15,-4],[-20,-1],[-29,-6],[-3,-7],[-6,-6],[-16,-7],[-14,-8],[-3,-12],[0,-12],[-5,-13],[-6,-11],[5,-9],[8,-6],[1,-8],[-7,-6],[-19,12],[-4,-2],[-17,-3],[-14,-6],[-8,-5],[-5,-7],[-2,-8],[6,-11],[11,-5],[23,-7],[6,-1],[10,-5],[39,-9],[6,-4],[15,-16],[5,-3],[26,-1],[10,-1],[6,-8],[-5,-24],[5,-17],[-3,-8],[-18,-11],[-21,-6],[5,-5],[-9,-14],[-9,-6],[-10,-4],[-5,-8],[-6,-5],[-2,-7],[-18,-17],[0,-8],[6,-12],[-7,3],[-9,-2],[-11,1],[-18,-5],[-17,-2],[-27,-11],[-25,5],[-11,0],[-21,-4],[-33,-4],[-14,2],[-11,4],[-9,0],[-25,-11],[-20,-21],[-60,-1],[-12,3],[-7,4],[-7,1],[-19,-8],[-14,-13],[-11,-7],[-33,-4],[-10,-7],[-6,-6],[-5,-8],[-1,-9],[2,-14],[-4,-6],[-8,-2],[-27,-2],[-16,0],[-1,0]],[[8573,7127],[0,1],[1,6],[-11,6],[-4,5],[-3,5],[-2,8],[-18,1],[-9,2],[-11,9],[-16,2],[-7,2],[-9,5],[-7,17],[-7,5],[-11,7],[-6,15],[-19,12],[-14,29],[-44,7],[-13,0],[-15,-2],[-21,-6],[-21,1],[-24,6],[-16,1],[-46,13],[-18,6],[-13,24],[-8,9],[-7,5],[-16,7],[-16,3],[-10,12],[-10,9],[-17,7],[-7,2],[-20,6],[-14,4],[-11,5],[-9,3],[-14,11],[-5,15],[4,8],[13,16],[10,13],[5,11],[5,15],[3,13],[4,13],[0,4],[1,3],[-1,4],[-14,9],[-19,5],[-17,0],[-32,-15],[-22,-17],[-16,-9],[-5,-3],[-39,-3],[-12,-1],[-5,-1],[-14,-2],[-19,-6],[-10,-8],[-7,-10],[-7,-6],[-7,1],[-13,5],[-13,8],[-31,8],[-14,8],[-11,5],[-14,11],[-6,3],[-5,0],[-10,5],[-5,10],[-18,12],[-32,12],[-38,9],[-8,5],[-3,7],[21,13],[4,9],[3,10],[-1,34],[-7,12],[-4,2],[-7,5],[-4,1],[7,9],[7,4],[6,2],[8,2],[10,2],[4,3],[4,2],[4,3],[3,3],[3,4],[2,5],[8,11],[8,6],[8,6],[6,5],[2,4],[-3,8],[-3,4],[-2,4],[-1,2]],[[7689,7729],[3,4],[3,0],[16,1],[42,-6],[41,-4],[62,-15],[3,2],[3,3],[3,14],[5,6],[3,1],[24,2],[14,2],[13,4],[28,11],[0,1],[21,13],[4,2],[8,3],[9,-4],[1,-4],[8,-5],[17,1],[22,-11],[47,-15],[70,-16],[32,-11],[13,-6],[7,-6],[8,-7],[12,-21],[13,-7],[15,-5],[1,3],[1,1],[18,10],[8,8],[6,12],[5,25],[-3,13],[-7,11],[-7,5],[-108,33],[-12,8],[-2,10],[4,24],[7,6],[3,0],[20,5],[14,5],[-7,13],[4,2],[7,1],[1,1],[3,3],[2,9],[-5,2],[-6,8],[18,23],[-11,11],[-8,30],[1,6],[-9,23],[-6,3],[-25,1],[-11,4],[-7,4],[-9,13],[-12,7],[-39,10],[-7,3],[-11,9],[9,14],[-9,2],[-24,3],[-16,7],[-16,25],[-24,10],[-22,15],[-35,19],[-27,23],[-32,19],[-7,8],[-5,12],[1,13],[7,22],[7,10],[14,8],[3,1],[6,2],[2,1],[16,12],[1,2],[9,10],[8,5],[14,14],[12,18],[-13,17],[-31,19],[-17,7],[-44,3],[-11,7],[-2,6],[3,6],[18,15],[0,12],[17,8],[14,8],[21,15],[12,15],[11,7],[2,0],[24,6],[2,1],[16,10],[3,17],[-17,37],[2,11],[4,0],[26,-1],[2,2],[9,14],[12,9],[1,0],[40,-6],[23,-6],[2,2],[31,39],[10,9],[10,6],[1,0],[19,-2],[25,4],[35,11],[30,3],[15,-4],[24,-2],[31,-7],[5,-16],[12,-7],[26,1],[11,4],[0,1],[-2,11],[9,14],[4,2],[18,8],[17,4],[20,8],[25,-8],[24,-12],[16,-6],[13,2],[1,2],[19,34],[3,-1],[20,-8],[75,-9],[18,-9],[14,-5],[21,-4],[46,-23],[22,-7],[12,-16],[20,-17],[32,-1],[18,-12],[11,-5],[22,-8],[-5,-16],[9,-14],[23,0],[3,2],[10,7],[3,13],[3,3],[4,1],[23,4],[26,-2],[-4,3],[-7,5],[-1,6],[10,11],[3,0],[26,3],[22,1],[21,-2],[2,0],[33,7],[16,2],[14,-8],[5,-7],[16,-7],[13,-8]],[[2760,3236],[3,-2]],[[2763,3234],[-90,-1],[-25,-1],[-18,-7],[-11,-11],[-41,-29],[-36,-6],[-52,6],[-35,5],[-52,0],[-39,-12],[-35,-19],[-31,-10],[-20,0],[-19,15],[1,13],[-15,9],[-30,0],[-33,-11],[-35,-16],[-10,-27],[14,-23],[26,-34],[11,-26],[-22,-30],[-13,-10],[-51,-7],[-17,0],[-27,4]],[[2058,3006],[-16,2]],[[2042,3008],[-21,2],[-16,6],[-29,17],[-19,20],[-8,13],[-10,16],[-9,14],[-11,15],[-12,14],[-10,10],[-15,14],[-10,9],[-18,12],[-21,16],[-17,24],[-5,25],[5,16],[5,5],[7,6],[4,6],[0,2],[0,11],[1,12],[2,14],[3,15],[2,9],[2,8],[4,6],[3,6],[2,2],[7,4],[10,6],[11,4],[14,4],[19,5],[21,4],[13,2],[7,1],[10,4],[7,3],[0,6],[-7,7],[-7,3],[-8,5],[-9,6],[-7,4],[-4,5],[-7,8],[-5,5],[-7,8],[-5,7],[8,19],[7,18],[7,13],[4,7],[5,6],[7,7],[8,6],[9,7],[9,8],[8,7],[4,5],[5,6],[1,5],[2,6],[-2,7],[-5,10],[-9,11],[-14,13],[-6,3],[-8,4],[-3,2],[-6,5],[-8,5],[-8,0],[-8,2],[-7,2],[-11,2],[-13,5],[-16,2],[-16,1],[-14,0],[-12,0],[-17,0],[-17,-5],[-31,-23],[-35,-5],[-31,-3],[-15,-9],[-20,-21],[-24,-16],[-29,-9],[-16,-6],[-18,-9],[-16,-26],[-4,-17],[6,-2],[8,1],[10,-8],[-8,-14],[-7,-7],[-6,-5],[-3,-5],[0,-7],[3,-9],[4,-6],[7,-6],[6,-4],[12,-3],[12,-2],[14,0],[22,1],[35,0],[4,-6],[-11,-12],[-10,-11],[-14,-13],[-14,0],[-27,3],[-14,2],[-29,3],[-14,3],[-14,4],[-7,2],[-17,6],[-12,2],[-23,11],[-1,-13],[3,-7],[-2,-8],[-46,-41],[-31,-7],[-22,-2],[-19,-10],[-18,-17],[-49,-16],[-40,-8],[-5,-4],[-2,0],[-3,-3],[-8,-5],[-16,-8],[-15,-9],[-2,-4],[-6,-3],[-7,-4],[-5,-3],[-5,-4],[-4,-6],[-3,-9],[-2,-11],[-2,-12],[-4,-4],[-11,-7],[-18,-6],[1,-5],[26,-6],[9,2],[10,4],[5,2],[0,7],[7,14],[36,7],[21,13],[26,11],[22,6],[26,-2],[7,-4],[23,1],[14,-6],[20,-2],[10,-8],[4,-8],[0,-7],[-12,-4],[-12,-3],[-23,-4],[-17,-4],[-12,-8],[3,-3],[-1,-4],[-14,-17],[-9,2],[-8,6],[-9,11],[3,11],[-22,0],[-16,-3],[-8,-3],[-7,-3],[-9,-1],[-10,-1],[-10,-2],[-33,-11],[-24,-15],[-7,-8],[-2,-6],[-8,-20],[1,-17],[2,-17],[3,-9],[8,-12],[7,-10],[3,-8],[4,-10],[7,-12],[-7,2],[-9,1],[-10,1],[-14,0],[-14,-2],[-18,-3],[-18,-2],[-19,-3],[-19,-4]],[[1026,3010],[-2,4],[3,3],[-11,8],[-38,14],[-13,10],[-16,9],[-32,8],[-17,8],[-55,9],[-20,6],[-8,9],[-20,17],[-7,3],[-42,13],[-25,16],[-2,9],[8,22],[-1,14],[6,12],[-5,13],[-17,-2],[-42,17],[-25,2],[-22,-1],[-18,-6],[-36,4],[-16,-5],[-24,-22],[9,-8],[28,-4],[6,-4],[7,-9],[5,-9],[1,-14],[-11,-13],[-27,20],[-12,5],[-23,7],[-7,0],[-16,-3],[-17,2],[-16,5],[-27,3],[-43,-6],[-13,2],[9,13],[-2,21],[18,-1],[30,-10],[17,-2],[17,4],[37,16],[20,5],[12,7],[8,12],[12,3],[6,8],[10,23],[30,13],[24,5],[-1,14],[-13,21],[-5,5],[-17,8],[-33,7],[-19,0],[-20,-5],[-20,-11],[-21,3],[-11,5],[-40,7],[-17,5],[-12,6],[8,25],[1,11],[7,4],[27,2],[11,1],[15,6],[18,10],[12,9],[23,-12],[27,2],[11,-10],[2,-10],[8,-4],[18,-5],[51,-5],[17,2],[28,7],[14,17],[0,12],[18,7],[-3,22],[6,6],[7,4],[15,13],[4,9],[-5,12],[-9,4],[-10,4],[-8,6],[7,11],[15,42],[-1,17],[10,18],[2,10],[-10,17],[-17,14],[1,10],[14,21],[-2,7]],[[724,3676],[31,15],[14,20],[14,39],[-2,14],[0,6],[-7,13],[4,10],[16,-3],[10,-5],[11,-9],[61,15],[8,-4],[15,7],[11,1],[8,4],[7,7],[13,2],[19,11],[7,12],[1,7],[2,5],[11,4],[11,7],[14,-2],[11,-2],[10,-9],[14,-8],[11,-16],[21,-16],[44,-2],[14,-3],[13,7],[10,9],[11,7],[3,6],[1,10],[15,17],[4,18],[0,7],[-4,8],[-11,14],[-3,6],[-3,8],[1,8],[19,4],[25,6],[4,17],[7,7],[7,3],[19,-5],[10,5],[13,2],[12,0],[11,-5],[2,-8],[11,-3],[17,1],[23,11],[22,9],[10,1],[10,3],[15,10],[7,8],[2,8],[1,8],[-2,9],[-11,4],[-3,7],[2,13],[-9,7],[-25,15],[5,4],[8,3],[10,-1],[5,-1],[25,-12],[13,-3],[12,-1],[10,5],[5,7],[11,17],[0,7],[3,5],[7,5],[6,20],[9,-5],[11,-1],[13,2],[24,-1],[16,12],[7,8],[17,3],[6,4],[13,12],[16,12],[16,17],[16,10],[17,7],[10,2],[10,1]],[[4764,8154],[44,-5],[44,1],[16,5],[27,15],[41,15],[14,3],[50,8],[23,-1],[9,6],[10,14],[12,8],[14,7],[40,11],[14,2],[43,1],[15,-2],[27,-6],[9,-4],[6,-7],[3,-12],[12,-6],[13,-3],[27,-2],[21,-5],[12,-2],[20,0],[24,2],[9,0],[30,-5],[20,6],[31,-2],[18,1],[69,11],[30,0],[30,-3],[14,-5],[7,-7],[-20,-7],[-4,-2],[-4,-4],[0,-2],[23,-12],[4,-6],[0,-3]],[[5611,8157],[0,-4],[6,-6],[-3,-14],[0,-10],[-1,-7],[2,-5],[5,-4],[9,-3],[15,-1],[14,-6],[4,-11],[-4,-4],[-2,-1],[-6,-2],[-11,0],[-9,2],[-4,0],[-4,-1],[-1,-7],[2,-7],[-3,-5],[-19,-25],[-2,-1],[-3,-2],[-18,-2],[-1,0],[-4,-2],[-4,-11],[2,-11],[4,-6],[31,-21],[12,-3],[26,3],[42,-2],[29,-9],[26,-7],[15,-2],[24,-11],[12,-2],[18,-1],[16,3],[26,9],[3,1],[48,22],[1,0],[23,2],[22,-1],[18,-3],[4,-2],[55,-38],[16,-6],[15,-7],[3,-7],[18,-6],[3,-4],[-1,-7],[3,-5],[16,-14],[46,-18],[16,-4],[14,-2],[28,-11],[33,-6],[35,1],[32,4],[13,1],[17,-7],[27,-15],[37,-26],[14,-7],[30,-12],[15,-9],[19,-14],[7,-9],[22,-17],[63,-20],[10,-1],[13,0],[24,3],[9,-3],[11,-10],[6,-2],[12,-5],[8,-6],[8,-9],[11,-1],[57,22],[2,1],[24,12],[3,1],[14,6],[24,5],[51,8],[56,4]],[[6910,7737],[7,-3],[8,-9],[9,-15],[0,-14],[-10,-9],[-34,-10],[-12,-6],[-5,-5],[-4,-14],[8,-28],[-3,-18],[-7,-14],[-6,-16],[9,-15],[11,-15],[15,-29],[-4,-16],[4,-13],[0,-14],[-16,-14],[-11,-6],[-8,-6],[-6,-9],[-7,-24],[4,-11],[10,-7],[7,-7],[-11,-15],[0,-11],[6,-17],[7,-7],[5,0],[10,2],[23,-7],[5,-5],[-11,-5],[-3,-32],[2,-6],[0,-8],[-4,-4],[-9,-2],[-4,-3],[1,-6],[4,-7],[8,-7],[3,-8],[-10,-9],[-41,-18],[-11,-12],[-4,-8],[4,-27],[-6,-6],[-14,-10],[-12,-4],[-18,-17],[-14,-8],[-8,-8],[-3,-8],[1,-7],[12,-10],[6,-10],[-8,-6],[-22,-5],[-28,-9],[-4,-7],[6,-9],[23,-11],[6,-8],[6,-15],[3,-21],[-4,-9],[-24,-13],[-11,-11],[-11,-16],[-8,-8],[-12,-1],[-25,2],[-26,-6],[-12,-1],[-12,-2],[-19,4],[-13,0],[-14,-2],[-15,-4],[-14,-16],[0,-8],[-3,-5],[-23,3],[-13,-1],[-6,-7],[-7,-16],[-4,-3],[2,-11],[1,0]],[[5501,7045],[-3,3]],[[5340,7003],[-6,5]],[[6650,7071],[-17,-10],[-4,-2],[-12,-1],[-16,-13],[2,-6],[5,-3],[21,1],[22,-2],[28,0],[5,2],[4,3],[-2,4],[-13,13],[-11,9],[-12,5]],[[5428,9490],[1,-19],[-2,-13],[12,-5],[33,-7],[10,0],[7,2],[18,2],[14,0],[11,-2],[16,-7],[6,-13],[1,-8],[5,-5],[27,-8],[5,-6],[4,-9],[3,-3],[12,-3],[9,-5],[8,-10],[4,-5],[11,-7],[12,-11],[10,-14],[6,-11],[7,-20],[-5,-12],[-9,-9],[-10,-14],[-21,-7],[-4,-2],[-13,-14],[-6,-14],[0,-5],[9,-9],[-2,-33],[2,-11],[4,-17],[10,-26],[0,-5],[-7,-19],[34,-23],[8,-2],[24,-11],[9,-9],[37,-5],[18,-13],[15,-6],[13,-16],[11,-24],[5,-19],[6,-74],[-14,-26],[0,-12],[0,-4],[5,-6],[29,-5],[26,-14],[13,-4],[34,-2],[36,-8],[9,-5],[16,0],[19,6],[12,-1],[29,-8],[7,-5],[4,-8],[3,-6],[14,-13],[4,-14],[3,-34],[-2,-11],[0,-8],[0,-7],[-4,-44],[1,-13],[-16,-9],[-20,-13],[-11,-5],[-3,-1],[-24,-9],[-20,-6],[-13,-1],[-51,1],[-2,0],[-10,-11],[-11,-7],[-3,-2],[-1,0],[-18,-7],[-4,-2],[-5,-3],[-5,-5],[-6,-8],[-5,-10],[-4,-13],[-2,-5],[-7,-7],[-7,-10],[-2,-11],[-11,-10],[-8,-14],[-5,-6],[-7,-4],[-4,-2],[-16,-1],[-31,2],[-26,0],[-4,0],[-2,-4],[-15,-7],[-4,-2],[-23,-4],[-9,-2],[-2,-1],[-8,-5],[0,-9],[6,-9],[13,-23],[1,-7],[-2,-8],[-6,-9],[-1,-1],[-25,-3],[-1,0],[-6,-4],[0,-4],[-2,-7],[0,-6],[5,-9],[7,-5],[9,-12],[-2,-12],[0,-4],[2,-5],[4,-4],[15,-8],[2,-5],[7,-8],[8,-6],[7,-4],[14,-7],[12,-8],[2,-5],[0,-3],[-6,-5],[-4,-1],[-16,-2],[-12,-2],[-15,-6],[-1,0],[-4,-2],[-12,-9],[-5,-9],[0,-9],[1,-10],[4,-11],[6,-7],[7,-7],[5,-7],[-4,-6],[-1,-1],[-12,-3],[-10,1],[-1,0],[-3,0]],[[4522,8412],[8,5],[21,8],[3,3],[1,17],[3,6],[4,5],[44,16],[8,14],[-1,11],[-6,4],[-15,4],[-12,1],[-7,2],[2,6],[9,10],[-2,6],[-8,2],[-1,4],[1,9],[6,3],[1,13],[15,18],[-1,7],[-8,13],[-1,8],[11,7],[16,22],[14,5],[1,6],[16,14],[4,9],[4,5],[10,3],[24,5],[6,4],[7,10],[-6,9],[0,8],[4,5],[3,8],[-2,9],[2,4],[-6,17],[-4,5],[-3,2],[-13,1],[-46,8],[-5,1],[-6,4],[-4,11],[-6,5],[-14,6],[-6,8],[-12,12],[-13,0],[-8,-2],[-26,-10],[-10,-1],[-8,3],[-7,4],[-9,8],[3,9],[-1,22],[-2,6],[-8,6],[-5,6],[-1,5],[-9,1],[-23,-8],[-4,6],[-9,0],[-25,-3],[-15,-4],[-16,2],[-6,-5],[-3,-9],[-9,-10],[-8,-1],[-21,2],[-10,10],[-8,3],[-10,-3],[-5,-3],[-7,1],[-14,6],[-3,3],[2,5],[7,5],[7,7],[-6,7],[-1,4],[15,4],[-12,17],[-6,4],[-15,-5],[-25,-12],[-9,4],[-9,6],[-11,1],[-20,-13],[-7,2],[0,4],[-6,3],[-5,4],[-2,6],[7,4],[4,9],[-9,15],[1,6],[-1,4],[-8,4],[-4,6],[-13,9],[-11,6],[-10,3],[-5,1],[-7,9],[-1,6],[5,34],[-11,5],[-24,8],[-15,13],[-2,6],[-27,23],[-6,3],[-11,2],[-13,0],[-9,-1],[-9,-4],[-29,-15],[-12,-6],[-23,-6],[-18,-1],[-18,4],[-10,0],[-40,-7],[-17,-2],[-25,6],[-10,4],[-6,8],[0,6],[4,7],[-2,5],[-15,19],[-8,3],[-9,2],[-83,3],[-16,2],[-7,10],[-7,7],[-7,4],[-17,3],[-11,0],[-17,-4],[-8,-4],[-6,-6],[-10,-4],[-6,-12],[-9,-9],[-6,-2],[-10,-13],[-32,-16],[-13,2],[-14,4],[-35,8],[-13,1],[-18,-2],[-3,-6],[2,-12],[-1,-10],[-14,-18],[-9,-4],[-17,-1],[-4,-1],[-10,-11],[-7,-2],[-10,1],[-17,6],[-6,5],[-18,14],[-5,6],[3,16],[-2,6],[3,32],[-2,9],[-9,5],[-37,1],[-7,0],[-16,1],[-4,6],[-3,13],[-9,20],[-2,14],[2,4],[11,2],[12,7],[35,-2],[13,2],[6,5],[-3,22],[7,12],[6,5],[7,14],[9,44],[12,0],[40,-3],[20,2],[8,4],[4,8],[3,24],[57,16],[28,32],[6,12],[-1,2],[-11,5],[-11,14],[-13,9],[3,5],[12,9],[-10,8],[-12,5],[-18,4],[-20,7],[-23,6],[-10,5],[-4,6],[0,5],[13,22],[0,11],[-2,9],[-16,18],[-13,23],[-6,6],[-6,2],[-13,2],[-26,-2],[-5,1],[-4,3],[-2,5],[-1,4],[-15,15],[-2,6],[0,8],[2,3],[19,0],[13,5],[8,9],[-15,8],[-20,8],[-7,5],[-1,4],[15,6],[6,5],[4,12],[8,6],[9,2],[24,-2],[12,1],[19,9],[10,3],[16,1],[9,3],[14,11],[10,1],[8,-5],[6,-10],[24,-9],[5,-4],[7,-28],[11,-8],[25,2],[5,-7],[-3,-6],[11,-8],[-1,-6],[1,-9],[23,-1],[6,-1],[15,-2],[5,-3],[2,-3],[0,-10],[-6,-3],[-8,-9],[2,-4],[19,1],[9,-3],[9,-5],[26,-8],[66,-27],[24,-3],[12,0],[14,4],[17,-2],[13,-5],[14,-1],[14,3],[16,8],[11,1],[7,7],[52,4],[11,7],[11,10],[39,5],[17,6],[21,4],[9,6],[7,5],[8,12],[14,8],[12,13],[4,1],[36,-8],[3,-1],[-1,-7],[4,-1],[7,0],[4,-2],[4,-5],[11,-1],[14,-6],[28,6],[22,2],[30,6],[20,1],[21,1],[12,-7],[4,-6],[10,-4],[41,-7],[9,-5],[7,-4],[-2,-6],[-8,-10],[3,-4],[20,-5],[4,-2],[7,-7],[43,-3],[22,2],[14,-5],[27,2],[26,3],[16,-2],[5,0],[21,7],[20,-6],[20,-2],[25,2],[27,4],[16,-3],[7,1],[7,3],[4,3],[7,21],[2,2],[13,5],[25,2],[15,11],[20,4],[1,0],[6,-14],[0,-5],[-6,-6],[-8,-4],[-4,-4],[5,-6],[25,-7],[11,-4],[12,-18],[12,-5],[7,0],[6,2],[41,19],[16,3],[23,-5],[16,0],[15,-2],[15,-7],[27,-7],[6,-1],[16,3],[7,2],[10,0],[9,-1],[14,-3],[18,-8],[7,3],[18,1],[10,-3],[10,-1],[23,8],[29,4],[27,-6],[10,-4],[10,-5],[13,1],[23,1],[49,5],[32,-2],[9,2],[13,8],[8,1],[26,0],[9,-1],[15,-5],[31,-16],[3,-11],[3,-4],[16,-4]],[[6476,5865],[13,-3],[19,1],[24,-3],[11,-10],[14,-23],[21,8],[11,-3],[19,-12],[12,-3],[14,-11],[14,2],[11,6],[8,7],[5,1],[3,3],[-2,7],[7,20],[9,1],[11,-2],[34,-9],[17,-1],[3,-3],[7,-8],[5,-12],[2,-15],[-1,-5],[-6,-8],[0,-4],[3,-5],[16,-11],[12,-3],[57,-4],[23,-7],[15,0],[14,2],[31,-10],[9,-4],[0,-3],[-4,-3],[-20,-2],[0,-5],[2,-4],[10,-11],[12,-2],[12,-1],[3,-2],[5,-8],[-5,-21],[8,-6],[18,-10],[6,-7],[4,-2],[13,4],[6,9],[9,7],[31,14],[15,12],[10,11],[19,-6],[6,-5],[1,-7],[-4,-9],[1,-2],[9,3],[5,4],[17,18],[13,-1],[19,-4],[9,-5],[5,-5],[2,-9],[7,-2],[25,-1],[17,2],[4,2],[60,-9],[11,3]],[[7302,5681],[-1,-13],[3,-12],[-12,-22],[-13,-13],[-13,-9],[2,-4],[12,-4],[-16,-11],[0,-11],[11,-17],[33,-9],[5,-9],[0,-8],[-8,-8],[-9,-19],[-12,7],[-13,4],[-21,3],[-15,-1],[-25,-18],[-17,3],[-16,-11],[-10,-15],[2,-16],[10,-27],[-9,0],[-2,-5],[2,-8],[-19,-22],[9,-16],[-3,-5],[-11,-6],[-8,-11],[-6,-5],[1,-8],[-1,-11],[-14,-7],[-2,-29],[-7,-6],[-17,-6],[-15,-2],[-16,2],[-21,0],[-19,-9],[-11,-10],[-27,-16],[-9,-7],[-34,-7],[-28,11],[-31,-5],[-8,2],[-8,2],[-17,-1],[-24,2],[-17,5],[-12,8],[-20,2],[-11,5],[-15,-2],[-10,3],[-9,5],[-8,3],[1,8],[-27,11],[-6,2],[-13,9],[-7,2],[-5,-1],[-16,4],[-14,9],[-23,-9],[-9,14],[-20,-1],[-16,-1],[-3,9],[-10,19],[-8,3],[-17,-9],[-16,-11],[-12,-3],[-23,0],[-15,-5],[-18,4],[-15,0],[-14,4],[-17,-5],[-19,-10],[-19,-7],[-16,3],[-10,14],[-12,-7],[-10,3],[-13,-1],[-18,2],[1,7],[-17,1],[-66,-7],[-14,-3],[-7,-6],[-20,-4],[-9,-8],[-7,-10],[-17,3],[-59,28],[-12,2],[-41,-3],[-20,2],[-14,-1],[-24,-5],[-14,-1],[-12,-3],[-16,0],[-5,6],[-18,2],[-54,-12],[-39,2],[-24,-4],[-7,-11],[3,-10],[10,-7],[15,-4],[8,-7],[-6,-6],[-14,-6],[-6,-9],[3,-8],[16,-7],[-5,-7],[-18,-9],[-8,-8],[-15,-16],[-9,-2],[-16,0],[-15,-7],[0,-11],[26,-31],[6,-12],[-33,-29],[-3,-10],[-7,-10],[-23,-14],[-31,-16],[-10,-12],[-28,-19],[-33,-41],[-17,-10],[-24,-9],[-23,-2],[-17,-5],[-14,-12],[-25,-5],[-22,-8],[-20,-9],[-6,-6],[4,-32],[0,-10],[-8,-18],[1,-10],[-10,-14],[-23,-6],[-11,-5],[-9,-6],[6,-8],[0,-5],[-8,-6],[-13,-4],[-12,2],[-9,3],[-9,-1],[-4,6],[-7,3],[-33,-5],[-18,0],[-5,5],[-18,12],[4,10],[0,7],[-13,9],[1,7],[-3,7],[-44,12],[-15,-5],[-21,-4],[-22,4],[-7,5],[0,10],[8,10],[-31,2],[-11,-22]],[[5066,4881],[-5,11],[-14,5],[-16,0],[-25,0],[-8,4],[-8,5],[-6,7],[-10,6],[-10,9],[-11,6],[-21,6],[-12,4],[-7,5],[-2,4],[1,5],[1,15],[0,3],[-3,3],[-33,5],[-55,6],[-11,5],[-38,8],[-9,-2],[6,-12],[-1,-7],[-3,-3],[-14,0],[-21,6],[-26,3],[-17,11],[-3,3],[-10,24],[-14,2],[-13,8],[-5,22],[-5,11],[-10,14],[-2,4],[-6,16],[-7,4],[-1,3],[-15,-1],[-17,1],[-30,2],[-16,3],[-13,4],[-23,3],[-25,4],[-15,7],[-10,7],[-6,3],[-12,4],[-10,5],[-13,7],[-164,60],[-29,32],[2,24],[5,16],[5,7],[4,8],[12,6],[9,8],[12,17],[8,18],[3,17],[0,8],[-2,49],[10,13],[9,8],[8,5],[56,35],[34,21],[20,8],[16,4],[31,8],[28,7],[26,4],[8,3],[15,5],[17,8],[16,9],[13,10],[17,14],[18,6],[11,3],[9,12],[5,4],[20,17],[3,15],[18,13],[6,8],[6,11],[-6,-1],[15,6],[18,4],[27,28],[17,14],[13,9],[16,16],[14,11],[23,2],[6,-2],[-8,-11],[6,-14],[15,-4],[12,-4],[8,-6],[9,-4],[7,-3],[8,-5],[4,-12],[0,-5],[0,-10],[-22,2],[-18,-4],[-15,-11],[-12,-11],[-10,-6],[25,-19],[1,-11],[-1,-8],[7,-23],[-14,-8],[-12,-5],[-7,-5],[-1,-3],[19,-4],[9,-1],[8,-1],[7,-5],[9,-11],[29,-3],[-1,-16],[-1,-8],[7,-15],[21,-4],[25,-3],[2,17],[33,1],[8,17],[17,1],[14,-4],[10,-8],[7,-3],[21,2],[16,-1],[1,-9],[-11,-6],[-4,-9],[10,-3],[9,2],[11,0],[15,13],[20,-1],[13,-8],[15,-11],[19,6],[1,19],[6,18],[9,7],[38,17],[22,6],[19,-1],[20,-3],[14,-5],[2,-8],[-18,-12],[1,-12],[10,-3],[12,-7],[15,1],[6,20],[4,8],[18,1],[10,-2],[15,3],[-30,20],[-3,24],[17,-3],[8,7],[26,-13],[22,-5],[5,0],[18,-1],[21,3],[17,4],[24,14],[5,2],[8,-4],[13,-5],[19,-4],[9,-1],[14,0],[18,3],[5,2],[18,6],[14,5],[11,6],[15,3],[4,0],[17,1],[12,0],[10,2],[10,3],[47,3],[21,5],[14,6],[4,-3],[30,-17],[39,-10],[24,2],[24,0],[9,24],[-1,29],[5,14],[-10,19],[-2,15],[7,15],[-1,7],[-5,47],[-3,20],[-21,50],[104,13],[45,22],[27,17],[22,8],[32,-17],[15,-3],[11,1],[25,-1],[34,-7],[18,-1],[0,8],[-12,21],[-2,10],[5,3],[16,-3],[11,7],[5,9],[12,4],[23,2],[25,10],[14,3],[18,3],[12,-3],[8,-6],[10,-7],[21,-17],[2,-8],[11,-7],[4,-7],[13,-18],[9,-11],[6,-7],[10,-8],[20,4],[8,3],[7,4]],[[2042,3008],[12,-1],[4,-1]],[[2763,3234],[0,0]],[[2673,2430],[-1,0]],[[2124,2322],[-22,10]],[[1887,2283],[-39,-3]],[[1799,2276],[-9,1]],[[1414,2473],[31,11],[14,9],[-5,9],[-19,7],[-28,6],[-18,7],[-8,6],[-10,22],[-25,23],[-6,12],[-8,6],[-10,6],[15,3],[33,5],[41,12],[24,5],[54,0],[24,2],[21,7],[23,13],[16,15],[0,25],[-2,15],[-4,13],[-10,16],[-16,15],[-13,5],[-25,0],[-26,3],[-17,8],[-11,7],[-8,11],[-4,14],[-6,11],[-14,10],[-19,4],[-25,-1],[-58,-7],[-45,13],[-4,9],[-2,17],[-15,8],[-89,29],[-32,3],[-27,1],[-33,0],[-50,-3],[-13,5],[-2,8],[1,13],[14,59],[8,16],[1,21],[-1,3]],[[8573,7127],[-10,-3],[-7,-5],[-5,-7],[-24,-9],[-9,-11],[-9,-16],[-13,-2],[-9,-3],[-12,-6],[-10,-12],[-17,-3],[-65,4],[-44,4],[-18,-1],[-34,-8],[-15,-5],[-20,-8],[-17,-12],[-7,-1],[-21,1],[-47,-30],[-17,-15],[-18,-30],[-14,-31],[-9,-9],[-23,-19],[-61,-41],[-4,-2],[-16,-14],[-4,-6],[4,-7],[14,-3],[21,-8],[23,-13],[15,-6],[27,-18],[-24,-9],[-11,-6],[-6,-1],[-43,3],[-35,-2],[-20,6],[-11,-7],[-10,-19],[-4,-14],[1,-9],[3,-10],[12,-12],[23,-13],[-5,-5],[-4,-6],[4,-2],[-8,-6],[-6,-2],[-1,-12],[-12,-9],[-2,-6],[2,-20],[34,-21],[20,-10],[-9,-12],[-2,-6],[83,-10],[31,-24],[-3,-8],[-16,-8],[-23,-3],[-4,-2],[4,-6],[1,-5],[-9,-2],[-7,-5],[3,-10],[-12,-6],[-4,-7],[30,-30],[5,-8],[-4,-6],[-12,-11],[-11,-7],[-3,-4],[-22,1],[-17,6],[-21,1],[-19,-1],[-23,-4],[-9,-14],[22,-7],[-4,-19],[9,-9],[-7,-3],[2,-8],[-35,0],[-19,6],[-19,4],[-21,9],[-16,14],[1,-10],[-14,-8],[-4,-14],[-23,-13],[-17,-6],[21,-14],[5,-14],[2,-10],[-8,-8],[-4,-6],[8,-6],[17,-7],[-11,-11],[-4,-10],[-27,-28],[-13,-7],[-9,-10],[-3,-8],[-16,-6],[-22,4],[-21,1],[-10,-3],[-7,-5],[-9,-4],[-3,-18],[21,-10],[16,-9],[13,-12],[61,-18],[21,-4],[20,-3],[1,-4],[7,-6],[-4,-12],[-20,3],[-16,-1],[-16,-34],[-25,0],[0,3],[-10,1],[3,9],[0,5],[-20,2],[0,11],[-3,3],[3,9],[15,19],[-16,7],[-35,-9],[-6,-8],[-25,-3],[-12,-4],[-9,-3],[-8,-8],[-15,-4],[-14,-6],[-7,-8],[-14,-4],[-9,-13],[-22,-12],[-14,-39],[3,-8],[8,-13],[0,-10],[-2,-5],[-28,-23],[-13,-31],[-7,-12],[-20,-9],[-4,-4],[-3,-7],[2,-6],[15,-10],[0,-18],[4,-14],[9,-16],[7,-17],[26,-3],[12,-4],[10,-6],[3,-12],[6,-10],[18,-20],[20,-12],[10,-4],[-2,-25],[9,-18],[-1,-4],[-7,-7],[2,-6],[18,-5],[7,-5],[-5,-10],[-21,-10],[-14,-5],[-27,7],[-5,-6],[-97,25],[-36,4],[-24,10],[-19,5],[-35,6],[-14,6],[-12,1],[-15,-1]],[[6476,5865],[-5,10],[1,13],[-9,33],[0,8],[-6,12],[1,14],[8,9],[24,10],[9,7],[3,16],[48,44],[8,10],[12,7],[1,9],[4,8],[20,13],[2,10],[-7,15],[-1,9],[-6,7],[-2,10],[-22,30],[-35,0],[-7,22],[-3,17],[2,17]],[[6910,7737],[-1,1],[-5,7],[0,5],[6,5],[24,14],[3,8],[-3,8],[-8,12],[-2,13],[4,7],[4,1],[5,2],[29,8],[18,3],[12,0],[11,3],[1,1],[7,5],[4,7],[2,18],[4,16],[8,7],[4,2],[29,11],[28,8],[8,1],[5,-5],[11,-1],[40,12],[12,1],[1,-6],[6,-3],[7,0],[22,1],[2,-13],[3,-4],[2,0],[11,1],[7,-1],[4,-7],[10,-2],[23,1],[66,-5],[68,-10],[4,2],[6,4],[2,1],[11,2],[11,-5],[11,-9],[12,-6],[8,-9],[9,-15],[7,-8],[19,-3],[15,1],[4,2],[23,12],[2,1],[15,2],[16,-3],[16,-7],[8,-8],[2,-9],[-11,-24],[-9,-26],[-1,-1],[-1,-1],[-6,-1],[-10,3],[-7,0],[-5,0],[4,-19],[5,-9],[4,-16],[1,-10],[2,-4],[10,-4],[33,-11],[7,-5],[6,-8],[7,0],[4,2],[1,0],[2,4],[0,5],[-4,7],[-2,6],[6,7],[3,0],[27,4],[4,2],[5,2],[11,12]],[[5066,4881],[-2,-3],[-10,-30],[-7,-13],[4,-21],[-6,-13],[6,-35],[8,-11],[-5,-17],[-4,-33],[12,-19],[14,-28],[-16,-5],[18,-18],[-6,-8],[-3,-16],[6,-7],[14,-26],[7,-5],[15,-5],[11,-13],[2,-4],[-9,-17],[4,-17],[9,-16],[2,-9],[-5,-6],[-20,-8],[-3,-6],[3,-3],[-5,-9],[-19,-3],[-6,-6],[-17,-6],[0,-5],[-2,-10],[12,-15],[-5,-9],[-8,-7],[-12,-4],[-11,-1],[-1,-6],[-2,-2],[-5,0],[-1,-5],[9,-7],[20,-9],[15,-9],[16,-23],[23,-11],[28,-4],[25,-6],[2,-3],[0,-10],[6,-30],[6,-11],[-3,-8],[11,-8],[1,-10],[-5,-11],[23,-1],[22,23],[8,11],[15,-11],[8,-14],[0,-19],[-4,-11],[19,-3],[5,-7],[3,-10],[-15,-12],[4,-13],[-16,-7],[-19,-4],[7,-23],[-5,-9],[-1,-9],[-17,-19],[-2,-6],[-11,-8],[0,-15],[-8,-10],[-2,-8],[12,-6],[4,-3],[0,-8],[17,-4],[22,-8],[14,-11],[4,-21],[11,-11],[2,-11],[-3,-6],[-18,-10],[-20,-4],[-17,-10],[0,-12],[21,-23],[-14,0],[-9,-3],[7,-19],[2,-11],[11,-5],[2,-7],[-1,-8],[1,-9],[-14,-13],[-5,-24],[-37,-18],[-17,-11],[9,-19],[-19,-6],[8,-10],[10,-8],[3,-10],[7,-13],[5,-17],[5,-30],[-5,-25],[-6,-14],[1,-8],[12,-16],[25,-5],[27,-1],[18,-3],[17,-7],[23,-6],[24,0],[17,-2],[14,-4],[16,1],[12,-3],[14,-9],[20,-9],[30,-8],[53,-5],[18,3],[28,0],[78,-21],[7,-5],[9,-9],[38,-7],[39,2],[11,7],[5,7],[6,3],[20,4],[11,-3],[13,-1],[21,3],[74,-6],[13,-2],[14,-3],[12,0],[2,0],[6,1],[16,-5],[9,-11],[-4,-57],[5,-4],[-2,-8],[-10,-9],[0,-11],[-5,-13],[4,-11],[-14,-8],[3,-9],[-2,-12],[5,-12],[9,-11],[7,-13],[20,1],[-9,-14],[-7,-22],[-15,-6],[3,-10],[-8,-11],[-10,-7],[-19,-2],[-18,-3],[-34,3],[-22,-3],[-14,3],[-20,0],[-10,-19],[-13,-9],[-18,-6],[-4,-12],[-10,-11],[-10,-5],[-26,-2],[-12,-2],[-10,-4],[-2,-10],[-7,-3],[-24,-3],[-10,2],[-6,5],[-2,6],[4,8],[-4,5],[0,7],[4,8],[-19,8],[4,5],[-3,4],[4,25],[-6,-2],[2,8],[5,7],[12,7],[11,3],[-5,4],[10,9],[10,3],[4,6],[14,13],[-9,7],[-7,2],[-32,-4],[-26,13],[-28,-4],[-10,8],[-9,-2],[-7,-6],[-19,12],[-15,8],[-17,-15],[-12,6],[-14,12],[-24,-2],[-9,4],[-2,16],[-8,3],[-18,-1],[-27,6],[-18,-1],[-7,-5],[-17,-3],[-38,13],[-7,0],[-18,-6],[-17,-3],[-10,2],[-17,-3],[-8,-5],[-24,-7],[-9,-7],[-19,-5],[-7,-7],[-19,-13],[-2,-9],[-22,-14],[-24,4],[-5,-3],[3,-9],[-3,-4],[-40,-27],[-31,14],[-4,3],[-9,18],[-8,12],[-48,38],[-7,24],[-29,31],[-33,42],[-2,21],[-17,21],[-7,0],[-14,8],[-47,30],[-7,4],[-15,-4],[-12,-3],[-12,-1],[-9,-4],[-15,-16],[-25,1],[-24,0],[-13,-5],[-7,12],[-23,16],[-1,4],[-25,6],[-17,2],[-40,15],[-8,0],[-17,-5],[-13,1],[-25,12],[-7,5],[-12,4],[-6,5],[-5,9],[-9,3],[-15,-3],[-17,18],[-15,7],[-29,2],[-21,-23],[-25,-10],[-19,-9],[2,-10],[-2,-3],[-16,-8],[-23,15],[2,12],[-3,5],[0,10],[-4,7],[-6,6]],[[724,3676],[-11,7],[-17,5],[-5,7],[-7,4],[-13,4],[-19,0],[-17,3],[-13,16],[-17,4],[-19,-5],[-14,1],[-25,6],[-20,3],[-18,1],[-8,-6],[-9,-17],[-11,-2],[-18,3],[-12,-2],[-62,15],[-18,7],[-15,12],[-8,11],[4,7],[11,5],[3,7],[2,11],[5,7],[8,2],[14,2],[23,5],[1,4],[-4,19],[-6,5],[-28,12],[-24,28],[-12,18],[7,4],[43,5],[12,2],[15,5],[11,-1],[8,2],[35,9],[26,9],[20,8],[21,4],[26,3],[44,2],[40,-8],[38,24],[22,16],[8,9],[7,10],[23,7],[79,13],[51,1],[3,8],[24,1],[3,12],[-3,6],[-14,13],[2,6],[-14,11],[1,7],[-3,9],[-10,4],[-1,6],[4,6],[-9,7],[-20,5],[-7,6],[-3,7],[0,5],[1,8],[8,19],[5,4],[6,9],[13,10],[9,10],[-5,6],[-10,8],[-6,6],[17,18],[4,8],[4,29],[3,10],[2,26],[-1,14],[4,6],[4,25],[6,8],[2,7],[-7,5],[3,10],[-4,8],[5,5],[12,5],[6,8],[-13,15],[8,6],[-7,7],[-4,8],[16,12],[6,9],[-11,4],[-21,0],[-15,2],[-24,9],[-17,2],[-17,-1],[-27,-2],[-20,-4],[-19,-17],[-52,-15],[-24,-8],[-19,1],[-28,2],[-7,14],[-11,13],[-21,13],[-6,8],[-1,10],[1,10],[8,9],[12,7],[29,15],[14,8],[27,12],[16,2],[29,1],[24,12],[13,3],[34,-1],[14,3],[13,7],[5,7],[-2,10],[-4,7],[-7,7],[-26,14],[-9,7],[-11,17],[-3,39],[-6,10],[-9,9],[-7,10],[0,26],[-5,15],[6,15],[7,12],[5,11],[12,6],[-2,16],[-11,25],[0,23],[-4,13],[2,33],[-8,22],[-17,29],[-3,8],[9,12],[-16,-4],[-21,1],[-38,-5],[-24,0],[-23,-2],[-20,1],[-21,-2],[-21,0],[-15,2],[-9,6],[3,8],[-19,13],[-1,9],[-11,16],[-7,7],[-5,9],[-2,33],[-11,12],[-10,4],[-6,4],[-5,4],[-2,3],[9,5],[3,2],[3,4],[6,1],[5,4],[3,4],[2,5],[4,3],[6,1],[6,2],[4,3],[4,4],[2,5],[0,5],[0,2],[-1,5],[2,4],[1,5],[0,3],[-2,4],[-1,4],[-2,5],[-4,3],[-2,2],[-2,4],[-1,2],[-4,5],[4,4],[0,2],[0,6],[-1,5],[-3,4],[-2,3],[-5,6],[-4,6],[-2,4],[-5,3],[2,1],[2,2],[2,3],[2,2],[2,3],[3,4],[1,4],[1,4],[6,0],[4,0],[4,-1],[4,0],[5,1],[0,5],[-2,2],[-5,3],[-6,2],[-8,1],[-4,2],[5,7],[4,4],[3,4],[5,8],[3,4],[3,5],[2,5],[2,3],[4,5],[3,7],[2,7],[1,5],[0,6],[3,5],[4,6],[11,0],[6,-1],[9,-1],[13,0],[4,0],[5,3],[6,3],[6,2],[10,1],[8,1],[7,4],[8,5],[5,1],[5,0],[7,-1],[4,0],[8,-1],[4,1],[2,5],[1,4],[2,3],[4,4],[4,4],[4,4],[4,4],[6,4],[11,-1],[7,-1],[6,-2],[4,-1],[7,-1],[9,-1],[7,0],[4,2],[8,1],[6,0],[4,0],[7,3],[10,2],[8,3],[7,3],[5,4],[1,1],[4,5],[9,4],[7,2],[8,3],[8,3],[7,2],[12,3],[7,0],[9,-1],[7,1],[5,2],[6,2],[4,2],[2,2],[4,2],[2,1],[5,2],[3,2],[4,4],[5,5],[11,4],[11,3],[7,2],[11,2],[8,5],[5,4],[3,3],[2,5],[4,6],[2,5],[1,7],[2,5],[4,6],[4,3],[5,3],[5,3],[3,2],[4,5],[3,5],[8,0],[6,1],[6,1],[5,3],[7,2],[7,3],[4,4],[1,5],[-2,7],[3,5],[-2,4],[-4,1],[-7,3],[-3,3],[-1,5],[-2,5],[-5,4],[-3,2],[-6,3],[-5,2],[-3,2],[8,6],[3,2],[4,3],[5,5],[4,6],[5,7],[3,9],[4,6],[9,8],[7,5],[7,4],[7,6],[4,6],[5,5],[4,7],[5,6],[4,9],[1,7],[-2,5],[6,7],[5,4],[2,5],[3,4],[-2,8],[-2,6],[0,7],[3,4],[7,3],[6,3],[9,4],[10,5],[6,5],[8,5],[8,6],[6,6],[6,7],[3,9],[4,8],[2,6],[-3,4],[-1,4],[-3,6],[-3,5],[-4,6],[-5,5],[0,7],[4,5],[2,6],[-1,5],[0,6],[0,4],[1,7],[0,3],[3,6],[3,5],[3,5],[4,5],[2,6],[0,5],[-3,2],[-4,3],[-5,4],[-4,4],[-8,6],[-4,2],[-10,4],[-4,2],[1,5],[3,4],[2,3],[3,3],[5,5],[1,5],[-2,3],[-1,2],[-4,4],[-2,4],[-5,3],[-3,1],[-2,2],[-5,2],[-1,3],[0,5],[-1,4],[1,3],[0,6],[-1,4],[1,5],[4,4],[6,2],[7,3],[4,5],[5,3],[4,4],[-1,6],[3,3],[-1,4],[-2,4],[-1,4],[-2,6],[-1,3],[0,1],[2,6],[-3,5],[-6,1],[-5,1],[-6,2],[-2,5],[-2,5],[0,2],[-2,4],[-1,3],[-2,4],[-1,2],[-1,3],[4,3],[2,3],[-3,3],[-4,3],[5,3],[4,1],[2,1],[3,2],[3,2],[2,2],[3,4],[4,3],[2,3],[3,5],[5,4],[4,5],[3,7],[1,5],[-1,5],[-3,2],[-4,3],[-6,4],[-3,3],[4,3],[6,1],[1,2],[1,3],[1,3],[2,5],[3,5],[0,6],[1,2],[6,7],[5,6],[10,14],[5,4],[3,5],[4,5],[7,2],[5,0],[11,-1],[12,-1],[10,1],[8,1],[11,-5],[8,-4],[10,-4],[7,-9],[0,-5],[14,-2],[14,3],[10,3],[8,1],[7,2],[11,1],[11,1],[8,1],[1,6],[-3,7],[0,5],[0,4],[3,4],[4,6],[3,1],[5,10],[4,2],[2,4],[3,6],[1,4],[1,4],[6,6],[4,6],[6,3],[5,7],[4,6],[0,6],[0,3],[2,5],[1,5],[2,5],[4,7],[3,4],[3,5],[-1,0]],[[1440,6396],[17,-1],[16,-2],[18,-4],[29,-4],[53,-4],[29,-1],[22,3],[15,3],[8,-12],[1,-3],[1,-2],[1,-2],[1,-2],[3,-3],[5,-2],[7,-2],[11,-3],[3,-6],[1,-4],[8,-9],[3,-3],[8,-10],[1,-1],[2,-4],[0,-6],[0,-4],[-2,-12],[2,-3],[7,-2],[15,-4],[17,-5],[3,-4],[10,-13],[1,-3],[3,-5],[6,-5],[9,-3],[17,-10],[9,-4],[5,-3],[2,-1],[4,-1],[4,0],[21,8],[13,6],[21,7],[8,2],[27,-2],[17,-2],[1,-4],[-4,-12],[3,-1],[31,-4],[11,0],[15,6],[11,3],[26,2],[21,0],[23,1],[8,-2],[8,-3],[29,-22],[17,-11],[7,-1],[1,8],[4,4],[3,1],[47,-7],[18,5],[12,-6],[21,-6],[5,-5]],[[5428,9490],[4,0],[8,-1],[24,1],[23,-2],[30,11],[17,1],[11,-1],[4,2],[6,3],[1,6],[-2,7],[-8,12],[-2,3],[-7,1],[-7,3],[-5,8],[-7,3],[-4,4],[5,0],[10,1],[12,-1],[4,2],[4,2],[1,0],[14,0],[31,-6],[13,3],[29,-4],[18,1],[9,3],[1,1],[25,14],[2,0],[11,3],[57,5],[2,1],[2,3],[0,7],[4,1],[5,1],[3,2],[4,2],[7,13],[4,1],[3,1],[4,-3],[16,-2],[3,2],[4,8],[7,5],[6,7],[-2,7],[-5,6],[-27,16],[3,10],[18,18],[4,3],[2,0],[4,1],[9,0],[13,-2],[4,2],[3,2],[15,0],[11,4],[1,0],[12,8],[4,3],[2,2],[3,0],[26,7],[12,-1],[27,-5],[61,-1],[12,3],[0,1],[4,5],[1,6],[8,9],[3,0],[48,4],[4,2],[33,17],[5,8],[11,9],[3,1],[1,1],[19,1],[3,0],[12,1],[20,2],[13,-6],[36,-17],[18,-6],[16,-12],[18,-21],[7,-5],[23,-10],[14,-9],[22,-9],[38,-11],[28,-4],[12,-4],[6,-3],[13,-14],[6,-4],[14,-6],[26,-4],[10,0],[73,10],[20,-1],[68,6],[12,-1],[26,2],[17,-6],[42,-6],[62,4],[98,19],[4,2],[1,0],[12,5],[2,6],[9,10],[15,9],[2,0],[23,2],[4,2],[2,0],[1,1],[14,3],[4,1],[5,3],[1,0],[10,0],[12,3],[14,0],[15,2],[1,2],[8,7],[-5,9],[26,13],[3,11],[6,10],[13,10],[-1,8],[-6,12],[6,7],[12,6],[-2,8],[3,5],[4,1],[12,3],[1,2],[7,4],[2,1],[2,1],[14,2],[3,2],[5,3],[-3,9],[4,5],[11,6],[1,0],[12,2],[14,-5],[14,-1],[9,4],[4,2],[8,5],[7,3],[8,2],[3,1],[2,0],[5,4],[1,6],[8,12],[-7,17],[2,7],[7,8],[9,15],[11,13],[9,7],[44,25],[6,7],[0,6],[3,7],[6,-1],[11,-8],[10,-2],[44,-4],[27,7],[12,0],[51,-3],[22,-8],[20,-20],[6,-2],[14,0],[14,1],[16,4],[9,0],[8,-7],[4,-9],[1,-8],[-3,-11],[5,-6],[4,-5],[35,-19],[13,-2],[12,1],[25,-2],[25,-4],[54,-12],[13,-4],[7,-4],[13,-16],[4,-8],[-22,-14],[-2,-16],[3,-19],[11,-20],[24,-23],[27,-17],[13,-13],[-4,-30],[13,-25],[16,-9],[27,0],[23,-4],[14,-9],[-7,-11],[0,-1],[-23,-6],[-10,-4],[-4,-2],[8,-10],[26,0],[22,-2],[23,-8],[24,-5],[26,0],[45,-10],[19,0],[28,1],[16,-7],[4,-10],[-6,-8],[7,-7],[20,-3],[14,-9],[13,4],[3,2],[7,3],[1,0],[15,-3],[16,-5],[8,-7],[-7,-14],[10,-9],[19,-11],[8,-8],[4,-14],[-1,-13],[36,-20],[5,-8],[2,-18],[-2,-18],[8,-13],[5,-16],[-6,-14],[-19,-13],[-4,-3],[0,-1],[-14,-5],[-4,-1],[-1,-12],[16,-14],[18,-10],[37,-13],[16,-9],[3,-7],[-14,-4],[-4,-2],[-4,-8],[12,-22],[41,-8],[2,-6],[5,-13],[17,-15],[27,-3],[28,-12],[6,-11],[15,-2],[2,2],[9,9],[1,-1],[23,-6],[40,-5],[20,-1],[33,-4],[56,-9],[17,5],[21,-7],[16,-3],[23,-1],[18,-6],[31,-3],[-1,2],[-13,47],[5,28],[15,17],[4,0],[22,3],[34,3],[31,7],[41,4],[20,-1],[15,0],[2,-6],[-6,-2],[-4,-2],[-5,-5],[1,-4],[25,-24],[19,-8],[5,-5],[-1,-8],[5,-6],[-3,-22],[5,-13],[-9,-26],[4,-8],[-18,-30],[-6,-8],[-1,-20],[-9,-13],[-6,-4],[-1,-1],[-17,-4],[-4,-1],[-11,-13],[-9,-5],[-10,-10],[-13,-23],[0,-1],[-19,-6],[-4,-2],[0,-12],[19,-26],[4,-7],[-3,-10],[0,-10],[-5,-11],[-20,-23],[-4,-18],[2,-11],[8,-8],[11,-7],[20,-9],[23,-5],[34,-5],[1,2],[10,15],[14,13],[9,6],[2,0],[12,2],[27,-1],[13,-4],[9,-4],[1,0],[-5,-1],[-4,-1],[2,-4],[7,-6],[3,-15],[3,-4],[26,-13],[18,-15],[5,-6],[-25,-35],[-1,-6],[10,-19],[-1,-4],[-8,-5],[-2,-7],[0,-12],[-19,-44],[-2,-9],[9,-11],[-4,-20],[0,-8],[3,-5],[10,-8],[1,-7],[-5,-11],[-13,-11],[-16,-8],[-12,-10],[-10,-13],[-3,-4]],[[1440,6396],[-1,3],[-3,0],[-5,4],[-2,5],[-1,4],[-2,9],[3,5],[3,3],[9,1],[6,2],[2,6],[-3,3],[-7,6],[-1,7],[2,3],[5,5],[0,6],[-7,5],[-6,6],[-7,3],[-3,0],[-11,3],[-3,5],[0,2],[1,6],[-2,5],[4,10],[-2,7],[4,5],[2,3],[7,8],[3,2],[3,3],[5,7],[3,3],[2,6],[0,6],[-2,2],[-2,6],[-4,9],[-4,2],[-2,-1],[-4,0],[-7,0],[-7,0],[-3,2],[-2,3],[-1,2],[-3,3],[-3,5],[4,2],[4,1],[7,-3],[10,1],[7,1],[10,0],[9,0],[9,1],[6,4],[2,4],[2,5],[3,5],[4,5],[3,3],[2,6],[2,4],[0,4],[3,5],[2,3],[3,5],[2,2],[3,3],[2,4],[0,4],[22,17],[2,9],[-1,27],[3,8],[17,19],[-2,9],[6,6],[15,1],[8,2],[7,6],[8,17],[8,39],[20,21],[11,7],[15,3],[19,0],[34,-3],[16,-3],[12,-7],[16,-25],[20,-24],[0,-4],[-9,-27],[4,-6],[20,-6],[4,-4],[13,-6],[9,1],[12,-1],[1,6],[4,7],[4,3],[4,-1],[15,6],[12,14],[-16,17],[6,14],[9,7],[0,4],[-9,6],[-17,7],[-7,6],[-7,3],[-17,3],[-8,0],[-6,-2],[-5,1],[-3,4],[2,11],[4,3],[32,12],[15,1],[29,2],[26,0],[4,12],[0,21],[4,18],[-5,9],[-9,10],[-4,11],[9,7],[15,-2],[8,2],[0,7],[2,7],[-5,9],[-11,7],[-8,10],[0,10],[9,14],[40,14],[10,4],[21,6],[13,-1],[20,5],[16,-1],[8,-7],[29,8],[17,33],[12,16],[41,26],[3,14],[-1,15],[-10,14],[-3,13],[7,8],[9,15],[-13,14],[-8,15],[-15,33],[4,13],[5,30],[-3,18],[4,17],[12,13],[31,11],[27,7],[34,6],[23,29],[15,12],[16,10],[23,3],[16,-1],[14,-11],[2,-14],[4,-9],[-2,-9],[19,-9],[19,-4],[20,-4],[13,0],[23,6],[17,6],[37,21],[2,25],[10,9],[15,0],[11,3],[10,6],[11,-1],[28,-15],[15,-4],[15,-8],[28,13],[-4,15],[2,26],[11,6],[8,7],[22,-3],[39,-13],[18,-1],[15,3],[11,-1],[17,-6],[13,-9],[2,-11],[-1,-8],[4,-12],[10,-12],[-5,-24],[8,-18],[6,-10],[19,-6],[42,12],[12,9],[4,8],[-7,9],[0,13],[16,9],[18,2],[4,-4],[6,-13],[15,-6],[14,2],[5,9],[-16,-2],[1,11],[-12,2],[4,8],[9,3],[-13,7],[-2,4],[20,3],[17,-7],[17,5],[23,0],[15,-3],[9,1]]],"transform":{"scale":[0.00041501696157944507,0.0006316506545982013],"translate":[80.24682597828537,17.790091462618626]}}