[
    {
        "name": "Green-3",
        "number":3,
        "colors": ["#e5f5f9","#99d8c9","#2ca25f"]
    },
    {
        "name": "Green-3",
        "number":4,
        "colors": ["#edf8fb","#b2e2e2","#66c2a4","#238b45"]
    },
    {
        "name": "Green-3",
        "number":5,
        "colors": ["#edf8fb","#b2e2e2","#66c2a4","#2ca25f","#006d2c"]
    },
    {
        "name": "Green-3",
        "number":6,
        "colors": ["#edf8fb","#ccece6","#99d8c9","#66c2a4","#2ca25f","#006d2c"]
    },
    {
        "name": "Green-3",
        "number":7,
        "colors": ["#edf8fb","#ccece6","#99d8c9","#66c2a4","#41ae76","#238b45","#005824"]
    },
    {
        "name": "Green-3",
        "number":8,
        "colors": ["#f7fcfd","#e5f5f9","#ccece6","#99d8c9","#66c2a4","#41ae76","#238b45","#005824"]
    },
    {
        "name": "Green-3",
        "number":9,
        "colors": ["#f7fcfd","#e5f5f9","#ccece6","#99d8c9","#66c2a4","#41ae76","#238b45","#006d2c","#00441b"]
    },
    {
        "name": "Violet-2",
        "number":3,
        "colors": ["#e0ecf4","#9ebcda","#8856a7"]
    },
    {
        "name": "Violet-2",
        "number":4,
        "colors": ["#edf8fb","#b3cde3","#8c96c6","#88419d"]
    },
    {
        "name": "Violet-2",
        "number":5,
        "colors": ["#edf8fb","#b3cde3","#8c96c6","#8856a7","#810f7c"]
    },
    {
        "name": "Violet-2",
        "number":6,
        "colors": ["#edf8fb","#bfd3e6","#9ebcda","#8c96c6","#8856a7","#810f7c"]
    },
    {
        "name": "Violet-2",
        "number":7,
        "colors": ["#edf8fb","#bfd3e6","#9ebcda","#8c96c6","#8c6bb1","#88419d","#6e016b"]
    },
    {
        "name": "Violet-2",
        "number":8,
        "colors": ["#f7fcfd","#e0ecf4","#bfd3e6","#9ebcda","#8c96c6","#8c6bb1","#88419d","#6e016b"]
    },
    {
        "name": "Violet-2",
        "number":9,
        "colors": ["#f7fcfd","#e0ecf4","#bfd3e6","#9ebcda","#8c96c6","#8c6bb1","#88419d","#810f7c","#4d004b"]
    },
    {
        "name": "Blue-2",
        "number":3,
        "colors": ["#e0f3db","#a8ddb5","#43a2ca"]
    },
    {
        "name": "Blue-2",
        "number":4,
        "colors": ["#f0f9e8","#bae4bc","#7bccc4","#2b8cbe"]
    },
    {
        "name": "Blue-2",
        "number":5,
        "colors": ["#f0f9e8","#bae4bc","#7bccc4","#43a2ca","#0868ac"]
    },
    {
        "name": "Blue-2",
        "number":6,
        "colors": ["#f0f9e8","#ccebc5","#a8ddb5","#7bccc4","#43a2ca","#0868ac"]
    },
    {
        "name": "Blue-2",
        "number":7,
        "colors": ["#f0f9e8","#ccebc5","#a8ddb5","#7bccc4","#4eb3d3","#2b8cbe","#08589e"]
    },
    {
        "name": "Blue-2",
        "number":8,
        "colors": ["#f7fcf0","#e0f3db","#ccebc5","#a8ddb5","#7bccc4","#4eb3d3","#2b8cbe","#08589e"]
    },
    {
        "name": "Blue-2",
        "number":9,
        "colors": ["#f7fcf0","#e0f3db","#ccebc5","#a8ddb5","#7bccc4","#4eb3d3","#2b8cbe","#0868ac","#084081"]
    },
    {
        "name": "Orange-2",
        "number":3,
        "colors": ["#fee8c8","#fdbb84","#e34a33"]
    },
    {
        "name": "Orange-2",
        "number":4,
        "colors": ["#fef0d9","#fdcc8a","#fc8d59","#d7301f"]
    },
    {
        "name": "Orange-2",
        "number":5,
        "colors": ["#fef0d9","#fdcc8a","#fc8d59","#e34a33","#b30000"]
    },
    {
        "name": "Orange-2",
        "number":6,
        "colors": ["#fef0d9","#fdd49e","#fdbb84","#fc8d59","#e34a33","#b30000"]
    },
    {
        "name": "Orange-2",
        "number":7,
        "colors": ["#fef0d9","#fdd49e","#fdbb84","#fc8d59","#ef6548","#d7301f","#990000"]
    },
    {
        "name": "Orange-2",
        "number":8,
        "colors": ["#fff7ec","#fee8c8","#fdd49e","#fdbb84","#fc8d59","#ef6548","#d7301f","#990000"]
    },
    {
        "name": "Orange-2",
        "number":9,
        "colors": ["#fff7ec","#fee8c8","#fdd49e","#fdbb84","#fc8d59","#ef6548","#d7301f","#b30000","#7f0000"]
    },
    {
        "name": "Blue-3",
        "number":3,
        "colors": ["#ece7f2","#a6bddb","#2b8cbe"]
    },
    {
        "name": "Blue-3",
        "number":4,
        "colors": ["#f1eef6","#bdc9e1","#74a9cf","#0570b0"]
    },
    {
        "name": "Blue-3",
        "number":5,
        "colors": ["#f1eef6","#bdc9e1","#74a9cf","#2b8cbe","#045a8d"]
    },
    {
        "name": "Blue-3",
        "number":6,
        "colors": ["#f1eef6","#d0d1e6","#a6bddb","#74a9cf","#2b8cbe","#045a8d"]
    },
    {
        "name": "Blue-3",
        "number":7,
        "colors": ["#f1eef6","#d0d1e6","#a6bddb","#74a9cf","#3690c0","#0570b0","#034e7b"]
    },
    {
        "name": "Blue-3",
        "number":8,
        "colors": ["#fff7fb","#ece7f2","#d0d1e6","#a6bddb","#74a9cf","#3690c0","#0570b0","#034e7b"]
    },
    {
        "name": "Blue-3",
        "number":9,
        "colors": ["#fff7fb","#ece7f2","#d0d1e6","#a6bddb","#74a9cf","#3690c0","#0570b0","#045a8d","#023858"]
    },
    {
        "name": "Green-2",
        "number":3,
        "colors": ["#ece2f0","#a6bddb","#1c9099"]
    },
    {
        "name": "Green-2",
        "number":4,
        "colors": ["#f6eff7","#bdc9e1","#67a9cf","#02818a"]
    },
    {
        "name": "Green-2",
        "number":5,
        "colors": ["#f6eff7","#bdc9e1","#67a9cf","#1c9099","#016c59"]
    },
    {
        "name": "Green-2",
        "number":6,
        "colors": ["#f6eff7","#d0d1e6","#a6bddb","#67a9cf","#1c9099","#016c59"]
    },
    {
        "name": "Green-2",
        "number":7,
        "colors": ["#f6eff7","#d0d1e6","#a6bddb","#67a9cf","#3690c0","#02818a","#016450"]
    },
    {
        "name": "Green-2",
        "number":8,
        "colors": ["#fff7fb","#ece2f0","#d0d1e6","#a6bddb","#67a9cf","#3690c0","#02818a","#016450"]
    },
    {
        "name": "Green-2",
        "number":9,
        "colors": ["#fff7fb","#ece2f0","#d0d1e6","#a6bddb","#67a9cf","#3690c0","#02818a","#016c59","#014636"]
    },
    {
        "name": "Pink",
        "number":3,
        "colors": ["#e7e1ef","#c994c7","#dd1c77"]
    },
    {
        "name": "Pink",
        "number":4,
        "colors": ["#f1eef6","#d7b5d8","#df65b0","#ce1256"]
    },
    {
        "name": "Pink",
        "number":5,
        "colors": ["#f1eef6","#d7b5d8","#df65b0","#dd1c77","#980043"]
    },
    {
        "name": "Pink",
        "number":6,
        "colors": ["#f1eef6","#d4b9da","#c994c7","#df65b0","#dd1c77","#980043"]
    },
    {
        "name": "Pink",
        "number":7,
        "colors": ["#f1eef6","#d4b9da","#c994c7","#df65b0","#e7298a","#ce1256","#91003f"]
    },
    {
        "name": "Pink",
        "number":8,
        "colors": ["#f7f4f9","#e7e1ef","#d4b9da","#c994c7","#df65b0","#e7298a","#ce1256","#91003f"]
    },
    {
        "name": "Pink",
        "number":9,
        "colors": ["#f7f4f9","#e7e1ef","#d4b9da","#c994c7","#df65b0","#e7298a","#ce1256","#980043","#67001f"]
    },
    {
        "name": "Violet-1",
        "number":3,
        "colors": ["#fde0dd","#fa9fb5","#c51b8a"]
    },
    {
        "name": "Violet-1",
        "number":4,
        "colors": ["#feebe2","#fbb4b9","#f768a1","#ae017e"]
    },
    {
        "name": "Violet-1",
        "number":5,
        "colors": ["#feebe2","#fbb4b9","#f768a1","#c51b8a","#7a0177"]
    },
    {
        "name": "Violet-1",
        "number":6,
        "colors": ["#feebe2","#fcc5c0","#fa9fb5","#f768a1","#c51b8a","#7a0177"]
    },
    {
        "name": "Violet-1",
        "number":7,
        "colors": ["#feebe2","#fcc5c0","#fa9fb5","#f768a1","#dd3497","#ae017e","#7a0177"]
    },
    {
        "name": "Violet-1",
        "number":8,
        "colors": ["#fff7f3","#fde0dd","#fcc5c0","#fa9fb5","#f768a1","#dd3497","#ae017e","#7a0177"]
    },
    {
        "name": "Violet-1",
        "number":9,
        "colors": ["#fff7f3","#fde0dd","#fcc5c0","#fa9fb5","#f768a1","#dd3497","#ae017e","#7a0177","#49006a"]
    },
    {
        "name": "Green-4",
        "number":3,
        "colors": ["#f7fcb9","#addd8e","#31a354"]
    },
    {
        "name": "Green-4",
        "number":4,
        "colors": ["#ffffcc","#c2e699","#78c679","#238443"]
    },
    {
        "name": "Green-4",
        "number":5,
        "colors": ["#ffffcc","#c2e699","#78c679","#31a354","#006837"]
    },
    {
        "name": "Green-4",
        "number":6,
        "colors": ["#ffffcc","#d9f0a3","#addd8e","#78c679","#31a354","#006837"]
    },
    {
        "name": "Green-4",
        "number":7,
        "colors": ["#ffffcc","#d9f0a3","#addd8e","#78c679","#41ab5d","#238443","#005a32"]
    },
    {
        "name": "Green-4",
        "number":8,
        "colors": ["#ffffe5","#f7fcb9","#d9f0a3","#addd8e","#78c679","#41ab5d","#238443","#005a32"]
    },
    {
        "name": "Green-4",
        "number":9,
        "colors": ["#ffffe5","#f7fcb9","#d9f0a3","#addd8e","#78c679","#41ab5d","#238443","#006837","#004529"]
    },
    {
        "name": "Blue-4",
        "number":3,
        "colors": ["#edf8b1","#7fcdbb","#2c7fb8"]
    },
    {
        "name": "Blue-4",
        "number":4,
        "colors": ["#ffffcc","#a1dab4","#41b6c4","#225ea8"]
    },
    {
        "name": "Blue-4",
        "number":5,
        "colors": ["#ffffcc","#a1dab4","#41b6c4","#2c7fb8","#253494"]
    },
    {
        "name": "Blue-4",
        "number":6,
        "colors": ["#ffffcc","#c7e9b4","#7fcdbb","#41b6c4","#2c7fb8","#253494"]
    },
    {
        "name": "Blue-4",
        "number":7,
        "colors": ["#ffffcc","#c7e9b4","#7fcdbb","#41b6c4","#1d91c0","#225ea8","#0c2c84"]
    },
    {
        "name": "Blue-4",
        "number":8,
        "colors": ["#ffffd9","#edf8b1","#c7e9b4","#7fcdbb","#41b6c4","#1d91c0","#225ea8","#0c2c84"]
    },
    {
        "name": "Blue-4",
        "number":9,
        "colors": ["#ffffd9","#edf8b1","#c7e9b4","#7fcdbb","#41b6c4","#1d91c0","#225ea8","#253494","#081d58"]
    },
    {
        "name": "Orange-3",
        "number":3,
        "colors": ["#fff7bc","#fec44f","#d95f0e"]
    },
    {
        "name": "Orange-3",
        "number":4,
        "colors": ["#ffffd4","#fed98e","#fe9929","#cc4c02"]
    },
    {
        "name": "Orange-3",
        "number":5,
        "colors": ["#ffffd4","#fed98e","#fe9929","#d95f0e","#993404"]
    },
    {
        "name": "Orange-3",
        "number":6,
        "colors": ["#ffffd4","#fee391","#fec44f","#fe9929","#d95f0e","#993404"]
    },
    {
        "name": "Orange-3",
        "number":7,
        "colors": ["#ffffd4","#fee391","#fec44f","#fe9929","#ec7014","#cc4c02","#8c2d04"]
    },
    {
        "name": "Orange-3",
        "number":8,
        "colors": ["#ffffe5","#fff7bc","#fee391","#fec44f","#fe9929","#ec7014","#cc4c02","#8c2d04"]
    },
    {
        "name": "Orange-3",
        "number":9,
        "colors": ["#ffffe5","#fff7bc","#fee391","#fec44f","#fe9929","#ec7014","#cc4c02","#993404","#662506"]
    },
    {
        "name": "Orange-4",
        "number":3,
        "colors": ["#ffeda0","#feb24c","#f03b20"]
    },
    {
        "name": "Orange-4",
        "number":4,
        "colors": ["#ffffb2","#fecc5c","#fd8d3c","#e31a1c"]
    },
    {
        "name": "Orange-4",
        "number":5,
        "colors": ["#ffffb2","#fecc5c","#fd8d3c","#f03b20","#bd0026"]
    },
    {
        "name": "Orange-4",
        "number":6,
        "colors": ["#ffffb2","#fed976","#feb24c","#fd8d3c","#f03b20","#bd0026"]
    },
    {
        "name": "Orange-4",
        "number":7,
        "colors": ["#ffffb2","#fed976","#feb24c","#fd8d3c","#fc4e2a","#e31a1c","#b10026"]
    },
    {
        "name": "Orange-4",
        "number":8,
        "colors": ["#ffffcc","#ffeda0","#fed976","#feb24c","#fd8d3c","#fc4e2a","#e31a1c","#b10026"]
    },
    {
        "name": "Orange-4",
        "number":9,
        "colors": ["#ffffcc","#ffeda0","#fed976","#feb24c","#fd8d3c","#fc4e2a","#e31a1c","#bd0026","#800026"]
    },
    {
        "name": "Blue-1",
        "number":3,
        "colors": ["#deebf7","#9ecae1","#3182bd"]
    },
    {
        "name": "Blue-1",
        "number":4,
        "colors": ["#eff3ff","#bdd7e7","#6baed6","#2171b5"]
    },
    {
        "name": "Blue-1",
        "number":5,
        "colors": ["#eff3ff","#bdd7e7","#6baed6","#3182bd","#08519c"]
    },
    {
        "name": "Blue-1",
        "number":6,
        "colors": ["#eff3ff","#c6dbef","#9ecae1","#6baed6","#3182bd","#08519c"]
    },
    {
        "name": "Blue-1",
        "number":7,
        "colors": ["#eff3ff","#c6dbef","#9ecae1","#6baed6","#4292c6","#2171b5","#084594"]
    },
    {
        "name": "Blue-1",
        "number":8,
        "colors": ["#f7fbff","#deebf7","#c6dbef","#9ecae1","#6baed6","#4292c6","#2171b5","#084594"]
    },
    {
        "name": "Blue-1",
        "number":9,
        "colors": ["#f7fbff","#deebf7","#c6dbef","#9ecae1","#6baed6","#4292c6","#2171b5","#08519c","#08306b"]
    },
    {
        "name": "Green-1",
        "number":3,
        "colors": ["#e5f5e0","#a1d99b","#31a354"]
    },
    {
        "name": "Green-1",
        "number":4,
        "colors": ["#edf8e9","#bae4b3","#74c476","#238b45"]
    },
    {
        "name": "Green-1",
        "number":5,
        "colors": ["#edf8e9","#bae4b3","#74c476","#31a354","#006d2c"]
    },
    {
        "name": "Green-1",
        "number":6,
        "colors": ["#edf8e9","#c7e9c0","#a1d99b","#74c476","#31a354","#006d2c"]
    },
    {
        "name": "Green-1",
        "number":7,
        "colors": ["#edf8e9","#c7e9c0","#a1d99b","#74c476","#41ab5d","#238b45","#005a32"]
    },
    {
        "name": "Green-1",
        "number":8,
        "colors": ["#f7fcf5","#e5f5e0","#c7e9c0","#a1d99b","#74c476","#41ab5d","#238b45","#005a32"]
    },
    {
        "name": "Green-1",
        "number":9,
        "colors": ["#f7fcf5","#e5f5e0","#c7e9c0","#a1d99b","#74c476","#41ab5d","#238b45","#006d2c","#00441b"]
    },
    {
        "name": "Black",
        "number":3,
        "colors": ["#f0f0f0","#bdbdbd","#636363"]
    },
    {
        "name": "Black",
        "number":4,
        "colors": ["#f7f7f7","#cccccc","#969696","#525252"]
    },
    {
        "name": "Black",
        "number":5,
        "colors": ["#f7f7f7","#cccccc","#969696","#636363","#252525"]
    },
    {
        "name": "Black",
        "number":6,
        "colors": ["#f7f7f7","#d9d9d9","#bdbdbd","#969696","#636363","#252525"]
    },
    {
        "name": "Black",
        "number":7,
        "colors": ["#f7f7f7","#d9d9d9","#bdbdbd","#969696","#737373","#525252","#252525"]
    },
    {
        "name": "Black",
        "number":8,
        "colors": ["#ffffff","#f0f0f0","#d9d9d9","#bdbdbd","#969696","#737373","#525252","#252525"]
    },
    {
        "name": "Black",
        "number":9,
        "colors": ["#ffffff","#f0f0f0","#d9d9d9","#bdbdbd","#969696","#737373","#525252","#252525","#000000"]
    },
    {
        "name": "Orange-1",
        "number":3,
        "colors": ["#fee6ce","#fdae6b","#e6550d"]
    },
    {
        "name": "Orange-1",
        "number":4,
        "colors": ["#feedde","#fdbe85","#fd8d3c","#d94701"]
    },
    {
        "name": "Orange-1",
        "number":5,
        "colors": ["#feedde","#fdbe85","#fd8d3c","#e6550d","#a63603"]
    },
    {
        "name": "Orange-1",
        "number":6,
        "colors": ["#feedde","#fdd0a2","#fdae6b","#fd8d3c","#e6550d","#a63603"]
    },
    {
        "name": "Orange-1",
        "number":7,
        "colors": ["#feedde","#fdd0a2","#fdae6b","#fd8d3c","#f16913","#d94801","#8c2d04"]
    },
    {
        "name": "Orange-1",
        "number":8,
        "colors": ["#fff5eb","#fee6ce","#fdd0a2","#fdae6b","#fd8d3c","#f16913","#d94801","#8c2d04"]
    },
    {
        "name": "Orange-1",
        "number":9,
        "colors": ["#fff5eb","#fee6ce","#fdd0a2","#fdae6b","#fd8d3c","#f16913","#d94801","#a63603","#7f2704"]
    },
    {
        "name": "Purple",
        "number":3,
        "colors": ["#efedf5","#bcbddc","#756bb1"]
    },
    {
        "name": "Purple",
        "number":4,
        "colors": ["#f2f0f7","#cbc9e2","#9e9ac8","#6a51a3"]
    },
    {
        "name": "Purple",
        "number":5,
        "colors": ["#f2f0f7","#cbc9e2","#9e9ac8","#756bb1","#54278f"]
    },
    {
        "name": "Purple",
        "number":6,
        "colors": ["#f2f0f7","#dadaeb","#bcbddc","#9e9ac8","#756bb1","#54278f"]
    },
    {
        "name": "Purple",
        "number":7,
        "colors": ["#f2f0f7","#dadaeb","#bcbddc","#9e9ac8","#807dba","#6a51a3","#4a1486"]
    },
    {
        "name": "Purple",
        "number":8,
        "colors": ["#fcfbfd","#efedf5","#dadaeb","#bcbddc","#9e9ac8","#807dba","#6a51a3","#4a1486"]
    },
    {
        "name": "Purple",
        "number":9,
        "colors": ["#fcfbfd","#efedf5","#dadaeb","#bcbddc","#9e9ac8","#807dba","#6a51a3","#54278f","#3f007d"]
    },
    {
        "name": "Red",
        "number":3,
        "colors": ["#fee0d2","#fc9272","#de2d26"]
    },
    {
        "name": "Red",
        "number":4,
        "colors": ["#fee5d9","#fcae91","#fb6a4a","#cb181d"]
    },
    {
        "name": "Red",
        "number":5,
        "colors": ["#fee5d9","#fcae91","#fb6a4a","#de2d26","#a50f15"]
    },
    {
        "name": "Red",
        "number":6,
        "colors": ["#fee5d9","#fcbba1","#fc9272","#fb6a4a","#de2d26","#a50f15"]
    },
    {
        "name": "Red",
        "number":7,
        "colors": ["#fee5d9","#fcbba1","#fc9272","#fb6a4a","#ef3b2c","#cb181d","#99000d"]
    },
    {
        "name": "Red",
        "number":8,
        "colors": ["#fff5f0","#fee0d2","#fcbba1","#fc9272","#fb6a4a","#ef3b2c","#cb181d","#99000d"]
    },
    {
        "name": "Red",
        "number":9,
        "colors": ["#fff5f0","#fee0d2","#fcbba1","#fc9272","#fb6a4a","#ef3b2c","#cb181d","#a50f15","#67000d"]
    }
]