{"type":"Topology","objects":{"type":"GeometryCollection","geometries":[{"type":"Polygon","properties":{"NAME_1":"Daman","ST_NM":"Daman & Diu","ST_CEN_CD":25,"DT_CEN_CD":2,"CENSUSCODE":495,"iso_a2":"IN_DD_DA"},"arcs":[[0]]},{"type":"MultiPolygon","properties":{"NAME_1":"Diu","ST_NM":"Daman & Diu","ST_CEN_CD":25,"DT_CEN_CD":1,"CENSUSCODE":494,"iso_a2":"IN_DD_DI"},"arcs":[[[1]],[[2]],[[3]]]}]},"arcs":[[[9500,138],[11,67],[12,182],[22,261],[10,182],[9,170],[10,46],[29,45],[9,34],[0,23],[-2,34],[-12,46],[-5,22],[-2,96],[-5,184],[8,209],[3,87],[19,208],[73,456],[21,135],[39,-129],[12,-33],[14,-36],[81,-90],[40,-5],[16,-91],[9,-142],[12,-111],[17,-86],[-3,-92],[-20,-63],[-19,23],[-38,113],[-18,-10],[-26,-243],[-33,-150],[-11,-99],[5,-118],[24,-85],[18,-9],[53,66],[46,16],[34,56],[19,-54],[15,-98],[3,-121],[-14,-126],[-54,-173],[-16,-122],[3,-153],[9,-74],[34,-95],[4,-91],[-14,-113],[-63,-61],[-58,41],[-23,51],[-51,-10],[-30,49],[-31,11],[-59,-142],[-31,-26],[-15,18],[-69,84],[-21,36]],[[251,9164],[3,-12],[3,-4],[1,-9],[4,-10],[5,-7],[6,-8],[6,0],[4,0],[3,0],[4,-2],[4,-10],[2,-24],[3,-15],[4,-6],[3,-6],[3,-8],[3,-6],[2,-8],[4,-9],[4,-1],[4,-2],[6,3],[4,9],[4,4],[4,10],[4,0],[5,6],[7,7],[6,7],[12,-2],[13,2],[8,3],[3,6],[0,-5],[7,0],[0,6],[3,0],[0,7],[1,0],[0,7],[3,0],[0,7],[3,0],[0,7],[7,0],[0,7],[2,0],[0,-7],[2,0],[0,-7],[1,0],[0,-7],[3,0],[0,-7],[4,0],[0,-14],[3,1],[0,-21],[1,0],[0,-7],[1,0],[0,-7],[-1,0],[0,-7],[4,0],[0,-21],[-1,1],[0,-14],[-2,0],[0,-21],[-1,0],[0,-21],[-1,0],[0,-11],[0,-9],[-2,0],[0,-14],[-1,0],[0,-14],[-2,0],[0,-20],[-1,0],[0,-28],[-1,0],[0,-69],[1,0],[0,-13],[1,0],[0,-7],[2,0],[0,-7],[1,0],[0,-7],[3,0],[0,-7],[3,0],[0,7],[1,0],[0,-7],[1,0],[0,7],[6,0],[0,7],[1,0],[0,21],[-9,-1],[0,7],[-3,0],[0,7],[-1,0],[0,42],[1,0],[0,13],[1,0],[0,7],[2,0],[0,14],[1,0],[0,7],[1,0],[0,7],[2,0],[0,7],[1,0],[0,6],[1,0],[0,7],[2,0],[0,7],[1,0],[0,7],[11,0],[0,-7],[3,0],[0,-7],[4,0],[0,-7],[8,0],[0,-13],[6,0],[0,-7],[2,0],[0,-7],[3,0],[0,-7],[4,0],[0,-7],[4,0],[0,-7],[5,0],[0,-7],[1,0],[0,-6],[1,0],[0,-7],[2,0],[0,-14],[1,0],[0,-7],[1,0],[0,-7],[2,0],[0,-14],[1,0],[0,-7],[1,1],[0,-7],[2,0],[0,-7],[1,0],[0,-7],[3,0],[0,-7],[1,0],[0,-7],[2,0],[0,-7],[1,0],[0,-14],[1,0],[0,-6],[9,0],[0,-7],[4,0],[0,-7],[5,0],[0,7],[12,0],[0,-7],[2,0],[0,-7],[1,0],[0,-7],[6,0],[0,-7],[9,0],[0,-7],[3,0],[0,-7],[3,0],[0,-7],[1,1],[0,-7],[1,0],[0,-14],[2,0],[0,-7],[3,0],[0,-7],[5,0],[0,-7],[4,0],[0,-7],[3,0],[12,0],[0,-7],[2,0],[0,-6],[1,0],[0,-32],[0,-10],[-1,0],[0,-14],[-2,0],[0,-6],[-1,0],[0,-7],[-3,0],[0,-14],[-1,0],[0,-7],[-4,0],[0,-7],[-2,0],[0,-14],[-1,0],[0,-7],[-1,1],[0,-4],[0,-3],[-2,0],[-3,0],[0,-7],[-2,0],[0,-6],[0,-1],[-1,0],[-6,0],[0,-7],[-6,0],[0,-14],[-1,0],[0,-7],[-1,0],[0,-7],[-2,0],[0,-3],[0,-4],[-1,0],[-1,0],[0,7],[-2,0],[0,7],[-1,0],[0,7],[-3,0],[0,7],[-5,0],[0,-7],[-6,0],[0,-7],[-3,0],[0,-14],[-1,1],[0,-14],[-1,0],[0,-7],[-6,0],[0,-7],[-7,0],[0,-7],[-2,0],[0,-7],[-3,0],[0,-7],[-3,0],[0,-6],[-1,0],[0,-7],[-4,0],[0,-7],[-2,0],[0,-7],[-1,0],[0,-21],[-1,0],[0,-1],[0,-6],[-2,0],[0,-6],[-1,0],[0,-7],[-2,0],[0,-7],[-1,0],[0,-36],[0,-6],[-1,1],[0,-7],[-4,0],[0,7],[-2,-1],[0,4],[0,3],[-1,0],[0,21],[1,0],[0,7],[2,0],[0,21],[-10,0],[0,-7],[-7,0],[0,7],[-1,-1],[0,14],[-2,0],[0,-7],[-1,0],[0,-6],[-3,0],[0,6],[-4,0],[0,7],[-1,0],[0,7],[-3,0],[0,14],[2,0],[0,7],[1,0],[0,14],[0,13],[-1,0],[0,7],[-14,0],[0,-3],[0,-4],[-3,0],[0,-7],[-3,0],[0,-6],[-1,0],[0,-7],[-1,0],[0,-7],[-2,0],[0,-7],[-7,0],[0,7],[-8,0],[0,14],[-4,0],[0,6],[-5,0],[0,7],[-2,0],[0,-13],[-1,0],[0,-7],[-4,0],[0,-7],[-6,0],[0,-7],[-1,0],[0,-7],[-1,0],[0,-7],[-3,0],[0,-7],[-3,0],[0,-7],[-1,0],[0,-6],[-3,0],[0,-7],[-18,0],[0,7],[-4,0],[0,6],[-3,0],[0,7],[-2,0],[0,7],[-6,0],[0,7],[-5,0],[0,7],[-9,0],[0,7],[-10,0],[0,7],[-3,0],[0,7],[-4,0],[0,6],[-4,0],[0,7],[-3,0],[0,7],[-8,0],[0,7],[-2,0],[0,7],[-1,0],[0,7],[-1,0],[0,7],[-3,0],[0,20],[-2,0],[0,7],[-1,0],[0,7],[-1,0],[0,7],[-3,0],[0,7],[-3,0],[0,7],[-3,0],[0,7],[-4,0],[0,7],[-8,-1],[0,7],[-5,0],[0,7],[-12,0],[-1,0],[0,7],[-20,0],[0,-7],[-8,0],[0,-7],[-5,0],[0,-7],[-4,1],[0,-7],[-6,0],[0,-7],[-6,0],[0,-7],[-3,0],[0,-7],[-1,0],[0,-7],[-4,0],[0,-7],[-1,0],[0,-14],[-2,0],[0,-7],[-3,1],[0,-7],[-1,0],[0,-14],[-1,0],[0,-28],[-2,0],[0,-20],[-1,0],[0,-21],[1,0],[0,-34],[2,0],[0,-21],[1,0],[0,-7],[5,0],[5,0],[0,-7],[-2,0],[0,-7],[0,-6],[-4,0],[0,-7],[-3,0],[0,-7],[-4,0],[0,-7],[-1,0],[0,-7],[-1,0],[0,-7],[-2,0],[0,-7],[-2,0],[0,-7],[-2,1],[0,-14],[-7,0],[0,7],[-4,0],[0,27],[-1,0],[0,27],[0,8],[-5,0],[-2,0],[0,-7],[-1,0],[0,-14],[-3,0],[0,-7],[-8,0],[0,-7],[-2,0],[0,7],[-5,0],[0,-7],[-6,0],[0,-7],[-8,0],[0,-7],[-3,0],[-1,0],[0,-7],[-5,1],[0,-7],[-2,0],[0,-7],[-5,0],[0,-7],[-4,0],[0,7],[-2,0],[0,7],[-1,0],[0,7],[-1,-1],[0,7],[-3,0],[0,7],[-3,0],[0,7],[-1,0],[0,14],[1,0],[0,7],[1,0],[0,20],[2,0],[0,15],[0,27],[-2,0],[0,13],[-1,0],[0,14],[-4,0],[0,7],[-1,0],[0,14],[-2,0],[0,7],[-1,0],[-2,0],[0,7],[-1,0],[0,6],[-1,0],[0,7],[-2,0],[0,7],[-1,0],[0,7],[-3,0],[0,7],[-4,0],[0,7],[-4,0],[0,7],[-7,0],[0,7],[-4,-1],[0,7],[-6,0],[0,7],[-5,0],[0,7],[-9,0],[0,7],[-2,0],[0,-7],[-5,0],[0,7],[-18,0],[0,-7],[-13,0],[-6,0],[0,-7],[-11,0],[0,7],[-3,0],[0,7],[-1,0],[0,6],[-2,1],[0,55],[-1,0],[0,14],[1,0],[0,7],[2,0],[0,48],[-2,0],[0,7],[2,0],[0,14],[-2,-1],[0,56],[2,0],[0,20],[3,0],[0,7],[1,0],[0,7],[3,0],[0,7],[1,0],[0,7],[3,0],[0,7],[1,0],[0,7],[1,0],[0,6],[2,0],[0,14],[1,0],[0,7],[3,0],[0,7],[1,0],[0,14],[2,0],[0,7],[1,0],[0,7],[3,-1],[0,7],[1,0],[0,7],[2,0],[0,7],[1,0],[0,7],[1,0],[0,28],[2,0],[0,6],[2,0],[0,7],[-1,0],[0,14],[1,0],[0,14],[2,0],[0,7],[2,0],[0,7],[2,0],[0,13],[1,0],[0,21],[3,0],[0,7],[3,0],[0,7],[2,0],[0,7],[4,0],[0,6],[16,0],[0,7],[4,0],[0,7],[8,0],[0,7],[5,0],[0,7],[3,0],[0,7],[4,0],[0,7],[3,0],[0,7],[14,0],[0,6],[6,0],[0,7],[7,0],[0,7],[2,0],[0,-7],[1,0],[0,7],[5,0],[0,-7],[3,0],[0,7],[2,0],[0,7],[2,0],[0,7],[4,0],[0,14],[2,0],[0,7],[5,0],[0,7],[4,0],[0,7],[3,0],[0,6],[4,0],[0,-6],[7,0],[0,6],[1,0],[0,7],[5,0],[0,7],[5,0],[0,7],[2,0],[6,0],[0,-7],[-1,0],[0,-7],[4,0],[0,14],[8,0],[0,-7],[14,0],[4,0],[0,7],[3,0],[0,7],[4,0],[0,7],[3,0],[0,7],[2,0],[0,7],[2,0],[0,6],[-2,0],[0,7],[-1,0],[0,14],[-1,0],[0,-14],[-1,0],[-1,12],[0,12],[1,19],[3,10],[4,1],[3,3],[4,4],[2,3],[4,0],[3,0],[0,-10],[0,-10],[0,-15]],[[669,9309],[19,-112],[-9,0],[0,-7],[-2,0],[0,-7],[-8,1],[0,-14],[-5,0],[0,-7],[-6,0],[0,-14],[-1,0],[0,-7],[-4,0],[0,-7],[-4,0],[0,-7],[-5,0],[0,-6],[-4,0],[0,-7],[-2,0],[0,-7],[-2,0],[0,-7],[-3,0],[0,-7],[-1,0],[0,-7],[-3,0],[0,-7],[-5,0],[-3,0],[0,-7],[-3,0],[0,-6],[-1,0],[0,-7],[-1,0],[0,-7],[-3,0],[0,-7],[-1,0],[0,-7],[-2,0],[0,-7],[-3,0],[0,-7],[-2,0],[0,-7],[-4,0],[0,-7],[-6,0],[0,-13],[-1,0],[0,-14],[-2,0],[0,-7],[-2,0],[0,-7],[-2,0],[0,-14],[-1,0],[0,-13],[-1,0],[0,-7],[-3,0],[0,-14],[-2,0],[0,-14],[-1,0],[0,-20],[-1,0],[0,-35],[-2,0],[0,-7],[-1,0],[0,-13],[-1,0],[0,-14],[-2,0],[0,-14],[-1,0],[0,-14],[-1,0],[0,-7],[-3,0],[0,-7],[-2,1],[0,-7],[-1,0],[0,-7],[-1,0],[0,-7],[-4,0],[0,7],[-2,0],[0,7],[-1,0],[0,34],[-2,0],[0,7],[-1,0],[0,7],[-1,0],[0,7],[-3,0],[0,7],[-1,0],[0,6],[-3,0],[0,7],[-1,0],[0,14],[2,0],[0,7],[3,0],[0,7],[1,0],[0,7],[3,0],[0,3],[0,4],[1,0],[0,6],[2,0],[0,7],[1,0],[0,7],[2,0],[0,14],[1,0],[0,6],[0,15],[1,0],[0,34],[3,0],[0,-7],[1,0],[0,-7],[2,0],[0,-7],[2,0],[5,0],[0,7],[1,0],[0,7],[1,0],[0,8],[0,6],[2,0],[1,0],[0,3],[0,4],[1,0],[22,66],[11,33],[32,186],[4,45],[0,29],[1,15],[18,-56]],[[1367,9999],[0,-10],[-2,0],[0,-21],[-1,0],[0,-26],[0,-36],[-1,0],[0,-27],[-2,0],[0,-7],[-1,0],[0,-7],[-1,0],[0,-7],[-2,0],[0,-7],[-1,0],[0,-14],[-2,0],[0,-13],[2,0],[0,-14],[1,0],[0,-14],[2,0],[0,-14],[1,0],[0,-7],[3,0],[0,-6],[2,0],[0,-7],[3,0],[0,-7],[3,0],[0,-7],[3,0],[0,-7],[9,0],[0,7],[7,0],[0,7],[2,0],[5,0],[0,-16],[0,-12],[-2,0],[0,-20],[-1,0],[0,-5],[0,-2],[-1,0],[-2,0],[0,-4],[0,-3],[-1,0],[0,-8],[-3,1],[0,-7],[-3,0],[-6,0],[0,-7],[-4,0],[0,-7],[-4,0],[0,-5],[-3,-1],[-2,-1],[0,-7],[-2,0],[0,-6],[-2,0],[0,-7],[-2,0],[0,-7],[-7,0],[0,7],[-4,0],[0,-7],[-4,0],[0,-7],[-2,0],[-11,111],[-1,38],[0,26],[16,163],[5,8],[16,29]]],"transform":{"scale":[0.00020303155427985915,0.000040364748018169414],"translate":[70.87319373309684,20.368619235106564]}}