{"type":"Topology","objects":{"type":"GeometryCollection","geometries":[{"type":"MultiPolygon","properties":{"NAME_1":"Ambala","ST_NM":"Haryana","ST_CEN_CD":6,"DT_CEN_CD":2,"CENSUSCODE":70,"iso_a2":"IN_HR_AM"},"arcs":[[[0,1,2,3,4,5]],[[6,7]]]},{"type":"Polygon","properties":{"NAME_1":"Bhiwani","ST_NM":"Haryana","ST_CEN_CD":6,"DT_CEN_CD":13,"CENSUSCODE":81,"iso_a2":"IN_HR_BH"},"arcs":[[8,9,10,11,12,13,14,15,16,17,18]]},{"type":"Polygon","properties":{"NAME_1":"Faridabad","ST_NM":"Haryana","ST_CEN_CD":6,"DT_CEN_CD":20,"CENSUSCODE":88,"iso_a2":"IN_HR_FR"},"arcs":[[19,20,21]]},{"type":"Polygon","properties":{"NAME_1":"Fatehabad","ST_NM":"Haryana","ST_CEN_CD":6,"DT_CEN_CD":10,"CENSUSCODE":78,"iso_a2":"IN_HR_FT"},"arcs":[[22,23,24,25,26,27]]},{"type":"Polygon","properties":{"NAME_1":"Gurgaon","ST_NM":"Haryana","ST_CEN_CD":6,"DT_CEN_CD":18,"CENSUSCODE":86,"iso_a2":"IN_HR_GU"},"arcs":[[28,29,-21,30,31,32,33]]},{"type":"Polygon","properties":{"NAME_1":"Hisar","ST_NM":"Haryana","ST_CEN_CD":6,"DT_CEN_CD":12,"CENSUSCODE":80,"iso_a2":"IN_HR_HI"},"arcs":[[34,35,-19,36,-25,37]]},{"type":"Polygon","properties":{"NAME_1":"Jhajjar","ST_NM":"Haryana","ST_CEN_CD":6,"DT_CEN_CD":15,"CENSUSCODE":83,"iso_a2":"IN_HR_JH"},"arcs":[[38,-29,39,40,41,42,43,-12,44,-10,45,46]]},{"type":"MultiPolygon","properties":{"NAME_1":"Kaithal","ST_NM":"Haryana","ST_CEN_CD":6,"DT_CEN_CD":5,"CENSUSCODE":73,"iso_a2":"IN_HR_KT"},"arcs":[[[47,48,49,50,51]],[[-38,-24]]]},{"type":"Polygon","properties":{"NAME_1":"Karnal","ST_NM":"Haryana","ST_CEN_CD":6,"DT_CEN_CD":6,"CENSUSCODE":74,"iso_a2":"IN_HR_KR"},"arcs":[[52,53,54,55,56,57,-49,58,59,60]]},{"type":"Polygon","properties":{"NAME_1":"Kurukshetra","ST_NM":"Haryana","ST_CEN_CD":6,"DT_CEN_CD":4,"CENSUSCODE":72,"iso_a2":"IN_HR_KU"},"arcs":[[61,-59,-48,62,-8,63,-4,64,65]]},{"type":"Polygon","properties":{"NAME_1":"Mahendragarh","ST_NM":"Haryana","ST_CEN_CD":6,"DT_CEN_CD":16,"CENSUSCODE":84,"iso_a2":"IN_HR_MA"},"arcs":[[66,-43,67,68,69,-17,70,71,-14]]},{"type":"Polygon","properties":{"NAME_1":"Mewat","ST_NM":"Haryana","ST_CEN_CD":6,"DT_CEN_CD":19,"CENSUSCODE":87,"iso_a2":"IN_HR_MW"},"arcs":[[72,73,-32,74]]},{"type":"Polygon","properties":{"NAME_1":"Palwal","ST_NM":"Haryana","ST_CEN_CD":6,"DT_CEN_CD":21,"CENSUSCODE":89,"iso_a2":"IN_HR_PW"},"arcs":[[75,-75,-31,-20]]},{"type":"Polygon","properties":{"NAME_1":"Panchkula","ST_NM":"Haryana","ST_CEN_CD":6,"DT_CEN_CD":1,"CENSUSCODE":69,"iso_a2":"IN_HR_PK"},"arcs":[[-6,76]]},{"type":"Polygon","properties":{"NAME_1":"Panipat","ST_NM":"Haryana","ST_CEN_CD":6,"DT_CEN_CD":7,"CENSUSCODE":75,"iso_a2":"IN_HR_PP"},"arcs":[[77,78,79,-54]]},{"type":"Polygon","properties":{"NAME_1":"Rewari","ST_NM":"Haryana","ST_CEN_CD":6,"DT_CEN_CD":17,"CENSUSCODE":85,"iso_a2":"IN_HR_RE"},"arcs":[[80,-33,-74,81,-69,82,-41]]},{"type":"Polygon","properties":{"NAME_1":"Rohtak","ST_NM":"Haryana","ST_CEN_CD":6,"DT_CEN_CD":14,"CENSUSCODE":82,"iso_a2":"IN_HR_RO"},"arcs":[[-46,-9,-36,83,84]]},{"type":"Polygon","properties":{"NAME_1":"Sirsa","ST_NM":"Haryana","ST_CEN_CD":6,"DT_CEN_CD":11,"CENSUSCODE":79,"iso_a2":"IN_HR_SI"},"arcs":[[-27,85]]},{"type":"Polygon","properties":{"NAME_1":"Sonipat","ST_NM":"Haryana","ST_CEN_CD":6,"DT_CEN_CD":8,"CENSUSCODE":76,"iso_a2":"IN_HR_SNP"},"arcs":[[86,-79,87,-47,-85]]},{"type":"Polygon","properties":{"NAME_1":"Yamunanagar","ST_NM":"Haryana","ST_CEN_CD":6,"DT_CEN_CD":3,"CENSUSCODE":71,"iso_a2":"IN_HR_YN"},"arcs":[[-61,88,-66,89,-2,90]]},{"type":"Polygon","properties":{"NAME_1":"Jind","ST_NM":"Haryana","ST_CEN_CD":6,"DT_CEN_CD":9,"CENSUSCODE":77,"iso_a2":"IN_HR_JI"},"arcs":[[91,-55,-80,-87,-84,-35,-23,92,-51,93,-57]]}]},"arcs":[[[8466,8890],[-2,-1],[7,-15],[9,-15],[19,-28],[28,-21],[21,-9],[25,-2],[21,-3],[37,-9],[19,-3],[16,-8],[34,-14],[18,-20],[16,-23],[12,-16],[0,-18]],[[8746,8685],[-11,-3],[-23,-4],[-19,-11],[-23,-34],[-9,-14],[-15,-16],[-18,-26],[-5,-21],[-7,-15],[-7,-22],[5,-13],[3,-15],[2,-11],[0,-19],[-12,-9],[-12,-6],[0,-10],[4,-1],[27,-10],[12,-15],[2,-18],[-22,-54],[-11,-14],[0,-12],[1,-10],[0,-15],[-2,-11],[-19,-1],[-25,-3],[-6,-6],[0,-12],[12,-5],[10,8],[10,-4],[7,-10],[6,6],[5,3],[8,0],[12,-11],[-6,-21],[22,-19],[9,-14],[17,-13],[1,0],[-2,0],[-16,-16],[11,-19],[11,-14],[-17,-20],[-19,-4],[-25,1],[-3,-24],[-24,-13],[-22,-16],[-25,-8],[-23,-12],[-15,-37],[11,-21],[-9,-25],[-10,-15],[11,-19],[15,-7],[17,8],[7,1],[8,1],[13,0],[14,-5],[16,-20],[-2,-24],[-13,-20],[-10,-9],[-32,-15],[-17,29],[-11,9],[-28,12],[-9,-1],[-35,-2],[-11,-11],[-25,-2],[-34,-4],[-3,-9],[-2,-9],[-23,-6],[-24,-14],[-11,-21],[4,-20],[19,-10],[23,-8],[17,-4],[21,-9],[26,-16],[8,-19],[-21,-26],[-10,-14],[-8,-14],[-4,-12],[-10,-1],[-12,14],[-9,10],[-16,6],[-15,7],[-13,-1],[-9,-10],[9,-15],[3,-21],[-20,-29],[3,-23],[-6,-19]],[[8283,7559],[-9,-15]],[[8274,7544],[-24,0],[-19,8],[-16,8],[-16,10],[-15,19],[-16,16],[-18,16],[-20,13],[-32,18],[-17,12],[-12,6],[-3,3],[-58,8],[-13,-15],[-30,-6],[-6,-12],[-16,-8],[-18,9],[-20,10],[-18,20],[-2,31],[8,10],[35,11],[11,25],[-73,16],[-36,6],[-28,0],[-29,-14],[-17,-18],[-21,12],[-14,14],[-21,15],[6,23],[-12,14],[-19,9],[-43,33],[-5,16],[10,33],[-11,6],[-25,7],[-72,2],[-26,-21],[-5,-16],[-1,-30],[-27,-34],[-18,-11],[-36,-8],[-34,-4],[-16,-16],[-20,-14],[-19,-4],[-23,-13],[-38,5],[-57,-8],[-98,-10],[-48,-12],[-28,-48],[-42,-23],[-19,-21],[-37,-18],[-22,8]],[[6915,7632],[-15,46],[53,46],[8,12],[1,13],[-16,10],[6,28],[-20,12],[-51,4],[-24,5],[-16,7],[7,15],[17,17],[1,16],[-9,12],[-31,17],[-11,11],[-18,31],[-20,8],[-26,-2],[-22,-14],[-69,-52],[-10,-11],[-38,-11],[1,15],[30,13],[12,22],[3,18],[-3,28],[5,19],[33,-2],[74,17],[75,8],[17,-6],[15,15],[17,38],[10,11],[11,-23],[80,47],[35,1],[35,40],[-7,20],[12,20],[15,-14],[29,14],[29,-3],[9,15],[14,6],[20,-6],[13,9],[0,22],[28,13],[17,13],[18,16],[12,18],[-11,16],[-15,8],[-61,-7],[-7,9],[29,27],[-8,10],[-34,2],[-11,12],[-4,27],[40,14],[44,20],[-4,48],[40,13],[35,5],[18,19],[9,16],[2,3],[18,2],[11,-11],[-8,-34],[21,-20],[31,-10],[53,0],[36,-10],[47,33],[15,23],[15,11],[23,-40],[24,-18],[56,-18],[9,-23],[-5,-20],[27,-11],[18,-15],[1,-10],[-15,-41],[2,-19],[12,-11],[22,-4],[16,3],[18,9],[18,15],[44,47],[12,6],[21,12],[9,12],[4,14],[-8,8],[-10,5],[-20,5],[-33,1],[-13,4],[-4,6],[0,10],[4,10],[-5,15],[0,21],[-6,10],[-38,26],[-3,13],[6,31],[14,13],[10,38],[-5,23],[-22,12],[-3,16],[16,15],[24,-2],[21,6],[14,9],[12,17],[4,14]],[[7843,8696],[18,-8],[12,-18],[2,-17],[3,-11],[2,-6],[14,-16],[27,-5],[29,7],[14,9],[18,11],[14,17],[17,15],[12,10],[12,28],[6,10],[8,8],[11,5],[13,0],[15,8],[4,5],[22,11],[38,11],[16,5],[14,1],[17,8],[8,8],[2,17],[2,16],[1,9],[8,6],[13,3],[21,12],[9,5],[11,21],[0,12],[6,14],[7,5],[1,15],[30,-4],[7,-7],[9,-2],[12,-9],[5,-25],[10,-13],[15,-16],[38,8],[14,11],[35,20],[1,0]],[[6682,7460],[82,61],[29,14],[20,17],[38,36],[25,15],[25,11]],[[6901,7614],[0,-14],[20,-31],[-2,-14],[-11,-27],[-2,-13],[6,-9],[3,-11],[-3,-14],[-5,-12],[-18,-20],[-6,-4],[-5,-4],[-6,-4],[-6,-4],[-5,-4],[-6,-4],[-5,-5],[-4,-5],[-5,-4],[-5,-5],[-6,-3],[-7,-2],[-8,0],[-7,0],[-8,1],[-7,-2],[-6,-3],[-6,-5],[-6,-4],[-6,-2],[-9,0],[-8,1],[-1,4],[5,4],[6,6],[4,5],[3,6],[0,6],[-4,5],[-6,3],[-7,3],[-6,4],[-6,4],[-5,4],[-6,4],[-6,4],[-6,3],[-6,3],[-8,1],[-7,2],[-14,2]],[[5575,4060],[-24,-48],[-3,-7],[6,-14],[6,-16],[46,-48],[10,-97],[13,-13],[62,0],[65,-5],[31,-12],[13,-62],[4,2],[27,87],[91,-31],[96,-65],[4,-22],[-26,-35],[-19,-25],[-9,-32],[-20,-28],[-16,-17],[1,-37],[2,-10],[55,-25],[120,-74],[11,-7],[47,-59],[-16,-56],[-22,-13],[-19,-18],[-3,-13],[-20,-29],[1,-17],[10,-13],[44,-35],[1,-1],[25,-19],[3,3]],[[6172,3149],[1,-1]],[[6173,3148],[0,-5],[6,-43]],[[6179,3100],[3,-22],[26,-3],[109,-13],[1,-1],[10,-17],[-3,-15],[-6,-33],[-3,-18],[5,-19],[28,-33],[13,-16],[-6,-14],[-30,-16],[-24,-3],[-32,-2],[-37,-142],[-49,4],[-5,19],[-4,18],[-21,89],[-28,10],[-54,20],[-1,0],[-48,15],[-9,2],[-24,-3],[-20,-3],[-1,-60],[0,-28],[0,-6],[-1,-71],[-20,-37],[0,-26],[-5,-28],[-16,-51],[-11,-20],[-13,-4],[-6,0],[-4,2],[-5,8],[-15,6],[-26,0],[-20,0],[-19,-3],[-9,-9],[-8,-15],[-1,-1],[-9,-21],[0,-8],[2,-6],[8,-10],[6,-6],[13,-8],[0,-8],[-4,-8],[-1,-15],[-1,-18],[0,-16]],[[5804,2437],[0,-2]],[[5804,2435],[-46,-1],[-7,0],[-4,-7],[-9,-14],[-8,-9],[-30,-6],[-12,3],[-17,6],[-9,11],[-6,38],[-7,16],[-39,21],[-34,-1],[-13,-22],[-6,-20],[-1,0],[-12,-29],[-29,0],[0,-6],[-15,-1]],[[5500,2414],[-3,1]],[[5497,2415],[-27,5]],[[5470,2420],[-5,1],[-12,-6],[-28,-14],[-3,12],[-28,31],[1,34],[-27,0],[-31,-41],[-58,-1],[-33,6],[-12,-18],[-17,-49],[-31,-10],[-18,-35],[-20,-16],[-24,-44],[-36,7],[-36,-2],[-90,-18],[-21,14],[6,27],[-29,26],[8,61],[-54,25],[-88,-6],[-212,-27],[-13,-8],[-6,-29],[5,-31],[8,-23],[-21,-31]],[[4545,2255],[-18,-5],[-1,-16],[-36,13],[-98,20],[-20,1],[-22,35],[-32,-10],[-5,17],[-45,9],[-27,-14],[-21,-16],[-16,8],[-39,2],[-16,40],[37,29],[26,27],[1,35],[-22,21],[-100,36],[-39,10],[5,45],[-40,12],[-74,13],[-34,11],[-61,55],[-23,12],[5,38],[-6,8],[-32,14],[-32,7],[-22,14],[-24,-4],[-12,38],[-20,92],[3,32],[-6,9],[-28,12],[-78,1],[-25,32],[-68,-6],[-21,87],[-31,17],[4,20],[-9,18],[6,45],[-10,19],[-3,19],[-13,88],[-2,48],[-15,31],[9,22],[-22,18],[-19,49],[-35,32],[-21,15],[17,28],[-2,38],[18,19],[15,65],[-9,21],[-25,7],[-12,14],[-4,18],[-31,10],[1,118],[-12,11],[-56,75],[6,36],[92,10],[19,32],[-2,29],[19,13],[25,30],[-2,20]],[[3355,4054],[19,-4],[60,-9],[37,-6],[66,15],[37,9],[44,2],[54,-12],[3,-1],[5,-6],[35,-34],[-9,-24],[44,-53],[18,4],[83,-82],[81,-22],[136,-1],[46,-19],[18,5],[22,37],[5,18],[31,18],[32,7],[62,-33],[51,-10],[64,44],[15,78],[6,27],[40,11],[40,32],[2,14],[29,-11],[5,25],[8,40],[20,50],[3,5],[1,3],[16,8],[42,19],[40,-23],[13,-8],[63,-36],[30,-20],[20,-13],[3,8],[11,28],[-20,47],[-29,33],[-1,27],[20,34],[17,27],[37,54],[36,-25],[3,-2],[7,-3],[57,-26],[7,-2],[55,-14],[18,-12],[39,-82],[32,15],[41,18],[20,2],[11,1],[36,-9],[78,-19],[20,-25],[98,-35],[18,0],[-37,70],[-3,35],[4,34],[27,4],[9,1],[13,-6],[5,-1],[45,-19],[6,-49],[-12,-52],[25,-51],[36,-20],[51,-24]],[[9731,1552],[-6,25],[-12,12],[-97,14],[-23,-13],[-54,-40],[-16,9],[1,10],[-16,17],[-33,-22],[-43,4],[-46,15],[-9,-16],[-29,23],[5,11],[-36,51],[13,17],[29,2],[29,10],[-1,14],[-16,17],[-24,1],[-72,31],[-53,-50],[-48,19],[-77,39],[5,24],[-9,6],[-16,-9],[-29,-14],[-16,13],[-32,24],[-44,15],[-13,12],[3,17],[16,19],[-2,23],[-18,6],[-26,5],[-18,-2],[-3,-7],[0,-25],[-3,-6],[-17,6],[-45,27]],[[8830,1886],[1,1],[3,4],[4,7],[-1,11],[-5,8],[-20,12],[-14,14],[-12,8],[-28,2],[-24,10],[-13,0],[-18,-5],[-21,-2],[-10,11],[-15,11],[-22,8],[-20,12],[-23,10],[-34,25],[-9,16],[-3,37],[1,21],[4,19],[2,52],[-8,42],[2,16],[5,10],[44,25],[30,25]],[[8626,2296],[44,12],[51,1],[34,2],[30,8],[24,9],[57,31],[8,14],[4,25],[-4,17],[-10,19],[-22,18],[-21,2],[-3,12],[6,17],[16,19],[14,12],[19,15],[36,3],[19,8],[36,27],[22,3],[25,-6],[33,-15],[15,-4],[19,2],[26,12],[21,15],[16,12],[8,15],[17,8],[11,-6],[17,-16],[55,-18],[11,-15],[1,-22],[17,-15],[12,-8],[9,-6],[39,-11],[31,-5],[7,-13],[-17,-12],[9,-13],[34,-9],[31,0],[1,0],[24,-3],[8,-32],[24,-38],[26,-9],[24,-12],[15,-12],[40,-10],[19,-13],[-3,-29],[-22,-13],[8,-16],[53,-45],[19,-31],[7,-34],[-29,-25],[-60,-27],[-8,-10],[7,-13],[24,-18],[27,-13],[44,-51],[-5,-20],[2,-24],[-7,-36],[-15,-5],[-50,6],[-24,-11],[8,-24],[63,-24],[48,-12],[27,-9],[3,-1],[2,-1],[41,-3],[44,3],[8,-20],[-18,-22],[-64,-33],[4,-25],[15,-13],[5,-31],[-13,-16],[-20,0],[-7,14],[-42,20],[-27,-3],[5,-58],[5,-24],[30,6],[13,26],[48,-12],[30,4],[25,-6],[14,-29],[-34,-34],[-64,-17]],[[4711,6347],[-4,-36],[-12,-34],[-11,-18],[-3,-6],[-4,-6],[-5,-22],[1,-20],[22,-20],[14,-19],[8,-12],[-8,-17],[-7,-14],[-5,-30],[11,-32],[21,-45],[0,-9],[-3,-25],[-11,-16],[-2,-27],[22,-10],[15,-27],[-3,-19],[-1,-1],[-5,-11],[1,-7],[2,-20]],[[4744,5844],[-13,6],[-32,13]],[[4699,5863],[-39,25],[-67,-83],[-31,9],[-26,-4],[-3,-39],[-2,-15],[-69,10],[-6,19],[-4,14],[-14,21],[-25,-19],[-4,-21],[-6,-34],[-18,-28],[-28,-25],[-30,-11],[-46,26],[-49,7],[-50,-17],[-3,21],[-82,-80],[-10,-47],[-86,-6],[-16,-17],[31,-78],[-50,-24],[-7,-34],[-21,7],[-11,-22],[-48,2],[-47,-2],[-75,-9],[-58,-9],[-17,-30],[-34,-22],[3,-88],[-52,-15],[-9,-83],[-20,-19],[-29,25],[-8,62],[-63,-21],[-2,23],[-47,-14],[-45,6],[-68,122],[-90,-36],[-2,44],[-81,-13],[-17,24],[-43,2],[-65,13],[19,-90],[-116,-17],[-17,-69],[46,-34],[10,-23],[17,-18],[-22,-12],[2,-23],[-30,-8],[-65,-17],[-64,-18],[-17,7],[-75,-2],[-45,40],[-67,-50],[-23,-11],[-42,-23],[27,-27],[30,-29],[14,-10]],[[2592,4946],[-1,-1],[-16,-58],[-71,6],[-45,-13]],[[2459,4880],[-15,10],[-13,15],[-9,26],[21,78],[-3,27],[-11,24],[-27,48],[16,22],[29,13],[31,-1],[36,14],[15,18],[2,22],[-8,13],[-20,21],[-27,19],[-26,24],[-34,8],[-29,10],[-1,22],[7,21],[32,48],[26,16],[38,4],[35,7],[40,1],[39,14],[36,42],[-50,65],[-12,25],[-2,27],[12,21],[5,25],[-36,41],[9,18],[26,14],[44,4],[-11,49],[18,15],[1,20],[-5,36]],[[2638,5826],[17,19],[23,33],[5,14],[-1,15],[-8,11],[-27,17],[-42,18],[1,20],[23,30],[42,22],[21,17],[14,49],[14,37],[5,30],[16,6],[24,-1],[36,-31],[17,-10],[5,1],[7,0],[-4,20],[-10,17],[-39,51],[4,18],[19,4],[37,28],[19,4],[11,22],[25,0],[28,-5],[16,27],[-5,21],[5,21],[23,14],[19,31],[2,38],[41,43],[31,-3],[24,11],[23,7],[30,18],[-2,25],[-25,14],[28,28],[173,-93],[26,-11],[17,-43],[39,22],[20,17],[45,-3],[39,-18],[21,-66],[18,-5],[77,19],[25,-5],[40,-3],[30,22],[3,40],[6,20],[50,-7],[28,11],[21,4],[32,-10],[38,-48],[29,-16],[33,10],[27,164],[13,11],[51,-3],[22,-1],[50,3],[39,20],[9,10],[26,10],[37,-30],[41,-26],[77,26],[29,-10],[0,-35],[13,-31],[25,-30],[8,-15],[35,-19],[29,-53],[27,-7],[23,-9],[36,18],[21,7],[19,-28],[35,-23],[29,-12],[35,-7],[15,3]],[[7001,2220],[24,6],[26,-9],[48,-21],[5,-8],[-1,-6],[-2,-10],[-1,-4],[34,-4],[16,0],[21,-3],[19,4],[15,12],[12,18],[4,22],[-3,16],[-15,17],[-21,18],[-28,11],[-11,7],[-7,11],[-2,15],[7,32],[11,34],[8,14],[7,11],[-18,29],[3,20],[-1,6],[-10,7],[1,24],[-9,45],[6,31],[36,-6],[33,-19],[25,-40],[17,-14],[25,-7],[27,0],[9,7],[16,25],[12,6],[14,-2],[6,-5],[34,-17],[18,-1],[59,27],[31,75],[8,7],[12,2],[111,-12],[53,-1],[26,14]],[[7711,2604],[24,7],[22,15],[12,5],[35,-9],[46,13],[34,-10],[36,-7],[76,43],[26,-12],[44,-12],[49,-17],[17,11],[2,19],[-21,14],[-22,10],[-7,15],[14,16],[19,2],[30,-29],[13,0],[43,-15],[27,-29],[23,-11],[26,-4],[34,20],[16,-1],[43,-29],[14,-16],[42,-25],[13,-11],[-7,-17],[-7,-15],[-6,-21],[4,-18],[11,-14],[8,-26],[12,-22],[19,-24],[18,-9],[24,-2],[35,-9],[30,-23],[8,-21],[36,-40]],[[8830,1886],[-35,-14],[2,-1],[-46,-11],[-9,-15],[-4,-14],[-14,-8],[-21,-9],[-9,-17],[5,-28],[7,-13],[-9,-13],[-41,-21],[-14,-12],[-7,-21],[2,-14]],[[8637,1675],[-76,36],[-19,2],[-14,20],[-31,9],[-33,-12],[-38,-6],[-8,12],[-15,2],[-13,10],[-17,-11],[-19,13],[-33,12],[-9,-14],[-21,-35],[-54,25],[10,20],[-5,18],[5,27],[-67,6],[-28,5],[-24,14],[-1,59],[-14,38],[-1,38],[-2,35],[-31,64],[-30,4],[-23,-5],[-8,20],[-23,5],[-24,-15],[-21,-7],[-22,-12],[-12,-21],[-33,9],[-38,5],[-39,-62],[-36,1],[-12,-16],[47,-51],[-12,-26],[-42,-38],[-21,-3],[-22,6],[-40,30],[-33,-67],[-31,-35],[-1,-2]],[[7603,1782],[-61,23],[-12,7],[-89,11],[2,3],[-22,-9],[-22,-26],[-16,-25],[-10,-10],[-13,2],[-21,24],[-7,19],[-43,22],[-58,16],[-19,8],[-33,20],[-36,0],[-27,-6],[-25,6],[-24,-2],[-16,4],[-16,35],[26,87],[3,37],[-31,6],[-48,2],[-13,8],[1,13],[13,26],[1,27],[4,23],[-10,29],[16,38]],[[6997,2200],[4,20]],[[4744,5844],[8,-42],[-8,-25],[-36,-53],[-17,-12],[-18,-20],[-6,-20],[1,-17],[15,-15],[72,-15],[60,-22],[27,-6],[20,-6],[10,-7],[4,-2],[2,-2],[2,-1],[1,-1],[1,-2],[1,-2],[1,-2],[0,-2],[0,-2],[0,-2],[-7,-9],[-17,-9],[-8,-24],[-2,-5],[1,-21],[21,-14],[51,-18],[34,-37],[0,-20],[26,-21],[38,24],[26,21],[46,7],[32,5],[8,-9],[17,-17],[5,-39],[12,-24],[6,-13],[53,-4],[40,-15],[29,-19],[18,4],[1,0],[11,9],[61,47],[1,1],[57,-8],[7,-2],[1,0],[3,-1],[50,-15],[4,-1],[100,-38],[34,-26],[30,-28],[6,-25],[-17,-25],[-33,1],[-46,14],[-44,-9],[-5,-1],[-47,-29],[-7,-5],[-2,-1],[-3,-4],[-17,-22],[17,-10],[59,-34],[0,-19],[-19,-31],[-22,-33],[-19,-29],[1,-21],[39,-27],[22,-15],[20,-47],[7,-17],[35,-38],[1,-2],[10,-27],[13,-36],[24,-17],[49,-14],[62,-10],[24,-2],[22,-19],[13,-26],[4,-65],[3,-23],[5,-49],[16,-37],[5,-13],[26,-33],[-9,-15],[-27,-32],[-4,-17]],[[5835,4383],[-30,-25],[-4,-13],[-11,-14],[-15,-2],[-7,-1],[-21,-22],[-64,-13],[-41,-10],[-21,-5],[14,-119],[3,-50],[-63,-49]],[[3355,4054],[-2,27],[-13,38],[-1,2],[0,21],[-19,13],[-68,11],[-33,5],[-47,0],[-77,-11],[-6,17],[25,59],[-10,27],[-24,18],[1,26],[-128,11],[-30,6],[5,41],[-3,18],[6,18],[-6,22],[-2,25],[34,26],[16,28],[-36,17],[-36,9],[-40,17],[21,24],[4,60],[30,4],[33,-2],[18,11],[20,44],[-2,39],[-11,36],[-13,14],[-20,10],[4,24],[20,16],[19,18],[1,20],[-4,25],[-9,21],[-25,8],[-27,-1],[-22,-12],[-47,-17],[-25,-22],[-9,-53],[-6,-12],[-35,9],[-63,21],[27,49],[7,81],[-3,36],[-16,10],[-35,-14],[-28,-21],[-32,-13],[-33,-3],[-8,-9]],[[4699,5863],[45,-19]],[[7914,3556],[-16,-36],[1,-17],[18,-26],[-3,-22],[5,-28],[9,-14],[-27,-44],[29,-26],[9,-13],[-3,-16],[4,-16],[-30,-59],[31,-22],[12,-14],[-1,-14],[-2,-2],[-12,-18],[-5,-19],[-8,-13],[4,-20],[-15,-6],[-1,0],[-40,-2],[-21,-16],[-18,-36],[2,-13],[50,-47],[-25,-26],[-7,-2],[-43,28],[-20,1],[-22,-16],[-11,0],[-51,15],[-54,-107],[-20,-31],[-14,-7],[-49,4],[-7,-27],[15,-78],[61,-28],[8,-18],[55,-42],[10,-13],[-18,-29],[17,-17]],[[7001,2220],[2,9]],[[7003,2229],[-8,25],[-16,20],[-25,16],[-20,27],[-24,26],[-26,18],[-26,12],[-21,2],[-4,-5],[-14,-21],[-16,-50],[-25,-5],[-11,0],[-11,0],[-39,-3],[-22,-8],[-11,-20],[-15,-17],[-10,-6],[-23,9],[0,20],[-18,15],[-25,1],[-44,-5],[-20,17],[-1,28],[2,13],[-12,29],[-58,22],[-31,4],[-13,-2],[-46,-23],[-62,2],[-18,17],[-5,22],[-1,19],[-22,9],[10,31],[-20,8],[-29,-1],[-39,-5],[-5,19],[-11,3],[-22,0],[-18,3],[-26,-10],[0,-13],[12,-13],[15,-5],[0,-11],[12,-13],[7,-11],[-22,-17],[-33,-10],[-21,-19],[-33,10],[-20,0],[-29,14],[-5,13],[2,9],[-3,10],[-7,20],[2,21],[-12,12],[-9,-4],[-1,-14],[-2,-12],[-13,-2],[-7,-9],[1,-19],[2,-9],[3,-11],[0,-8],[-11,-9],[-19,-3],[-20,5],[-3,17],[-9,6],[-11,-3],[-9,-11],[-13,-2],[-15,-10],[-2,-20],[-28,0]],[[5801,2364],[0,29]],[[5801,2393],[0,2],[3,16]],[[5804,2411],[0,26]],[[6179,3100],[-6,48]],[[6172,3149],[35,28],[8,47],[-6,47],[35,9],[76,36],[55,6],[97,-2],[82,1],[29,27],[41,-12],[88,-24],[45,18],[19,47],[3,56],[14,23],[38,17],[52,-4],[23,18],[27,28],[8,13],[-39,33],[-5,24],[25,27],[17,10],[15,-11],[34,-52],[30,-13],[1,-38],[10,-22],[47,-21],[69,0],[-3,-58],[59,-22],[41,-3],[38,28],[37,-7],[13,-20],[-8,-27],[37,-23],[22,1],[35,37],[23,38],[61,52],[-31,32],[-59,29],[14,33],[73,20],[17,-16],[12,-23],[47,-3],[59,30],[8,18],[36,28],[28,6],[52,82]],[[7756,3697],[19,-5],[6,-9],[3,-32],[7,-20],[11,-20],[5,-34],[18,-4],[30,9],[33,-9],[26,-17]],[[6362,7465],[-17,-17],[-18,-5],[-5,-18],[-14,-28],[-20,-33],[-18,-20],[-19,-9],[-11,-8],[-9,-10],[-4,-12],[1,-6],[10,-17],[15,-21],[18,-20],[13,-6],[20,7],[9,11],[5,3],[13,-6],[14,-5],[14,-3],[15,3],[15,-5],[-2,-11],[-10,-15],[-24,-33],[-4,-7],[11,-63],[-25,-35],[5,-14],[22,9],[22,-3],[16,-21],[14,-11],[-5,-28],[-7,-42],[-16,-47],[-11,-17],[26,-13],[23,-4],[30,0],[35,-10],[16,-6],[35,-13],[28,-38],[20,-27],[18,-18],[37,-37],[24,10],[1,21],[110,28],[11,45],[-3,16],[-19,25],[-2,22],[57,8],[23,11],[1,28],[22,36],[31,-9],[41,26],[12,25],[23,10],[29,0],[23,-41],[23,14],[4,-19],[-4,-21],[2,-5],[7,-21],[3,-5],[16,-24],[25,41],[35,-20],[15,-5],[20,8],[37,11],[76,-10]],[[7286,6941],[-9,-20],[-8,-32],[-11,-16],[-20,-21],[-22,-14],[-13,-21],[-15,-6],[-20,-1],[-18,3],[-10,7],[-31,31],[-19,-8],[-8,-26],[-6,-30],[-10,-22],[-31,-9],[-1,-10],[14,-7],[17,-4],[16,-17],[-3,-47],[-6,-14],[1,-18],[55,-12],[22,-8],[10,-21],[-43,-47],[-8,-25],[-3,-29],[-33,-33],[-6,-17],[2,-15],[29,-32],[-7,-22],[8,-34],[-2,-27],[-21,-52],[9,-16],[59,-20],[4,-11],[0,-17],[-21,-24],[-17,-14],[-14,8],[-15,13],[-14,19],[-12,3],[-13,-40],[-20,-8],[-41,9],[-26,-4],[-14,-17],[-6,-23],[-23,-16],[-52,-22],[-26,-25],[-36,-24],[-21,-2],[-25,6],[-36,-5],[-37,4],[-54,-23],[-10,-11],[-14,-9],[-23,-4],[-5,-12],[48,-61],[6,-16],[-4,-11],[-11,-10],[-18,-5],[-23,-17],[-23,-60],[5,-23],[-5,-11],[-49,-6],[-8,-18],[-19,-16]],[[6472,5726],[-23,-33]],[[6449,5693],[-6,-4],[-38,12],[1,12],[14,19],[10,22],[-12,18],[-27,-7],[-20,-17],[-18,-2],[-11,0],[-28,10],[-8,16],[-17,8],[-39,-4],[-25,-13],[-16,-8],[-46,-2],[-41,-1],[-47,13],[-14,14],[-1,42],[2,32],[-7,23],[-11,5],[-18,1],[-52,10],[1,2],[-30,-2],[-23,-3],[-67,-6],[-25,-17],[-1,-33],[-24,-32],[-22,-16],[-38,4],[-19,33],[-3,23],[-36,22],[-33,10],[-5,21],[-4,25],[-1,44],[-13,29],[-31,10],[-60,-2],[-25,4],[-6,23],[-3,29],[6,42],[-11,8],[-13,17],[7,14],[0,19],[-18,19],[-18,10],[-21,24],[-3,23],[11,22],[5,16],[-8,19],[10,35],[22,20],[38,36],[18,33],[-5,32],[-1,38],[15,0],[11,39],[18,23],[11,23],[-1,32],[-5,32],[-2,45]],[[5572,6681],[5,-2],[5,2],[-4,21],[6,9],[13,5],[23,2],[18,-3],[11,6],[10,10],[9,18],[13,10],[-10,21],[-20,17],[-23,11],[-27,-3],[-28,8],[-34,-8],[-41,14],[-6,17],[3,66],[-5,23],[-34,0],[-17,17],[11,24],[30,30],[19,0],[19,-6],[42,-1],[3,10],[-5,14],[-27,42],[13,23],[-5,20],[-1,16],[-4,17],[-9,18],[-11,23],[0,7],[1,6],[1,7],[0,6],[1,6],[2,6],[2,5],[6,4],[7,2],[7,1],[8,1],[7,1],[7,2],[8,1],[7,2],[6,3],[7,5],[6,5],[2,5],[-3,3],[-6,2],[-7,2],[-8,2],[-9,1],[-7,3],[-8,2],[-7,4],[-3,4],[2,6],[4,5],[4,6],[5,5],[5,5],[5,4],[5,5],[4,4],[4,6],[4,5],[4,5],[3,6],[4,5],[4,5],[4,6],[3,5],[4,5],[4,5],[4,6],[4,5],[3,5],[4,6],[4,5],[4,5],[4,5],[4,6],[4,5],[4,5],[4,5],[4,5],[5,5],[5,5],[5,5],[5,4],[5,4],[5,4],[8,1],[7,-1],[6,3],[5,5],[3,5],[4,6],[1,7],[-4,4],[-6,2],[-8,2],[-7,1],[-8,1],[-7,1],[-8,0],[-7,0],[-8,0],[-7,0],[-7,1],[-7,2],[-7,4],[-5,4],[-6,4],[-6,3],[-6,3],[-7,3],[-6,3],[-6,4],[-5,5],[-4,5],[-4,5],[-4,5],[-5,5],[-6,4],[-6,3],[-7,2],[-7,3],[-6,3],[-7,3],[-6,4],[-6,4],[-3,5],[3,6],[6,6],[5,1],[6,-3],[6,-4],[6,-4],[7,-4],[6,-4],[7,-3],[7,-2],[7,2],[5,4],[3,6],[-4,5],[-5,4],[-4,5],[-4,6],[-1,6],[-2,6],[-4,5],[-5,6],[-3,5],[-2,6],[1,6],[5,7],[5,1],[5,-2],[6,-4],[5,-4],[6,-4],[5,-5],[5,-5],[6,-5],[5,-5],[5,-4],[5,-5],[4,-5],[4,-5],[5,-5],[6,-4],[6,-3],[6,-4],[6,-3],[5,-5],[5,-5],[4,-5],[9,-7],[7,-3],[5,-17],[21,-9],[46,-4],[20,-10],[25,-3],[21,10],[22,6],[63,-31],[32,-1],[18,4],[30,19],[35,36],[-2,12],[-40,23],[-22,17],[-9,14],[55,13],[17,-9],[31,-53],[18,-18],[35,-11],[31,0],[18,11],[-5,20],[-1,13],[-12,23],[5,8],[21,6],[22,15],[7,8],[-41,50],[-18,15],[-7,13],[19,11],[13,16],[25,21],[37,10],[31,-14],[27,-55],[2,-21],[-9,-16],[-12,-13],[-1,-15],[8,-12],[4,-22],[17,-21],[16,-11],[15,-3],[17,3],[-1,-25],[-5,-18],[7,-36],[7,-19],[10,-13],[8,-1]],[[8779,6975],[-27,-30],[-22,-11],[-21,-16],[-7,-14],[-3,-14],[-19,-20],[-2,-12],[17,-23],[0,-14],[-8,-27],[0,-25],[-7,-13],[-7,-21],[-33,-48],[-2,-8],[6,-43],[-12,-16],[-31,-23],[-5,-10],[-6,-18],[-1,-13],[7,-18],[-5,-13],[-33,-18],[-15,-16],[-17,-10],[-28,-3],[-16,-7],[-4,-14],[6,-21],[-4,-11],[-11,-19],[-5,-18],[8,-11],[23,-6],[0,-21],[56,-57],[10,-35],[-2,-13],[-9,-4],[-24,-3],[-22,-7],[-14,-17],[-6,-17],[3,-17],[35,-43],[1,-10],[-6,-13],[-25,-16],[-38,-19],[-6,-22],[-10,-14],[-12,-7],[2,-25],[-4,-8],[-19,-14],[-2,-15],[-6,-13],[-21,-24],[4,-13],[10,-19],[12,-9],[27,-32],[15,-32],[9,-41],[-17,-12],[-29,-4],[-19,-9],[-10,-16],[-4,-18],[5,-16],[35,-50],[19,-8],[35,-19],[17,-18],[11,-34],[-9,-19],[-16,-14],[-5,-15],[1,-26],[12,-17],[17,-9]],[[8496,5487],[-44,-14],[-80,-5],[-61,-5],[-42,11],[-59,17],[-49,-8],[-44,-1],[-49,13],[-25,21],[-43,28],[-50,-27],[-28,1],[-22,19],[-48,17],[13,18],[-29,6],[-33,8],[-22,-20],[-26,-19],[-25,35],[-17,17],[-16,8],[-50,8],[-30,-11],[-9,-26],[-62,-28],[-33,6],[-12,6],[-54,27],[-28,-12],[-15,-27],[-27,-5],[-42,13],[-49,-16]],[[7286,5542],[1,4],[-21,20],[-30,18],[-26,8],[-28,2],[-23,-5],[-28,-13],[-22,-2],[-25,4],[-86,34],[-14,9]],[[6984,5621],[-6,1]],[[6978,5622],[-4,1],[-2,-3],[-49,-59],[-20,1],[-22,0],[-15,7],[-16,3],[-21,-5],[-14,-4],[-18,1],[-27,-12],[-28,-3],[-14,-4],[-13,-10],[-14,-4],[-16,1],[-34,-14],[-15,-2],[-21,-24],[-29,-29],[-23,-19],[-11,-17],[-26,-31],[-8,-22],[-9,-9],[-21,-8],[-20,3],[-7,2],[-17,3],[-19,1],[-6,-7],[-13,-10],[-30,-11],[-53,14],[-1,14],[0,37],[39,14],[8,27],[20,32],[9,61],[13,22],[11,32],[53,-4],[24,12],[-4,26],[-21,9],[-20,36],[-8,19]],[[6446,5689],[26,37]],[[7286,6941],[0,1],[23,27],[67,14],[17,14],[18,5],[24,-14],[13,-19],[17,-12],[26,11],[22,-12],[6,-41],[6,-16],[25,-3],[-1,23],[3,23],[37,15],[28,7],[16,-2],[7,-14],[36,-8],[29,-1],[40,-11],[33,13],[103,-9],[11,2],[25,29],[41,35],[27,17],[5,24],[16,22],[60,3],[7,-1],[-2,-43],[7,-3],[13,6],[20,-12],[28,-9],[36,21],[8,2],[54,-21],[18,-4],[10,10],[12,3],[29,-5],[62,8],[40,40],[30,46],[-8,33],[3,7]],[[8433,7142],[52,-25]],[[8485,7117],[17,-10],[-9,-41],[8,-9],[15,2],[19,11],[20,8],[12,-1],[15,-11],[10,0],[9,8],[29,-17],[19,-24],[18,-10],[-10,-22],[25,-24],[23,-8],[74,6]],[[8442,7138],[-9,4]],[[6362,7465],[22,-4],[70,2],[24,-8],[14,-14],[-1,-17],[7,-17],[13,-15],[25,9],[53,4],[26,6],[67,49]],[[6901,7614],[14,18]],[[8274,7544],[1,1]],[[8275,7545],[49,-31],[23,-25],[14,-11],[-1,-2],[-7,-3],[-6,-7],[-4,-4],[-1,-5],[0,-6],[0,-6],[-2,-5],[-7,-9],[-2,-4],[2,-1],[-1,-4],[-3,-5],[-2,-6],[-10,-5],[-6,-2],[1,-14],[25,-30],[20,-12],[4,-13],[2,-11],[2,-6],[9,-5],[22,-3],[26,-3],[5,-4],[4,-18],[-1,-5],[-13,-4],[-7,-3],[-3,-6],[-1,-14],[-1,-22],[9,-13],[7,-5],[31,0],[11,-3],[1,-25],[-23,-34],[0,-10],[1,-3]],[[5804,2435],[0,-24]],[[5801,2393],[0,-34]],[[5801,2359],[-7,-20],[-14,-26],[1,-7],[8,-8],[50,-4],[-10,-35],[3,-25],[19,-18],[58,-10],[12,-4],[8,-23],[55,0],[37,-56],[22,-15],[14,-49],[-24,-10],[-8,-25],[-25,-11],[-10,-20],[10,-21],[2,-13],[7,-34],[-30,-33],[17,-18],[6,-17],[-5,-18],[-2,-15],[1,-8],[0,-12],[-5,-17],[-9,-31],[-7,-8],[-43,2],[-20,-46],[-18,-12],[-10,0],[-20,-1],[-2,-7],[-6,-13],[12,-21],[13,-11],[1,-6],[1,-9],[0,-12]],[[5883,1612],[-10,1],[-22,-3],[-29,0],[-32,-12],[-7,-19],[5,-12],[47,-10],[18,-9],[-1,-9],[-10,-8],[2,-7],[18,-11],[22,0],[9,11],[20,-5],[17,-12],[26,-31],[21,-13],[18,-6],[20,-2],[20,-11],[-39,-47],[-12,-10],[-25,-9],[-57,16],[-19,-2],[-22,-16],[-12,-16],[31,-14],[20,-5],[23,-1],[14,-7],[12,-13],[8,-19],[3,-15],[16,-11],[23,2],[19,6],[13,-5],[-4,-26],[-23,-60],[-15,-30],[-15,-20],[-22,-14],[-20,-3],[-22,-9],[-62,15],[-23,12],[-6,37],[6,22],[-26,30],[-32,23],[-22,7],[-44,7],[-25,-6],[-32,-39],[-24,-3],[-56,1],[-15,12],[-12,4],[-23,-3],[-49,-2],[-6,-15],[4,-16],[20,-18],[33,-24],[15,-1],[19,22],[30,-6],[1,-26],[-33,-4],[-10,-14],[-14,-12],[-17,-1],[-22,6],[-13,-1],[-17,-4],[-16,-15],[-34,-38],[-12,-17],[-4,-19],[28,-13],[-5,-25],[19,-3],[23,-12],[17,-8],[-4,-16],[-6,-20],[2,-18],[-2,-20],[-5,-22],[-14,-24],[-9,-15],[-5,-23],[1,-18],[11,-16],[17,-8],[24,-6],[26,-8],[25,-11],[5,-21],[-2,-12],[-17,-13],[-13,-7],[-4,-16],[7,-21],[6,-17],[19,-13],[19,-13],[3,-23],[15,-10],[40,-11],[-30,-26],[-19,-12],[-23,1],[-21,7],[-12,-14],[-13,-23],[-19,-20],[-24,-15],[-18,5],[-14,17],[-31,20],[-33,20],[-48,16],[1,14],[1,28],[-20,23],[-30,13],[-30,11],[-24,8],[-25,11],[-8,-10],[-2,-27],[-15,-16],[-65,19],[-16,-17],[-17,-12],[-19,3],[-17,12],[-14,5],[-14,-1],[-28,11],[-37,15],[-13,-15],[-27,8],[-7,2],[-33,6],[-28,6],[-40,0],[4,21],[30,18],[-2,24],[7,24],[-25,19],[33,30],[-32,19],[-37,13],[-45,-2],[-42,-7],[0,30],[-16,20],[16,26],[31,29],[11,-15],[9,-19],[30,-2],[29,-7],[32,64],[-15,13],[17,23],[26,26],[15,8],[1,11],[-15,7],[-29,-9],[-24,8],[-32,7],[-1,16],[4,21],[13,4],[13,1],[7,-1],[18,-3],[24,1],[29,8],[5,18],[-15,14],[-21,2],[-21,9],[-6,17],[-3,22],[14,18],[20,5],[34,4],[61,-10],[2,32],[-3,8],[-14,14],[36,5],[18,19],[35,19],[8,17],[-5,18],[-10,12],[-49,15],[-3,-24],[-8,-14],[-33,-48],[-14,-10],[-21,-3],[-21,-17],[-23,4],[-9,15],[42,42],[-18,29],[-16,12],[-58,0],[-73,29],[21,37],[16,12],[32,18],[32,12],[31,23],[44,3],[11,9],[4,13],[-3,47],[16,18],[20,0],[17,3],[16,11],[37,35],[105,-8],[18,-7],[-3,-37],[-5,-18],[4,-16],[32,-8],[26,1],[15,4],[13,9],[3,16],[0,11],[-40,39],[-18,13],[-10,21],[-7,46],[-12,14],[-29,7],[-37,5],[-4,8],[19,13],[9,15],[2,29],[-53,9],[-34,27],[-47,18],[-12,35],[36,84],[1,1],[-34,16],[-31,16],[-23,11],[-9,2],[-6,0],[0,1],[-1,0],[-22,31],[-15,29],[-21,24],[-2,2],[-19,-8],[-22,-9],[0,2],[-1,29],[-9,14],[10,4],[6,3],[-1,8],[-59,13],[-33,8],[3,29],[0,4],[0,1],[-11,26],[-8,13],[-57,22],[-23,12],[-1,0],[0,30],[-1,0],[-24,11]],[[5470,2420],[7,-1],[20,-4]],[[5497,2415],[2,-1],[1,0]],[[9146,597],[-16,-33],[10,-10],[-16,-9],[-16,-5],[-14,-9],[-21,6],[-5,-3],[-18,1],[-33,-7],[6,-29],[-3,-6],[-20,-6],[-13,-12],[-7,-16],[-5,0],[-26,16],[-16,13],[-14,-21],[-4,-12],[-13,-23],[-16,-12],[-22,-10],[-21,-14],[-9,0],[-14,8],[5,14],[-6,9],[-15,5],[-17,-7],[-32,17],[-4,14],[-11,21],[-17,21],[-10,8],[-20,-21],[-3,-14],[8,-37],[-43,-34],[-22,-7],[-15,6],[-6,11],[14,17],[9,14],[28,6],[8,6],[0,12],[-15,18],[-11,6],[-36,-10],[-14,2],[-15,6],[-5,0],[-3,-10],[13,-30],[-1,-14],[-6,-19],[-14,-16],[-18,-1],[-20,-7],[-28,-23],[-4,2],[-2,24],[-8,10],[-7,4],[-8,2],[-8,-1],[-24,-10],[-15,-4],[-5,1],[-24,13],[-43,32],[-11,4],[-8,9],[-6,15],[-12,7],[-11,3],[-29,-4],[-14,12],[-16,9],[-5,-4],[-22,10],[-10,-11],[1,-8],[-3,-4],[-13,-4],[-21,-40],[-3,-34],[-10,-21],[3,-6],[6,-1],[5,-3],[8,3],[5,7],[36,-16],[23,-21],[11,-22],[13,3],[6,8],[18,4],[18,-6],[10,-15],[2,-21],[4,-9],[19,-19],[3,-8],[0,-6],[-4,-3],[-22,-5],[-17,-10],[-21,-3],[-20,-11],[-8,1],[-20,12],[-5,12],[-8,7],[-3,10],[-9,9],[-14,12],[-10,3],[-13,-7],[-26,2],[-17,-4],[-21,-22],[-5,-2],[-7,0],[-22,11],[-2,-2],[-7,-16],[-7,-8],[-6,-13],[-15,-33],[-12,-38],[-9,-41],[-10,-38],[-3,-23],[-6,-22],[1,-26],[-33,17],[-28,11],[-21,13],[-21,10],[-13,4],[-13,-10],[-11,-19],[-9,-15],[-16,3],[-16,-6],[-14,-8],[-14,-3],[-8,8],[-7,15],[-1,14],[-10,13],[-12,14],[-5,9],[7,11],[9,8],[-6,11],[-20,10],[-18,8],[-7,12],[7,12],[16,-5],[18,-11],[21,-11],[19,4],[14,2],[13,13],[-7,16],[-13,18],[-18,14],[-23,6],[-22,3],[-17,15],[3,20],[12,19],[9,15],[2,58],[3,33],[5,22],[6,21],[10,15],[16,12],[-3,20],[12,19],[-4,15],[-16,26],[2,13],[9,22],[13,10],[23,-4],[22,-8],[15,7],[5,30],[6,34],[-5,37],[-11,29],[4,35],[0,19],[38,5],[-4,35],[7,35],[-29,7],[-27,-1],[-7,12],[0,48],[1,37],[11,40],[6,38],[-8,23],[-12,36],[10,25],[16,20],[13,55],[4,35],[6,19],[14,35],[14,22],[13,14],[5,22],[10,53],[14,48],[1,37],[19,62],[-17,6],[-47,8],[-4,7],[4,13],[-13,0],[-32,11],[-21,10],[-29,30],[-41,23],[-29,26],[-19,11],[-1,10],[6,6],[45,24],[-10,9],[-32,9],[-23,-1],[-42,4],[-1,20],[-7,20],[-19,-4],[-11,6]],[[7630,1738],[-25,43],[-2,1]],[[8637,1675],[26,-1],[20,-6],[13,-11],[-13,-40],[-32,-1],[-27,7],[-28,2],[-8,-7],[-1,-19],[6,-16],[-8,-22],[-42,-19],[-9,-27],[-10,-17],[-33,-32],[3,-18],[35,-10],[4,-23],[-11,-14],[-14,-11],[7,-25],[-26,-44],[-2,-33],[-35,-18],[-16,5],[-49,-13],[15,-24],[21,-9],[12,-22],[-10,-25],[-1,-15],[3,-19],[-12,-13],[-17,-8],[1,-5],[12,-8],[8,-11],[-6,-11],[-20,-10],[-58,-16],[-19,-20],[-12,-22],[46,-21],[42,-26],[10,-9],[17,-5],[33,-16],[40,-1],[15,8],[27,0],[6,-21],[7,-9],[6,-6],[20,-10],[9,-16],[16,-6],[23,3],[9,-7],[3,-6],[16,-9],[8,7],[4,13],[7,6],[20,-8],[12,-14],[23,-19],[14,-16],[22,-17],[17,-20],[36,-54],[13,-11],[35,-16],[32,-26],[15,-4],[32,-14],[34,-6],[12,6],[30,59],[33,-10],[46,-38],[9,-15],[0,-41],[20,-17],[23,-15]],[[9731,1552],[-41,-5],[-8,-10],[-3,-43],[-18,-4],[-8,-9],[2,-8],[34,-10],[3,-25],[0,-15],[-26,-30],[6,-14],[1,-18],[-4,-13],[-7,-8],[-13,6],[-11,32],[-14,1],[-11,-12],[-6,-1],[-13,-54],[4,-7],[5,-16],[16,-16],[20,-39],[-1,-9],[-16,-26],[4,-15],[34,-15],[18,-15],[7,-12],[14,-9],[15,-16],[9,-14],[8,-23],[26,-11],[49,-40],[-10,-14],[-18,-15],[-42,-20],[-12,-12],[3,-16],[14,-8],[45,2],[22,-2],[4,-24],[-4,-26],[-15,-23],[-39,-30],[-17,14],[-9,3],[-17,-4],[-25,-14],[-8,-2],[-10,3],[-5,6],[-9,23],[-10,8],[-23,-12],[-28,-22],[-1,-3],[7,-12],[1,-22],[5,-5],[6,-21],[-6,-34],[-9,-19],[-36,-29],[-41,-21],[-11,0],[-38,32],[-26,17],[-26,6],[-6,-1],[-4,-3],[-12,-18],[-10,-8],[-8,-14],[9,-19],[2,-12],[4,-7],[23,-21],[3,-6],[-7,-5],[-27,-3],[-35,3],[-35,12],[-26,2],[-12,-2],[-17,-7],[-39,-13],[-27,8],[-15,2],[-22,-15],[-4,-6],[-7,-3]],[[7843,8696],[3,10],[7,33],[-1,20],[-18,6],[-23,10],[-29,15],[-33,11],[-9,7],[23,12],[32,20],[12,22],[-6,11],[-16,7],[0,8],[16,26],[2,16],[-19,24],[28,9],[19,26],[-9,18],[-29,8],[-6,36],[-16,10],[-35,11],[-9,19],[-11,12],[-15,9],[-15,5],[-19,-4],[-11,1],[2,33],[9,25],[4,36],[-3,24],[-22,-19],[-17,-25],[-32,-25],[-17,-3],[1,26],[-16,2],[-10,-5],[-9,-10],[-17,2],[-1,38],[5,39],[-7,15],[11,18],[23,28],[26,26],[-7,31],[-30,19],[-7,29],[18,72],[8,13],[52,75],[-18,20],[-25,17],[0,34],[-4,29],[-14,22],[-28,14],[-40,10],[-17,7],[-52,57],[-37,30],[-13,17],[-21,51],[23,40],[93,56],[36,17],[11,-9],[3,-19],[-15,-44],[19,-33],[22,-24],[46,-28],[49,-26],[30,9],[25,14],[29,24],[25,7],[50,27],[16,-19],[28,-66],[34,-45],[4,-20],[-1,-33],[20,-16],[29,-9],[15,-18],[20,-37],[25,-6],[22,-4],[33,-28],[12,17],[7,19],[5,9],[6,5],[14,10],[10,-5],[7,-7],[2,-14],[4,-15],[1,-22],[-2,-11],[1,-16],[-16,-12],[-13,-13],[-7,-11],[8,-11],[13,-7],[11,-6],[12,-4],[6,-5],[5,-14],[-4,-13],[0,-15],[6,-9],[9,-12],[12,-11],[16,-5],[19,4],[13,5],[7,9],[0,17],[11,11],[14,-7],[28,-14],[26,-6],[21,-2],[26,3],[23,-7],[30,-15],[15,-11],[16,-5],[14,-7],[6,-5],[-7,-13],[-1,-13],[11,-5],[20,6],[25,-14],[16,-18],[9,-15],[28,-15],[20,-14],[23,-13],[14,-9],[5,-5],[-10,-13],[1,-10],[10,-13],[5,-28],[-9,-28],[1,-14],[11,-19],[13,-17],[6,-11],[-8,-22],[-4,-54],[0,-20],[0,-13],[-3,-11],[-11,-10],[-10,-10],[-13,-12],[-23,-18],[-23,-14],[-22,-15],[-6,-3],[-11,-4],[-17,-4],[-7,-5],[-3,-2]],[[8496,5487],[3,-1],[25,-8],[18,-12],[5,-14],[-3,-16],[-8,-14],[-35,-30],[3,-36],[10,-24],[14,-13],[21,-11],[19,-7],[3,-8],[-26,-18],[-25,-10],[-33,-6],[-12,-6],[-1,-13],[7,-32],[-4,-15],[8,-22],[12,-15],[12,-2],[60,2],[18,-18],[6,-11],[-12,-12],[3,-19],[8,-10],[2,-16],[-38,-47],[7,-16],[-22,-27],[-26,-45],[17,-19],[24,-45],[5,-26],[-4,-16],[-50,-30],[-6,-10],[8,-20],[16,-16],[11,-17],[6,-20],[6,-58],[-24,-31]],[[8524,4627],[-93,11],[-36,-21],[-11,6],[-22,29],[-28,21],[-49,-14],[-22,-1],[-40,34],[-29,-11],[-34,-4],[-30,16],[-26,10],[-4,11],[11,66],[-15,10],[-27,-4],[-13,-4],[-47,-3],[-24,1],[-28,8],[-27,-17],[-21,-11],[-39,-2],[-29,17],[-43,12],[-37,-7],[-34,-20],[-18,-39],[-13,-14],[-19,5],[-35,24],[1,6],[-90,5],[-38,9],[-84,54],[-14,46],[-10,60],[-8,27],[-17,11],[-29,11],[-34,0],[-28,-12],[-48,-39],[-99,-29],[-33,36],[-61,23]],[[7050,4944],[-3,21],[-55,9],[-35,23],[-16,7],[-17,14],[-8,50],[-15,16],[23,48],[14,19],[5,23],[-3,33],[1,21],[7,16],[22,10],[35,4],[14,13],[30,1],[30,7],[15,15],[44,-5],[33,16],[26,2],[18,10],[3,18],[7,25],[-9,26],[7,25],[23,29],[17,31],[6,27],[17,44]],[[7003,2229],[-6,-29]],[[7630,1738],[-12,4],[-55,-5],[-20,-23],[-11,-8],[-15,0],[-19,5],[-23,-2],[-14,-13],[3,-21],[10,-13],[-10,-13],[-15,-5],[-13,16],[-11,-18],[6,-33],[0,-22],[13,-16],[-15,-41],[-27,-4],[-33,-13],[-34,-4],[-23,-11],[-51,-53],[-20,-2],[-4,0],[-37,9],[-32,3],[-3,-3],[-12,-11],[-21,-37],[-27,-3],[-3,-4],[-12,-20],[-11,-28],[-14,0],[-44,1],[-19,3],[-22,-7],[-11,-14],[-3,-21],[4,-19],[-1,-35],[3,-18],[9,-19],[-2,-33],[8,-14],[20,-19],[5,-14],[3,-19],[-7,-12],[-18,-11],[-25,-9],[-31,-6],[-37,0],[-30,2],[-39,-1],[-16,-3],[-11,-11],[-12,-8],[-25,-10],[-21,-17],[-11,-17],[-20,-17],[-25,-6],[-20,-20],[-22,-11],[-27,-3],[-15,10],[-8,17],[3,20],[12,22],[2,36],[7,2],[-2,6],[3,14],[-1,14],[-9,28],[9,41],[-23,12],[-17,7],[-23,-20],[-23,-11],[-20,-1],[-18,4],[-4,12],[-7,11],[-13,10],[-29,-2],[-23,-7],[-45,1],[-19,6],[-7,10],[1,17],[13,21],[43,-3],[40,-9],[18,3],[16,6],[10,11],[-7,9],[-31,23],[-51,34],[-20,-7],[-15,3],[-17,8],[-16,17],[8,14],[9,25],[10,13],[13,5],[17,3],[20,-1],[15,-20],[37,-4],[28,6],[-1,28],[2,20],[-35,1],[-4,16],[13,17],[-15,4],[-6,0],[-19,0],[-13,3],[-10,8],[7,34],[-4,16],[-19,2],[-13,-9],[-16,-3],[-60,2],[-19,-14],[-13,-5],[-48,5],[-48,1],[-13,-21],[-15,-4],[-14,1],[-23,-6],[-54,16],[-8,14],[-5,37],[-8,19],[-34,24],[-22,10],[-32,1],[-55,18],[-2,0]],[[5801,2359],[0,5]],[[5835,4383],[99,2],[27,-4],[34,2],[94,-41],[31,3],[18,11],[27,9],[23,-5],[39,-23],[21,-19],[30,-13],[20,-4],[29,8],[18,12],[37,52],[21,39]],[[6403,4412],[26,-15],[36,-26],[22,-6],[22,-1],[24,14],[22,22],[42,37],[19,-17],[15,-20],[12,-21],[40,-57],[16,-11],[58,4],[69,-12],[68,0],[19,-6],[1,-8],[37,10],[19,12],[31,7],[39,-8],[46,-34],[25,-16],[17,-19],[52,-38],[20,-26],[12,-30],[0,-21],[1,-33],[-4,-40],[-6,-33],[44,-24],[45,11],[28,-16],[35,-38],[5,-4],[-10,-11],[25,-41],[24,-5],[70,8],[19,0],[27,-24],[-6,-21],[5,-31],[-24,-38],[2,-18],[-25,-63],[22,-16],[85,6],[41,-1],[18,3],[12,13],[38,10],[38,-5],[35,-18]],[[2459,4880],[-38,-52],[-37,-1],[-53,29],[-22,44],[-27,31],[-51,-13],[-10,-32],[-43,-24],[-73,-3],[-35,-6],[-18,-49],[-50,7],[-46,10],[-49,20],[8,23],[-15,21],[-30,32],[-1,16],[-1,10],[-34,45],[-51,14],[-57,-24],[-48,-36],[-26,20],[-19,8],[-28,4],[-26,-6],[-22,5],[-18,19],[-16,22],[-8,29],[19,19],[15,23],[1,23],[-15,20],[-33,16],[-28,82],[-16,4],[-38,16],[-35,21],[-12,18],[-22,8],[-57,-4],[-13,10],[-9,24],[-21,9],[-25,11],[-27,4],[-19,-8],[-82,-9],[-34,-42],[-42,-43],[-31,-32],[-62,-13],[-80,-6],[-29,22],[-18,16],[-18,8],[-72,-11],[-41,9],[-56,6],[-26,7],[-21,-55],[1,-58],[-7,-12],[-115,-11],[-33,2],[14,79],[-10,25],[-20,25],[-34,25],[-22,24],[-12,33],[3,27],[-18,14],[-21,24],[-18,12],[-36,2],[-31,6],[-6,30],[-1,45],[5,24],[13,23],[26,5],[24,-7],[29,0],[39,-6],[23,-12],[5,15],[17,17],[19,33],[-4,19],[7,18],[26,35],[13,21],[22,30],[9,21],[-9,14],[-38,16],[-27,20],[-30,13],[-32,24],[-17,25],[13,15],[-1,53],[15,87],[7,20],[-5,20],[19,9],[15,15],[-13,27],[-11,32],[22,62],[18,24],[10,26],[-4,29],[20,16],[5,22],[10,25],[-6,59],[14,18],[-2,19],[-25,16],[-16,26],[-19,6],[-27,-5],[-22,-42],[-23,5],[-47,0],[-37,-3],[-19,-13],[-20,-25],[-45,-2],[-47,4],[-44,7],[-36,0],[-9,43],[-12,90],[17,44],[32,40],[36,35],[45,18],[85,21],[48,53],[20,27],[-6,24],[-21,22],[-5,24],[-31,43],[-27,0],[-46,5],[-19,11],[25,68],[20,41],[18,25],[18,-21],[60,-36],[9,-12],[32,0],[35,-10],[25,-23],[16,-11],[116,-22],[14,-5],[20,-1],[22,-6],[24,2],[-26,30],[3,25],[29,26],[54,32],[49,23],[7,37],[24,24],[15,7],[6,-1],[28,-7],[57,-21],[43,21],[43,7],[25,7],[28,-3],[28,6],[26,18],[33,28],[21,9],[25,-7],[25,-18],[9,-15],[6,-20],[24,-11],[24,-16],[42,-16],[31,7],[20,-7],[20,0],[18,11],[13,17],[13,-18],[13,-10],[15,-19],[-4,-17],[-11,-7],[-14,-18],[29,1],[68,29],[27,-23],[14,-38],[11,-19],[12,-23],[24,-39],[47,-15],[38,-24],[-1,-28],[65,-74],[13,20],[37,14],[27,-9],[30,25],[45,27],[46,-21],[27,3],[17,9],[14,44],[25,58],[23,8],[16,-10],[16,-20],[25,-25],[1,-62],[4,-11],[-12,-16],[-51,-28],[-12,-14],[1,-14],[14,-14],[43,-11],[16,-10],[10,-35],[-45,-22],[-13,-20],[3,-19],[17,-7],[22,-6],[72,10],[21,-64],[13,-14],[20,-10],[39,12],[17,10],[-14,15],[-17,8],[-2,13],[8,18],[13,55],[14,11],[23,4],[26,14],[3,17],[8,6],[12,5],[20,-12],[39,-14],[6,-27],[-16,-24],[-4,-25],[5,-28],[23,-19],[23,-10],[12,-20],[2,-26],[21,-25],[13,-22],[11,-13],[-31,-58],[-15,-9],[-19,3],[-14,13],[-26,-13],[-14,-17],[-21,-41],[4,-25],[13,-13],[16,-9],[-7,-27],[-21,-21],[-29,-8],[-14,0],[-24,-15],[-29,-12],[-3,-20],[15,-14],[19,-12],[15,-15],[-3,-33],[3,-26],[36,-23],[47,0],[70,-49],[6,-23],[-12,-20],[-26,-31],[21,-12],[13,-25],[20,-36],[-12,-26],[-3,-12],[47,17],[52,8],[42,15],[24,6],[50,2]],[[6403,4412],[4,30],[-1,24],[18,49],[5,24],[9,19],[42,39],[23,15],[12,11],[-11,22],[-28,29],[-30,81],[1,29],[-35,35],[-20,25],[4,15],[16,11],[16,-16],[34,-8],[21,-9],[73,-13],[3,-24],[17,-21],[24,-19],[34,-1],[29,13],[14,26],[5,23],[-14,33],[-6,28],[-12,33],[6,39],[10,28],[41,9],[81,0],[18,12],[19,1],[27,-9],[47,-29],[34,-4],[22,-16],[29,-11],[42,0],[24,9]],[[8524,4627],[-17,-27],[-2,-27],[38,-59],[-7,-21],[-38,-44],[-8,-24],[8,-13],[23,-20],[32,-24],[24,-11],[25,-18],[17,-37],[-3,-39],[4,-12],[44,-37],[48,-47],[39,-14],[24,-16],[9,-14],[0,-2],[-20,-46],[-13,-27],[-41,-63],[-3,-18],[2,-27],[44,-21],[3,-11],[-28,-47],[17,-16],[45,-13],[17,-10],[-1,-12],[-14,-12],[-37,-17],[-20,-6],[-55,-9],[-12,-13],[1,-17],[15,-25],[12,-15],[-10,-14],[-61,-5],[-16,-10],[-29,-27],[-26,-18],[-10,-3],[-18,9],[6,25],[-1,17],[-21,22],[-61,2],[-8,7],[-24,12],[-52,7],[-24,30],[-18,-14],[-14,-21],[-51,1],[-39,-63],[-20,-49],[-21,-1],[-19,2],[-39,-5],[-54,12],[-20,0],[-13,-8],[-18,-33],[-11,-2],[-31,20],[-9,-4],[-7,-31],[-24,-8],[-19,10]],[[8485,7117],[-43,21]],[[8275,7545],[8,14]],[[8746,8685],[0,-5],[2,-30],[-4,-14],[11,-13],[30,5],[22,12],[25,8],[22,-3],[27,-7],[31,-3],[16,-9],[13,-16],[4,-16],[5,-13],[35,-8],[25,-7],[36,-8],[22,-8],[31,-9],[1,0],[20,12],[18,14],[12,3],[21,3],[21,-2],[21,-5],[12,-14],[12,-27],[11,-19],[41,11],[21,1],[13,0],[5,-21],[39,-15],[8,-12],[-4,-29],[17,-7],[22,28],[31,18],[28,22],[31,31],[32,44],[15,-1],[19,-21],[1,-21],[-8,-16],[-3,-18],[-36,-32],[-7,-17],[-45,-13],[-15,-10],[-17,-12],[2,-13],[45,-3],[14,-12],[26,3],[32,0],[25,2],[23,20],[30,5],[17,5],[13,-8],[15,15],[-1,23],[6,25],[26,32],[13,14],[15,2],[14,-29],[12,-26],[25,-42],[11,-11],[20,-14],[10,-22],[13,-14],[31,-12],[17,-9],[24,-17],[30,-1],[31,-9],[18,-13],[6,-20],[-29,-37],[-27,-35],[-15,-31],[1,-17],[16,-16],[-4,-22],[-12,-24],[-21,-15],[-25,-11],[-34,-26],[-15,-9],[-27,-13],[-17,-14],[-7,-13],[-7,-36],[-8,-19],[-46,-54],[-31,-26],[-7,-19],[-17,-27],[-14,-26],[-13,-24],[-10,-22],[-11,-20],[-42,-14],[-14,-9],[-14,-22],[-15,-16],[-21,2],[-16,2],[-15,-10],[-23,6],[-26,-36],[-12,-22],[-2,-11],[13,-7],[9,-8],[-7,-23],[-10,-18],[-12,-13],[-18,-7],[-16,-7],[8,-17],[17,-6],[13,0],[13,0],[1,-12],[-19,-14],[-38,-21],[-13,-4],[-39,-4],[-22,0],[-16,-5],[-37,-23],[-27,-22],[-36,-26],[-18,-12],[-22,-8],[-38,-3],[-32,0],[-17,-1],[-18,-6],[-18,-3],[-19,-15],[-13,-6],[-19,-7],[-1,-12],[6,-13],[4,-18],[-11,-20],[-7,-17],[-7,-12],[-3,-15],[-8,-18],[-1,-5],[5,-11],[-26,-19],[-1,-8],[-14,-14],[-48,-23],[-7,-23],[-4,-22],[-8,-13],[-15,-11],[-3,-11],[-41,-43]],[[6978,5622],[1,0],[5,-1]],[[4711,6347],[11,2],[25,-1],[24,-5],[23,-3],[25,3],[24,12],[29,19],[47,26],[24,6],[20,9],[21,-1],[24,-14],[13,-13],[18,6],[55,74],[15,14],[21,-5],[15,16],[3,20],[1,28],[6,27],[27,13],[15,2],[12,3],[28,-10],[23,-16],[19,-21],[16,10],[19,18],[15,20],[23,14],[45,-1],[43,6],[61,39],[12,28],[15,14],[26,1],[18,-6]],[[6449,5693],[-3,-4]]],"transform":{"scale":[0.0003130834313510931,0.000327639540296701],"translate":[74.47458421154612,27.65063806256797]}}