{"type":"Topology","objects":{"type":"GeometryCollection","geometries":[{"type":"Polygon","properties":{"NAME_1":"Bilaspur","ST_NM":"Himachal Pradesh","ST_CEN_CD":2,"DT_CEN_CD":8,"CENSUSCODE":30,"iso_a2":"IN_HP_BI"},"arcs":[[0,1,2,3,4]]},{"type":"Polygon","properties":{"NAME_1":"Chamba","ST_NM":"Himachal Pradesh","ST_CEN_CD":2,"DT_CEN_CD":1,"CENSUSCODE":23,"iso_a2":"IN_HP_CH"},"arcs":[[5,6,7]]},{"type":"Polygon","properties":{"NAME_1":"Hamirpur","ST_NM":"Himachal Pradesh","ST_CEN_CD":2,"DT_CEN_CD":6,"CENSUSCODE":28,"iso_a2":"IN_HP_HA"},"arcs":[[8,-5,9,10]]},{"type":"Polygon","properties":{"NAME_1":"Kangra","ST_NM":"Himachal Pradesh","ST_CEN_CD":2,"DT_CEN_CD":2,"CENSUSCODE":24,"iso_a2":"IN_HP_KA"},"arcs":[[11,12,-11,13,14,-7,15]]},{"type":"Polygon","properties":{"NAME_1":"Kinnaur","ST_NM":"Himachal Pradesh","ST_CEN_CD":2,"DT_CEN_CD":12,"CENSUSCODE":34,"iso_a2":"IN_HP_KI"},"arcs":[[16,17,18,19]]},{"type":"Polygon","properties":{"NAME_1":"Kullu","ST_NM":"Himachal Pradesh","ST_CEN_CD":2,"DT_CEN_CD":4,"CENSUSCODE":26,"iso_a2":"IN_HP_KU"},"arcs":[[-19,20,21,-12,22]]},{"type":"Polygon","properties":{"NAME_1":"Lahul & Spiti","ST_NM":"Himachal Pradesh","ST_CEN_CD":2,"DT_CEN_CD":3,"CENSUSCODE":25,"iso_a2":"IN_HP_LS"},"arcs":[[-20,-23,-16,-6,23]]},{"type":"Polygon","properties":{"NAME_1":"Mandi","ST_NM":"Himachal Pradesh","ST_CEN_CD":2,"DT_CEN_CD":5,"CENSUSCODE":27,"iso_a2":"IN_HP_MA"},"arcs":[[-22,24,25,-1,-9,-13]]},{"type":"Polygon","properties":{"NAME_1":"Shimla","ST_NM":"Himachal Pradesh","ST_CEN_CD":2,"DT_CEN_CD":11,"CENSUSCODE":33,"iso_a2":"IN_HP_SH"},"arcs":[[26,27,28,-25,-21,-18]]},{"type":"Polygon","properties":{"NAME_1":"Sirmaur","ST_NM":"Himachal Pradesh","ST_CEN_CD":2,"DT_CEN_CD":10,"CENSUSCODE":32,"iso_a2":"IN_HP_SI"},"arcs":[[29,30,-28]]},{"type":"Polygon","properties":{"NAME_1":"Solan","ST_NM":"Himachal Pradesh","ST_CEN_CD":2,"DT_CEN_CD":9,"CENSUSCODE":31,"iso_a2":"IN_HP_SO"},"arcs":[[-29,-31,31,-2,-26]]},{"type":"Polygon","properties":{"NAME_1":"Una","ST_NM":"Himachal Pradesh","ST_CEN_CD":2,"DT_CEN_CD":7,"CENSUSCODE":29,"iso_a2":"IN_HP_UNA"},"arcs":[[-10,-4,32,-14]]}]},"arcs":[[[3323,4193],[5,-11],[-1,-32],[-8,-32],[20,-4],[-17,-25],[3,-31],[17,-23],[-4,-24],[15,-28],[-9,-10],[-12,-8],[24,-7],[18,4],[47,1],[12,3],[15,-14],[38,-46],[3,-4],[8,-25],[-9,-36],[18,-17],[17,-11],[2,-40],[11,-27],[2,-19],[-13,1],[-4,-21],[19,-18],[6,-26],[-9,-21],[4,-15],[23,4],[13,-12],[23,-7],[11,8],[17,4],[35,-20],[39,-11],[31,1],[32,-4],[6,-37],[2,-45],[-20,-11],[-21,-2],[-13,-12],[17,-23],[14,-25],[-5,-23],[6,-22]],[[3751,3390],[0,-2],[0,-15],[4,-12],[14,-20],[-18,-31],[13,-14],[43,-29],[27,-10],[25,1],[19,-10],[11,-35],[14,-5],[-21,-44],[-13,-19],[-18,-10],[-16,-3],[-18,-7],[-7,-16],[9,-19],[-8,-12],[-19,5],[-23,-12],[-17,-2],[-13,-18],[-14,-37],[10,0],[11,-38],[27,-40],[-28,-19],[-39,1],[-32,18],[-14,20],[-21,8],[-19,-20],[-13,-1],[-3,-1],[-21,10],[-15,-1],[-16,8],[-26,-15],[-58,-20],[-12,23],[-21,4],[-30,1],[-25,17],[-11,11],[-21,10],[-16,3],[-12,-21],[-17,-14],[-28,-14],[-22,-8],[-17,-10],[-17,-14],[-65,-6],[-22,-11],[-44,-8]],[[3088,2887],[-3,8],[-29,20],[5,21],[-29,8],[-86,-46],[-18,1],[-4,14],[-10,19],[20,18],[6,30],[23,23],[27,16],[-91,102],[-54,-53],[-18,-31],[-33,-2],[-6,39],[6,20],[7,41],[-17,-2],[-10,-47],[-29,-27],[-11,8],[7,45],[-7,20],[-10,-2],[-22,-16],[-15,-16],[-28,0],[-16,38],[-10,17],[-12,11],[-2,23],[-7,27],[-17,12],[-14,-11],[-32,-37],[-15,-23],[-43,-24],[-8,23],[21,18],[29,20],[8,20],[-32,40],[-27,27],[-29,42],[-16,36],[-11,21],[-28,41],[-24,46],[-35,44],[33,21],[-25,46]],[[2347,3576],[2,18],[-3,30],[9,18],[54,-50],[52,-4],[19,12],[22,6],[32,20],[20,7],[10,0],[5,0],[5,22],[0,33],[16,6],[-3,10],[-20,-2],[-19,8],[5,8],[12,35],[-34,50],[-18,35],[18,10]],[[2531,3848],[15,-7],[11,-12],[48,-34],[23,-5],[23,-1],[39,-31],[13,27],[24,-25],[21,2],[5,-24],[56,-44],[9,-11],[10,-33],[35,9],[51,-34],[10,13],[26,-12],[18,-4],[17,-8],[11,16],[-5,27],[27,27],[5,22],[-49,85],[-7,73],[33,84],[0,20],[4,25],[-11,17],[-1,24],[-6,26],[14,36],[-7,29],[15,27],[2,0],[29,7],[35,41],[31,-11],[34,-5],[19,9],[23,6],[12,21],[59,20],[69,-41],[2,-6]],[[3376,9734],[-3,-69],[-7,-15],[12,-20],[1,-30],[-3,-33],[-6,-17],[-14,-17],[1,-21],[-10,-29],[-6,-33],[4,-25],[-4,-24],[5,-26],[18,-39],[7,-37],[28,-31],[-4,-20],[10,-7],[-3,-39],[17,-26],[19,-1],[20,-11],[-8,-17],[5,-26],[-3,-6],[2,-23],[17,-5],[16,-8],[4,-7],[-21,-15],[-9,-12],[9,-44],[0,-23],[17,1],[16,-3],[-41,-52],[-10,-28],[-16,-5],[-8,-9],[-7,-14],[-54,-13],[-75,-11],[-3,-32],[-1,-81],[-46,-31],[-12,-11],[-4,-25],[-18,-23],[-16,-36],[-18,-8],[-23,-21],[-20,2],[-21,9],[-27,-17],[-22,-8],[-29,6],[-21,17],[-15,17],[-16,4],[-25,-20],[-37,-36],[-45,-34],[-39,-15],[-24,-24],[-22,-15],[-30,-5],[-27,-16],[-41,-13],[-117,8],[-9,25],[3,29],[-19,16],[-23,72],[-4,20],[-34,6],[-31,-9],[-44,-20],[-23,-14],[-16,-17],[-18,-27],[-16,-19],[-30,-6],[-17,-6],[-6,-34],[1,-46],[29,-16],[5,-27],[-6,-34],[54,-129],[0,-35],[42,-28],[22,-25],[11,-21],[5,-25],[-5,-26],[-8,-12],[12,-18],[16,-16],[10,-8],[19,-6],[-9,-51],[26,-16],[37,-8],[81,32],[35,11],[37,6],[16,-3],[24,-29],[24,-6],[34,8],[75,-30],[52,-25],[9,-40],[20,-18],[-1,-29],[4,-24],[13,-15],[21,-5],[45,-6],[-8,-17],[-12,-42],[2,-26],[13,-15],[27,6],[30,15],[57,-28],[34,-8],[27,2],[46,10],[14,-13],[-3,-29],[-7,-24],[-17,-28],[18,-10],[23,-19],[29,49],[20,10],[23,20],[21,-9],[20,-1],[12,2],[29,-39],[14,13],[27,5],[31,-29],[10,-24],[19,-10],[20,-2],[17,5],[20,9],[19,3],[6,-27],[27,-15],[27,8],[24,12],[26,4],[22,-7],[-4,-15],[7,-19],[26,-6],[-10,-10],[-11,-25],[-17,-19],[-14,-28],[-7,-24],[-17,-22],[-10,-24],[6,-23],[10,-18],[18,-11]],[[3720,7239],[-23,-18],[-29,-29],[-35,-22],[-34,-15],[-29,-33],[-8,-31],[-24,-23],[-48,-20],[-6,-57],[3,-28],[7,-25],[-15,-19],[-14,-25],[-14,-9],[-42,2],[-15,-6],[10,-22],[17,-23],[28,-22],[13,-22],[6,-21],[19,-35],[-15,-14],[-25,-14],[9,-28],[3,-33],[-16,-32],[27,-48],[-12,-23],[-17,-26],[3,-12],[21,-7],[-19,-21],[4,-53],[-5,-21],[-14,-25],[-17,-24],[-18,-13],[-43,-51],[-8,-3],[-26,12],[-21,15],[-22,10],[-12,1],[-32,-7],[-15,-23],[-17,-15],[-15,-21],[-27,-3],[-21,5],[-19,10],[-101,32],[-33,23],[-17,27],[-24,28],[-28,22],[-52,16],[-23,-2],[-23,13],[-24,-1],[-66,16],[-4,16],[-32,-17],[-27,1],[-29,35],[-16,9],[-20,21],[-17,-13],[-18,-1],[-19,3],[-15,22],[-26,24],[-27,13],[-22,-9],[-25,5],[-14,53],[-36,10],[-82,51],[-17,17],[-28,52],[-23,33],[-22,-3],[-29,1],[-23,22],[-15,12],[-25,5],[-23,10],[-21,-9],[-21,9],[-22,57],[-3,24],[-7,15],[-25,23],[-6,4],[-19,-6],[-15,20],[-6,47],[-14,4],[-35,-3],[-57,7],[-9,-5],[-9,-22],[-17,-30],[-16,-17],[-21,-18],[-25,-14],[-38,-28],[-31,-11],[9,-9],[3,-19],[8,-19],[-2,-9],[-9,-17],[-4,-22],[-8,-13],[-15,-16],[6,-18],[1,-51],[12,-33],[3,-17],[15,-12],[25,-12],[14,-15],[2,-21],[-7,-36],[-12,-38],[11,-45],[-8,-17],[-14,-9],[-10,0],[-2,20],[-12,22],[-27,-23],[-25,-11],[-21,-6],[-33,11],[-19,-1],[-10,0],[8,24],[-5,23],[2,33],[-13,19],[-28,6],[-31,18],[-17,17],[-21,9],[-24,0],[-18,-8],[-73,-16],[-17,17],[-30,5],[-13,28],[-29,42],[0,28],[9,16],[3,30],[8,22],[0,9],[-23,-10],[7,23],[11,21],[-7,25],[-42,57],[-15,33],[-26,41],[-35,33],[-14,20],[-20,4],[-25,-6],[-34,7],[-28,11],[-9,18],[-23,28]],[[975,7056],[12,4],[31,5],[19,18],[7,27],[-10,21],[-20,29],[-26,34],[-59,46],[-24,35],[-54,58],[-39,38],[-13,29],[2,47],[14,57],[41,74],[15,42],[-8,18],[40,55],[54,81],[9,14],[47,85],[5,37],[-4,14],[-27,26],[-27,23],[-19,29],[-3,16],[-4,20],[7,32],[17,32],[15,40],[12,73],[-4,53],[-36,45],[-42,89],[-19,34],[-16,29],[-54,44],[-52,37],[-29,13],[-19,8],[-16,15],[-21,21],[-1,1],[-8,10],[-31,49],[-14,39],[-1,6],[-1,5],[-5,30],[7,3],[11,11],[18,23],[6,22],[-8,23],[-2,9],[14,15],[14,21],[39,13],[37,4],[47,-12],[50,-4],[40,-19],[57,-32],[39,-33],[28,-28],[31,-48],[17,0],[18,3],[110,53],[12,0],[30,31],[21,16],[26,6],[10,6],[12,24],[7,25],[13,20],[43,10],[23,14],[12,23],[33,25],[12,14],[25,14],[11,9],[10,22],[16,61],[10,27],[-1,8],[0,2],[-1,6],[40,10],[25,2],[13,7],[23,-1],[46,22],[24,22],[106,16],[81,3],[39,6],[1,2],[22,6],[53,69],[36,117],[11,36],[14,6],[3,9],[-6,12],[38,32],[12,24],[44,24],[25,11],[59,56],[48,29],[11,-1],[9,11],[6,18],[15,18],[22,19],[18,10],[14,23],[21,13],[26,-1],[21,7],[41,-23],[24,3],[35,-8],[24,8],[16,2],[31,-12],[9,0],[57,35],[21,21],[9,2],[20,-3],[43,16],[40,-4],[23,26],[16,9],[25,-9],[21,-2],[13,3],[27,-5],[15,4],[13,-9],[-5,-16],[-2,-23],[12,-11],[13,2],[14,-9],[5,-14],[-2,-26],[4,-9],[38,-28],[42,-12],[40,8],[30,25],[25,-3],[29,8],[46,2],[25,12],[9,14],[34,-1],[17,-13],[46,7]],[[3063,5199],[-13,-20],[-7,-62],[-17,-29],[-1,-27],[3,-34],[-4,-31],[-18,-91],[12,-50],[12,-24],[21,-66],[33,-26],[7,-1],[21,-8],[26,-3],[22,-24],[-5,-35],[11,-25],[37,-21],[-5,-25],[15,-14],[-1,-14],[6,-39],[71,-36],[28,-24],[-11,-26],[-24,-93],[2,-34],[22,-49],[14,-48],[3,-27]],[[2531,3848],[-40,60],[-18,37],[-10,28],[6,9],[-2,10],[7,32],[-11,13],[-9,18],[-72,155],[-23,71],[-13,11],[-5,4],[1,18],[-48,50],[-30,21],[-31,40],[-14,43],[-23,38],[-25,26],[-23,42],[-24,62],[-14,21],[-3,10]],[[2107,4667],[10,15],[6,18],[-10,9],[0,22],[-10,9],[-6,20],[3,27],[-10,6],[6,21],[8,16],[-30,27],[-4,22],[0,18],[10,-1],[6,-18],[6,-8],[16,-7],[21,3],[49,20],[42,31],[12,-8],[18,-18],[14,-16],[7,-13],[36,11],[33,41],[16,17],[26,-22],[14,-23],[5,39],[47,-4],[18,8],[11,46],[17,0],[-4,-25],[17,0],[32,8],[-18,30],[11,15],[17,-9],[11,-18],[15,1],[4,19],[-22,37],[7,8],[9,5],[18,3],[59,27],[60,16],[2,24],[-12,22],[1,4],[19,21],[41,25],[44,37],[46,27],[70,22],[40,-8],[102,-67]],[[4332,7015],[5,-10],[-11,-13],[-10,-24],[-41,-45],[-8,-13],[-18,-64],[-15,-29],[9,-22],[3,-20],[-1,-17],[-8,-16],[-30,-28],[-3,-12],[10,-46],[7,-12],[0,-18],[-15,-31],[-4,-14],[0,-37],[7,-15],[1,-15],[-3,-19],[7,-15],[27,-24],[26,-35],[-16,-34],[-24,-32],[-51,-3],[-14,-17],[-32,-4],[-10,-12],[-21,-34],[13,-16],[-13,-25],[-11,-39],[-12,-33],[-7,-79],[6,-52],[6,-20],[-125,5],[-4,-26],[-7,-21],[-10,-21],[12,-24],[-2,-23],[5,-44],[-13,-14]],[[3937,5853],[-28,-11],[-23,-3],[-21,6],[-35,-2],[-46,-8],[-55,-22],[-28,-3],[-21,-9],[-10,-12],[-17,-11],[-9,8],[-39,18],[-32,34],[-33,26],[-8,27],[-25,4],[-16,-5],[-13,-23],[-17,8],[-19,-13],[-26,-41],[-51,-55],[-17,-26],[-22,-3],[-2,11],[-19,0],[-27,9],[-23,15],[-1,19],[-9,14],[-42,10],[-26,-13],[-10,-9],[-3,-15],[-37,-36],[6,-65],[13,-39],[33,-48],[12,-35],[6,-35],[-6,-19],[15,-22],[2,-25],[3,-15],[8,-38],[-15,-8],[-5,-15],[0,-15],[-12,-38],[-15,-10],[-1,-11],[4,-23],[-11,-13],[0,-23],[0,-7],[6,-23],[3,-20],[-28,-1],[-27,-8],[-30,4],[-25,9]],[[2107,4667],[-4,-5],[-52,-101],[-15,-16],[-15,15],[-16,27],[-23,25],[-42,31],[-16,12],[-8,14],[-72,71],[-41,72],[-2,18],[-16,15],[-27,-2],[-15,-15],[-20,7],[6,23],[-13,26],[-25,16],[-17,17],[-17,9],[-83,14],[-49,19],[-38,47],[-34,16],[-14,23],[-2,3],[-7,46],[-29,-19],[-53,54],[-20,25],[-28,8],[-86,-3],[-20,-27],[-5,-15],[-30,-5],[-31,-1],[-27,14],[-32,10]],[[1069,5135],[-17,36],[-21,56],[-15,21],[-39,93],[-29,39],[-20,43],[-4,34],[-49,42],[-24,14],[-3,3],[-7,7],[-28,2],[-16,11],[-28,4],[-15,28],[-66,6],[-24,6],[-31,12],[-32,20],[-29,23],[-23,24],[-14,22],[-23,21],[-16,25],[-24,26],[-6,4],[-12,6],[-31,-4],[-38,-1],[-29,27],[-24,55],[-7,7],[-49,19],[-69,36],[-28,-1],[-43,-15],[-46,-11],[-32,-12],[-58,55],[93,62],[61,70],[49,63],[22,29],[19,65],[-17,41],[-19,11],[-86,19],[-2,17],[-3,25],[5,80],[5,34],[2,17],[34,35],[20,9],[34,28],[7,1],[61,28],[27,4],[58,7],[93,23],[45,36],[8,7],[21,35],[5,21],[58,69],[7,6],[24,30],[16,17],[43,46],[15,15],[54,63],[19,22],[66,53],[16,13],[115,37]],[[3720,7239],[49,20],[34,8],[22,3],[22,-10],[-2,-25],[-24,-23],[-13,-23],[-12,-28],[27,12],[26,-2],[24,-21],[0,-24],[-16,-31],[20,-11],[20,-4],[31,14],[19,12],[16,8],[15,-2],[-5,-53],[2,-22],[28,1],[26,9],[30,-4],[29,24],[13,-5],[21,4],[33,16],[54,14],[41,14],[36,17],[18,-14],[7,-10],[5,-18],[28,1],[5,-16],[1,-12],[-6,-30],[-12,-13]],[[8993,5945],[4,-18],[12,-15],[2,-9],[2,-2],[5,-5],[0,-1],[3,-3],[40,-31],[19,-19],[1,-2],[2,-4],[2,-4],[6,-8],[4,-4],[5,-15],[1,0],[2,-2],[2,-6],[2,-18],[10,-9],[1,-2],[0,-3],[5,-2],[1,-4],[3,-3],[1,-2],[23,-17],[1,-2],[19,-14],[14,-14],[1,-2],[16,-14],[0,-3],[8,-7],[1,-5],[3,-10],[3,-1],[3,-4],[1,-3],[1,-1],[2,-4],[0,-3],[3,-1],[0,-3],[17,-12],[7,1],[32,-3],[8,-2],[22,-6],[23,-5],[4,-2],[3,2],[0,-12],[-1,-5],[-1,-2],[-3,-11],[-24,-96],[-10,-31],[-15,-53],[-7,-17],[-14,-33],[-15,-18],[-2,-1],[-6,-8],[-5,-5],[-2,0],[-1,-3],[-1,-1],[-5,-6],[-1,-12],[-4,-3],[-3,-2],[-2,-6],[0,-3],[5,-5],[1,-4],[0,-17],[-9,-28],[-2,-2],[-2,-3],[-7,-13],[-1,-3],[-1,-3],[-1,-6],[1,-22],[-2,-98],[-4,-31],[-1,-3],[-3,-7],[-3,-1],[-4,-2],[-42,-26],[-6,-4],[-1,0],[-1,-1],[-1,-3],[-1,0],[-17,-26],[-5,-10],[-2,-6],[-5,-20],[2,-47],[5,-23],[2,-2],[2,-8],[5,-17],[14,-15],[3,-3],[4,-12],[36,-12],[18,-6],[8,-4],[-2,-14],[-20,-22],[-6,-11],[-2,-4],[-8,-15],[-1,-13],[2,-1],[1,-1],[1,-6],[2,-2],[2,-1],[1,-5],[12,-8],[5,-8],[1,0],[3,-6],[12,-44],[9,-53],[9,-17],[4,-6],[3,-14],[3,-1],[0,-2],[2,-2],[12,-8],[22,-11],[2,1],[5,-2],[11,1],[3,-1],[29,5],[20,6],[5,2],[19,5],[1,-8],[2,-52],[10,-40],[5,-5],[2,-4],[0,-3],[3,-2],[5,-8],[9,-9],[2,-4],[4,-3],[0,-1],[3,-3],[39,-32],[23,-12],[9,-9],[13,-12],[2,-4],[6,-4],[1,-3],[1,-2],[0,-3],[2,-3],[7,-16],[1,-2],[0,-16],[-10,-28],[-9,-15],[-2,-2],[-3,-6],[-12,-10],[-3,-5],[-8,-9],[-3,-1],[-3,-4],[-2,-5],[-4,-6],[-2,-2],[-2,-1],[-1,-2],[-12,-15],[-23,-25],[-18,-9],[-19,-7],[-49,-20],[0,-2],[-12,-11],[-8,-16],[-10,-13],[-23,-17],[-10,-4],[-48,-12],[-26,-11],[-6,-15],[-6,-22],[-2,-2],[-2,0],[-1,-3],[-20,-17],[-5,-10],[-1,-10],[4,-12],[21,-25],[3,-13],[0,-58],[1,-8],[8,-3],[13,7],[60,15],[8,0],[4,2],[2,-1],[7,-6],[9,-29],[18,-15],[2,-2],[0,-3],[12,-9],[2,-1],[1,-2],[5,-2],[10,-6],[4,-6],[4,-4],[14,-12],[3,-3],[36,-23],[9,-9],[4,-13],[1,-16],[-4,-17],[-1,-31],[-9,-45],[-8,-8],[-18,-9],[-5,-3],[-1,-4],[-1,-1],[-14,-14],[-1,-15],[1,-4],[4,1],[12,-4],[37,-13],[21,-9],[18,-6],[10,-5],[16,-8],[12,-15],[0,-3],[17,-8],[1,1],[9,-20],[12,-11],[1,-4],[0,-3],[3,-3],[6,-18],[1,0],[7,-34],[-1,-14],[-7,-19],[-18,-21],[-9,-23],[1,-8],[13,-4],[5,1],[8,-2],[3,-1],[4,-3],[16,-12],[8,-6],[3,-5],[4,-3],[-1,-4],[4,-2],[1,-2],[4,-3],[0,-3],[1,0],[13,-11],[7,-16],[2,0],[0,-2],[8,-8],[1,-4],[1,-2],[8,-8],[7,-35],[2,-1],[1,-5],[2,-1],[19,-57],[2,-1],[2,-7],[16,-14],[1,-1],[12,-4],[51,-21],[-3,-31],[12,-57],[16,-30],[12,-8],[45,-2],[0,-11],[-5,-16],[7,-31],[17,-17],[10,-14],[4,-12],[19,-13],[24,-11],[15,-2],[7,-9],[10,-4],[8,-14],[8,-28],[1,-53],[-6,-15],[7,-17],[19,-17],[7,-1],[6,-11],[5,-23],[17,-46],[0,-5],[0,-3],[-17,6],[-18,-2],[-56,-4],[-29,-15],[-10,-9],[-30,-12],[-13,1],[-15,6],[-35,2],[-23,30],[-14,1],[-12,-3],[-9,-12],[-4,-16],[-7,-6],[-18,1],[-19,-6],[-12,-2],[-26,12],[-27,18],[-29,48],[-23,7],[-19,9],[-26,20],[-12,25],[-18,12],[-8,24],[-17,34],[5,20],[-33,30],[-8,15],[1,23],[9,17],[6,18],[-9,11],[-15,10],[-18,-2],[-52,-25],[-19,-5],[-20,-4],[-24,-1],[-85,9],[-22,-1],[-16,-6],[-20,5],[-15,-1],[-57,24],[-30,-2],[-17,3],[-27,-19],[-9,-11],[-6,27],[-22,21],[-6,38],[-5,9],[-18,0],[-32,11],[-12,8],[-9,12],[-28,17],[-15,2],[-33,-7],[-14,2],[-37,-4],[-14,-14],[-16,-8],[-18,-31],[-39,-41],[-67,-10],[-81,1],[-28,3],[-20,-4],[-8,28],[-2,32],[-27,23],[-38,58],[-37,18],[-13,23],[-23,13],[-15,-31],[-27,-8],[-22,-3],[-18,18],[5,33],[-20,25],[-8,16],[-6,25],[-23,-7],[-12,30],[-18,7],[-20,3],[-26,-2],[-33,-10],[-28,3],[-29,-11],[-31,4],[-23,7]],[[7956,3143],[-20,9],[-33,23],[1,23],[7,17],[-1,18],[12,20],[-29,30],[-50,3],[-43,11],[-13,9],[-7,13],[-11,9],[-6,15],[-8,4],[-11,-4],[-17,-22],[-19,-11],[-9,-11],[-16,-8],[-16,-1],[-17,11],[-18,2],[-49,26],[-17,-1],[-25,27],[-22,1],[-13,17],[-19,36],[38,63],[-8,20],[-11,13],[-18,11],[-20,-11],[-17,24],[-16,7],[-17,24],[-9,9],[-28,10],[-19,2],[-17,22],[-3,14],[-28,3],[-15,6],[-8,-3],[-19,-15],[-17,1],[-13,-6],[-43,10],[-20,-13],[-44,-36],[-11,-8],[-13,-5],[-30,9],[-16,-3],[-26,1],[-13,7],[-55,-11],[-38,3],[-9,41],[-34,27],[-14,5],[-34,-4],[-13,7],[-18,26],[-16,4],[-12,10],[-10,16],[-19,9],[-13,48],[-9,13],[-19,18],[-25,18],[10,34],[-2,22],[-9,16],[-24,21],[-6,22],[-18,12],[-11,14],[-10,-19],[-14,9],[-30,-6],[-1,22],[10,27],[3,23],[-5,34],[-8,29],[-12,28],[-3,32],[11,58],[-11,21],[-44,67],[-18,21],[4,21],[23,54],[4,19],[-14,18],[-12,50],[-11,20],[-24,21],[-28,16],[-4,17],[-10,29],[-18,27],[-34,31],[-25,2],[-24,12],[-13,21]],[[6310,4640],[3,10],[13,10],[-1,25],[-9,58],[-1,28],[27,13],[4,24],[15,-15],[33,-20],[28,-1],[29,25],[35,6],[52,-1],[60,-20],[13,15],[9,32],[4,22],[-8,23],[34,8]],[[6650,4882],[14,-11],[13,-25],[24,-11],[39,-37],[4,-22],[20,-5],[25,5],[19,-17],[28,-4],[18,6],[-2,26],[18,8],[10,69],[0,23],[25,-1],[16,-10],[17,-6],[23,-1],[12,-7],[14,7],[29,-12],[23,-3],[13,-2],[16,2],[12,-17],[18,-15],[17,-21],[21,3],[40,41],[16,11],[8,15],[9,11],[53,1],[21,13],[2,11],[-4,12],[9,24],[1,29],[14,19],[13,28],[-8,24],[12,11],[-3,17],[-30,25],[8,20],[17,9],[-12,18],[17,3],[29,-3],[19,9],[35,22],[24,1],[17,-3],[32,3],[11,-14],[26,-5],[34,2],[10,12],[36,20],[-3,20],[-14,35],[8,22],[-6,14],[8,20],[0,12],[-6,29],[22,12],[10,12],[3,19],[17,17],[30,7],[25,-6],[109,5],[42,5],[40,-18],[48,-14],[5,28],[21,11],[82,-7],[11,-7],[13,18],[19,5],[22,24],[28,44],[53,-14],[36,-4],[19,-14],[39,-46],[19,4],[15,-9],[23,7],[19,-4],[15,2],[12,6],[4,9],[-12,27],[13,15],[5,17],[-31,29],[-17,11],[-23,7],[-9,24],[-38,35],[2,22],[4,17],[14,18],[-2,36],[12,32],[14,30],[8,32],[9,13],[9,20],[15,8],[18,-1],[16,-6],[28,-16],[15,-3],[20,2],[1,-14],[3,-8],[8,5],[11,12],[44,11],[30,12],[26,17],[53,18],[15,-5],[36,-5],[26,3],[56,-4],[28,-8],[11,-20],[12,1],[33,25],[26,14],[28,2],[26,6],[28,12],[18,15],[8,23],[1,19],[7,11],[8,0]],[[6310,4640],[-23,4],[-24,-1],[-56,-37],[-19,-5],[-42,5],[-26,-2],[-18,-15],[-28,-55],[-24,-13],[-8,-32],[-20,-18],[-10,-17],[-3,-9],[4,-17],[8,-6],[33,-57],[-11,-12],[-18,-7],[-6,-16],[-8,-41],[-1,-25],[3,-24],[10,-23],[10,-48],[25,-22],[27,-38],[18,-5],[13,-35],[20,-17],[23,-10],[16,-42],[-10,-39],[6,-33],[17,-23],[-7,-20],[-15,-5],[-38,-31],[-21,-30],[-14,-30],[-16,-22],[-24,-11],[-25,-4],[-40,-14],[-25,-15],[-12,-14],[-9,-25],[-6,-54],[10,-34],[23,-56],[-12,-23],[-30,-9],[-28,18],[-29,8],[-26,-1],[-59,-32],[-24,8],[-26,-7],[-19,-16],[-24,-46],[-23,-54],[-17,-7],[-22,0],[-31,14],[-27,3],[-57,-12],[-8,-9],[-64,-9],[-22,-16],[-31,4],[-18,-9],[-17,18],[-16,-2],[-36,37],[-13,19],[-15,-10],[-14,1],[-16,6]],[[5245,3414],[12,35],[-5,17],[5,25],[-9,10],[3,10],[-17,16],[4,17],[-3,10],[6,18],[-3,18],[-10,21],[-13,11],[-17,9],[-21,17],[-16,14],[-40,46],[-21,11],[-17,31],[-15,44],[-8,42],[-4,52],[-12,33],[-4,60],[9,19],[-17,28],[-22,30],[-13,38],[8,28],[3,49],[-12,45],[8,22],[8,41],[-3,38],[-21,110],[20,30],[-62,99],[-31,38],[-46,31],[-34,9],[-23,22],[-32,12],[-4,4],[-3,4],[-23,-13],[-13,35],[0,36],[-5,27],[-1,21],[-9,33],[-6,15],[-22,35],[2,20],[-12,21],[5,22],[-23,38],[5,23],[-8,23],[-34,17],[8,19],[5,34],[-22,-5],[-17,-6],[-135,-2],[-47,2],[-28,-5],[-36,-26],[-13,13],[-26,9],[-30,-3],[0,13],[-5,19],[10,42],[-13,5],[-5,16],[-72,108],[-8,24],[-3,38],[-7,33],[-20,31],[-40,56],[-11,29],[-29,39],[-34,64],[8,30],[2,27],[-1,40],[-13,42],[-38,15],[-15,18],[-44,40],[-4,45],[-9,18]],[[4332,7015],[59,5],[44,4],[18,12],[55,20],[47,26],[18,-7],[69,-34],[46,-10],[12,-31],[10,-11],[39,-23],[35,-29],[23,9],[14,2],[13,-4],[28,-20],[25,-25],[37,-17],[15,-26],[5,-23],[9,0],[32,-30],[31,1],[9,-18],[32,-19],[12,-14],[11,-24],[-3,-16],[5,-10],[15,5],[18,-62],[10,-10],[6,-14],[-2,-17],[1,-21],[9,-20],[-5,-16],[2,-15],[-13,-15],[5,-14],[31,-60],[37,-34],[14,-2],[27,-18],[15,-3],[19,9],[63,-48],[8,-29],[9,-7],[16,-2],[17,3],[33,-2],[36,7],[15,9],[6,13],[-2,15],[1,17],[8,32],[4,12],[15,12],[20,-8],[24,-1],[33,-15],[11,-20],[17,-18],[8,-13],[6,-16],[31,-7],[21,1],[7,20],[-4,27],[21,16],[14,16],[56,-48],[1,-27],[5,-18],[19,-26],[25,-6],[11,-15],[3,-11],[22,-5],[28,-26],[29,-23],[16,-7],[24,1],[18,-27],[18,-2],[37,-21],[4,-11],[17,-14],[1,-18],[9,-24],[17,-9],[6,-18],[10,-4],[8,-6],[20,-32],[13,-10],[40,-2],[34,-28],[22,-10],[41,-7],[29,-2],[4,-49],[5,-10],[20,-13],[10,-36],[16,-16],[8,-14],[-1,-18],[-5,-21],[10,-13],[21,-12],[12,0],[38,-53],[-3,-7],[-44,-31],[28,-24],[19,-30],[27,-21],[2,-16],[-20,-22],[-23,-13],[-14,-15],[3,-22],[-24,-29],[-16,-32],[11,-29],[23,-31],[8,-37],[26,-33],[41,-35],[34,-6],[37,5],[50,-22],[33,-17],[28,-5],[-14,-15],[-41,-26],[-27,-54],[-5,-23],[15,-41],[15,-26],[-6,-16],[-1,-24],[3,-43],[20,-32],[25,-21],[10,-24]],[[3376,9734],[2,20],[11,27],[23,15],[10,24],[15,20],[16,34],[11,17],[7,52],[-14,12],[-6,15],[0,7],[4,4],[10,9],[10,4],[42,5],[1,0],[21,-7],[34,-44],[17,-15],[10,-2],[8,28],[15,11],[9,4],[14,-1],[19,-7],[1,-8],[0,-5],[-16,-18],[-16,-22],[-14,-29],[-6,-25],[18,-12],[4,-23],[-45,-41],[1,-4],[9,-27],[-5,-9],[-14,-16],[-6,-15],[3,-14],[8,-11],[-2,-16],[6,-20],[18,-25],[16,-9],[7,-14],[16,-3],[18,-12],[-3,-21],[27,-19],[-9,-20],[15,-18],[15,-11],[24,-3],[23,17],[24,14],[25,-21],[0,-25],[22,-34],[28,-8],[2,-13],[-12,-24],[-1,-13],[17,-17],[0,-4],[1,-13],[10,-24],[29,-48],[9,-21],[4,-19],[8,-18],[20,-17],[25,-1],[46,-35],[24,-6],[16,-10],[0,-1],[4,-13],[9,-10],[42,-20],[17,-19],[14,-11],[7,-2],[13,-9],[38,13],[25,-6],[13,18],[32,10],[50,-31],[18,-17],[21,-2],[17,-32],[10,-10],[27,1],[38,14],[17,33],[27,-11],[23,-5],[22,4],[26,-12],[-2,-20],[-4,-18],[3,-16],[-1,-14],[4,-11],[28,-4],[0,-48],[8,-5],[-1,-12],[-5,-12],[7,-30],[4,-19],[-13,-22],[33,-3],[9,10],[3,18],[6,14],[9,10],[21,11],[23,-55],[21,-19],[46,-13],[39,-31],[8,-2],[22,-5],[3,-30],[-5,-10],[-10,-4],[2,-10],[9,-10],[24,-17],[6,-11],[1,-7],[1,-7],[25,0],[32,39],[34,-34],[13,-23],[20,-15],[22,-10],[27,4],[21,0],[21,-27],[-4,-30],[16,-27],[12,-6],[1,-7],[2,-13],[18,-9],[24,-3],[13,6],[23,2],[24,14],[9,45],[7,15],[2,14],[-8,18],[-3,16],[3,11],[10,14],[23,14],[24,46],[24,17],[23,6],[6,-1],[5,-11],[12,-9],[20,-11],[23,4],[23,15],[16,-27],[2,-11],[1,-8],[12,-16],[35,-15],[20,1],[53,59],[33,27],[29,-18],[35,6],[14,8],[25,7],[22,17],[24,34],[27,33],[14,6],[13,-1],[47,30],[29,35],[4,9],[1,17],[7,16],[8,-14],[20,6],[37,3],[14,-1],[6,-3],[13,9],[18,2],[44,41],[14,5],[20,2],[10,4],[9,23],[10,10],[9,24],[7,36],[16,0],[21,-19],[4,-10],[34,5],[12,-5],[5,-16],[9,-15],[11,-10],[14,4],[12,16],[31,-26],[12,-24],[27,-34],[24,-7],[7,-12],[1,-6],[1,-4],[34,-42],[54,-41],[11,-20],[25,-16],[7,-25],[-17,-22],[-41,-3],[-20,-37],[-14,-54],[19,-22],[23,-13],[15,-2],[20,-15],[13,-2],[20,-12],[27,-34],[18,0],[13,8],[19,5],[18,-17],[47,-23],[15,-11],[7,-14],[18,-18],[8,-16],[2,-17],[13,-22],[-6,-35],[15,-14],[12,-22],[14,-16],[19,0],[10,-3],[25,3],[12,-9],[16,-2],[9,-18],[9,-3],[5,-12],[2,-15],[1,-5],[-2,-18],[-8,-25],[-1,-10],[-7,-18],[11,-10],[8,-10],[-18,-18],[-8,-15],[-3,-17],[-6,-14],[-2,-31],[-10,-18],[3,-18],[22,-18],[27,-30],[18,-44],[2,-15],[15,-22],[20,-28],[22,-19],[18,-8],[7,-19],[-3,-31],[16,-18],[0,-1],[8,-24],[16,-20],[21,-40],[5,-16],[17,-19],[13,6],[89,-4],[29,6],[25,11],[17,25],[0,22],[-14,19],[-7,17],[-6,44],[1,19],[4,6],[29,-24],[44,-14],[19,-1],[6,4],[16,66],[18,29],[28,24],[14,8],[17,-7],[23,-36],[26,-26],[16,0],[15,24],[12,38],[16,36],[24,21],[24,9],[17,0],[36,-7],[26,-23],[13,-23],[32,12],[20,-7],[33,13],[35,23],[24,28],[10,38],[66,29],[40,0],[36,13],[31,21],[9,24],[-2,18],[-10,24],[-20,21],[77,39],[90,50],[57,-1],[21,-4],[4,-6],[-6,-50],[0,-4],[1,-38],[2,-6],[9,-33],[9,-12],[-30,-68],[-12,-49],[-2,-47],[23,-118],[15,-30],[37,-22],[-34,-29],[-107,-76],[-26,-28],[-40,-17],[-46,-5],[-17,-4],[7,-168],[-12,-24],[-48,-50],[81,-105],[12,-7],[135,128],[59,47],[17,12],[35,-4],[10,-5],[4,-2],[3,-10],[4,-19],[11,-11],[0,-3],[11,-5],[0,-2],[17,-4],[32,4],[17,-6],[12,-9],[2,-3],[6,-6],[4,-7],[2,-9],[9,-5],[4,-5],[8,-19],[3,-8],[0,-3],[-1,-7],[-1,-3],[-7,-15],[-12,-15],[-13,-23],[-4,-17],[-1,-13],[3,-11],[2,-1],[0,-3],[3,-4],[0,-2],[10,-6],[4,-1],[9,-3],[25,-10],[21,-9],[13,-10],[2,-7],[2,-1],[1,0],[0,-2],[2,-1],[6,-16],[2,-1],[1,-1],[4,-14],[1,-1],[4,-5],[1,-3],[4,-4],[0,-6],[4,-2],[1,-4],[16,-2],[10,0],[45,4],[26,-9],[9,-6],[12,-12],[-4,-19],[-2,-2],[-34,-33],[-3,-4],[-5,-5],[-2,-1],[-12,-17],[-5,-16],[-5,-47],[-7,-13],[-20,-20],[-2,-3],[-4,-3],[-44,-28],[-9,-17],[-2,-3],[-3,-9],[-5,-23],[-2,-20],[2,-1],[10,-57],[1,-29],[5,-71],[-2,-27],[-6,-22],[-4,-6],[-11,-19],[-2,-5],[-6,-4],[-7,-14],[-3,-1],[-6,-6],[-1,-2],[-7,-11],[-3,-4],[-5,-5],[-1,-1],[-10,-12],[-2,-1],[-5,-12],[0,-6],[22,-2],[3,-1],[33,0],[3,-1],[12,2],[54,-10],[55,9],[13,8],[23,5],[19,3],[1,0],[9,1],[35,-2],[11,0],[11,-4],[56,-40],[34,-21],[55,-44],[2,-3],[2,-2],[3,-2],[0,-3],[0,-15],[-12,-26],[-2,-22],[2,-1],[9,-31],[-2,-21],[-4,-9],[-8,-21],[-2,-8],[-10,-9],[-4,-2],[-18,-10],[0,-2],[-2,0],[-8,-12],[0,-10],[1,-3],[3,0],[1,-4],[10,-7],[25,-25],[2,-5],[2,-2],[1,-11],[4,-4],[4,-4],[5,-15],[0,-13],[6,-30],[2,-1],[1,-3],[5,-4],[1,-2],[20,-10],[11,1],[17,-7],[2,1],[2,0],[33,-4],[32,-10],[25,-17],[1,-3],[2,-4],[2,-23],[4,-18]],[[5245,3414],[-4,-10],[-20,2],[-19,-1],[-23,-8],[-18,-16],[-15,-22],[-34,-80],[-7,-60],[-6,-25],[-16,-15],[-19,-3],[-20,-33],[-13,-8],[-23,-34],[-11,-6],[-35,-7],[-21,-6],[-14,7],[-6,20],[-16,7],[-10,-18],[-35,-27],[-9,-18],[-11,-12],[-6,8],[-17,8],[-42,8],[-19,-4],[-24,-36],[-20,-17],[-23,-1],[-7,22],[-12,16],[-32,-38],[-36,-36],[-15,-11],[-20,-1],[-23,3],[-23,-10],[-19,1],[-16,9],[-7,14],[4,18],[-3,14],[-10,9],[-30,-10],[-16,11],[-31,-10],[-35,12],[-28,30],[-31,19],[-7,6],[-60,26],[-25,14],[-41,46],[-43,32]],[[4123,3193],[-9,7],[-63,39],[-31,41],[-35,25],[-37,15],[7,18],[-9,30],[-29,34],[-34,32],[-35,-15],[-21,5],[-30,-8],[-19,-12],[-27,-14]],[[7956,3143],[-4,-13],[-4,-40],[-6,-24],[-15,-7],[-30,9],[-27,16],[-32,-38],[-9,-13],[-5,-13],[-10,-8],[-5,-14],[-16,-11],[-15,2],[0,-14],[-15,-17],[-41,13],[-19,-1],[-15,-4],[-8,-11],[-11,-29],[-22,-10],[-16,-2],[-7,3],[-25,24],[-15,6],[-16,-3],[-16,3],[-15,-5],[-22,4],[-6,-16],[-6,-10],[-19,-6],[-7,-22],[-46,-7],[-15,-27],[-12,-2],[-9,-11],[-18,-9],[-24,-24],[-14,-7],[-22,-1],[-14,8],[-48,-2],[-15,2],[-42,-19],[-2,-1],[-26,-6],[-9,-18],[-31,-30],[-3,-19],[4,-27],[-7,-12],[-19,7],[-45,35],[-21,3],[-18,-5],[-28,-4],[-43,47],[-26,-9],[-14,-17],[-6,-14],[-14,0],[-58,-37],[-15,-4],[-21,12],[-28,-6],[-15,-9],[6,-20],[-11,-20],[-16,-20],[-4,-20],[-1,-24],[-17,-5],[-44,-24],[-19,-19],[-4,-23],[1,-32],[-22,-48],[-16,-13],[-19,-2],[-18,-9],[-15,-33],[-15,-14],[-15,-4],[0,6],[-8,3],[-18,-1],[13,-11],[0,-17],[16,-36],[13,-34],[11,-5],[8,-9],[-1,-30],[-7,-19],[11,-14],[8,-13],[-2,-10],[-43,0],[1,-10],[10,-12],[-8,-12],[-10,-5],[-4,-20],[1,-11],[-1,-5],[-3,-7],[-6,-6],[-13,-13],[-4,-11],[-3,-11],[3,-7],[12,-15],[9,-9],[26,6],[9,-2],[7,-7],[1,-11],[-6,-11],[-13,-3],[-15,3],[-16,5],[-16,12],[-26,25],[-27,23],[-22,12],[-21,4],[-29,0],[-35,-32],[-17,-14],[-5,-14],[-4,-35],[5,-19],[5,-16],[8,-10],[13,-5],[8,-4],[3,-19],[-6,-22],[20,-5],[17,-2],[15,-1],[12,2],[12,12],[9,4],[21,4],[21,0],[6,-1],[7,0],[7,-8],[-2,-12],[7,-12],[10,-14],[-6,-14],[-12,-19],[-11,-9],[-13,-17],[-3,-9],[-3,-17],[-1,-22],[-2,-12],[0,-23],[10,-14],[6,-11],[1,-22],[-32,5],[-14,4],[-14,6],[-11,8],[-7,11],[-3,24],[-4,9],[-6,9],[-11,7],[-10,1],[-10,-1],[-9,-4],[-8,-10],[-3,-14],[1,-15],[2,-20],[-7,-14],[-11,-11],[-7,-10],[-5,-12],[5,-11],[22,-26],[9,-13],[1,-23],[-11,-7],[-9,-5],[-10,-8],[-9,-16],[-13,-17],[-7,-12],[-14,-10],[-4,-11],[-3,-19],[-5,-19],[-20,-33],[-12,-20],[-18,-19],[-16,-7],[-13,-10]],[[6168,1336],[-18,15],[-16,17],[-10,16],[-4,16],[-1,16],[-12,10],[-18,6],[-12,14],[-9,13],[-10,8],[-13,-8],[-3,11],[-4,13],[-9,-8],[-16,3],[-36,9],[-23,0],[-14,3],[-6,-13],[-1,-8],[-1,-12],[-3,-15],[-10,-12],[-15,-7],[-29,-27],[-22,-10],[-21,-7],[-24,0],[-24,-2],[-24,3],[-26,0],[-17,-6],[-9,-3],[-3,9],[11,17],[6,10],[9,30],[-1,12],[-11,4],[-17,2],[-13,-1],[-16,-1],[-10,-6],[-5,-11],[-10,-34],[-29,18],[-17,4],[-22,12],[-24,5],[9,20],[-7,15],[0,22],[-3,12],[-6,9],[-3,31],[2,36],[8,18],[-16,14],[-6,16],[-24,54],[-20,-5],[-15,3],[-12,5],[-28,-11],[-26,24],[-31,9],[11,23],[4,30],[-7,23],[-11,14],[-11,11],[-4,24],[-3,18],[-11,10],[-9,16],[-17,14],[-3,6],[54,25],[17,13],[20,26],[-1,17],[0,22],[2,23],[-1,16],[-5,29],[-24,33],[-16,9],[-12,11],[-4,7],[-11,9],[-4,11],[-19,5],[-2,3],[-15,13],[-29,25],[-60,36],[-2,-19],[-28,-24],[-76,-32],[-10,-18],[-10,-23],[-8,-8],[-7,-9],[-4,-15],[-9,-14],[-12,0],[-12,-14],[-13,-9],[-19,-3],[-4,-14],[0,-26],[-16,-18],[-23,-1],[-19,-8],[-18,-16],[-26,-13],[-9,-12],[-5,-31],[-18,-22],[-25,-11]],[[4834,1875],[-3,22],[-5,17],[-8,16],[0,18],[19,9],[14,18],[-16,16],[-16,12],[-18,16],[-45,21],[-21,0],[-17,2],[-11,10],[-1,17],[8,9],[8,17],[5,16],[-3,15],[-14,16],[-15,13],[-4,4],[-32,30],[-16,1],[-4,-4],[-6,-2],[-18,-10],[-66,13],[-12,43],[-43,29],[-28,10],[-20,-5],[-22,3],[-37,22],[-18,18],[-19,10],[-21,5],[-17,11],[10,15],[28,6],[3,20],[14,12],[-20,48],[-4,19],[-14,8],[-9,-6],[-17,10],[-18,6],[-20,-17],[-16,-18],[-8,-27],[-13,-14],[-12,40],[-21,7],[-5,19],[2,16],[29,11],[14,15],[25,4],[18,12],[-12,23],[-16,19],[-20,-5],[-26,0],[-8,-15],[-6,-3],[-26,-1],[-50,-13],[-21,22],[-1,10],[0,6],[10,3],[12,-8],[17,-1],[10,4],[6,9],[-2,43],[5,22],[53,53],[10,23],[-23,34],[-39,22],[-20,21],[-5,24],[-2,25],[5,28],[15,23],[28,30],[-18,28],[-3,26],[-23,11],[20,89],[10,31],[-3,25],[-32,66]],[[6168,1336],[9,-29],[5,-8],[-4,-10],[-4,-13],[3,-10],[7,-8],[11,-4],[9,0],[11,2],[8,0],[6,-5],[7,-7],[4,-9],[7,-4],[7,2],[7,-3],[4,-6],[3,-11],[-1,-9],[9,-11],[16,-10],[4,-14],[6,-14],[9,-11],[11,-10],[-2,-12],[-10,-7],[-4,-12],[-6,-14],[-1,-14],[0,-27],[10,-10],[18,-8],[15,-9],[18,-7],[14,-13],[12,-14],[8,-11],[11,-3],[8,4],[6,1],[8,0],[6,-7],[-12,-18],[-14,-12],[-6,-13],[12,-22],[8,-14],[1,-12],[-9,-18],[-3,-14],[15,-8],[9,-12],[7,-11],[-10,-6],[-18,0],[-15,2],[-17,4],[-14,3],[-3,-14],[5,-40],[-8,-14],[-14,2],[-21,20],[-13,4],[-10,0],[-8,-4],[-1,-8],[-1,-11],[-5,-11],[7,-8],[19,-11],[15,-11],[7,-19],[10,-15],[7,-19],[5,-15],[11,-16],[13,-9],[14,1],[13,-4],[10,-12],[11,-5],[24,14],[12,-4],[14,3],[9,10],[14,-1],[8,-10],[3,-23],[0,-17],[9,-19],[6,-20],[-4,-17],[-17,-30],[-2,-15],[-7,-17],[-4,-8],[-4,-6],[-15,-10],[-17,-9],[-60,-6],[-13,-14],[-24,-7],[-22,-14],[-32,-24],[-22,-17],[-23,-16],[-30,-2],[-19,-13],[-16,-16],[-26,-20],[-24,-19],[-9,-20],[-51,-11],[-25,3],[-19,10],[-18,0],[-8,-10],[-6,-18],[-7,-16],[-8,-12],[-40,0],[-14,7],[-24,-3],[-39,-13],[-28,-12],[-19,-13],[-19,-17],[-15,-16],[-2,-24],[2,-19],[14,-20],[15,-20],[10,-11],[-4,-19],[-28,1],[-22,19],[-16,11],[-28,13],[-12,17],[-9,25],[-19,15],[-10,13],[-22,47],[-11,30],[-13,33],[-13,-2],[-13,-16],[-24,-37],[-5,-28],[1,-26],[-14,-17],[-12,9],[-15,-6],[-28,-6],[-20,-22],[-23,-2],[-30,-1],[-24,-3],[-13,13],[-41,4],[-1,15],[14,14],[14,11],[41,15],[7,19],[33,37],[3,20],[8,19],[-2,23],[-17,24],[-14,2],[-29,-51],[-28,-35],[-26,-25],[-28,-21],[-21,-31],[-15,7],[4,33],[-8,14],[-36,17],[-4,24],[-12,0],[-20,-1],[-37,-13],[-10,23],[-11,30],[-10,16],[-20,6],[-20,2],[-18,-3],[-12,-4],[-16,-16],[-18,-14],[-2,1],[-27,10],[-21,9],[-33,9],[-23,8],[-32,9],[-5,15],[-3,18],[-12,18],[-14,11],[-29,3],[-25,7],[-20,4],[-23,-9],[-20,-14],[-27,-5],[-11,14],[4,16],[-2,35],[0,26],[-11,18],[-15,26],[-16,23],[-31,16],[-15,9],[-17,4],[-34,10],[-19,3],[-23,3],[-19,10],[-26,23],[-17,32],[-8,18],[-7,17],[4,3],[7,5],[16,5],[9,5],[1,0],[6,4],[20,16],[21,17],[20,20],[13,13],[8,12],[10,12],[4,12],[-1,15],[1,22],[3,62],[8,25],[-6,13],[-12,19],[-10,22],[-1,16],[8,32],[-4,31],[-9,15],[-2,12],[10,14],[-5,6],[-13,11],[-20,14],[-19,16],[-26,17],[-8,18],[-14,20],[-23,16],[-19,-7],[-10,6],[1,14],[7,16],[-6,5],[-13,8],[-14,6],[-14,13],[-28,16],[-21,8],[-23,-3],[-20,2],[-23,7],[-27,16],[-12,8],[-10,-13],[0,-19],[-6,-10],[-13,-6],[-17,-4],[-15,6],[-11,12],[-8,13],[-5,11]],[[4167,1283],[7,0],[10,-4],[14,1],[4,11],[0,15],[5,13],[8,9],[26,15],[20,20],[57,36],[17,12],[17,17],[9,16],[-2,28],[6,22],[7,19],[1,20],[0,14],[-1,14],[14,7],[14,7],[12,2],[9,5],[6,7],[5,12],[19,15],[12,32],[18,2],[16,0],[12,5],[18,-3],[11,-3],[9,-2],[8,14],[14,-2],[4,-14],[17,-15],[11,-12],[14,-1],[17,5],[9,12],[-3,21],[2,23],[13,0],[18,2],[14,8],[8,11],[12,10],[37,18],[-25,43],[25,26],[1,21],[7,6],[12,-6],[9,-7],[9,-1],[11,4],[10,5],[4,13],[12,27],[17,17]],[[4167,1283],[0,16],[3,16],[-4,16],[-6,5],[-10,5],[-11,6],[-12,9],[-7,12],[7,13],[11,15],[15,14],[-1,17],[2,13],[-1,25],[-4,17],[-2,16],[-6,8],[-9,6],[-12,-12],[-6,-6],[-5,-10],[-7,-21],[-10,-19],[-30,32],[-20,3],[-24,8],[-18,42],[-14,21],[-27,9],[-18,19],[1,38],[-3,22],[-32,52],[-25,75],[-15,22],[-45,-31],[-24,-8],[-26,-27],[-23,-16],[-27,-10],[-45,28],[-42,32],[-21,28],[-17,37],[14,51],[-3,21],[-10,11],[-33,-20],[-85,-64],[-47,40],[1,18],[-16,3],[0,19],[-14,-1],[-16,4],[-36,32],[-2,11],[0,6],[-3,22],[-34,45],[-22,0],[-20,19],[-6,10],[-6,3],[-76,-9],[-16,4],[-28,37],[-58,31],[-22,7],[-14,20],[-25,13],[-7,8],[10,61],[-24,41],[-11,34],[-7,35],[31,25],[-14,62],[9,17],[12,45],[40,48],[-6,28],[-23,12],[-25,-7],[-28,23],[-24,5],[13,31],[15,51],[-12,1],[-14,20],[4,11],[-6,15],[9,27],[-6,36],[23,13],[7,16],[15,21],[19,19],[19,5],[4,9],[45,22]],[[2347,3576],[-26,11],[7,30],[-18,20],[-17,46],[-19,-40],[7,-49],[-18,-11],[-18,-23],[-36,-7],[-15,-9],[-40,4],[8,-49],[-1,-25],[33,-6],[1,-41],[4,-30],[16,-21],[-20,-27],[-16,7],[-20,17],[-6,-16],[-46,-13],[-12,-5],[19,-55],[-18,-25],[-17,-13],[-18,-7],[-20,-13],[-27,-11],[-21,-3],[-16,32],[-34,-4],[-61,-2],[-24,-19],[-25,-8],[-61,-2],[-37,7],[-13,26],[-7,42],[1,53],[-24,19],[-31,4],[-23,18],[-14,30],[-2,72],[13,15],[25,18],[17,18],[11,25],[-9,34],[-19,16],[0,24],[-11,23],[-24,18],[-20,22],[-17,35],[-3,25],[-17,16],[-3,28],[-19,30],[0,45],[-11,25],[-28,42],[-12,16],[-5,31],[-14,33],[-21,30],[-15,29],[-17,22],[-3,5],[-39,69],[-24,36],[-2,13],[4,25],[-12,19],[-9,-5],[-16,9],[-24,21],[-16,21],[-43,87],[10,17],[-7,19],[3,21],[-22,21],[0,25],[-8,19],[-7,10],[-3,5],[-1,-4],[-15,2],[-29,35],[5,34],[-14,35],[-10,16],[-9,48],[-15,11],[-10,13],[6,14],[0,18],[-22,47],[-20,64],[-26,10],[-1,19],[-9,26],[-16,28],[-16,42],[14,-3],[8,-4],[11,-1],[8,11],[38,17],[12,3],[21,-19],[20,-13],[13,-1],[-1,16],[-10,15],[-35,31],[-6,27],[-11,28],[-16,33]]],"transform":{"scale":[0.0003418583166969094,0.00028755587128808453],"translate":[75.59364381322223,30.37962483452693]}}