{"type":"Topology","objects":{"type":"GeometryCollection","geometries":[{"type":"Polygon","properties":{"NAME_1":"Anantnag","ST_NM":"Jammu & Kashmir","ST_CEN_CD":1,"DT_CEN_CD":14,"CENSUSCODE":14,"iso_a2":"IN_JK_AN"},"arcs":[[0,1,2,3,4,5,6,7]]},{"type":"Polygon","properties":{"NAME_1":"Badgam","ST_NM":"Jammu & Kashmir","ST_CEN_CD":1,"DT_CEN_CD":2,"CENSUSCODE":2,"iso_a2":"IN_JK_BD"},"arcs":[[8,9,10,11,12,13]]},{"type":"Polygon","properties":{"NAME_1":"Bandipore","ST_NM":"Jammu & Kashmir","ST_CEN_CD":1,"DT_CEN_CD":9,"CENSUSCODE":9,"iso_a2":"IN_JK_BPR"},"arcs":[[14,15,16,17,18,19]]},{"type":"Polygon","properties":{"NAME_1":"Baramula","ST_NM":"Jammu & Kashmir","ST_CEN_CD":1,"DT_CEN_CD":8,"CENSUSCODE":8,"iso_a2":"IN_JK_BR"},"arcs":[[20,-14,21,22,23,-18]]},{"type":"Polygon","properties":{"NAME_1":"POK","ST_NM":"Jammu & Kashmir","ST_CEN_CD":99,"DT_CEN_CD":99,"CENSUSCODE":0,"iso_a2":"IN_JK_POK"},"arcs":[[24,25,-20,26,-23,27,28,29,30,31]]},{"type":"Polygon","properties":{"NAME_1":"Doda","ST_NM":"Jammu & Kashmir","ST_CEN_CD":1,"DT_CEN_CD":16,"CENSUSCODE":16,"iso_a2":"IN_JK_DO"},"arcs":[[32,33,34,35,-3,36]]},{"type":"Polygon","properties":{"NAME_1":"Ganderbal","ST_NM":"Jammu & Kashmir","ST_CEN_CD":1,"DT_CEN_CD":11,"CENSUSCODE":11,"iso_a2":"IN_JK_GB"},"arcs":[[37,-16,38,-8]]},{"type":"Polygon","properties":{"NAME_1":"Jammu","ST_NM":"Jammu & Kashmir","ST_CEN_CD":1,"DT_CEN_CD":21,"CENSUSCODE":21,"iso_a2":"IN_JK_JA"},"arcs":[[39,40,41,-31,42]]},{"type":"Polygon","properties":{"NAME_1":"Kargil","ST_NM":"Jammu & Kashmir","ST_CEN_CD":1,"DT_CEN_CD":4,"CENSUSCODE":4,"iso_a2":"IN_JK_KR"},"arcs":[[43,44,-1,-39,-15,-26,45]]},{"type":"Polygon","properties":{"NAME_1":"Kathua","ST_NM":"Jammu & Kashmir","ST_CEN_CD":1,"DT_CEN_CD":7,"CENSUSCODE":7,"iso_a2":"IN_JK_KT"},"arcs":[[46,47,-34,48]]},{"type":"Polygon","properties":{"NAME_1":"Kishtwar","ST_NM":"Jammu & Kashmir","ST_CEN_CD":1,"DT_CEN_CD":18,"CENSUSCODE":18,"iso_a2":"IN_JK_KW"},"arcs":[[-45,49,-37,-2]]},{"type":"Polygon","properties":{"NAME_1":"Kulgam","ST_NM":"Jammu & Kashmir","ST_CEN_CD":1,"DT_CEN_CD":15,"CENSUSCODE":15,"iso_a2":"IN_JK_KG"},"arcs":[[50,51,52,53,-12,54,55,-5]]},{"type":"Polygon","properties":{"NAME_1":"Kupwara","ST_NM":"Jammu & Kashmir","ST_CEN_CD":1,"DT_CEN_CD":1,"CENSUSCODE":1,"iso_a2":"IN_JK_KU"},"arcs":[[-19,-24,-27]]},{"type":"Polygon","properties":{"NAME_1":"Leh (ladakh)","ST_NM":"Jammu & Kashmir","ST_CEN_CD":1,"DT_CEN_CD":3,"CENSUSCODE":3,"iso_a2":"IN_JK_LE"},"arcs":[[-46,-25,56]]},{"type":"Polygon","properties":{"NAME_1":"Pulwama","ST_NM":"Jammu & Kashmir","ST_CEN_CD":1,"DT_CEN_CD":12,"CENSUSCODE":12,"iso_a2":"IN_JK_PU"},"arcs":[[-56,57,-10,58,-6]]},{"type":"Polygon","properties":{"NAME_1":"Punch","ST_NM":"Jammu & Kashmir","ST_CEN_CD":1,"DT_CEN_CD":5,"CENSUSCODE":5,"iso_a2":"IN_JK_PO"},"arcs":[[-22,-13,-54,59,-28]]},{"type":"Polygon","properties":{"NAME_1":"Rajouri","ST_NM":"Jammu & Kashmir","ST_CEN_CD":1,"DT_CEN_CD":6,"CENSUSCODE":6,"iso_a2":"IN_JK_RA"},"arcs":[[-53,60,-29,-60]]},{"type":"Polygon","properties":{"NAME_1":"Ramban","ST_NM":"Jammu & Kashmir","ST_CEN_CD":1,"DT_CEN_CD":17,"CENSUSCODE":17,"iso_a2":"IN_JK_RB"},"arcs":[[-4,-36,61,62,-51]]},{"type":"Polygon","properties":{"NAME_1":"Reasi","ST_NM":"Jammu & Kashmir","ST_CEN_CD":1,"DT_CEN_CD":20,"CENSUSCODE":20,"iso_a2":"IN_JK_RS"},"arcs":[[63,-43,-30,-61,-52,-63]]},{"type":"Polygon","properties":{"NAME_1":"Samba","ST_NM":"Jammu & Kashmir","ST_CEN_CD":1,"DT_CEN_CD":22,"CENSUSCODE":22,"iso_a2":"IN_JK_SB"},"arcs":[[64,-41,65,-47]]},{"type":"Polygon","properties":{"NAME_1":"Shupiyan","ST_NM":"Jammu & Kashmir","ST_CEN_CD":1,"DT_CEN_CD":13,"CENSUSCODE":13,"iso_a2":"IN_JK_SH"},"arcs":[[-55,-11,-58]]},{"type":"Polygon","properties":{"NAME_1":"Srinagar","ST_NM":"Jammu & Kashmir","ST_CEN_CD":1,"DT_CEN_CD":10,"CENSUSCODE":10,"iso_a2":"IN_JK_SR"},"arcs":[[-17,-38,-7,-59,-9,-21]]},{"type":"Polygon","properties":{"NAME_1":"Udhampur","ST_NM":"Jammu & Kashmir","ST_CEN_CD":1,"DT_CEN_CD":19,"CENSUSCODE":19,"iso_a2":"IN_JK_UD"},"arcs":[[-35,-48,-66,-40,-64,-62]]}]},"arcs":[[[3976,4054],[9,-3],[18,7],[23,7],[21,8],[29,-7],[-2,-26]],[[4074,4040],[0,-10],[-32,0],[-15,-14],[-5,-28],[-3,-32],[-26,-25],[-18,-29],[-23,-35],[-5,-39],[0,-43],[6,-60],[-3,-45],[-20,-32],[-32,-8],[-20,-28],[-26,-33],[-36,-60],[-23,-71],[-21,-57],[3,-46],[3,-74],[6,-63],[13,-46],[14,-46],[13,-70],[14,-49],[16,-71],[13,-45],[3,-53],[14,-71],[10,-49],[11,-63],[-2,-57],[-18,-46],[-20,-46],[-13,-57],[-20,-39],[-16,-46],[-8,-15]],[[3808,2339],[-15,-28],[-20,-46],[-21,-25],[-38,7],[-12,7]],[[3702,2254],[-15,10],[-23,17],[-21,18],[-29,27],[-23,39],[-24,24],[-26,42],[-37,56],[-31,52],[-16,35],[-27,46],[-15,55],[-1,1],[-18,21],[-33,16]],[[3363,2713],[11,92],[-89,30],[-11,28],[6,29],[55,116],[-97,222]],[[3238,3230],[20,4],[8,20],[51,54],[96,109],[-6,124],[10,55],[-7,86],[-16,21],[-13,21],[-9,21],[-13,21],[-1,0]],[[3358,3766],[11,21],[16,39],[2,50],[-11,24],[0,39],[12,39],[13,18],[15,-10]],[[3416,3986],[20,-14],[42,-20],[18,-7],[15,28],[16,47],[15,21],[21,18],[18,-10],[14,-18],[8,-14],[13,-14],[18,-10],[29,-17],[21,-3],[21,-7],[24,-7],[23,-17],[37,21],[31,11],[34,19],[24,14],[23,11],[29,11],[31,11],[15,14]],[[2941,3692],[6,-5],[29,1],[34,11],[18,-7],[3,-4],[24,-34],[11,-28],[8,-35],[3,-39],[0,-6]],[[3077,3546],[1,-54],[-13,-74],[-23,-47],[-23,-43],[-33,-43],[-18,-35],[-25,-29],[-26,-29],[-31,-10]],[[2886,3182],[-5,-1],[-37,-19],[-33,-29],[-34,-22],[-41,-26],[-31,-29],[-41,-25],[-31,-37],[-25,-32],[-11,-13]],[[2597,2949],[-10,-12],[-20,-29],[-16,-18],[-6,-2]],[[2545,2888],[-17,22],[-16,39],[-9,31],[-8,32],[-13,31],[-16,28],[-22,24],[-21,14],[-8,31],[-14,46],[-11,42],[7,43],[18,21]],[[2415,3292],[34,44],[27,50],[28,60],[12,54],[31,43],[26,29],[28,22],[42,29],[56,40],[60,30],[37,15],[41,8],[31,8],[27,8],[31,-28],[15,-12]],[[3670,4722],[8,-26],[-5,-39],[-2,-35],[3,-78],[6,-74],[8,-35],[27,-70],[8,-46],[-31,0],[-26,6],[-24,4],[-15,-6]],[[3627,4323],[-30,12],[-47,10],[-37,10],[-28,-8],[-37,-8],[-24,-11],[-28,4],[-35,9],[-31,18],[-29,20],[-24,17],[-32,32],[-21,42],[-27,34],[-34,28],[-56,6],[-23,-36],[-20,-43],[-13,-42],[-20,-57],[-21,-40],[-49,-22],[-50,-5],[-42,-1],[-18,5]],[[2851,4297],[-8,2],[-32,13],[-10,0]],[[2801,4312],[-13,17],[-26,3],[-45,-10],[-30,-32],[-38,-42],[-24,-14],[-42,0],[-17,22],[-20,167],[-74,-78],[-40,-38],[-23,-6],[-47,13],[-8,14]],[[2354,4328],[6,4],[10,22],[5,25],[7,25],[7,53],[16,39],[15,32],[34,12],[21,11],[23,11],[18,15],[16,11],[5,21],[2,25],[10,32],[5,21],[21,29],[15,18],[5,39],[-3,28],[-6,14],[-8,28],[-6,28],[-3,28],[-3,36],[10,25],[13,39],[23,32],[15,39],[0,25],[7,46],[5,32],[-6,25],[-11,31],[-8,35],[5,36],[12,49],[23,40],[5,11]],[[2659,5400],[101,-206],[136,-170],[188,-215],[68,-118],[48,-39],[74,-21],[71,-2],[105,10],[108,23],[112,60]],[[2801,4312],[-32,-1],[-15,-32],[-15,-46],[11,-67],[17,-45],[11,-67],[3,-46],[3,-56],[25,-53],[29,-31],[32,-31],[29,-38],[29,-49],[14,-49],[-1,-9]],[[2415,3292],[-13,35],[-19,38],[-27,42],[-29,31],[-22,38],[-9,22]],[[2296,3498],[9,-4],[5,39],[-6,56],[-6,46],[-9,28],[-11,31],[-10,32],[-6,21],[-3,35],[2,28],[10,29],[15,25],[21,29],[5,18],[-1,31],[-6,43],[-16,27],[-26,21],[-32,13],[-24,17],[-26,6],[-19,0],[-31,9],[-21,7],[-45,23],[-16,3],[-26,10],[-27,13],[-31,6],[-29,13],[-24,28],[-1,3]],[[1911,4184],[6,0],[28,12],[34,12],[32,15],[28,4],[24,8],[15,8],[37,11],[31,15],[37,9],[18,7],[29,1],[26,4],[34,12],[28,8],[26,11],[10,7]],[[6348,6667],[-3,-11],[-11,-33],[-7,-21],[-17,-55],[-146,-411],[-74,-162],[-39,-21],[-115,27],[-67,4],[-54,-21],[-29,-76],[3,-60],[25,-21],[39,-43],[18,-94],[0,-77],[-19,-98],[-32,-72],[-35,-25],[-99,-38],[-150,-34],[-194,-8],[-201,-8],[-211,16]],[[4930,5325],[-12,17],[-29,35],[-45,7],[-40,-25],[-31,-39],[-19,-49],[-23,-39],[-32,-46],[-45,-50],[-31,-32],[-18,-39],[-29,-24],[-27,-29],[-39,-18],[-74,-4],[-50,-14],[-49,-15],[-35,-18],[-44,-3],[-45,-11],[-47,-26],[-50,-21],[-45,-18],[-60,-19],[-52,-22],[-63,-25],[-55,-15],[-45,-18],[-68,-26],[-58,-17]],[[2659,5400],[-15,-1],[-21,-7],[-21,-15],[-31,-22],[-24,-18],[-29,-26],[-34,-18],[-33,-30],[-42,-36],[-28,-33],[-24,-32],[-2,-42],[-9,-47],[-24,-32],[-26,-15],[-26,-15],[-28,-22],[-18,-29],[-16,-28],[-36,-30],[-26,-22],[-36,-22],[-45,-8],[-50,-13],[-62,-26],[-50,-27],[-47,-26],[-31,-29],[-23,-26],[-20,-36],[-12,-39],[-2,-39],[1,-46],[8,-45],[20,-46],[19,-34],[8,-35],[11,-46],[12,-42],[19,-52],[11,-39],[19,-20],[15,0]],[[2296,3498],[-22,9],[-30,34],[-18,25],[-29,20],[-37,13],[-32,6],[-34,6],[0,-76],[-7,-62],[-11,-32],[-43,-36],[-96,-64],[-90,-58],[-32,-33],[-40,-103],[-38,-92],[-10,-74],[6,-120],[28,-102],[23,-81],[7,5],[15,11],[44,-6],[14,-24],[8,-28],[19,-17],[23,8],[23,15],[23,8],[21,-17],[9,-39],[-2,-39],[-2,-46],[-2,-39],[-4,-53],[6,-28],[11,-38],[18,-35],[19,-24],[17,-2]],[[2051,2290],[-1,-19],[14,-42],[18,-38],[6,-53],[7,-52],[6,-50],[0,-53],[6,-49],[14,-45],[14,-25],[29,-52],[31,-16],[47,-13],[41,-20],[34,-17],[24,-13],[21,-24],[16,-31],[21,-21],[23,-10],[34,-6],[38,15],[21,11],[26,-10],[29,-20],[10,3]],[[2580,1640],[8,-13],[23,-28],[16,-20],[16,-39],[6,-24],[-6,-16]],[[2643,1500],[-2,-6],[-31,-1],[-30,-25],[-38,-40],[-23,-32],[3,-36],[11,-31],[13,-24],[8,-28],[-10,-32],[-15,-40],[-17,-46],[-13,-29],[-12,-39],[-8,-11],[-3,-5],[-6,-8],[-6,-9]],[[2464,1058],[-2,-1],[-1,-1],[-4,-3],[-1,-2],[-2,-1],[-5,0],[-8,-1],[-4,1],[-2,2],[-2,0],[-2,0],[-2,4],[-4,1],[-7,2],[-3,-1],[-4,-1],[-1,1],[-4,-2],[-1,-2],[-3,-4],[-7,-28],[-8,3],[-4,2],[-1,-1],[-1,0],[-1,-7],[1,-10],[-1,-3],[-1,-1],[-2,-1],[-16,3],[-8,3],[-1,2],[-2,-1],[-3,1],[-6,3],[-1,1],[-3,4],[-3,2],[-1,0],[-6,7],[-6,9],[-10,4],[-2,1],[0,1],[-3,3],[-1,1],[-2,4],[-5,16],[-3,7],[-4,1],[-1,-1],[-5,-1],[-3,2],[-2,6],[0,9],[-1,3],[-1,4],[-1,1],[-4,3],[-1,3],[0,5],[4,14],[-2,13],[-2,3],[-1,1],[-1,-1],[-1,1],[1,2],[-6,1],[0,1],[-2,2],[-6,2],[-6,5],[-11,0],[0,1],[-1,1],[-3,-1],[-11,0],[0,1],[-1,0],[-9,12],[-2,3],[-13,9],[-9,1],[-2,1],[-1,1],[-3,0],[-9,-1],[-2,2],[-3,1],[-6,1],[-1,2],[-2,8],[-1,2],[0,6],[0,3],[0,2],[-2,5],[-4,1],[-4,5],[-2,9],[0,2],[-3,8],[-1,0],[-1,1],[-12,1],[-2,1],[-3,2],[-8,14],[-1,2],[-1,0],[0,2],[-1,0],[-1,3],[-5,2],[-3,1],[-11,-1],[-5,4],[-1,1],[-3,1],[-1,2],[-2,3],[-2,0],[-12,1],[-2,3],[-11,4],[-3,1],[0,1],[-3,2],[-7,2],[-1,0],[-11,-1],[-2,0],[-3,2],[-1,2],[-3,1],[-2,1],[-2,2],[-7,5],[-2,0],[-3,1],[0,1],[-1,1],[-9,3],[-1,1],[-5,2],[-15,0],[-2,4],[-2,-1],[-7,3],[-2,0],[-6,6],[-3,8],[0,18],[0,4],[-1,9],[-4,3],[-7,0],[-3,0],[-1,-1],[-1,-2],[-8,-2],[-7,0],[-3,0],[-10,1],[-4,-1],[-12,5],[-1,1],[-3,-1],[-6,3],[-6,0],[-6,5],[0,1],[0,1],[0,5],[2,7],[4,1],[3,6],[2,4],[2,8],[0,4],[0,2],[1,0],[0,1],[0,4],[-2,6],[-1,1],[-2,2],[-2,1],[-1,1],[-6,2],[-6,1],[-1,0],[-2,3],[-2,1],[-9,4],[-5,3],[-4,6],[-3,10],[-2,15],[-1,3],[-1,2],[-2,1],[-22,3],[-5,-3],[-2,0],[-3,-3],[-6,-1],[-4,2],[-13,17],[-4,2],[-6,3],[-1,0],[-3,5],[-10,6],[0,1],[-5,1],[-10,-1],[-4,1],[-5,-1],[-3,0],[-3,1],[-6,-1],[-3,1],[-3,-2],[-3,3],[-1,2],[-1,-1],[-10,3],[-8,2],[-4,3],[-2,0],[-13,-1],[-2,1],[-7,-4],[-2,0],[-1,-2],[0,-2],[-1,-5],[-2,-1],[-2,-1],[-2,-15],[-1,-13],[0,-3],[0,-3],[-2,-10],[-2,-2],[-2,-3],[-3,-9],[-3,-2],[-8,-2],[-1,-1],[-2,-1],[-1,-1],[-4,-4],[0,-1],[-2,-2],[-1,-1],[-4,0],[-2,1],[-6,9],[-3,5],[0,5],[2,10],[8,15],[2,8],[1,4],[0,2],[0,2],[-2,8],[-1,3],[-7,14],[-1,1],[-1,2],[-1,0],[-3,2],[-1,1],[-4,8],[-1,0],[-2,1],[-12,18],[-1,0],[-4,9],[-3,4],[0,1],[-1,1],[-3,2],[-1,1],[-4,4],[-7,13],[-4,9],[0,5],[1,20],[-1,2],[-2,14],[-1,2],[-3,5],[-6,3],[-2,0],[-1,2],[-4,1],[-1,2],[0,1],[-4,1],[-1,2],[-1,2],[-3,1],[-2,2],[-1,3],[-1,0],[-6,3],[-1,1],[-1,0],[-7,9],[-5,2],[-1,2],[0,1],[-2,1],[-5,3],[-1,1],[-4,2],[-2,1],[-5,0],[-2,0],[-1,1],[-7,0],[-4,0],[-1,-1],[-1,-1],[-7,-1],[-1,-1],[-8,-4],[-7,0],[-4,2],[-8,4],[-8,-1],[-2,-1],[-3,-1],[0,-1],[-2,1],[-3,5],[-2,1],[-3,22],[0,24],[5,23],[1,10],[1,1],[-1,4],[-2,5],[-1,0],[-3,4],[1,12],[3,5],[10,-1],[2,1],[2,3],[0,1],[8,29],[1,8],[1,1],[1,2],[7,3],[4,9],[-1,7],[0,11],[4,14],[-3,21],[2,21],[-1,6],[0,3],[-5,9],[-5,1],[-5,6],[-5,20],[-1,0],[-4,0],[-2,-1],[-1,-7],[-2,-13],[-3,-5],[-4,3],[-3,11],[-1,5],[2,17],[-1,7],[0,2],[-1,3],[-2,0],[-1,1],[-2,2],[-8,10],[-6,13],[-1,0],[-2,0],[-1,1],[-2,3],[-1,19],[0,3],[-1,3],[-2,3],[-3,7],[-2,8],[-1,13],[0,9],[1,6],[2,7],[3,6],[1,3],[1,4],[-1,4],[-5,4],[-7,9],[-3,2],[-3,2],[-1,5],[-1,5],[-1,6],[1,9],[-1,6],[-1,5],[-1,4],[-3,0],[-2,4],[2,6],[3,1],[3,1],[3,4],[2,5],[-1,5],[-1,3],[-3,4],[-1,1],[-4,-1],[-5,-3],[-3,-6],[-2,-3],[-1,-1],[-2,1],[-1,3],[-2,3],[-3,6],[-4,4],[-1,7],[3,13],[2,5],[1,1],[2,3],[-1,4],[-3,5],[-2,0],[-2,0],[-4,4],[-5,12],[1,11],[2,11],[3,13],[0,4],[1,9],[1,3],[1,3],[1,5],[2,4],[2,2],[2,0],[2,1],[1,3],[1,3],[-1,4],[0,4],[1,3],[2,1],[2,2],[2,3],[2,3],[3,5],[1,4],[2,4],[1,4],[2,2],[3,0],[2,1],[1,4],[-1,3],[0,2],[-4,0],[-2,1],[-3,0],[-1,2],[-1,3],[1,5],[1,4],[2,1],[3,2],[1,2],[-1,3],[-1,4],[0,4],[1,5],[2,1],[7,1],[4,0],[2,2],[3,2],[3,2],[3,2],[3,4],[1,1],[1,0],[1,1],[1,2],[8,-1],[0,1],[3,4],[2,1],[1,1],[2,5],[1,2],[0,3],[-1,12],[-3,5],[-3,0],[-1,0],[-2,1],[-3,7],[-1,14],[-2,3],[-4,0],[-2,-4],[-1,-3],[-2,-1],[-4,1],[-2,3],[-1,16],[0,4],[-2,2],[-2,1],[-2,3],[0,4],[3,10],[-2,6],[1,7],[0,3],[4,0],[2,-2],[3,-3],[7,-4],[-1,9],[-4,19],[1,9],[1,3],[3,0],[5,2],[2,1],[0,1],[2,0],[1,2],[1,2],[2,1],[5,9],[2,1],[9,0],[1,2],[0,7],[-3,9],[-6,5],[-1,0],[-1,1],[0,1],[-3,1],[-1,0],[-3,5],[-1,2],[0,2],[0,13],[4,37],[0,1],[-1,8],[-1,7],[-3,4],[-1,1],[-2,1],[-2,5],[0,1],[-1,2],[-2,1],[-1,0],[-3,5],[-2,0],[-2,2],[-5,10],[5,25],[0,1],[-2,4],[-2,1],[-7,-7],[-8,0],[-1,0],[-2,2],[-6,13],[-5,6],[-1,3],[-2,1],[-5,4],[-2,0],[-2,-2],[-4,-2],[-3,0],[-1,2],[-3,8],[2,10],[5,18],[2,4],[1,9],[-1,15],[-8,33],[1,20],[0,4],[3,7],[1,0],[6,7],[5,10],[3,4],[8,6],[10,14],[1,3],[7,33],[1,15],[-1,10],[-4,18],[-2,24],[1,2],[-3,10],[-4,9],[-11,4],[-1,2],[-2,3],[-1,0],[-2,2],[-2,2],[-2,4],[-1,-1],[-6,6],[-2,4],[-5,13],[-3,14],[1,17],[3,22],[8,44],[4,9],[0,1],[0,3],[0,6],[1,7],[1,4],[1,4],[-1,2],[1,10],[1,5],[1,2],[0,2],[5,3],[2,13],[3,9],[1,0],[3,5],[0,10],[1,17],[5,14],[-5,32],[-9,24],[-6,3],[-6,8],[-2,2],[-2,3],[-1,1],[-1,1],[-6,7],[-4,2],[-10,16],[-8,24],[-8,18],[-2,9],[-10,37],[0,4],[-7,20],[-8,31],[-2,13],[1,14],[0,10],[-1,11],[0,6],[-6,21],[-2,12],[1,19],[-1,19],[-3,8],[1,2],[-1,8],[-1,4],[-2,11],[-5,7],[-1,2],[-1,3],[-1,5],[0,6],[0,2],[-1,10],[0,13],[3,17],[-4,18],[-4,9],[1,10],[2,18],[-1,12],[-1,2],[-2,2],[-1,0],[-3,7],[4,23],[0,1],[-1,20],[-3,21],[0,6],[0,15],[-1,4],[2,11],[-1,4],[0,21],[5,17],[0,14],[0,5],[-4,8],[-2,1],[-1,1],[-1,1],[-2,2],[-1,0],[-8,12],[-4,22],[-6,13],[0,23],[0,4],[9,25],[2,9],[1,5],[-1,11],[0,4],[-4,10],[-1,1],[-3,2],[-2,0],[-4,-1],[-2,-5],[-3,-12],[-3,-12],[-4,-4],[-6,-4],[0,6],[1,14],[0,3],[-1,14],[0,2],[-1,2],[-4,14],[0,1],[-2,4],[-2,0],[-3,4],[-2,19],[-5,19],[-1,4],[-1,1],[-2,0],[-2,4],[-1,1],[-2,0],[-10,15],[-1,4],[1,5],[3,12],[-1,1],[1,3],[-2,4],[-2,1],[-1,-1],[-5,-3],[-6,5],[-7,1],[-4,5],[-5,2],[-1,3],[-3,14],[-1,6],[-9,11],[1,5],[1,2],[2,7],[1,1],[2,1],[6,1],[4,4],[1,0],[1,0],[4,3],[1,2],[2,8],[1,19],[11,37],[0,7],[3,22],[3,13],[1,9],[-3,22],[0,15],[-1,7],[0,15],[4,14],[1,0],[1,1],[9,28],[4,27],[-1,9],[-2,6],[-6,16],[-1,5],[2,9],[5,14],[1,0],[7,12],[2,56],[6,19],[2,0],[2,4],[5,2],[2,1],[1,1],[5,0],[3,-1],[8,-8],[8,1],[3,1],[7,1],[5,3],[1,2],[4,1],[2,2],[6,3],[4,0],[1,-1],[3,-2],[7,-5],[1,-2],[1,0],[9,-2],[1,0],[6,0],[5,2],[1,0],[1,1],[1,1],[6,1],[1,1],[1,0],[2,6],[3,1],[1,1],[1,0],[5,9],[2,4],[1,1],[1,0],[7,10],[5,1],[1,-2],[2,-1],[4,-1],[1,-1],[6,-3],[3,-1],[9,-1],[2,-1],[1,-1],[8,0],[3,1],[5,3],[6,1],[2,-1],[5,-1],[7,-6],[10,1],[3,-2],[1,0],[2,-5],[10,-19],[3,-3],[1,0],[8,-12],[2,-2],[1,0],[5,0],[6,3],[3,1],[8,21],[5,23],[-1,8],[-4,13],[2,15],[0,4],[2,4],[6,11],[11,20],[10,20],[9,15],[2,3],[6,14],[1,2],[1,6],[-3,7],[-5,3],[-2,0],[-1,1],[-6,1],[-1,1],[-7,5],[-1,2],[-6,1],[-6,4],[-3,6],[-1,4],[0,2],[5,27],[4,10],[7,1],[3,4],[4,7],[2,8],[4,22],[2,6],[5,8],[2,2],[1,0],[1,2],[9,4],[6,10],[1,2],[1,4],[1,3],[4,13],[0,3],[5,11],[6,18],[4,14],[4,10],[6,18],[1,0],[2,3],[5,2],[6,11],[1,1],[3,5],[6,11],[5,4],[4,3],[6,1],[4,3],[0,1],[5,3],[2,2],[4,3],[5,0],[7,-4],[3,-1],[1,-1],[9,1],[3,2],[5,5],[4,0],[2,-1],[8,-3],[1,-1],[13,1],[2,2],[0,1],[1,1],[2,1],[2,1],[5,8],[2,2],[2,0],[13,26],[8,4],[2,-1],[3,0],[1,-1],[1,-1],[1,-2],[3,-3],[1,-1],[1,-1],[2,-2],[7,-1],[8,10],[0,1],[3,3],[6,1],[4,-2],[2,-1],[3,0],[5,2],[1,1],[1,3],[4,1],[2,2],[5,0],[1,0],[8,-11],[6,-3],[0,-1],[6,0],[6,4],[1,2],[1,0],[5,7],[2,9],[8,18],[4,3],[14,0],[7,1],[2,1],[6,10],[1,0],[1,0],[2,2],[2,6],[8,38],[0,1],[2,4],[3,1],[10,0],[2,0],[7,3],[4,-1],[7,4],[0,1],[1,0],[3,5],[10,3],[3,2],[5,4],[2,0],[7,0],[2,-1],[5,3],[1,1],[3,12],[8,20],[1,0],[1,0],[2,4],[0,3],[-5,15],[2,24],[6,14],[1,1],[4,4],[5,0],[4,2],[5,8],[7,2],[2,1],[6,9],[2,4],[2,7],[1,3],[-2,10],[-7,17],[-4,22],[-1,9],[0,4],[1,7],[3,18],[-2,12],[0,1],[-2,0],[-4,5],[0,4],[1,1],[1,3],[3,5],[1,1],[7,1],[1,-1],[4,0],[3,1],[1,1],[5,10],[12,4],[2,3],[2,5],[1,2],[11,8],[1,0],[2,4],[3,6],[0,5],[0,2],[-2,3],[-4,2],[-7,18],[-6,3],[-1,1],[-1,1],[-1,1],[-1,1],[-1,1],[-5,5],[-7,1],[-1,1],[-2,2],[-2,0],[0,1],[-3,4],[-2,0],[-1,1],[-7,7],[2,4],[6,17],[0,3],[2,7],[5,7],[2,3],[6,23],[8,18],[2,6],[1,9],[1,3],[1,1],[1,1],[9,5],[2,1],[10,3],[1,1],[1,1],[2,2],[2,2],[4,1],[5,0],[5,0],[4,1],[3,2],[3,3],[0,4],[-1,6],[-3,6],[-3,5],[-4,6],[-4,3],[-5,3],[-3,2],[-2,3],[-3,3],[-2,3],[-1,2],[-1,4],[1,9],[3,8],[2,2],[1,5],[2,6],[0,5],[-1,3],[-2,3],[-4,1],[-2,0],[-2,-2],[-2,-3],[-2,-3],[-1,-2],[-3,-3],[-8,0],[-1,2],[-2,3],[-1,0],[-2,3],[0,1],[-1,0],[-3,3],[0,1],[-10,5],[-8,0],[-4,-2],[-1,-1],[-1,-2],[-1,0],[-1,0],[-1,-1],[-3,-2],[-2,0],[0,-1],[-10,-1],[-5,-4],[-5,-1],[-3,-2],[-8,2],[-2,2],[-1,1],[-5,3],[-1,1],[-1,1],[-12,15],[-1,3],[-1,1],[-6,5],[-2,1],[-1,0],[-5,6],[-4,9],[-2,9],[0,3],[-2,10],[-4,7],[-10,1],[-5,-4],[-7,-1],[-2,-1],[-3,-5],[-1,-1],[-9,-3],[-1,-2],[-2,-2],[-4,-2],[-1,-1],[-1,0],[-5,0],[-1,0],[-4,6],[-8,19],[-6,11],[-8,11],[-7,12],[-1,1],[-3,3],[-5,4],[-1,1],[-8,9],[-3,2],[-7,1],[-2,-1],[-3,2],[-9,-1],[-6,1],[-10,0],[-9,-6],[-14,1],[-4,0],[-2,0],[-8,7],[-1,3],[-1,0],[-5,11],[-8,16],[0,1],[-1,1],[-6,2],[-2,2],[-12,8],[-1,0],[-1,2],[-1,0],[-1,0],[-1,1],[-3,2],[-3,1],[-4,3],[-5,1],[-1,1],[0,1],[-4,2],[0,1],[-17,6],[-2,-1],[-1,1],[-9,0],[-1,-1],[-1,0],[-13,-2],[-1,-3],[0,-1],[-5,-2],[-14,-20],[-1,0],[-1,-3],[-2,-1],[-1,0],[-1,-2],[-1,-2],[-5,-3],[0,-1],[-1,-2],[-5,-2],[-4,-4],[-5,0],[-4,-1],[-1,-1],[-2,-3],[-4,-2],[0,-1],[-1,-1],[-2,-1],[-1,2],[-2,2],[-1,0],[-4,6],[-1,1],[-1,-1],[-1,3],[-1,2],[-5,4],[-2,5],[1,11],[3,16],[1,23],[4,15],[0,5],[1,1],[5,32],[0,7],[-2,4],[-6,11],[-3,3],[-1,5],[-8,27],[-2,6],[-3,8],[-9,23],[-1,7],[1,20],[0,38],[0,8],[1,2],[11,49],[3,9],[3,8],[2,5],[4,9],[1,0],[7,13],[0,4],[4,11],[8,23],[1,3],[5,9],[1,1],[2,4],[1,0],[4,6],[2,2],[10,16],[2,1],[1,0],[0,1],[2,1],[4,4],[1,0],[1,1],[2,1],[5,4],[5,1],[1,1],[1,0],[11,9],[3,0],[0,1],[0,1],[8,5],[5,7],[0,4],[-1,16],[-4,15],[0,2],[0,1],[-1,8],[1,2],[-5,32],[-1,1],[1,3],[-1,16],[1,16],[-2,18],[-1,3],[-5,1],[-4,0],[-3,0],[-3,2],[-2,0],[-2,1],[-9,1],[-3,3],[-1,0],[-2,0],[-4,1],[-2,2],[-2,1],[-3,1],[-2,1],[-1,1],[-2,1],[-6,1],[0,1],[-7,4],[-1,0],[-5,9],[-1,10],[-4,9],[-2,3],[-7,4],[-9,-1],[-6,-4],[-14,-3],[-27,3],[-5,1],[-4,2],[-1,0],[0,1],[0,1],[-8,4],[-2,3],[-6,4],[-5,7],[-2,1],[-4,5],[-6,6],[0,1],[-1,2],[-1,0],[-2,1],[0,1],[-1,2],[-1,0],[-4,2],[-7,-1],[-2,1],[-1,0],[-4,-2],[0,-1],[-7,-12],[-3,-2],[-1,-1],[-3,-1],[-2,0],[-1,-1],[-3,-2],[-2,0],[-1,-1],[-14,-2],[-3,-2],[-7,-2],[-9,-3],[-2,0],[-11,-4],[-8,0],[-9,2],[-5,7],[-4,8],[-1,0],[-1,1],[-4,5],[-4,1],[-2,3],[-1,1],[-7,4],[-1,1],[-3,1],[-10,0],[0,-1],[-2,-1],[-6,-5],[0,-2],[-3,-1],[-11,-2],[-6,2],[-5,7],[-4,2],[-1,2],[-3,4],[-1,0],[-2,1],[-5,6],[-5,1],[-6,-1],[-1,-1],[-9,-2],[-1,-1],[-7,-3],[-1,-1],[-7,-1],[-3,-1],[-8,-1],[-12,-1],[-18,-3],[-4,0],[-8,-5],[-1,0],[-4,-3],[-1,-3],[-1,0],[-4,-1],[-3,2],[-2,3],[-16,33],[-4,7],[-4,5],[-7,13],[0,2],[-1,0],[-11,19],[-1,0],[-1,1],[-1,2],[-9,2],[-5,4],[-9,1],[-8,4],[-10,1],[-3,0],[-5,2],[-1,1],[-4,1],[-8,3],[-2,2],[-4,0],[-3,2],[-2,1],[-6,2],[-2,2],[-1,1],[-1,0],[-3,1],[-2,2],[-1,0],[-7,6],[-7,2],[-1,1],[-1,1],[-3,0],[-2,3],[-1,1],[-4,0],[-5,4],[-1,0],[-12,15],[-5,9],[-4,2],[-2,3],[-5,7],[-3,2],[0,1],[-4,4],[-2,1],[-1,1],[0,2],[-2,0],[-1,2],[-12,17],[-1,1],[-2,4],[-8,12],[-1,1],[-2,1],[-6,10],[-3,1],[-1,0],[-6,2],[-1,1],[-2,2],[-3,1],[-1,2],[-3,2],[-4,4],[-1,1],[-1,1],[-10,6],[-2,2],[-9,14],[-7,5],[-3,1],[-1,2],[-7,9],[-2,1],[-7,8],[-3,4],[-2,2],[-3,2],[-2,1],[-7,9],[-2,1],[-5,6],[-2,1],[-2,0],[-2,9],[1,2],[-1,3],[-1,1],[0,19],[-1,7],[1,19],[4,42],[-1,16],[-1,8],[-1,12],[1,4],[0,14],[3,15],[9,20],[1,18],[1,21],[2,8],[2,0],[4,7],[2,1],[0,1],[0,8],[-2,2],[-2,1],[-6,2],[-4,3],[-4,3],[-3,2],[-5,3],[-4,6],[-2,1],[-2,1],[-2,3],[-4,5],[0,1],[-1,0],[-3,3],[-15,21],[-10,20],[-10,6],[-2,3],[-2,1],[-5,0],[-1,1],[-3,3],[-1,0],[-2,0],[-1,2],[-2,0],[-2,-2],[-3,-4],[-1,-1],[-7,-17],[-1,-1],[-1,-1],[-1,-2],[-1,-1],[-1,-1],[0,-2],[-2,-2],[-3,-4],[-5,-9],[-1,0],[0,-1],[-3,-2],[0,-1],[-4,-2],[-1,-1],[-1,-1],[0,-1],[-12,-8],[-1,-1],[-12,-2],[-3,1],[-1,0],[-1,0],[-10,1],[0,1],[-4,0],[-5,4],[-1,2],[-3,1],[-1,2],[0,2],[-2,6],[-4,0],[-2,0],[-2,-1],[-1,0],[-1,-1],[-1,0],[-2,-2],[-8,-1],[0,-1],[-1,-1],[0,-1],[-1,1],[-2,-2],[-5,-3],[0,-1],[-8,-2],[-3,-5],[-9,-5],[-2,-1],[-1,-1],[-1,0],[-2,-3],[-1,0],[-1,-1],[-2,-2],[-8,-1],[-1,0],[-5,-3],[-10,1],[-12,-1],[-2,1],[-3,0],[-7,2],[-1,0],[-4,1],[-1,1],[-2,-1],[-1,1],[-4,1],[-1,3],[-2,0],[-3,6],[-1,1],[0,1],[-1,3],[1,20],[-2,29],[-1,2],[-1,4],[-2,0],[-2,1],[-1,1],[-2,0],[-7,-4],[-2,0],[-5,-1],[-13,-2],[-6,-1],[-1,-1],[-1,-1],[-14,-1],[-8,2],[-5,4],[-2,0],[-1,-1],[0,2],[-3,3],[-2,0],[-3,2],[0,1],[-5,6],[-5,2],[-1,0],[-2,-4],[0,-12],[-5,-11],[-1,0],[-2,-3],[-9,-6],[-2,0],[-2,0],[-1,-1],[-3,-2],[-8,0],[-5,-3],[-1,-4],[-1,-1],[2,-7],[-2,-12],[-3,-5],[-1,-1],[0,-1],[-3,-2],[-11,-4],[-3,-5],[-1,0],[-1,0],[-3,-7],[-1,0],[-1,-1],[-1,1],[-5,0],[0,1],[-1,0],[-5,2],[-1,1],[-1,1],[-2,4],[-1,0],[-1,2],[-2,1],[-2,1],[-4,6],[-2,0],[-6,7],[-5,1],[-4,4],[-6,0],[-6,-3],[-4,-1],[-1,-1],[-7,-5],[-6,-8],[-4,-6],[-1,-1],[-2,-2],[-3,-2],[-5,-7],[-2,-2],[-3,-5],[-1,-1],[-2,-2],[-6,-3],[-1,-2],[-1,-2],[-5,-1],[-2,2],[-2,0],[-1,0],[-1,2],[-1,1],[-3,1],[-7,10],[-5,3],[-3,5],[-3,1],[-4,3],[0,2],[-4,1],[-3,3],[-10,20],[-9,16],[-8,1],[-1,-1],[-1,-1],[-5,-1],[-4,4],[-1,2],[-1,1],[-1,1],[-2,0],[-9,4],[-21,-2],[-3,2],[-3,4],[-1,0],[-4,5],[-2,4],[-1,1],[-2,6],[-6,10],[-9,19],[-12,23],[-1,3],[-9,3],[-1,1],[-10,0],[-2,1],[-2,6],[-2,1],[-6,0],[-1,1],[-1,1],[-2,0],[-4,1],[0,1],[-6,5],[0,6],[-3,9],[-1,4],[0,3],[0,9],[0,3],[-1,15],[2,25],[1,2],[2,5],[1,0],[6,9],[9,1],[2,3],[1,0],[1,2],[0,4],[0,8],[7,22],[1,7],[-2,14],[3,13],[0,1],[4,0],[2,-1],[1,-1],[2,-2],[5,0],[1,0],[1,2],[1,0],[5,2],[1,0],[2,7],[3,8],[1,0],[5,9],[0,4],[-1,6],[2,14],[1,0],[1,2],[4,2],[0,1],[1,0],[1,2],[1,2],[5,2],[2,3],[0,2],[-1,15],[0,1],[-2,12],[-5,12],[-2,2],[-2,6],[-2,1],[-6,2],[-1,-1],[-2,2],[-3,2],[-1,0],[-1,-2],[-3,0],[-5,6],[-3,1],[-7,0],[-3,0],[-1,0],[-4,0],[-5,2],[-3,6],[-3,8],[-2,4],[-7,1],[-4,5],[-4,9],[-1,5],[1,4],[5,25],[-2,11],[0,3],[0,16],[0,5],[0,5],[3,11],[0,3],[11,16],[2,9],[2,8],[6,13],[6,1],[3,6],[1,0],[1,0],[2,3],[2,2],[1,1],[1,0],[7,9],[3,7],[-4,9],[-1,1],[-2,6],[-3,14],[-3,10],[-1,5],[-1,1],[-5,6],[-3,2],[-1,0],[-2,1],[-3,8],[3,9],[6,13],[3,11],[0,4],[-2,14],[2,14],[4,9],[10,4],[8,9],[10,16],[1,7],[1,16],[0,1],[2,19],[8,23],[3,4],[5,4],[3,3],[2,0],[8,6],[1,0],[1,0],[1,1],[1,2],[4,0],[2,2],[0,1],[1,0],[6,2],[3,2],[10,3],[2,0],[4,-2],[3,-3],[1,-1],[3,-4],[3,-2],[13,-6],[1,-2],[4,-4],[2,-1],[1,-1],[1,0],[7,0],[1,0],[3,1],[2,-2],[7,0],[2,-2],[5,-15],[1,-1],[3,-4],[1,-3],[2,-1],[0,-1],[1,-2],[3,1],[2,6],[1,2],[-1,11],[-2,5],[-1,2],[-5,9],[-1,3],[1,4],[4,11],[1,0],[0,1],[2,1],[4,2],[5,3],[1,2],[14,2],[1,1],[1,1],[3,0],[3,1],[0,1],[4,2],[1,1],[8,12],[2,1],[5,12],[2,0],[5,7],[7,3],[5,8],[2,1],[2,2],[9,4],[10,1],[13,2],[6,11],[0,2],[1,0],[4,6],[1,0],[4,3],[2,2],[8,17],[1,2],[2,1],[1,0],[6,4],[1,1],[2,1],[0,1],[1,1],[4,3],[3,4],[1,1],[9,31],[9,16],[5,4],[1,1],[3,5],[4,2],[0,1],[1,1],[6,4],[1,0],[1,2],[2,0],[2,2],[1,2],[2,1],[17,0],[1,1],[1,2],[4,10],[6,7],[2,0],[3,5],[3,2],[2,3],[1,0],[4,7],[4,14],[-4,30],[0,6],[4,20],[-1,9],[-1,2],[-5,3],[-5,6],[-4,8],[0,4],[3,7],[3,0],[1,1],[1,0],[6,3],[1,2],[4,0],[1,1],[1,2],[8,2],[3,2],[5,6],[6,4],[1,1],[3,2],[6,10],[1,0],[0,1],[2,3],[2,1],[8,-1],[4,-8],[1,0],[8,-1],[6,1],[3,2],[4,6],[4,2],[0,1],[1,2],[2,0],[2,0],[4,5],[5,0],[4,-5],[4,-1],[9,1],[1,-1],[7,-1],[0,-1],[3,-2],[2,-1],[3,-8],[3,0],[1,0],[2,4],[6,15],[4,8],[3,7],[0,3],[-1,7],[-1,1],[-13,-2],[-1,1],[-1,2],[1,7],[0,1],[-1,4],[0,8],[2,13],[1,2],[1,5],[1,0],[6,16],[0,5],[-5,8],[1,3],[4,1],[1,-1],[3,-1],[7,4],[7,6],[1,2],[2,1],[5,5],[2,1],[1,3],[6,3],[2,1],[1,1],[7,2],[3,4],[5,1],[6,7],[7,1],[1,1],[1,1],[3,1],[2,1],[0,1],[1,0],[2,0],[4,2],[1,3],[6,10],[4,22],[5,14],[1,1],[6,5],[1,1],[6,2],[4,7],[1,2],[2,3],[2,4],[0,2],[-1,1],[1,16],[1,8],[4,9],[7,13],[12,22],[0,1],[1,0],[1,4],[0,3],[-4,9],[-13,18],[-2,0],[-7,22],[0,2],[-1,15],[2,17],[2,18],[0,1],[0,14],[-3,11],[-5,9],[0,2],[-4,10],[0,13],[0,4],[-1,4],[1,4],[0,5],[1,5],[0,1],[1,-1],[2,-1],[2,-2],[3,-2],[1,-2],[3,-6],[2,-3],[1,-2],[7,-6],[3,-2],[9,2],[3,0],[3,0],[5,-2],[1,-1],[6,1],[6,3],[1,2],[1,0],[2,2],[3,7],[3,3],[2,3],[1,0],[6,8],[5,2],[5,5],[7,2],[6,4],[11,4],[4,2],[1,1],[1,2],[5,3],[1,1],[0,1],[2,0],[3,3],[0,1],[3,12],[2,2],[6,-2],[2,-4],[5,-3],[3,-4],[1,0],[5,-9],[3,-16],[1,-4],[1,-1],[2,0],[3,-2],[1,-1],[14,-1],[11,1],[10,5],[8,2],[1,3],[4,9],[1,0],[3,0],[16,1],[3,-2],[7,0],[2,-1],[1,0],[20,2],[5,-1],[4,0],[3,-3],[6,-1],[9,0],[4,2],[1,2],[1,1],[2,3],[3,5],[1,1],[8,5],[14,1],[10,-3],[8,0],[7,2],[5,9],[2,8],[4,18],[1,3],[1,1],[1,1],[8,1],[6,-3],[2,0],[2,-2],[5,-3],[12,1],[1,0],[8,3],[0,1],[11,2],[1,1],[1,0],[7,6],[2,0],[3,2],[5,2],[0,2],[1,0],[0,1],[2,0],[6,6],[6,1],[3,-1],[2,-3],[7,-13],[3,-2],[3,-2],[0,-1],[8,-3],[1,-1],[1,-2],[12,-1],[5,3],[2,0],[0,1],[2,2],[4,0],[5,-8],[10,-4],[2,-3],[5,-8],[5,-3],[0,-1],[2,-2],[2,-2],[3,-4],[3,-3],[5,0],[5,5],[2,1],[1,2],[3,2],[5,1],[3,0],[1,-2],[2,-2],[7,-15],[5,-3],[0,-1],[3,-1],[5,1],[4,2],[2,1],[1,2],[1,1],[1,0],[1,0],[6,7],[5,0],[6,-6],[2,0],[1,-1],[10,0],[4,4],[2,1],[2,4],[1,0],[2,2],[4,4],[1,0],[11,1],[3,-3],[1,0],[3,-7],[0,-2],[1,-2],[0,-6],[-2,-12],[0,-2],[1,-6],[0,-1],[2,-5],[3,-3],[1,-1],[1,-1],[2,-2],[2,0],[4,-2],[1,-1],[9,1],[5,-6],[5,-2],[7,0],[3,1],[6,3],[1,0],[2,1],[5,7],[4,0],[4,-3],[6,-3],[0,-1],[1,-1],[12,-1],[1,0],[5,-1],[1,-1],[0,-1],[5,-1],[2,0],[5,-6],[4,-3],[12,-1],[9,6],[0,1],[2,1],[2,4],[5,15],[1,1],[1,1],[1,3],[3,7],[1,4],[1,0],[5,7],[0,1],[1,1],[12,2],[5,-2],[13,0],[2,-3],[4,-1],[3,0],[18,-8],[9,-2],[1,0],[1,-1],[6,-1],[10,5],[12,17],[1,0],[1,1],[4,5],[6,2],[7,1],[9,-5],[6,-2],[3,-2],[1,-1],[4,-1],[1,-2],[2,-2],[4,-1],[2,-2],[9,-2],[1,-2],[0,-1],[2,0],[2,0],[2,-3],[1,0],[1,0],[4,-4],[1,0],[2,-2],[7,-2],[1,0],[1,-1],[23,-2],[13,5],[1,1],[1,0],[1,1],[1,0],[4,8],[1,1],[-1,8],[-5,11],[2,10],[2,3],[1,0],[1,1],[5,6],[0,1],[0,9],[1,0],[0,2],[0,1],[-1,3],[0,2],[0,3],[-4,18],[-3,11],[-6,9],[-10,18],[-1,3],[-1,1],[-1,1],[-9,13],[-2,5],[-6,12],[-3,6],[-1,0],[-1,3],[-6,9],[-1,1],[-10,2],[-8,0],[-8,-4],[-3,1],[-8,0],[-5,2],[-1,2],[-10,6],[-8,11],[-1,2],[-3,9],[1,2],[-4,16],[0,1],[-2,4],[-1,0],[-1,1],[0,1],[-4,1],[-6,0],[-3,-1],[-1,-1],[-1,-1],[-11,-1],[-10,3],[0,1],[-9,4],[-6,9],[-1,1],[-2,3],[-1,2],[-11,3],[-3,4],[-11,10],[-4,2],[-1,-1],[-10,-2],[-2,0],[-5,0],[-1,2],[-2,0],[-1,1],[0,4],[1,8],[0,7],[-1,1],[-1,0],[-2,5],[1,3],[-2,12],[0,2],[-2,6],[-1,1],[-1,1],[-1,1],[-1,0],[-1,4],[-4,0],[-1,0],[0,1],[-2,6],[-3,4],[-2,3],[0,1],[-4,5],[-1,1],[-2,1],[-2,2],[-1,0],[-2,3],[-3,0],[-4,7],[-2,1],[-2,2],[-8,15],[1,8],[4,13],[-1,6],[0,4],[1,7],[1,4],[5,13],[5,3],[9,1],[7,-1],[6,-2],[1,-1],[5,-3],[2,0],[1,-2],[0,-1],[3,-1],[1,0],[4,-5],[4,-2],[0,-1],[2,-2],[4,-1],[7,-4],[6,-8],[2,-1],[1,0],[1,-2],[4,1],[1,1],[2,1],[1,2],[1,0],[4,6],[2,2],[1,0],[1,2],[1,1],[3,0],[1,1],[6,1],[1,-1],[1,-1],[2,0],[7,-7],[11,-1],[7,-11],[4,-2],[7,0],[2,1],[3,2],[2,0],[0,1],[7,2],[2,-1],[2,-4],[1,-1],[2,-12],[4,-5],[15,-1],[2,1],[6,3],[2,2],[1,3],[0,6],[1,3],[4,10],[9,3],[3,0],[1,-1],[4,-1],[2,0],[1,-1],[7,-3],[2,0],[5,-3],[13,-3],[0,-1],[2,-1],[1,0],[0,-1],[2,0],[2,-2],[6,-7],[2,-2],[3,-2],[8,-13],[5,-9],[10,-8],[1,0],[2,-1],[0,-1],[4,0],[1,1],[2,1],[6,12],[1,0],[6,0],[3,-3],[1,0],[3,-4],[5,-1],[1,-4],[5,-8],[1,-1],[5,-6],[4,-5],[1,-1],[1,0],[1,-3],[6,-8],[6,-12],[1,0],[2,-5],[3,-9],[6,-9],[6,-7],[1,0],[2,-1],[2,-2],[4,-5],[2,-1],[3,-1],[0,-2],[2,-3],[4,-2],[3,-4],[1,0],[1,0],[5,-5],[6,1],[2,1],[6,4],[1,1],[12,0],[1,-1],[5,-2],[1,0],[0,-1],[1,-1],[3,-2],[3,-3],[0,-1],[2,-2],[2,0],[2,-4],[2,-1],[2,-1],[3,-6],[0,-1],[13,-18],[5,0],[2,1],[1,2],[1,2],[2,0],[2,3],[4,7],[1,0],[5,9],[15,22],[1,1],[2,4],[1,0],[4,7],[0,1],[1,1],[1,1],[1,1],[0,1],[3,4],[2,0],[9,-1],[1,-1],[10,-1],[6,-3],[0,-1],[2,0],[3,-2],[2,-2],[1,-2],[10,1],[2,2],[1,1],[4,1],[2,2],[1,1],[1,1],[3,3],[4,4],[5,15],[1,0],[1,2],[0,8],[2,17],[0,4],[1,3],[2,17],[3,22],[2,7],[1,6],[3,8],[5,12],[1,0],[1,1],[2,4],[1,1],[2,1],[0,1],[1,1],[1,0],[5,3],[7,0],[2,0],[4,-1],[2,0],[3,-2],[7,0],[2,-1],[1,0],[3,-2],[8,0],[1,0],[2,-2],[7,-1],[1,-1],[7,0],[1,-1],[3,-2],[1,-1],[2,0],[2,0],[3,-3],[3,-1],[4,-2],[2,-3],[5,-2],[0,-2],[4,-4],[2,-1],[1,-2],[2,0],[2,0],[1,-2],[4,-1],[1,0],[1,1],[4,-1],[0,1],[7,0],[4,3],[9,15],[1,1],[2,2],[1,0],[5,6],[5,3],[2,4],[7,4],[1,1],[1,2],[4,3],[5,3],[0,1],[1,1],[8,4],[1,2],[8,5],[2,1],[3,4],[4,2],[3,6],[2,2],[2,0],[1,2],[3,5],[2,1],[5,6],[2,2],[8,13],[1,0],[6,8],[2,3],[1,0],[1,2],[2,1],[10,15],[1,1],[1,1],[7,11],[1,1],[2,2],[1,2],[9,5],[2,4],[1,0],[0,1],[14,8],[3,0],[1,1],[1,1],[17,2],[6,3],[2,0],[4,4],[1,0],[3,4],[1,0],[10,15],[0,2],[0,8],[1,0],[2,6],[8,2],[10,1],[5,0],[3,2],[2,-1],[9,0],[13,1],[6,-1],[5,1],[19,-6],[3,0],[1,-1],[8,-1],[11,0],[14,1],[2,0],[0,-2],[3,1],[10,-3],[2,-2],[10,-17],[2,-3],[2,-11],[1,-4],[1,-6],[3,-8],[4,-11],[1,-3],[0,-1],[2,-3],[1,0],[2,-2],[1,-3],[3,-2],[20,-1],[2,-1],[1,-1],[1,-1],[0,2],[1,28],[2,15],[3,15],[0,1],[0,1],[-1,16],[3,21],[0,8],[2,17],[0,8],[4,35],[-1,7],[-5,10],[-4,2],[-1,2],[1,7],[0,2],[6,4],[6,1],[1,0],[2,1],[3,2],[1,1],[2,2],[7,1],[4,3],[7,1],[1,1],[1,0],[8,1],[19,6],[6,1],[3,2],[10,1],[13,2],[9,7],[6,8],[0,2],[2,0],[7,10],[2,1],[7,8],[4,2],[2,1],[5,3],[3,1],[4,0],[12,-1],[5,-7],[2,-5],[5,-19],[1,-4],[0,-13],[-1,-2],[1,-3],[-1,-6],[2,-10],[3,-13],[8,-26],[3,-4],[5,-7],[3,-3],[1,0],[3,-6],[6,-4],[1,0],[2,-1],[2,-4],[2,-1],[3,0],[6,4],[2,3],[1,0],[0,1],[5,20],[1,0],[3,4],[1,1],[5,3],[3,0],[7,2],[6,0],[1,-1],[2,0],[1,-1],[6,-1],[1,-1],[1,0],[7,-6],[1,-1],[1,-1],[6,-1],[1,-1],[14,0],[3,-1],[2,1],[2,0],[8,4],[7,0],[2,-2],[5,-4],[1,0],[3,-11],[0,-3],[-1,-11],[1,-9],[-1,-13],[2,-7],[4,-13],[3,-4],[1,-1],[9,-16],[5,-6],[2,-1],[7,-19],[3,-5],[4,-6],[0,-1],[1,-1],[2,-1],[0,-2],[1,-2],[1,0],[4,-9],[2,-4],[1,0],[0,-2],[1,-1],[2,-4],[1,-2],[0,-1],[3,-3],[1,0],[6,-19],[5,-9],[2,-5],[3,-6],[2,-5],[3,-9],[6,-8],[2,-9],[4,-2],[0,-3],[0,-2],[1,-2],[3,0],[7,-4],[3,0],[0,1],[3,4],[1,0],[5,26],[1,9],[8,15],[2,1],[1,3],[3,1],[5,6],[13,9],[0,1],[1,0],[4,6],[6,4],[2,2],[2,1],[4,4],[6,4],[2,2],[2,2],[2,3],[2,1],[2,1],[4,7],[4,5],[5,3],[4,1],[13,-1],[5,3],[1,0],[2,4],[5,18],[3,0],[3,-1],[4,-5],[6,0],[7,-5],[3,-1],[1,0],[0,-1],[1,0],[3,-2],[0,-1],[1,-2],[2,-1],[4,-5],[1,0],[0,-1],[8,-3],[2,-1],[2,-1],[0,-1],[1,-1],[5,-2],[1,-2],[5,-4],[1,0],[2,-3],[1,0],[2,-3],[2,-5],[6,-8],[2,-1],[1,0],[6,-8],[2,-2],[11,0],[1,1],[5,1],[0,1],[7,5],[12,4],[4,4],[2,1],[0,1],[2,2],[5,2],[2,4],[1,0],[5,2],[6,2],[4,7],[6,4],[3,4],[2,1],[4,5],[16,24],[2,0],[2,4],[1,1],[8,10],[2,8],[7,22],[9,15],[0,2],[1,0],[6,12],[1,0],[5,7],[1,0],[5,7],[1,3],[6,27],[1,3],[8,3],[1,1],[2,0],[6,-3],[5,0],[2,2],[0,1],[3,1],[12,7],[0,1],[2,0],[1,2],[3,2],[1,1],[5,3],[1,1],[2,1],[1,1],[0,1],[7,2],[2,2],[8,2],[8,-5],[1,-1],[3,-1],[2,-1],[1,-1],[3,-1],[4,1],[3,3],[2,0],[3,1],[1,1],[6,2],[1,1],[10,1],[5,2],[2,0],[1,1],[3,0],[2,0],[4,1],[22,3],[2,-1],[5,-1],[1,-1],[1,-1],[4,-1],[1,-1],[2,-2],[1,-16],[-1,-6],[-2,-17],[0,-18],[1,-9],[1,-18],[0,-17],[0,-5],[2,-12],[1,-4],[0,-3],[1,-3],[5,-18],[3,-7],[1,-2],[3,-3],[1,0],[1,-4],[4,-6],[2,0],[4,-7],[2,-3],[7,-9],[2,-1],[1,-1],[2,0],[1,-1],[8,-1],[2,0],[4,4],[1,0],[2,3],[3,4],[1,0],[1,3],[5,3],[2,1],[16,-2],[3,-2],[2,-2],[1,0],[2,-5],[1,0],[3,-5],[3,-10],[1,-3],[2,-5],[0,-3],[-1,-8],[-1,-14],[1,-2],[-2,-6],[-4,-9],[-4,-6],[-1,-1],[-1,-1],[-2,-3],[-4,-7],[-2,-3],[-4,-10],[1,-3],[3,-6],[3,-6],[2,-13],[-2,-24],[3,-8],[1,-2],[7,-1],[2,1],[8,8],[10,1],[2,-1],[5,-8],[1,0],[5,-14],[1,-7],[3,-13],[1,-6],[0,-3],[1,-7],[0,-4],[1,-4],[-1,-9],[5,-19],[4,-32],[4,-11],[9,-16],[5,-14],[6,-8],[6,-3],[0,-1],[6,-2],[3,-3],[2,-1],[1,-1],[6,-3],[0,-1],[2,-2],[2,0],[0,-1],[1,0],[3,-2],[0,-1],[2,-1],[3,-2],[2,-2],[5,-2],[0,-1],[1,-2],[3,0],[0,-1],[8,-5],[3,-1],[4,-2],[2,0],[4,-1],[1,-2],[5,-1],[6,-4],[2,0],[2,0],[5,-4],[8,-3],[3,0],[2,-2],[10,-6],[5,-1],[2,-3],[1,0],[7,-4],[2,-2],[1,-1],[7,-4],[9,-8],[5,-1],[2,-1],[1,-1],[1,-1],[4,1],[8,-1],[7,-4],[2,0],[4,-9],[5,-15],[2,-4],[5,-8],[1,0],[3,-5],[8,-13],[1,-4],[2,-4],[1,-4],[5,-7],[1,-2],[1,0],[6,-7],[11,-20],[5,-6],[3,-8],[11,-21],[20,-50],[5,-11],[9,-19],[8,-20],[5,-12],[3,-8],[7,-15],[13,-37],[5,-13],[6,-12],[5,-9],[2,-3],[6,-15],[7,-9],[1,0],[8,-10],[4,-2],[7,-10],[2,-2],[7,-5],[0,-1],[2,-1],[1,-1],[4,-2],[1,-3],[7,-4],[7,-9],[3,-1],[0,-1],[1,0],[7,-3],[0,-1],[1,-1],[4,-5],[4,-3],[1,0],[2,-1],[4,-1],[1,-1],[1,-1],[3,0],[7,-5],[4,0],[8,-3],[8,-1],[12,-5],[0,-1],[5,-4],[5,-3],[2,-3],[2,-2],[0,-1],[4,-2],[3,-5],[2,0],[14,-17],[2,-1],[4,-4],[1,-1],[2,-3],[2,-1],[4,-4],[1,-3],[7,-3],[7,-8],[5,-1],[2,-3],[0,-1],[2,-1],[1,-1],[6,-3],[0,-1],[1,-2],[4,-1],[0,-1],[2,-1],[5,-5],[11,-3],[1,-1],[10,-6],[6,-1],[9,-6],[0,-1],[5,-1],[0,-1],[1,-1],[1,0],[2,0],[1,-1],[1,0],[5,-4],[9,0],[2,-1],[1,0],[4,0],[2,-2],[2,0],[4,-3],[1,0],[7,-1],[2,-1],[2,0],[1,-1],[1,-1],[4,-2],[1,1],[1,2],[0,1],[4,1],[25,-1],[2,0],[4,0],[6,-3],[12,-2],[3,-4],[7,-2],[7,-1],[1,-1],[0,-1],[2,0],[6,0],[5,-3],[6,-1],[4,-3],[1,-1],[6,-2],[0,-2],[4,-4],[4,-4],[1,0],[5,-9],[2,0],[4,-6],[3,-2],[2,-4],[4,-5],[8,-13],[5,-5],[4,-6],[7,-7],[4,-4],[4,-6],[7,-12],[6,-11],[4,-6],[7,-12],[5,-9],[4,-7],[5,-9],[6,-8],[10,-15],[7,-9],[6,-5],[4,-1],[4,0],[4,1],[6,1],[4,0],[5,-2],[5,-5],[6,-8],[4,-6],[2,-3],[2,-1],[2,-2],[3,-4],[3,-7],[1,0],[0,-1],[6,-8],[4,-6],[1,0],[2,-4],[1,-1],[4,-2],[2,-4],[3,-5],[3,-1],[1,-1],[3,-4],[4,-1],[0,-1],[2,-2],[3,0],[2,-3],[3,-3],[18,-1],[15,2],[5,0],[4,2],[6,0],[1,1],[3,1],[3,1],[3,3],[2,1],[1,0],[2,1],[9,7],[6,3],[11,8],[5,2],[16,0],[4,0],[11,-6],[11,-13],[6,-4],[5,-8],[7,-4],[0,-2],[2,0],[2,-6],[3,-5],[3,-4],[1,-1],[3,-5],[1,0],[3,-5],[1,-1],[4,-7],[6,-4],[5,-11],[1,0],[3,-4],[2,-1],[3,-1],[4,-5],[1,-2],[1,0],[2,-1],[7,-3],[1,-1],[1,0],[4,-3],[1,-1],[3,-1],[1,-1],[2,-3],[2,0],[3,-14],[3,-27],[5,-12],[7,-10],[5,-13],[0,-5],[-2,-7],[-2,-3],[-1,0],[-1,-2],[-2,-1],[-1,0],[-2,-2],[-3,-6],[-1,-1],[-1,0],[-1,-2],[-1,0],[-4,-12],[1,-2],[5,-5],[1,0],[1,0],[3,-2],[4,-1],[1,-2],[1,0],[5,-3],[2,-2],[4,-4],[2,-1],[0,-2],[2,0],[1,-3],[8,-13],[12,-25],[1,-3],[6,-12],[3,-5],[9,-1],[0,-1],[1,-1],[5,0],[6,-3],[1,-1],[7,-1],[2,-1],[1,-2],[3,-4],[2,-1],[1,-1],[1,-1],[1,-1],[1,0],[2,-4],[5,-3],[0,-1],[2,0],[7,-1],[2,-2],[10,-2],[1,-1],[1,0],[1,0],[4,-3],[1,-1],[1,-1],[3,-1],[6,-8],[1,-2],[3,-4],[1,-1],[3,-9],[3,-9],[6,-8],[23,-10],[8,0],[1,-1],[9,-3],[1,-1],[7,0],[2,1],[2,3],[6,4],[1,2],[7,6],[1,0],[2,2],[2,4],[2,0],[0,1],[2,1],[1,0],[3,4],[7,3],[2,2],[1,0],[1,2],[3,4],[1,1],[7,0],[3,-2],[4,-19],[22,-35],[3,-4],[1,0],[17,-22],[4,-3],[2,-2],[3,-4],[4,-5],[2,-1],[4,-5],[1,0],[1,-1],[4,-5],[0,-1],[1,-5],[3,-3],[3,-7],[1,-6],[0,-16],[0,-2],[2,-13],[5,-17],[1,-4],[-1,-1],[5,-20],[4,-9],[2,-2],[1,-1],[1,-1],[2,-1],[2,-5],[5,-1],[1,-2],[2,0],[9,-5],[1,0],[7,-9],[7,-4],[4,-2],[6,-4],[1,0],[1,0],[9,-6],[6,-4],[3,-3],[1,-1],[6,-4],[1,-2],[2,-2],[1,0],[2,-1],[0,-2],[2,-1],[3,-1],[2,-2],[10,-4],[4,-1],[1,-2],[1,-4],[-1,-3],[-1,-1],[0,-2],[-2,-3],[0,-7],[2,-12],[10,-25],[-1,-4],[-2,-3],[-2,-1],[-27,-2],[-6,-4],[-2,0],[0,-2],[-5,-3],[-1,-1],[-3,-3],[-1,0],[0,-2],[-2,-1],[-3,-7],[-14,-31],[-1,-3],[-1,-4],[2,-7],[0,-1],[-16,-24],[-1,-1],[-7,-7],[-3,-2],[-4,-7],[-2,0],[-1,-2],[-6,-13],[-1,-5],[5,-10],[4,-4],[1,0],[4,-7],[2,-1],[7,-17],[1,-1],[7,-11],[7,-16],[5,-6],[2,0],[10,-18],[8,-11],[2,-3],[7,-9],[9,-18],[5,-29],[2,-12],[3,-16],[7,-14],[3,-5],[2,0],[1,-6],[1,-1],[2,-1],[1,0],[1,-4],[5,-6],[2,-1],[2,-1],[1,-1],[1,0],[1,-2],[4,-2],[4,-3],[2,-1],[0,-1],[2,-2],[4,-2],[2,-1],[0,-1],[7,-2],[2,-1],[1,-1],[5,0],[2,-1],[1,-1],[11,-1],[0,-1],[5,-2],[6,-7],[2,-2],[1,0],[1,-1],[5,-9],[8,-15],[1,0],[1,-2],[10,-14],[1,0],[7,-10],[2,-3],[3,-3],[7,-4],[3,-5],[1,0],[8,-8],[10,-4],[2,-1],[12,-3],[3,-3],[5,-4],[11,-1],[17,0],[3,1],[4,-2],[7,0],[6,-3],[2,-1],[5,0],[7,-4],[8,-1],[8,-5],[7,-1],[1,0],[2,-1],[1,-1],[21,-1],[5,3],[11,1],[1,0],[1,1],[5,2],[1,0],[1,1],[3,0],[2,2],[0,1],[4,0],[2,2],[0,1],[3,1],[2,0],[1,2],[1,2],[5,1],[1,0],[3,2],[1,2],[2,3],[1,1],[2,0],[2,4],[2,1],[0,1],[2,2],[4,3],[2,2],[1,1],[3,4],[2,1],[0,1],[2,0],[6,-1],[9,-3],[9,0],[7,6],[10,0],[0,-1],[3,-1],[1,-2],[2,0],[2,-1],[4,-20],[5,-8],[2,-1],[10,-1],[0,-1],[7,-21],[3,-3],[2,-3],[7,-2],[4,-2],[2,0],[4,3],[2,0],[5,-3],[1,-5],[0,-1],[1,-7],[0,-3],[-3,-30],[0,-8],[5,-12],[2,-3],[8,-3],[7,-2],[7,1],[3,3],[7,0],[6,-5],[6,-6],[5,-2],[4,0],[2,0],[2,2],[5,2],[5,-1],[1,-2],[3,-25],[2,-4],[3,-1],[14,0],[21,-6],[4,0],[9,-1],[1,-1],[2,0],[4,2],[1,3],[3,14],[2,3],[2,2],[4,-4],[3,-5],[3,-10],[2,-1],[5,-3],[3,0],[0,-1],[7,-2],[6,-6],[5,-6],[4,-2],[1,-2],[4,-2],[2,0],[1,2],[7,15],[4,19],[2,4],[1,1],[14,1],[16,-3],[7,0],[3,-1],[14,-27],[1,-11],[-1,-5],[2,-3],[5,-3],[2,-1],[5,1],[2,-1],[2,-1],[0,-2],[3,-3],[1,-2],[2,-8],[5,-11],[2,-3],[4,-19],[6,-15],[2,-3],[2,0],[11,1],[12,0],[1,-2],[3,-2],[1,0],[1,-1],[3,-5],[0,-1],[1,-4],[1,0],[7,-18],[2,-10],[-1,-4],[-2,-4],[-2,-10],[-1,-5],[4,-16],[0,-4],[-2,-3],[-4,-2],[-5,-10],[0,-1],[-1,-5],[2,-3],[4,-3],[7,-9],[2,-2],[7,-3],[1,0],[0,-1],[2,-1],[0,-1],[2,-2],[7,-5],[2,-3],[1,0],[1,-2],[10,-28],[1,-14],[-1,-8],[-1,-3],[-4,-10],[-1,-16],[2,-12],[-1,-4],[0,-1],[2,-3],[1,0],[1,-2],[3,-2],[1,0],[1,-2],[2,-2],[3,-1],[4,-4],[5,-2],[0,-1],[2,0],[0,-1],[3,-3],[2,0],[3,-6],[0,-3],[0,-3],[-3,-6],[-2,-1],[-2,0],[0,-2],[-3,-3],[-4,-2],[-1,-1],[0,-1],[-3,-4],[-4,1],[-2,1],[-5,4],[-2,3],[-13,2],[-7,-3],[-1,-1],[-6,-11],[-1,-2],[-6,-2],[-4,2],[-2,1],[0,1],[-3,5],[-1,0],[-3,5],[-2,0],[-4,3],[-2,2],[-3,2],[-5,-1],[0,1],[-5,2],[-3,3],[-1,3],[-4,7],[-2,5],[-5,7],[-1,3],[-1,0],[0,2],[-1,0],[-4,7],[-8,5],[-1,0],[-1,2],[-3,0],[-2,1],[-2,1],[-15,0],[-10,-1],[-13,-5],[-5,-1],[-3,-5],[-6,-3],[-1,-1],[-7,-3],[-7,-8],[-2,0],[-3,-1],[-3,-6],[1,-3],[6,-7],[2,-3],[1,0],[1,-1],[1,-3],[1,-1],[2,-2],[11,-22],[3,-3],[1,-3],[0,-2],[3,-21],[1,-6],[3,-7],[3,-2],[4,0],[4,5],[2,1],[2,-1],[7,-3],[1,-1],[9,-25],[1,-1],[1,0],[3,-5],[1,0],[1,-1],[3,-3],[3,0],[13,-5],[16,1],[5,-3],[4,0],[2,-1],[2,-4],[2,0],[0,-1],[4,-2],[2,-1],[2,-2],[1,-1],[5,-5],[1,-2],[9,-4],[2,-1],[1,0],[7,0],[7,3],[1,1],[1,1],[0,1],[3,1],[1,2],[3,3],[1,0],[3,4],[4,2],[1,2],[1,2],[6,2],[5,4],[4,3],[5,3]],[[4592,1515],[0,-1],[1,-5],[-5,-16],[-7,-37],[-4,-13],[-5,-5],[-11,-8],[-5,-9],[-15,-15],[-5,-14],[-10,-8],[-19,-6],[-6,-12],[-3,-15],[-5,-14],[-5,-4],[-11,-4],[-9,-9],[-13,-18],[-6,-1],[-48,-32],[-8,-1],[-7,0],[-13,29],[-13,17],[-17,19],[-25,19],[-17,12],[-22,2],[-21,7],[-16,-2],[-17,-8],[-6,-13],[-7,-8],[2,-6],[3,-13],[-3,-14],[-8,-13],[-5,-7],[-3,-2],[3,-18],[0,-3],[0,-4],[6,-23],[14,-29],[4,-6]],[[4225,1204],[-1,0]],[[4224,1204],[-37,16],[-4,2],[-12,1],[-40,5],[-31,53],[-18,17],[-31,35],[-29,39],[-29,21],[-28,20],[-44,25],[-44,17],[-39,13],[-33,18],[-32,20],[-23,42],[-16,25],[-28,28],[-31,17],[-16,10],[-16,21],[-28,28],[-42,13],[-32,20]],[[3541,1710],[14,18],[-14,31],[0,17],[10,12],[15,9],[-18,48],[-1,34],[6,14],[16,12],[10,12],[16,46],[-23,99],[4,65],[16,21],[4,17],[35,13],[71,76]],[[3808,2339],[3,-2],[34,-42],[18,-36],[20,-47],[39,-101],[57,-85],[-5,-55],[20,1],[103,-15],[23,-39],[49,-41],[55,-52],[-15,-66],[-22,-117],[40,-13],[20,24],[19,6],[56,-14],[54,-18],[42,1],[26,27],[20,60],[44,-4],[23,-38],[33,-65],[18,-73],[10,-20]],[[3416,3986],[-8,12],[-43,40],[-166,94],[-142,50],[-92,47],[-108,60],[-6,8]],[[3627,4323],[12,-5],[51,-35],[58,-48],[50,-45],[47,-46],[50,-27],[37,-21],[37,-17],[8,-25],[-1,0]],[[3099,1252],[7,3],[20,0],[6,-42],[5,-14],[26,-10],[15,18],[33,39],[21,22],[31,-35],[16,-31],[18,-35],[16,-28],[15,-18],[13,-14],[16,-17],[13,-49],[4,-11]],[[3374,1030],[-37,-49],[-25,-22],[-23,-5],[-13,-13],[-19,-6],[-18,-1],[-7,-2],[-6,-40],[-19,-38],[-26,-28],[-25,-16],[-20,-6],[-8,-66],[-15,-36],[-14,-36],[-29,-38],[-32,-45],[-42,-83],[-28,-45],[-16,-9],[-2,-8]],[[2950,438],[-1,0],[-1,0],[-3,1],[-2,4],[-1,1],[-9,0],[-1,-1],[-2,-10],[-2,-10],[-1,-4],[-2,-1],[-1,0],[-4,-4],[-3,1],[-3,2],[-2,0],[-2,-2],[-5,-11],[-2,-1],[-5,1],[-2,1],[-5,-1],[-1,1],[-5,1],[-1,1],[-1,0],[-4,3],[-2,1],[-7,4],[-5,0],[-7,-1],[0,-1],[-3,-2],[-2,0],[-2,-4],[-2,-3],[-3,0],[-6,2],[-1,1],[-5,2],[-1,2],[-1,0],[-3,2],[-1,1],[-8,0],[-1,-1],[-2,-1],[0,-1],[-2,-2],[-2,-2],[-3,0],[-1,0],[-6,-1],[-5,3],[-2,3],[-2,17],[-1,3],[-1,2],[-1,0],[-1,1],[-2,2],[-7,1],[-4,-6],[-4,-2],[-2,-1],[-1,-1],[-5,0],[-1,2],[-4,5],[-2,4],[3,18],[-4,18],[0,6],[2,9],[0,2],[1,3],[1,0],[1,0],[5,9],[2,7],[-1,8],[0,2],[-3,1],[-3,0],[0,1],[-1,2],[-7,2],[-3,3],[-2,1],[-2,3],[-3,1],[-2,1],[-1,3],[-6,3],[-1,4],[-2,7],[5,12],[2,2],[4,2],[2,3],[0,5],[-3,14],[-2,2],[-6,0],[-3,-1],[-2,-2],[-1,-3],[-2,1],[-3,0],[0,1],[-2,2],[-3,15],[-2,10],[-1,14],[0,3],[5,15],[-2,9],[-1,2],[-1,1],[-5,0],[-4,2],[-1,2],[-2,2],[-5,15],[2,11],[0,2],[1,4],[7,-1],[5,-1],[1,1],[3,5],[2,29],[0,2],[1,4],[2,1],[2,0],[1,-1],[5,0],[5,2],[3,9],[1,3],[3,7],[1,2],[0,1],[5,4],[6,2],[0,1],[6,1],[10,14],[2,7],[-3,10],[-4,1],[-1,0],[-3,4],[-6,11],[0,1],[-3,2],[-12,1],[-3,2],[-1,3],[-1,1],[-1,1],[-1,0],[-7,24],[-8,29],[1,7],[3,7],[3,13],[0,4],[4,10],[0,2],[-1,7],[0,2],[0,2],[1,6],[1,2],[5,20],[2,3],[0,4],[3,4],[4,7],[1,2],[3,29],[8,26],[3,17],[5,15],[5,15],[4,6],[3,4],[1,3],[5,17],[4,22],[0,16],[-1,8],[-1,5],[-16,-4],[-1,-1],[-2,-2],[-1,0],[-1,-1],[-7,-2],[-1,-1],[-3,-1],[-1,-2],[-2,-1],[-1,-1],[-3,-4],[-1,-1],[-2,-1],[-1,-1],[-5,-5],[-3,0],[-2,2],[-4,9],[-5,1],[-1,-1],[-1,-1],[-1,-1],[-1,-1],[-2,0],[-14,-24],[-1,0],[-1,-1],[-2,-3],[-2,-9],[-1,-13],[1,-3],[4,-9],[6,-9],[9,-5],[2,-3],[1,0],[4,-8],[1,-5],[-1,-4],[-1,-1],[-3,-4],[-6,0],[-5,2],[-7,0],[-3,-1],[-3,-7],[-2,-4],[-1,-13],[4,-16],[2,-5],[2,-11],[-2,-2],[-2,-3],[0,-2],[-2,-1],[-4,1],[-3,4],[-1,1],[-3,3],[-1,0],[-2,2],[-4,7],[-4,0],[-1,0],[0,-1],[-2,0],[-7,-8],[-4,1],[-3,0],[-3,1],[-1,1],[-3,0],[-1,-1],[-2,-4],[-5,-8],[-1,-1],[-8,2],[-3,-4],[-5,0],[-5,3],[-1,8],[0,4],[-2,5],[-1,0],[-1,2],[-6,3],[-8,1],[-2,-1],[-1,-2],[-7,-14],[-3,-4],[-3,-8],[-4,0],[-1,0],[-4,2],[-3,0],[0,-1],[-2,-1],[-1,0],[-2,-3],[-2,-3],[-3,0],[-11,6],[-5,0],[-1,0],[-1,-2],[0,-1],[-5,-7],[-2,11],[2,9],[-1,6],[-8,17],[-1,1],[0,1],[-6,4],[-3,0],[-10,-1],[-4,1],[-12,18],[-2,3],[-3,1],[-7,0],[-2,0],[-3,1],[-2,5],[-1,3],[1,5],[-1,2],[-1,5],[-1,2],[-3,1],[-4,-1]],[[2643,1500],[27,-23],[21,-27],[23,-17],[29,-14],[30,29],[13,36],[15,39],[20,36],[28,18],[39,-3],[34,-41],[21,-42],[18,-24],[9,-35],[-16,-33],[-17,-32],[-10,-28],[6,-46],[23,-35],[26,-6],[39,-13],[23,-3],[26,4],[13,7],[16,5]],[[6037,1289],[-3,1],[-18,19],[-20,8],[-9,11],[-10,33],[-9,-6],[-4,-7],[-3,-8],[-1,-10],[-4,-6],[-14,1],[5,13],[-2,12],[-2,18],[2,7],[0,7],[-4,3],[1,29],[-13,3],[-1,6],[0,8],[-2,10],[2,10],[1,13],[-11,7],[-10,-2],[-10,3],[-12,6],[-7,-20],[-17,-8],[-12,-1],[-4,6],[-7,20],[-10,1],[-8,10],[-22,18],[-13,-5],[-6,-11],[-11,3],[-17,-8],[-6,6],[-3,1],[-6,7],[-7,11],[-19,12],[-3,6],[-2,8],[-7,6],[-11,4],[-20,21],[-11,1],[-9,10],[-3,10],[-2,12],[-4,12],[-13,29],[-4,14],[0,8],[-1,2],[-7,11],[0,8],[6,14],[-1,8],[-12,5],[-10,20],[0,15],[-11,12],[-11,-8],[-10,-10],[-10,2],[-7,6],[-6,11],[4,12],[-12,11],[1,13],[-8,7],[-7,2],[-3,8],[-7,5],[-8,15],[-2,13],[1,9],[-4,7],[-1,8],[3,9],[6,10],[2,5],[-4,16],[-1,3],[20,24],[-2,14],[-8,7],[3,15],[6,18],[7,13],[7,10],[0,3],[0,5],[-9,4],[-6,1],[-4,-2],[-6,-7],[-4,-17],[-4,1],[-8,10],[-14,26],[-10,4]],[[5470,2039],[-1,9],[-2,11],[-3,13],[0,3],[-5,22],[-15,46],[-29,35],[-26,8],[-20,10],[-39,18],[-16,21],[3,36],[5,42],[-10,56],[-8,0],[-2,32],[-34,36],[-29,35],[-23,28],[-13,39],[-8,42],[-18,25],[-34,35],[-28,36],[-44,49],[-18,50],[-32,45],[-26,39],[-36,39],[-39,11],[-31,-22],[-26,-31],[-13,-53],[-42,-29],[-39,0],[-15,46],[-6,42],[-15,92],[-3,99],[-11,92],[-26,70],[-37,53],[-39,60],[-26,42],[-26,60],[-11,63],[-31,67],[-19,21],[-34,11],[-18,-11],[-36,-7],[-40,-11],[-23,28],[-32,45],[-31,64],[-16,35],[-29,28],[-10,7],[-29,10],[-21,25],[-19,42],[-13,35],[-16,56],[-19,64],[-44,37]],[[4930,5325],[14,-18],[34,-50],[16,-49],[16,-28],[24,-64],[13,-60],[21,-46],[37,-21],[31,-25],[42,-35],[24,-35],[16,-39],[13,-57],[8,-102],[21,-110],[23,-109],[13,-95],[18,-117],[8,-74],[18,-50],[21,-38],[-21,-50],[-29,-70],[-18,-64],[-13,-56],[-19,-78],[-5,-74],[8,-78],[23,-63],[39,-71],[37,-71],[57,-63],[52,-50],[52,-29],[39,-21],[63,-43],[44,-53],[33,-46],[39,-18],[110,-18],[41,3],[37,3],[57,-18],[31,-14],[34,-36],[28,-32],[21,-57],[23,-67],[28,-53],[34,-8],[51,-15],[50,-11],[36,3],[36,-7],[37,-25],[15,-36],[-3,-60],[-3,-56],[-34,-78],[-45,-80],[-32,-42],[-31,-32],[-31,-27],[-34,-39],[-24,-42],[-5,-35],[-6,-50],[-3,-74],[13,-60],[0,-60],[-11,-46],[-21,-38],[-31,-49],[-37,-77],[-5,-85],[-1,-71],[13,-63],[-6,-71],[-5,-81],[-6,-49],[-7,-17],[-1,-1],[-12,-31],[-6,-14]],[[3426,279],[11,11],[15,37],[2,32],[18,45],[13,46],[0,30],[0,30],[-3,25],[1,17],[44,8],[38,36],[33,43],[15,32],[30,39],[3,29],[-2,0]],[[3644,739],[4,3],[31,50],[28,25],[43,8],[21,35],[7,57],[15,50],[36,7],[36,-3],[59,-6],[36,14],[46,18],[21,32],[15,54],[20,32],[36,25],[36,18],[33,21],[22,6],[7,2],[6,3],[2,1],[20,13]],[[4225,1204],[0,-1],[10,-12],[6,-9],[9,-5],[12,-8],[23,-22],[24,-26],[7,-18],[8,-20],[18,-54],[16,-26],[2,-32],[-5,-44],[-7,-24],[-7,-19],[-3,-19],[1,-12],[2,-10],[8,-17],[12,-13],[12,-17],[2,-8],[-3,-22],[-20,-51],[-4,-8],[-24,-49],[-17,-32],[-1,-2],[-20,-35],[-24,-44],[-9,-27],[-2,-9],[-5,-23],[-2,-3],[-10,-18],[-15,-25],[-18,-17],[-15,-8],[-8,0],[-25,1],[-9,2],[-1,-4],[-2,-11],[-11,-30],[-7,-20],[-6,-14],[-7,-17],[-5,-13],[-5,-12],[-17,-18],[-17,-19],[-29,-14],[-19,-10],[-14,-3],[-57,-12],[-33,-20],[-12,-10],[-16,-13],[-20,-25],[-7,-18],[-11,-88],[-13,-34],[-1,-4],[-4,-8],[-3,-1],[-6,3],[-6,23],[3,31],[-1,8],[-1,5],[-1,3],[-7,0],[-6,0],[-11,9],[-4,6],[7,45],[-2,2],[-7,-2],[-13,-11],[-6,-4],[-4,-1],[-20,-10],[-2,0],[-21,-5],[-23,5],[-14,3],[-10,2],[-6,4],[-19,9],[-17,9],[-2,2],[-16,9],[-8,-3],[-1,-3],[-19,-2],[-9,-14],[-3,0],[-4,2],[-1,1],[-3,4],[-1,-1],[-4,1],[-1,0],[-1,2],[-1,10],[-3,5],[-3,2],[-2,1],[-6,3],[-3,4],[-1,2],[1,5],[2,10],[-1,9],[-5,6],[-2,1],[-10,0],[-1,-1],[-2,2],[-3,0],[-10,-7],[-6,0],[-2,2],[-1,3],[-2,10],[1,3],[1,1],[-1,7],[0,3],[0,8],[-1,3],[-2,4],[-2,1],[-5,-2],[-1,-1],[-1,-1],[-5,-6],[-1,-1],[-4,-1],[-1,1],[0,1],[-2,1],[-3,4],[-1,1],[-3,6],[-2,1],[-5,0],[-1,-1],[-3,1],[-1,2],[-3,10],[-3,3],[-2,2],[-4,1],[-2,-3],[-2,-2],[-4,-1],[-1,-3],[0,-1],[-1,0],[-7,1],[-1,0],[0,1],[-1,0],[-2,3],[-1,-1],[-5,9],[-1,3],[2,9],[1,3],[2,0],[0,1],[5,2],[3,5],[0,3]],[[5470,2039],[-18,-3],[-5,-3],[-4,-5],[-2,-2],[0,-4],[3,-9],[6,-8],[-3,-31],[-5,-10],[-7,-20],[-7,-12],[-4,-14],[-10,-9],[-5,-17],[-1,-12],[-20,-4],[-7,8],[-15,0],[-4,-8],[-11,-7],[-20,-1],[-13,-5],[-11,2],[-13,-15],[-18,-5],[-18,7],[-17,17],[-1,5],[0,16],[-2,8],[-6,6],[-6,-1],[-5,6],[1,14],[2,9],[-6,6],[-6,-2],[-12,2],[-6,-2],[-9,2],[-11,5],[-7,-5],[-10,-16],[-18,3],[-18,-10],[-9,2],[-4,-1],[-9,-13],[-25,-21],[-4,0],[-14,7],[-7,-1],[-10,-5],[-16,5],[-10,-2],[-18,14],[-9,-4],[-12,0],[-9,-7],[-6,-14],[-8,-6],[-10,-11],[-6,-11],[-3,-11],[-4,-6],[-5,0],[-21,-18],[-26,-33],[-11,-6],[-19,-15],[-5,-14],[-17,-20],[3,-7],[-2,-5],[-5,-3],[-5,-22],[-16,-70],[-23,-41],[-10,-4],[0,-1],[-17,-4],[-36,-2],[-46,-9],[-11,-13],[-20,-14],[-10,1],[-6,-4],[-11,-1],[-18,-7],[1,-3]],[[3363,2713],[-9,4],[-16,-3],[-12,-36],[-5,-39],[8,-49],[9,-49],[-13,-54],[-28,-25],[-36,-11],[-42,10],[-29,13],[-10,-6]],[[3180,2468],[-16,13],[-33,-5],[-34,0],[-31,3],[-23,-4],[-24,-4],[-36,-8],[-21,-1],[-21,10],[-28,17],[-11,28],[-24,56],[-26,28],[-29,3],[-31,-12],[-7,-42],[-15,-29],[-44,-18],[-47,-16],[-18,-28],[-5,-9]],[[2656,2450],[-5,19],[-26,17],[-26,13],[-3,2]],[[2596,2501],[5,16],[-24,59],[-11,57],[-9,56],[-1,32],[5,56],[-3,32],[-6,39],[-3,35],[-4,5]],[[2597,2949],[29,-18],[34,-21],[34,-9],[21,-3],[29,-3],[39,1],[26,7],[23,8],[13,3],[11,-10],[13,-60],[15,-34],[94,-3],[14,39],[12,33],[12,31],[63,43],[56,31],[25,7],[41,101],[-12,56],[6,11]],[[3195,3159],[42,71],[1,0]],[[6348,6667],[8,6],[1,0],[1,0],[5,4],[8,3],[2,2],[2,0],[1,0],[1,1],[6,3],[1,0],[3,2],[1,1],[6,0],[5,-2],[6,-3],[0,-1],[1,-2],[4,-1],[0,-1],[1,-1],[6,-2],[7,-2],[13,2],[5,2],[2,1],[-1,2],[1,1],[1,-1],[5,4],[11,-3],[4,-3],[1,0],[0,-2],[2,-3],[1,-1],[2,-3],[1,-1],[6,-8],[3,0],[2,2],[7,1],[3,0],[2,-1],[3,-2],[7,-1],[0,-1],[2,-2],[1,0],[11,-7],[4,0],[6,4],[3,1],[1,3],[2,1],[1,1],[5,6],[3,2],[1,0],[1,3],[4,3],[1,2],[5,13],[2,1],[2,0],[1,-1],[3,-1],[2,-1],[4,-9],[5,-9],[1,0],[8,-11],[1,-2],[6,-3],[2,-1],[9,0],[1,1],[5,12],[3,1],[1,1],[11,0],[1,-1],[1,0],[6,-1],[3,0],[6,-1],[8,-2],[10,0],[4,3],[1,17],[-1,7],[-1,6],[-3,16],[0,5],[2,20],[0,9],[4,13],[0,1],[2,4],[6,1],[5,-3],[4,-9],[5,-6],[1,0],[0,-1],[4,-9],[13,-18],[1,-1],[2,-3],[1,-1],[5,-5],[1,0],[8,-5],[7,-1],[7,0],[3,0],[2,1],[0,1],[1,0],[5,4],[2,1],[2,3],[3,4],[6,9],[1,0],[7,11],[5,3],[0,1],[5,1],[0,-1],[3,0],[1,0],[0,-2],[1,-2],[5,-1],[2,0],[2,-2],[1,-1],[4,-5],[3,-2],[7,-10],[1,-2],[4,-2],[6,-7],[3,-2],[6,-4],[2,-4],[7,-14],[1,-2],[1,0],[0,-2],[2,-2],[3,-1],[1,-1],[1,0],[1,1],[1,1],[3,2],[1,0],[3,5],[6,3],[2,0],[5,-1],[2,-1],[2,-4],[0,-2],[1,-9],[2,-4],[4,-6],[2,0],[1,-2],[2,-1],[0,-3],[0,-1],[4,-3],[4,0],[2,2],[7,19],[2,7],[1,1],[0,2],[2,3],[5,11],[0,5],[2,4],[2,1],[0,-1],[4,-1],[0,-1],[1,-1],[5,-3],[0,-1],[3,-3],[6,-10],[3,-4],[1,-2],[1,0],[2,-4],[4,-2],[2,-1],[7,-11],[2,-4],[2,-3],[8,-6],[2,-3],[1,0],[6,-9],[2,-4],[1,-2],[5,-2],[1,0],[1,-1],[3,-2],[4,0],[5,8],[-1,4],[-2,7],[-4,7],[-1,1],[-4,3],[-2,1],[-4,5],[-3,2],[-1,0],[-1,1],[1,1],[-2,4],[0,2],[-2,1],[-1,2],[-2,11],[0,7],[1,7],[1,4],[0,6],[-2,2],[-2,1],[-3,6],[-3,2],[0,1],[-5,2],[-3,3],[0,1],[-2,2],[-6,1],[-2,1],[-3,5],[-3,2],[-2,1],[0,2],[-2,1],[-2,1],[-4,7],[0,3],[2,9],[7,22],[4,10],[1,1],[1,0],[9,16],[11,22],[4,8],[1,5],[2,9],[3,8],[1,2],[0,1],[1,7],[-2,26],[-1,4],[-5,11],[-3,8],[-2,0],[-2,5],[-2,1],[-2,12],[4,-1],[12,-6],[5,-7],[2,0],[8,-13],[2,-1],[1,-2],[2,-8],[2,-4],[2,-1],[2,-4],[1,-1],[1,0],[2,-3],[3,-1],[5,0],[3,1],[8,1],[7,3],[20,7],[22,-1],[3,-3],[2,-1],[1,0],[3,-6],[1,-1],[6,-10],[14,-24],[2,-4],[2,-2],[6,-15],[6,-14],[5,0],[1,1],[2,3],[6,10],[1,1],[5,0],[6,-4],[2,-4],[2,-2],[9,2],[4,-1],[1,-1],[2,-2],[2,-1],[4,-5],[7,-9],[2,-3],[6,-5],[1,0],[2,-1],[7,0],[1,2],[1,1],[5,2],[1,2],[4,15],[2,2],[7,1],[1,-1],[2,3],[0,3],[-1,13],[-2,11],[-3,13],[0,15],[5,19],[5,13],[9,41],[-1,13],[-1,1],[0,2],[-4,11],[0,7],[2,2],[1,1],[1,0],[1,-1],[3,-1],[4,-6],[2,-2],[1,0],[3,-5],[1,-1],[3,-2],[5,0],[3,2],[1,1],[6,27],[9,20],[1,4],[2,11],[-1,8],[-2,18],[0,2],[3,4],[1,0],[3,0],[5,-4],[3,-7],[2,-1],[4,-6],[5,-3],[1,-2],[3,-2],[2,-2],[3,-3],[5,-2],[1,-2],[1,-2],[1,0],[1,0],[0,-1],[5,-3],[1,-1],[5,-3],[2,0],[9,-3],[1,-1],[2,-2],[5,1],[1,7],[0,5],[1,7],[3,8],[1,1],[2,1],[2,4],[6,4],[1,1],[3,3],[1,8],[-3,15],[-1,4],[3,21],[-1,10],[-2,9],[3,12],[-1,5],[-2,5],[-2,6],[3,14],[5,9],[1,1],[3,2],[6,3],[3,1],[8,1],[4,-2],[1,-2],[1,0],[2,-2],[9,-3],[19,0],[1,-1],[1,-1],[25,0],[3,5],[2,0],[3,0],[1,2],[6,1],[9,6],[3,1],[1,0],[1,1],[7,2],[2,2],[1,1],[2,2],[1,0],[9,2],[0,1],[3,3],[5,2],[2,0],[0,2],[2,1],[3,3],[3,9],[4,5],[2,3],[3,21],[6,10],[2,0],[1,1],[8,9],[4,28],[2,5],[2,1],[2,0],[0,1],[0,1],[3,4],[2,0],[3,-1],[11,-1],[3,-2],[6,-2],[1,-2],[0,-1],[2,-1],[1,0],[3,-1],[0,-1],[6,-2],[4,-3],[1,-1],[0,-1],[2,0],[0,-1],[2,0],[5,-2],[1,-1],[10,-1],[7,0],[5,-1],[9,0],[23,-2],[3,1],[5,-4],[1,0],[5,-10],[5,-5],[4,6],[14,19],[10,7],[0,2],[1,1],[9,6],[2,2],[2,4],[1,1],[2,4],[3,4],[2,3],[0,1],[2,1],[6,-4],[4,-5],[5,1],[2,1],[3,7],[0,2],[1,4],[0,2],[0,12],[1,6],[0,1],[2,5],[10,5],[2,1],[21,4],[1,1],[1,0],[4,1],[11,6],[1,3],[5,6],[2,1],[3,5],[3,1],[5,7],[1,2],[8,18],[1,0],[3,6],[4,4],[13,24],[1,0],[2,3],[6,4],[7,1],[1,1],[3,1],[0,1],[10,0],[6,-5],[7,-1],[1,1],[9,3],[5,3],[1,1],[4,2],[1,2],[3,3],[1,0],[1,2],[2,1],[1,1],[1,1],[1,0],[1,1],[3,4],[5,1],[1,-1],[9,1],[1,-1],[13,-1],[3,1],[6,-3],[4,0],[3,2],[4,2],[4,0],[8,1],[3,1],[8,-3],[0,-2],[2,0],[0,-2],[4,-3],[1,-1],[2,-1],[2,-4],[1,-1],[3,-2],[5,-3],[2,0],[3,-1],[7,-2],[0,-1],[3,-1],[2,-1],[1,0],[0,-1],[8,-1],[17,1],[5,3],[7,0],[10,4],[12,1],[11,5],[5,0],[10,7],[4,2],[8,1],[2,1],[3,2],[9,1],[4,4],[2,0],[2,0],[1,1],[1,0],[19,9],[6,0],[0,1],[4,2],[9,1],[3,0],[1,1],[11,3],[2,4],[3,0],[1,1],[1,1],[1,2],[1,0],[2,1],[5,8],[2,1],[3,4],[2,4],[3,1],[4,0],[2,-1],[1,-1],[2,-3],[2,0],[2,-2],[4,-10],[0,-2],[2,-7],[3,-3],[1,0],[0,-2],[2,-1],[1,0],[6,-8],[1,0],[5,-9],[0,-3],[1,-1],[1,-1],[2,-3],[2,-2],[2,-4],[1,0],[1,0],[7,-10],[1,-1],[1,0],[5,-6],[2,-1],[1,-1],[1,-1],[5,-2],[2,-2],[5,-4],[7,-2],[1,-1],[17,0],[17,-2],[12,0],[13,-3],[9,-2],[1,1],[5,-2],[8,-5],[10,-1],[5,-2],[1,0],[1,-1],[0,-1],[14,-2],[2,-2],[17,-1],[3,0],[8,5],[5,4],[3,3],[6,9],[1,0],[1,2],[1,0],[2,3],[2,3],[2,0],[16,24],[1,0],[2,3],[2,3],[1,1],[1,2],[5,7],[1,2],[1,0],[4,12],[3,2],[9,18],[1,3],[5,24],[-1,8],[-3,14],[-2,3],[-6,33],[0,2],[-1,7],[2,25],[1,5],[0,4],[6,17],[5,12],[0,1],[5,10],[8,12],[5,9],[1,1],[2,2],[1,2],[1,0],[3,3],[2,3],[2,1],[1,0],[2,0],[1,1],[1,0],[6,4],[3,1],[1,1],[5,1],[1,-1],[5,3],[62,6],[12,-1],[58,-2],[12,3],[10,1],[1,1],[4,3],[2,1],[1,1],[7,2],[2,0],[3,2],[3,0],[6,-2],[3,-8],[2,-26],[4,-14],[0,-1],[0,-2],[0,-7],[1,-24],[5,-25],[4,-18],[4,-32],[4,-11],[4,-7],[5,-11],[5,-9],[1,-2],[2,0],[4,-6],[4,-3],[2,0],[4,-1],[8,-1],[1,-1],[5,0],[1,-1],[4,-1],[6,-3],[5,0],[4,-2],[17,-1],[4,0],[2,-1],[11,-2],[4,-2],[12,0],[1,-1],[2,-1],[7,0],[1,-1],[1,-1],[4,0],[1,-1],[5,-1],[5,-1],[1,-1],[1,0],[4,-5],[5,-3],[4,-6],[1,0],[2,-1],[0,-1],[5,-3],[1,-2],[1,-1],[6,-4],[1,-3],[5,-3],[2,-3],[8,-5],[2,-1],[1,-1],[2,0],[0,-1],[3,-3],[1,0],[2,-1],[3,-1],[8,-3],[1,-1],[2,0],[4,-3],[11,-1],[3,-1],[4,-2],[9,-6],[10,-3],[1,-1],[3,-1],[9,-4],[6,-1],[5,-4],[7,-3],[4,-1],[3,-2],[1,-1],[5,-2],[2,0],[3,-3],[2,-1],[8,-1],[6,-5],[2,0],[1,-1],[10,-2],[5,-4],[9,-3],[1,-2],[2,-2],[6,-3],[4,-3],[12,-4],[9,-8],[11,-4],[5,-4],[1,-1],[3,-12],[1,-1],[3,0],[1,-6],[3,-4],[3,-1],[10,-4],[3,-3],[10,-3],[1,-1],[10,0],[6,-2],[4,1],[2,0],[2,-1],[15,-2],[12,0],[3,-1],[8,-1],[3,0],[8,-4],[16,-3],[14,-7],[7,-1],[7,-1],[5,-3],[8,-1],[11,-5],[10,-1],[7,-4],[2,0],[6,4],[1,1],[1,0],[7,11],[8,13],[2,2],[12,19],[7,13],[1,0],[6,9],[1,0],[3,4],[2,1],[4,5],[7,4],[1,2],[2,0],[5,4],[0,1],[7,3],[1,2],[0,1],[4,1],[2,1],[2,2],[5,3],[3,1],[1,1],[1,1],[4,2],[0,1],[1,1],[1,0],[1,1],[6,3],[15,3],[18,-1],[1,1],[2,0],[14,-6],[4,-7],[1,0],[7,-6],[2,0],[4,-9],[1,0],[4,-6],[13,-24],[6,-13],[0,-1],[2,-2],[6,-11],[1,-7],[6,-20],[1,-3],[4,-15],[1,-6],[1,-5],[2,-9],[2,-6],[6,-26],[1,-7],[6,-9],[3,-2],[1,-2],[1,-1],[3,-4],[2,-1],[4,-7],[1,-1],[1,-2],[1,0],[0,-1],[3,-3],[2,-1],[2,-6],[1,0],[2,-3],[1,-1],[1,-1],[1,-1],[3,-5],[0,-1],[2,-5],[3,-21],[5,-20],[5,-10],[3,-14],[1,-8],[3,-9],[1,0],[2,-4],[4,-2],[1,-2],[1,-1],[1,-1],[2,-1],[1,-1],[5,-2],[1,0],[5,-4],[11,-3],[0,-1],[9,-4],[1,-1],[2,-2],[5,-1],[2,-2],[6,-1],[0,-1],[4,-2],[5,-1],[1,-1],[10,-4],[2,-1],[6,-4],[12,-3],[3,-3],[3,-1],[2,0],[2,-1],[2,-1],[1,-2],[4,-1],[1,0],[1,-1],[5,-2],[8,-7],[9,-2],[1,-1],[2,-2],[8,-2],[2,-1],[1,-2],[6,-1],[4,-5],[4,0],[5,-4],[0,-1],[2,0],[1,-2],[4,-5],[1,-1],[4,-3],[2,-3],[1,-1],[8,-5],[2,-2],[2,-1],[2,-1],[4,-2],[5,-6],[1,-2],[3,-1],[2,-3],[8,-14],[1,0],[4,-7],[1,-2],[4,-4],[2,-2],[4,-11],[1,-4],[3,-13],[1,-3],[3,-9],[2,-15],[5,-17],[0,-4],[1,-18],[6,-17],[1,-10],[0,-1],[5,-40],[1,-7],[1,-7],[3,-38],[2,-13],[7,-45],[1,-4],[1,-5],[-1,-6],[-2,-6],[-4,-3],[-2,-1],[-2,-1],[-1,0],[-2,-2],[-10,0],[-1,-1],[-4,-2],[-1,0],[-1,-1],[-1,1],[-3,1],[-1,-2],[-1,-1],[-3,0],[-2,-4],[-6,-10],[-2,-3],[-11,-25],[0,-3],[0,-24],[2,-21],[1,-7],[1,-10],[0,-28],[-1,-17],[-2,-13],[-9,-39],[-5,-39],[-6,-21],[-13,-34],[-2,-7],[-2,-8],[-6,-20],[-9,-22],[-2,-6],[-5,-23],[-5,-34],[-3,-18],[1,-4],[-2,-26],[0,-19],[-4,-14],[0,-3],[-4,-12],[-2,-5],[-8,-17],[-26,-44],[-5,-11],[-9,-22],[-7,-39],[1,-4],[-1,-14],[0,-5],[2,-26],[0,-1],[1,-13],[4,-55],[3,-58],[-1,-12],[-2,-35],[-3,-23],[-5,-23],[-1,-16],[0,-5],[-2,-13],[-5,-28],[-1,-3],[-4,-10],[-9,-24],[-12,-49],[-1,-4],[-3,-7],[-8,-25],[-6,-23],[-9,-22],[-8,-32],[-1,-2],[-3,-7],[-1,1],[-12,-34],[-4,-11],[-1,-1],[-1,-1],[-15,-21],[-1,0],[-4,-6],[-2,0],[-6,-11],[-13,-41],[-1,-1],[-1,-15],[-3,-25],[-1,-9],[-1,-18],[-1,-12],[0,-12],[1,-13],[1,-5],[2,-33],[0,-2],[0,-2],[1,-8],[2,-17],[0,-19],[-1,-3],[1,-6],[-2,-20],[-1,-5],[1,-2],[-1,-4],[-2,-7],[-4,-5],[-3,-1],[-1,-1],[-1,0],[-3,-2],[-1,-1],[-1,-1],[-8,-6],[-2,0],[-3,-2],[-2,0],[-2,-2],[-7,-1],[-2,-1],[-1,-2],[-6,-1],[-1,-1],[-6,-2],[-3,-2],[-2,-1],[-4,-1],[-2,0],[-3,-1],[-3,-1],[-2,-1],[-8,-3],[-10,-3],[-2,-1],[-2,-2],[-4,0],[-1,-1],[-5,-1],[-2,-1],[-7,-2],[-2,0],[-5,-4],[-12,-3],[-6,-4],[-9,-3],[-4,-4],[-5,0],[-1,-1],[-1,-1],[-11,1],[-2,2],[-2,0],[-1,1],[0,1],[-2,4],[0,1],[-4,3],[-13,3],[-3,2],[-15,1],[-4,2],[-29,1],[-22,-6],[0,-1],[-4,-1],[-2,-2],[-5,-7],[-1,-1],[-2,-1],[-8,-13],[-1,-2],[-3,-4],[-2,-3],[-6,-4],[-1,-2],[-2,-2],[0,-1],[-9,-13],[-3,-10],[-1,-5],[-2,-15],[-5,-7],[-5,-2],[-10,1],[-2,-1],[-9,-10],[-2,0],[-8,-7],[-1,-1],[-2,-2],[-2,-1],[-5,-4],[-3,-4],[-3,-2],[-2,-4],[-3,-7],[1,-4],[3,-5],[3,-2],[2,-4],[1,-5],[1,-4],[1,-1],[2,-6],[2,-3],[4,-11],[7,-17],[0,-6],[0,-2],[-6,-3],[-8,-3],[0,-1],[-5,-1],[-1,0],[-2,-2],[-6,-4],[-9,-17],[-6,-16],[-2,-12],[1,-12],[1,-3],[3,-3],[7,0],[3,2],[7,-2],[2,-2],[1,-2],[7,-11],[1,-1],[2,-1],[1,-1],[2,-2],[1,0],[3,-1],[3,-6],[1,-1],[7,-2],[5,-3],[1,0],[0,-1],[3,-2],[4,-5],[1,-2],[6,-19],[1,-4],[0,-8],[-1,-16],[-2,-10],[2,-8],[-3,-6],[-8,-1],[-2,-1],[-1,-3],[-1,-1],[-3,-7],[-2,-5],[-2,-4],[-2,0],[-1,0],[-1,-2],[0,-1],[-3,-2],[-2,0],[-1,-1],[-1,0],[-8,-3],[-2,-1],[-2,0],[-14,-2],[-1,-1],[-11,0],[-5,2],[-15,0],[-6,0],[-7,-5],[0,-1],[-11,1],[-2,0],[-8,0],[-13,2],[-11,-3],[-2,0],[-1,-1],[-3,1],[-1,1],[-11,0],[-3,2],[-2,2],[-3,2],[-7,4],[-5,0],[0,-1],[-3,-1],[-1,-2],[-1,0],[-2,-4],[-2,0],[-1,1],[-1,2],[-1,1],[-6,7],[-3,7],[-1,1],[-5,0],[-5,3],[-19,-1],[-6,2],[-4,0],[-16,3],[-2,1],[-5,3],[-8,13],[-1,1],[-4,0],[-3,-2],[-2,-4],[-2,-1],[-1,-1],[-2,-5],[-2,-3],[-1,0],[0,-1],[-4,-6],[-6,-2],[-2,-2],[-1,-1],[-1,0],[-1,-1],[-5,-2],[-2,-1],[-1,-1],[-2,-1],[-1,-1],[-1,0],[-7,-3],[-3,-1],[-2,-1],[-9,-4],[-3,-2],[-7,-1],[-5,-1],[-7,-3],[-15,-1],[-5,-2],[-5,-1],[-2,-5],[3,-9],[14,-25],[6,-14],[3,-7],[1,-18],[0,-18],[-2,-14],[0,-3],[2,-5],[3,-4],[1,0],[1,-1],[3,-2],[5,-6],[1,-1],[3,-2],[2,-1],[10,1],[11,2],[2,-2],[1,-10],[-2,-12],[-7,-16],[-1,-8],[8,-35],[2,-14],[0,-2],[1,-11],[-2,-32],[-2,-16],[0,-2],[0,-4],[4,-16],[10,-16],[7,-27],[18,-37],[1,0],[1,-7],[1,-2],[-2,-9],[-1,-9],[0,-1],[-3,-18],[-1,-13],[1,-3],[-2,-25],[-2,-13],[-7,-19],[-9,-13],[-1,0],[-3,-5],[-2,-1],[-3,-4],[-3,-1],[-1,0],[-2,-1],[-1,-2],[-10,-1],[-2,-1],[-2,-1],[-3,-12],[-2,-3],[-1,0],[-1,-1],[-4,-3],[-4,1],[-1,2],[-3,2],[-3,4],[-2,0],[-1,1],[0,1],[-1,1],[-3,1],[0,1],[-8,1],[-2,-1],[-5,-2],[-3,-1],[0,-1],[-1,0],[-5,-9],[-16,-54],[-4,-28],[0,-2],[-1,-8],[-2,-9],[1,-2],[-1,-11],[0,-5],[6,-16],[1,-11],[-2,-4],[-8,-16],[-12,-20],[-7,-11],[-5,-8],[-1,0],[-1,0],[-1,-3],[-6,-8],[-2,-1],[-4,-4],[-8,-6],[-5,-1],[-6,-4],[-10,-2],[-2,-2],[-3,-4],[0,-1],[-1,0],[-6,-16],[-5,-9],[-1,-4],[-5,-18],[-2,-9],[0,-16],[0,-1],[1,-3],[3,-3],[3,-9],[2,0],[1,-1],[3,-4],[7,-4],[3,-8],[3,-6],[2,-5],[2,-12],[0,-2],[-5,-10],[-9,-10],[0,-1],[-1,-1],[-7,-5],[-1,-1],[-7,1],[-3,2],[-7,9],[-1,5],[0,2],[-2,1],[-1,1],[-4,3],[-1,2],[-1,1],[-8,2],[-1,2],[-12,4],[-2,2],[-7,3],[-4,0],[-7,3],[-2,0],[-12,3],[-1,1],[-3,0],[-10,2],[-4,1],[-12,3],[-10,1],[-1,0],[-4,2],[-19,4],[-12,0],[-3,-1],[-13,-6],[-13,-1],[-2,2],[-5,6],[0,2],[-5,4],[-1,1],[0,1],[-1,0],[-1,1],[-3,2],[-2,1],[-6,2],[-1,1],[-3,0],[-4,2],[-12,0],[-2,1],[-7,2],[-15,0],[-7,-1],[-4,-2],[-1,-1],[-4,-1],[-8,1],[-2,1],[-1,0],[-6,7],[-6,15],[-1,0],[-7,9],[-4,8],[-1,4],[-2,1],[-8,1],[-4,-2],[-1,-8],[-3,-3],[-5,0],[-10,3],[-2,0],[-3,-6],[0,-4],[-3,-36],[0,-1],[-1,-5],[-3,-16],[-6,-11],[-4,-6],[-1,-1],[-1,0],[-3,-4],[-1,0],[0,-1],[-11,-3],[-1,-1],[-2,-2],[-5,0],[-5,-4],[-13,0],[-3,1],[-6,1],[-8,3],[-7,0],[-1,1],[-1,1],[-5,3],[-2,0],[-7,2],[-7,6],[-5,1],[-3,3],[-3,2],[-1,0],[0,1],[-2,0],[-1,1],[0,1],[-3,3],[-6,2],[-3,2],[-3,5],[-2,1],[-1,0],[-3,5],[-2,1],[-2,1],[-1,4],[-3,1],[-2,1],[-2,7],[-3,1],[-1,0],[-2,2],[-2,2],[-9,-1],[-9,-6],[-4,-1],[-2,-2],[-5,-3],[-1,0],[-1,-1],[-2,-1],[-4,-3],[-2,0],[-6,-3],[0,-1],[-1,1],[-1,-1],[-6,-5],[-2,-2],[-1,-2],[-5,-1],[-2,0],[-4,-2],[-2,-2],[-1,0],[-3,-1],[-1,0],[-2,-1],[-1,-1],[-4,-3],[0,-1],[-2,0],[-4,-1],[-2,-2],[-1,0],[-4,-4],[-7,-4],[-1,0],[-1,-1],[-2,-1],[-3,-7],[-7,-18],[-7,-27],[-5,-11],[-4,-9],[-11,-17],[-1,-1],[-2,-1],[-1,0],[-3,-5],[0,-3],[-1,-9],[2,-6],[2,-4],[4,-6],[1,-2],[2,-2],[1,-2],[4,-3],[1,-1],[1,-1],[1,0],[2,-4],[2,-7],[14,-42],[4,-13],[4,-6],[7,-1],[3,-7],[2,-8],[-1,-2],[-1,-1],[-1,-1],[-4,-13],[7,-11],[4,-2],[2,-7],[1,-11],[-2,-9],[11,-38],[7,-24],[7,-16],[1,-1],[2,-3],[5,-16],[1,-4],[19,-54],[8,-23],[4,-10],[3,-2],[2,0],[0,1],[10,1],[2,1],[2,-1],[1,-4],[0,-1],[-9,-17],[0,-2],[1,-8],[4,-10],[5,-6],[1,-1],[4,0],[5,4],[3,10],[2,4],[2,0],[1,-2],[2,0],[0,-2],[2,-11],[2,-6],[2,-6],[3,-7],[2,-2],[3,-1],[3,1],[2,2],[1,5],[1,11],[2,7],[2,3],[2,2],[2,1],[2,-2],[1,-4],[1,-4],[-1,-10],[0,-4],[1,-4],[4,-5],[3,-4],[2,-6],[0,-6],[-1,-3],[-2,-2],[-3,-2],[-3,0],[-1,-2],[-2,-2],[-4,0],[-5,-1],[-3,-1],[-3,-1],[-4,-1],[-2,-2],[-1,-3],[-1,-3],[0,-4],[1,-4],[1,-5],[0,-4],[-2,-4],[-3,-3],[-4,-4],[-3,-3],[-1,-1],[-9,-18],[-4,-14],[-3,-21],[5,-17],[6,-12],[11,-16],[5,-2],[1,-2],[2,-2],[1,0],[1,-1],[11,-6],[9,-1],[5,0],[9,3],[5,8],[6,3],[0,1],[1,1],[3,3],[0,1],[3,3],[4,-1],[1,0],[1,-2],[2,-16],[-1,-8],[-1,-36],[0,-3],[1,-9],[6,-31],[12,-32],[2,-11],[0,-1],[0,-4],[-1,-1],[-1,-1],[-8,0],[-1,1],[-7,5],[-1,0],[-1,1],[-5,1],[-5,4],[-12,4],[-3,4],[-3,1],[-3,4],[-3,2],[-6,1],[-16,1],[-4,0],[-2,-3],[-3,0],[-7,1],[-7,-1],[0,-1],[-3,-1],[-4,-2],[-1,-2],[-5,0],[-1,-1],[0,-1],[-6,-3],[-1,-1],[-4,-3],[-6,-4],[-8,-10],[-3,-2],[-9,0],[-7,2],[-1,1],[-1,0],[-4,2],[-2,2],[-2,0],[-6,3],[-1,1],[-14,3],[-9,5],[-5,1],[-1,1],[-3,3],[-1,0],[-5,3],[-7,7],[-5,2],[-6,6],[-5,1],[-2,3],[-4,0],[-3,-2],[-3,-10],[1,-3],[2,-8],[0,-13],[-1,-28],[1,-13],[1,-4],[0,-2],[1,-13],[-2,-14],[1,-2],[-1,0],[-2,-8],[0,-3],[1,-4],[2,-2],[4,-3],[1,-3],[4,-7],[3,-9],[0,-1],[0,-1],[1,0],[1,-6],[4,-16],[11,-47],[2,-11],[1,-25],[-1,-19],[0,-2],[-3,-11],[0,-1],[-2,-5],[-1,-1],[-1,-4],[-5,-22],[-1,-9],[-1,-18],[2,-35],[1,-9],[-1,-9],[1,-15],[5,-24],[4,-17],[0,-1],[3,-4],[1,-1],[9,-4],[1,-9],[1,-27],[2,-20],[2,-2],[1,-1],[4,-3],[1,-2],[8,-2],[4,-2],[1,-3],[3,-11],[0,-8],[0,-1],[0,-3],[0,-5],[2,-3],[1,0],[7,-7],[4,-20],[4,-13],[4,-13],[1,-2],[3,-2],[1,-2],[4,-1],[1,1],[4,2],[1,0],[8,1],[7,5],[1,0],[3,0],[1,2],[1,0],[5,-6],[1,-1],[2,-1],[3,-5],[6,-4],[2,-2],[4,-5],[2,0],[1,0],[5,-7],[2,0],[0,-2],[2,-1],[2,0],[0,-1],[2,0],[8,-6],[10,-13],[7,-4],[3,-2],[2,-1],[2,0],[1,-1],[1,-1],[3,-2],[1,-1],[1,0],[0,-1],[1,-1],[10,-6],[3,-5],[3,-1],[6,-4],[1,-1],[7,-1],[11,-5],[2,0],[8,0],[6,-2],[2,-2],[2,0],[10,0],[7,4],[6,2],[5,-1],[2,0],[11,-1],[7,-4],[3,0],[1,1],[2,1],[2,0],[8,7],[12,-1],[5,-3],[6,0],[12,0],[6,0],[6,2],[4,1],[8,2],[11,3],[4,3],[5,-1],[3,1],[13,-4],[6,-5],[1,-1],[7,-3],[4,-4],[3,-1],[11,-8],[3,-2],[2,-1],[22,-6],[13,-8],[4,-5],[4,0],[2,-2],[1,-1],[16,-1],[2,2],[5,0],[6,3],[1,0],[2,0],[1,2],[4,2],[7,3],[3,1],[7,5],[1,1],[3,0],[7,2],[5,0],[7,-2],[5,-4],[3,-1],[1,0],[8,-4],[1,-1],[2,0],[8,-4],[12,-5],[6,-1],[3,-1],[5,-3],[7,-2],[4,-3],[5,0],[6,-3],[1,0],[15,-3],[3,-2],[5,-8],[1,-3],[1,0],[1,-7],[0,-10],[-3,-17],[0,-4],[-1,-20],[-2,-12],[-1,-16],[-5,-24],[-9,-29],[-1,-4],[-5,-11],[-1,-3],[-4,-11],[0,-2],[-1,-1],[-1,0],[-2,-9],[-12,-26],[-9,-17],[-8,-16],[-7,-22],[-8,-19],[-6,-21],[-1,-6],[0,-1],[-8,-27],[-6,-27],[0,-5],[0,-1],[1,-6],[5,-9],[0,-1],[2,-7],[2,-3],[1,-1],[0,-1],[8,-23],[2,-7],[2,-17],[1,-4],[-1,-2],[-2,-14],[-4,-6],[-3,-3],[-6,-8],[-1,-1],[-3,0],[-7,-6],[-2,0],[-7,-3],[-3,-2],[-3,-1],[-11,-2],[-5,-2],[-5,0],[-1,-1],[-1,-2],[-5,0],[-1,-1],[-3,-2],[-3,-2],[-1,-2],[-3,-3],[-1,-4],[2,-3],[8,-6],[1,-2],[6,-2],[2,0],[1,-1],[4,0],[1,-1],[1,-2],[4,-2],[1,-3],[2,-1],[0,-2],[3,-7],[1,-2],[3,-4],[3,-1],[1,-2],[1,0],[1,-1],[1,-2],[5,-1],[1,-1],[6,-1],[2,0],[1,-1],[1,0],[1,0],[3,1],[2,-15],[0,-3],[-3,-17],[1,-6],[2,-3],[6,-2],[8,4],[7,2],[9,0],[6,-5],[2,0],[0,-1],[5,-9],[2,-1],[2,-2],[0,-1],[2,-4],[2,-4],[1,-3],[3,-3],[1,0],[5,-9],[1,-3],[5,-6],[2,-2],[7,-13],[18,-26],[5,-8],[2,-4],[7,-16],[2,-7],[13,-38],[3,-6],[2,-2],[4,-12],[5,-8],[5,-2],[2,-4],[4,-5],[1,0],[0,-2],[6,-8],[2,-5],[1,-3],[9,-16],[19,-42],[15,-28],[6,-19],[7,-18],[3,-3],[12,-19],[5,-15],[7,-9],[1,0],[4,1],[1,0],[4,-2],[1,-1],[3,-11],[2,-2],[0,-1],[1,0],[1,-1],[3,-1],[2,2],[1,2],[5,3],[1,0],[1,1],[5,0],[2,-1],[14,-25],[0,-1],[7,-23],[0,-2],[2,-4],[1,-7],[1,-3],[2,-2],[2,-4],[2,-7],[-1,-4],[-12,-28],[-5,-6],[-16,-28],[-5,-10],[-5,-10],[-11,-24],[-8,-17],[-1,-1],[-2,-3],[-2,-2],[-9,-5],[-1,-1],[-2,-5],[-8,-17],[-14,-29],[-11,-22],[-30,-62],[-17,-24],[-1,-1],[-2,-3],[-2,-1],[-1,0],[-5,-8],[-1,0],[-3,-3],[-1,-2],[-8,-4],[-1,-2],[-2,-1],[-10,-13],[-2,-2],[-1,-1],[-2,-1],[-3,-10],[-1,-4],[-1,-14],[-6,-20],[-7,-22],[-10,-21],[-2,-2],[-9,-4],[-13,-2],[-6,-2],[-1,-1],[-14,1],[-8,4],[-8,10],[-1,5],[-4,40],[1,13],[-3,17],[-1,4],[-7,3],[0,1],[-1,1],[-3,0],[-1,2],[-7,1],[-3,5],[-1,0],[-2,1],[-1,1],[-2,3],[-4,1],[-2,1],[-1,2],[-9,1],[-13,10],[-2,0],[-6,3],[0,1],[-1,0],[-2,1],[-1,2],[-1,1],[-7,0],[-1,1],[-4,2],[-9,0],[-3,-2],[-1,-1],[-3,-4],[-2,-8],[-7,-30],[-2,-6],[-2,0],[-4,-14],[-12,-25],[-14,-21],[-3,-4],[-1,0],[-5,-9],[-1,0],[-4,-3],[-7,-2],[-4,0],[-4,3],[-4,0],[-2,1],[-1,2],[-7,-1],[-6,-18],[-3,-18],[0,-1],[-1,-4],[-2,-9],[0,-1],[-5,-7],[-5,-4],[0,-1],[-2,-1],[-2,-2],[-1,-1],[-1,-1],[-1,0],[-2,-1],[-4,-3],[-2,-1],[0,-1],[-1,0],[-2,-3],[-2,-2],[-2,0],[-4,-6],[-2,-3],[-6,-4],[-6,-8],[-8,-5],[-1,-1],[-16,-4],[-45,0],[-8,-5],[-1,-1],[-1,-1],[-1,-1],[-2,-1],[-3,-4],[-4,-8],[-1,-10],[4,-15],[3,-6],[0,-1],[1,-2],[4,-3],[1,-1],[6,-20],[1,-13],[0,-4],[-2,-8],[-2,-15],[1,-3],[-2,-4],[-1,-3],[-1,0],[-4,-3],[-4,-1],[-1,-1],[-1,-1],[-1,0],[-6,-4],[-3,-1],[-3,-9],[-3,-20],[0,-1],[0,-2],[0,-10],[-1,-3],[-2,-7],[-5,-10],[-2,-2],[-6,0],[0,1],[-1,1],[-1,0],[-2,1],[-3,2],[-1,0],[-5,0],[-1,1],[-8,1],[-3,2],[-1,1],[-11,1],[-2,1],[-5,1],[-1,1],[-3,2],[-14,0],[-8,-4],[-3,0],[-4,-2],[-6,0],[-5,-3],[-8,-1],[0,-1],[-7,-5],[0,-1],[-6,-3],[-2,-2],[0,-1],[-1,0],[-9,-5],[-7,-14],[-19,-53],[-6,-11],[-5,-4],[-5,0],[-1,1],[-1,1],[-1,1],[-2,5],[-9,20],[-4,16],[-7,14],[-2,2],[-10,0],[-4,1],[-2,4],[-2,0],[-3,6],[0,1],[-4,3],[-1,1],[-1,1],[-1,0],[-1,1],[-7,5],[-3,3],[-12,8],[-1,2],[-6,5],[0,1],[-3,2],[-1,1],[-1,1],[0,1],[-4,2],[-1,1],[-3,2],[0,1],[-2,1],[-7,10],[-4,7],[-3,2],[-6,9],[-1,0],[-15,23],[-4,7],[-3,7],[-6,13],[-4,15],[-4,7],[-8,0],[-2,-1],[-1,0],[-5,0],[-1,-1],[-5,-3],[-1,-1],[-2,-2],[-7,-2],[-2,1],[-7,5],[-5,21],[-4,28],[-4,12],[-1,2],[-3,8],[-6,9],[-3,9],[-2,18],[0,3],[-2,3],[-4,10],[-3,8],[-1,5],[-6,32],[-2,21],[-1,5],[0,2],[-2,6],[-9,23],[-7,24],[-1,22],[1,9],[6,10],[3,4],[0,1],[2,1],[1,1],[1,2],[1,0],[3,2],[1,4],[1,1],[4,7],[3,19],[-1,24],[0,1],[-1,4],[-3,13],[-5,8],[-3,1],[-3,5],[-2,0],[-3,6],[-1,0],[-7,15],[-2,12],[-2,5],[-7,12],[-3,9],[-1,3],[2,7],[2,9],[0,22],[5,27],[0,8],[1,4],[-1,9],[0,2],[-2,1],[-7,0],[-1,-1],[-10,-17],[-5,-16],[-10,-16],[-11,-14],[-7,-5],[-1,-1],[-1,-1],[-3,-3],[-1,-1],[0,-1],[-11,-6],[-10,-3],[-1,0],[-3,-1],[-17,1],[-2,1],[-11,2],[-10,-1],[-1,-1],[-3,0],[-1,-2],[-1,0],[-2,-2],[-5,-3],[-1,-1],[-8,-23],[-5,-12],[-2,-5],[-3,-6],[-8,-32],[-1,-7],[-2,-6],[-7,-13],[-1,0],[-1,-2],[-1,-1],[-4,-2],[0,-1],[-6,-5],[-1,0],[-2,-2],[0,-1],[-1,0],[-2,-2],[-4,0],[-2,3],[-7,18],[-4,3],[-5,3],[-2,0],[0,1],[-7,2],[-1,2],[-1,2],[-1,1],[-3,4],[-1,1],[-1,2],[-9,1],[-4,2],[-6,0],[-1,-1],[-2,0],[-7,-4],[-9,-2],[-5,-5],[-2,0],[-2,-1],[-7,-2],[-6,0],[-8,-3],[-1,-2],[-1,-2],[-2,-1],[0,-1],[-3,-4],[-1,0],[0,-1],[-13,-22],[-5,-7],[-2,-1],[-1,-1],[-1,-1],[-3,-3],[-2,-1],[-2,-3],[-6,-3],[-2,-2],[-1,-2],[-5,-1],[-10,-1],[-2,1],[-4,3],[-4,1],[-1,1],[-9,0],[-16,-7],[-3,-4],[-2,0],[-3,-6],[-5,-3],[-2,-3],[-1,-1],[-1,0],[-3,-4],[-10,-17],[-6,-23],[-1,-4],[-1,-1],[-1,-16],[1,-15],[-1,-1],[-1,0],[-1,0],[0,-2],[-1,-1],[-2,-1],[-11,-4],[-15,-1],[-7,-6],[-7,-7],[-26,-28],[-59,-76],[-6,3],[-35,63],[21,31],[6,14],[-4,100],[8,3],[20,3],[17,10],[12,17],[47,45],[15,17],[-17,14],[-6,18],[-10,70],[1,28],[5,29],[13,42],[-4,7],[-4,19],[0,4],[-1,23],[0,2],[3,30],[-2,3],[-9,3],[-25,1],[-40,-30],[-34,-24],[9,-12],[5,-15],[0,-10],[-3,-15],[-14,-12],[-16,-8],[-17,0],[-29,-17],[-5,-23],[-10,-17],[-16,-13],[-14,-9],[-9,5],[-14,-8],[-6,14],[-11,14],[-16,4],[-7,0],[-11,-5],[-10,-13],[-7,-21],[-5,-23],[-7,-14],[-7,0],[-12,15],[-10,22],[-7,4],[-6,-5],[-13,-14],[-7,-18],[-7,-39],[-3,-3],[-8,1],[-19,9],[-13,14],[-2,-4],[0,-11],[2,-27],[3,-10],[6,-11],[0,-13],[-7,-15],[-11,-7],[-13,-3],[-39,2],[-5,-3],[-8,11],[-2,9],[-9,24],[-7,13],[-4,14],[-7,11],[1,18],[-3,12],[-8,5],[-9,11],[-9,17],[-6,13],[-2,9],[-7,27],[-12,18],[-10,10],[-1,11],[4,11],[1,18],[3,9],[1,10],[3,9],[9,11],[-4,6],[-5,5],[3,11],[1,6],[3,15],[1,11],[0,3],[-1,9],[-2,7],[-4,2],[-4,11],[-7,1],[-5,5],[-12,-1],[-4,1],[-8,1],[-6,9],[-5,13],[-7,9],[2,21],[-5,12],[-1,11],[-3,10],[-9,10],[-3,8],[-6,7],[-21,14],[-8,10],[-8,-3],[-6,-5],[-7,0],[-12,21],[-9,7],[-6,1],[-8,9],[-7,1],[-10,8],[-8,13],[5,32],[9,23],[18,1],[8,13],[-3,16],[-11,9],[-5,12],[-24,25],[-15,25],[0,2],[0,4],[-4,7],[-10,4],[-12,21],[-5,14],[-14,15],[-5,-9],[-6,-2],[-5,6],[-4,9],[-2,9],[-6,3],[-14,-3],[-2,6],[-9,12],[-7,-1],[-3,-21],[-4,-14],[-5,-7],[-4,-13],[-4,-3],[-9,-1],[-6,-3],[-19,-24],[-8,-1],[-6,-6],[-3,2],[-5,0],[-17,-1],[-9,-4],[-3,8],[-3,-9],[-1,-10],[-1,-6],[-13,-21],[-21,-18],[-5,1],[-6,-3],[-12,-20],[-11,-21],[-10,-10],[-10,-4],[-7,-5],[-15,-3],[-13,10],[-14,-16],[-23,-35],[-9,-1],[-16,9],[-5,10],[0,4],[-1,7],[-7,16],[-10,-9],[-10,-2],[-9,7],[-5,5],[-2,6],[-3,1],[-10,-4],[-10,-9],[-11,-28],[-10,-9],[-5,-8],[-1,-6],[1,-10],[4,-11],[-1,-8],[-3,-9],[-4,-27],[-10,-9],[-11,-1],[-5,-3],[-11,2],[-8,5],[0,7],[-1,5],[-5,3],[-7,17],[2,18],[-10,16],[-9,0],[-12,-3],[-9,6],[-9,9],[-6,14],[-15,21],[-14,-24],[-11,0],[0,4],[-1,4],[-2,7],[-11,10],[-4,6],[-1,6],[5,2],[2,6],[-1,19],[-10,2]],[[3195,3159],[-56,86],[-120,-8],[-51,-97],[-56,-14],[-26,56]],[[3077,3546],[83,80],[36,47],[31,50],[74,29],[11,-1],[16,0],[30,15]],[[2596,2501],[-2,-9],[-21,0],[-26,2],[-19,14],[-18,14],[-16,20],[-10,7],[-27,24],[-13,21],[-13,28],[-22,34],[-29,31],[-21,10],[-33,3],[-21,-8],[-36,-25],[-15,-8],[-18,-15],[-23,-32],[-15,-43],[-25,-40],[-18,-25],[-12,-50],[-31,-32],[-12,-36],[-18,-36],[-10,-28],[-17,-33],[-4,1]],[[2656,2450],[6,-20],[8,-28],[16,-21],[21,-31],[8,-31],[3,-32],[-5,-25],[1,-39],[1,-63],[0,-39],[11,-35],[6,-39],[6,-38],[-8,-29],[-18,-22],[-44,10],[-28,6],[-42,10],[-36,-1],[-12,-36],[-2,-39],[15,-28],[27,-16],[23,-21],[26,-10],[31,-13],[26,-24],[6,-28],[-15,-47],[-31,-25],[-25,-26],[-18,-21],[-33,-9]],[[3541,1710],[-35,22],[-31,24],[-32,24],[-33,13],[-31,7],[-32,10],[-28,14],[-39,20],[-15,6]],[[3265,1850],[-8,4],[-27,28],[-26,38],[-13,49],[-1,43],[2,46],[13,35],[-1,60],[5,71],[4,42],[3,36],[-1,53],[-8,45],[-16,60],[-11,8]],[[3265,1850],[-17,-26],[-35,-32],[-18,-37],[-6,-55],[15,-53],[20,-48],[6,-51],[-5,-37],[-29,-29],[-26,-22],[-30,-40],[-21,-27],[-10,-34],[-5,-58],[-5,-49]],[[3426,279],[0,3],[-3,7],[0,2],[-5,2],[-7,8],[-11,0],[-9,-5],[-6,1],[-2,2],[-1,0],[-3,-5],[-1,-1],[-2,-3],[-1,0],[-6,-4],[-6,1],[-1,-1],[-6,-4],[0,-1],[-1,-1],[-1,0],[-2,-1],[-5,-8],[-2,-3],[-1,-1],[-2,-1],[-5,-1],[-2,6],[0,1],[-3,22],[1,9],[7,1],[1,3],[2,4],[-8,8],[-3,2],[-2,2],[-5,10],[-2,9],[1,11],[0,1],[-1,6],[-2,6],[-2,2],[-4,2],[-3,1],[-1,3],[0,3],[0,1],[-1,6],[-1,6],[0,2],[-1,11],[0,2],[-2,6],[-3,2],[-4,-1],[-1,0],[-8,-14],[-1,0],[-5,-4],[-1,-1],[-4,1],[0,2],[-1,1],[-1,0],[-2,1],[-5,7],[-2,2],[-3,2],[-1,1],[0,1],[-2,1],[-6,3],[-6,2],[-9,-1],[-3,1],[-1,1],[-1,2],[-6,11],[-9,3],[-3,3],[-4,7],[-1,2],[-3,6],[-3,1],[-3,-3],[-1,-2],[-1,0],[-7,-13],[-1,-4],[-1,-5],[-2,-12],[-1,-7],[0,-7],[1,-1],[-1,-3],[-8,-15],[-6,-9],[-3,-4],[-1,0],[-6,-4],[-1,-1],[-2,-3],[-5,0],[-1,-1],[0,-1],[-11,0],[-6,-1],[-4,3],[-6,1],[-1,1],[-2,0],[-8,0],[-2,-1],[-1,-1],[0,-3],[-6,-10],[-1,-3],[-5,-1],[-5,7],[-5,18],[-9,22],[-1,0],[-7,1],[-7,-7],[-8,-1],[-1,-1],[-2,0],[-1,2],[-5,11],[-1,1],[-4,0],[-1,0],[-2,-8],[-2,-2],[-9,1],[-4,3],[-1,2],[-1,0],[-1,1],[-4,7],[-2,2],[-4,2],[-6,5],[-1,4],[1,5],[1,7],[0,3],[-3,3],[-8,-4],[-8,1],[-5,6],[-5,0],[-3,-1],[-4,-3],[-2,0],[-2,0],[-10,8],[-3,0],[-9,0]],[[3374,1030],[4,-17],[16,-28],[13,-39],[16,-38],[26,-42],[21,-28],[18,-24],[29,-28],[26,-21],[13,-7],[33,-13],[18,0],[21,-3],[16,-3]]],"transform":{"scale":[0.000779995844936559,0.00048032100702741703],"translate":[72.52946544620357,32.275538310569424]}}