{"type":"Topology","objects":{"type":"GeometryCollection","geometries":[{"type":"Polygon","properties":{"NAME_1":"Bokaro","ST_NM":"Jharkhand","ST_CEN_CD":20,"DT_CEN_CD":10,"CENSUSCODE":355,"iso_a2":"IN_JH_BO"},"arcs":[[0,1,2,3,4]]},{"type":"MultiPolygon","properties":{"NAME_1":"Chatra","ST_NM":"Jharkhand","ST_CEN_CD":20,"DT_CEN_CD":2,"CENSUSCODE":347,"iso_a2":"IN_JH_CH"},"arcs":[[[5,6,7,8,9,10,11,12],[13]],[[14,15]]]},{"type":"Polygon","properties":{"NAME_1":"Deoghar","ST_NM":"Jharkhand","ST_CEN_CD":20,"DT_CEN_CD":5,"CENSUSCODE":350,"iso_a2":"IN_JH_DE"},"arcs":[[16,17,18,19]]},{"type":"Polygon","properties":{"NAME_1":"Dhanbad","ST_NM":"Jharkhand","ST_CEN_CD":20,"DT_CEN_CD":9,"CENSUSCODE":354,"iso_a2":"IN_JH_DH"},"arcs":[[20,21,-2,22]]},{"type":"Polygon","properties":{"NAME_1":"Dumka","ST_NM":"Jharkhand","ST_CEN_CD":20,"DT_CEN_CD":17,"CENSUSCODE":362,"iso_a2":"IN_JH_DU"},"arcs":[[23,24,25,-17,26,27]]},{"type":"Polygon","properties":{"NAME_1":"Garhwa","ST_NM":"Jharkhand","ST_CEN_CD":20,"DT_CEN_CD":1,"CENSUSCODE":346,"iso_a2":"IN_JH_GA"},"arcs":[[28,29,30,31,32]]},{"type":"Polygon","properties":{"NAME_1":"Giridih","ST_NM":"Jharkhand","ST_CEN_CD":20,"DT_CEN_CD":4,"CENSUSCODE":349,"iso_a2":"IN_JH_GI"},"arcs":[[-19,33,-23,-1,34,35,36]]},{"type":"Polygon","properties":{"NAME_1":"Godda","ST_NM":"Jharkhand","ST_CEN_CD":20,"DT_CEN_CD":6,"CENSUSCODE":351,"iso_a2":"IN_JH_GO"},"arcs":[[37,38,-28,39]]},{"type":"Polygon","properties":{"NAME_1":"Gumla","ST_NM":"Jharkhand","ST_CEN_CD":20,"DT_CEN_CD":21,"CENSUSCODE":366,"iso_a2":"IN_JH_GU"},"arcs":[[40,41,42,43,44,45]]},{"type":"Polygon","properties":{"NAME_1":"Hazaribagh","ST_NM":"Jharkhand","ST_CEN_CD":20,"DT_CEN_CD":15,"CENSUSCODE":360,"iso_a2":"IN_JH_HA"},"arcs":[[-35,-5,46,47,48,49,-7,50]]},{"type":"Polygon","properties":{"NAME_1":"Jamtara","ST_NM":"Jharkhand","ST_CEN_CD":20,"DT_CEN_CD":18,"CENSUSCODE":363,"iso_a2":"IN_JH_JA"},"arcs":[[-26,51,-21,-34,-18]]},{"type":"Polygon","properties":{"NAME_1":"Khunti","ST_NM":"Jharkhand","ST_CEN_CD":20,"DT_CEN_CD":20,"CENSUSCODE":365,"iso_a2":"IN_JH_KH"},"arcs":[[52,53,54,-43,55]]},{"type":"Polygon","properties":{"NAME_1":"Kodarma","ST_NM":"Jharkhand","ST_CEN_CD":20,"DT_CEN_CD":3,"CENSUSCODE":348,"iso_a2":"IN_JH_KO"},"arcs":[[-51,-6,56,-36]]},{"type":"Polygon","properties":{"NAME_1":"Latehar","ST_NM":"Jharkhand","ST_CEN_CD":20,"DT_CEN_CD":14,"CENSUSCODE":359,"iso_a2":"IN_JH_LA"},"arcs":[[57,-11,58,59,-46,60,-31]]},{"type":"Polygon","properties":{"NAME_1":"Lohardaga","ST_NM":"Jharkhand","ST_CEN_CD":20,"DT_CEN_CD":11,"CENSUSCODE":356,"iso_a2":"IN_JH_LO"},"arcs":[[61,-41,-60]]},{"type":"Polygon","properties":{"NAME_1":"Pakur","ST_NM":"Jharkhand","ST_CEN_CD":20,"DT_CEN_CD":8,"CENSUSCODE":353,"iso_a2":"IN_JH_PK"},"arcs":[[62,-24,-39,63]]},{"type":"Polygon","properties":{"NAME_1":"Palamu","ST_NM":"Jharkhand","ST_CEN_CD":20,"DT_CEN_CD":13,"CENSUSCODE":358,"iso_a2":"IN_JH_PL"},"arcs":[[-15,64,-12,-58,-30,65,-33,66]]},{"type":"Polygon","properties":{"NAME_1":"Pashchimi Singhbhum","ST_NM":"Jharkhand","ST_CEN_CD":20,"DT_CEN_CD":23,"CENSUSCODE":368,"iso_a2":"IN_JH_WS"},"arcs":[[67,68,69,-54]]},{"type":"Polygon","properties":{"NAME_1":"Purba Singhbhum","ST_NM":"Jharkhand","ST_CEN_CD":20,"DT_CEN_CD":12,"CENSUSCODE":357,"iso_a2":"IN_JH_ES"},"arcs":[[70,71]]},{"type":"Polygon","properties":{"NAME_1":"Ramgarh","ST_NM":"Jharkhand","ST_CEN_CD":20,"DT_CEN_CD":16,"CENSUSCODE":361,"iso_a2":"IN_JH_RM"},"arcs":[[72,73,-49,74,-47,-4]]},{"type":"Polygon","properties":{"NAME_1":"Ranchi","ST_NM":"Jharkhand","ST_CEN_CD":20,"DT_CEN_CD":19,"CENSUSCODE":364,"iso_a2":"IN_JH_RA"},"arcs":[[75,76,-56,-42,-62,-59,-10,77,-8,-50,-74]]},{"type":"Polygon","properties":{"NAME_1":"Sahibganj","ST_NM":"Jharkhand","ST_CEN_CD":20,"DT_CEN_CD":7,"CENSUSCODE":352,"iso_a2":"IN_JH_SA"},"arcs":[[-64,-38,78]]},{"type":"Polygon","properties":{"NAME_1":"Saraikela-kharsawan","ST_NM":"Jharkhand","ST_CEN_CD":20,"DT_CEN_CD":24,"CENSUSCODE":369,"iso_a2":"IN_JH_SK"},"arcs":[[79,-71,80,-68,-53,-77]]},{"type":"Polygon","properties":{"NAME_1":"Simdega","ST_NM":"Jharkhand","ST_CEN_CD":20,"DT_CEN_CD":22,"CENSUSCODE":367,"iso_a2":"IN_JH_SI"},"arcs":[[-55,-70,81,-44]]}]},"arcs":[[[5569,5876],[0,-5],[13,-9],[7,-10],[4,-15],[1,-22],[-3,-20],[3,-8],[7,2],[14,9],[4,3],[5,6],[4,0],[7,-8],[4,-14],[1,-18],[1,-24],[2,-11],[7,-20],[6,-5],[18,-3],[20,1],[12,6],[11,5],[22,13],[6,5],[10,5],[8,4],[18,1],[9,-6],[6,-11],[3,-11],[5,-6],[7,-3],[8,1],[16,8],[18,5],[11,-5],[12,-10],[19,-9],[51,-18],[38,4],[2,6],[12,4]],[[5998,5693],[-9,-16],[2,-7],[5,-2],[10,5],[-1,-10],[-6,-10],[1,-8],[5,-8],[-3,-19],[3,-6],[12,-1],[8,-13],[7,2],[13,-6],[2,-9],[-5,-10],[2,-7],[7,-13],[-3,-8],[-7,-5],[-2,-6],[11,-20],[4,-11],[4,-5],[12,5],[14,-6],[9,2],[5,-47],[-7,-33],[4,-25],[3,-13],[7,-10],[14,-7],[-2,-17],[3,-8],[8,-8],[10,-5],[5,-8],[-5,-14],[11,-11],[3,-35],[-6,-15],[1,-26],[-11,-7],[-6,-12],[-18,2],[17,-18],[17,-9],[22,-10],[14,-10],[9,-4],[11,-6],[23,-4],[19,-2],[23,0],[32,3],[9,-6],[27,3],[51,-9],[19,-1],[10,2],[95,-7],[32,0],[11,-33],[6,-19],[7,-13],[8,-13],[10,-11],[13,-11],[13,-8],[14,-3],[14,-7],[13,-10],[9,-54],[16,-28],[15,-21],[8,-6]],[[6699,4887],[1,-9],[0,-23],[-11,-2],[-8,8],[-7,-2],[-6,-16],[-14,-5],[-10,-6],[-7,-10],[-8,-29],[-13,4],[-24,-2],[-5,-10],[-13,-3],[3,-16],[-1,-10],[2,-10],[-10,-10],[-7,-1],[-4,-21],[-11,-6],[-7,-7],[-1,-17],[-5,-5],[-3,-10],[-5,-9],[5,-14],[-4,-14],[2,-9],[9,-7],[3,-8],[5,-9],[-1,-11],[-4,-10],[-18,-7],[1,-8],[-7,-41],[10,-20],[7,7],[19,-5],[3,-13],[0,-10],[-3,-3],[-5,7],[-9,-5],[-19,-2],[-14,-27],[7,-12],[-1,-14],[-10,-7],[-20,0],[1,-13],[5,-13],[-20,-15],[-4,3],[-1,19],[-6,8],[-10,-9],[-13,-5],[-7,-12],[-12,-2],[-14,-13],[1,-9],[11,-13],[9,4],[5,-1],[2,-17],[3,-9],[-2,-7],[-29,-18],[-22,9],[-16,13],[-3,24],[-1,12],[-4,4],[-11,-6],[-14,3],[-1,-6],[-6,-4],[-13,5],[-11,-2],[-5,-6],[-8,-4],[3,-10],[11,-18],[-5,-7],[-9,-9],[-7,1],[-7,9],[-2,9],[1,17],[-18,-6],[-14,18],[1,21],[5,20],[17,19],[7,41],[-14,3],[-15,-3],[-4,-15],[2,-22],[-7,-4],[-24,10],[-14,-2],[-8,16],[-9,-2],[-8,3],[-10,12],[-13,-4],[-5,2],[1,22],[-14,10],[-10,-7],[-32,2],[-16,-11],[-6,12],[1,12],[6,14],[-2,24],[22,30],[-4,16],[2,28],[-25,24],[3,23],[12,18],[6,21],[2,10],[-11,11],[-4,10],[4,15],[0,5],[-8,7],[-13,6],[-5,-2],[-10,-9],[-11,2],[-15,21],[-20,-10],[-11,4],[-8,6],[-6,-9],[-11,-3],[-12,-7],[-11,3],[-21,-1],[-3,30],[-13,7],[-30,-6],[-10,15],[-21,-1],[-4,-25],[-11,-1],[-11,-7],[-16,-26],[-14,-7],[-1,-28],[22,-18],[-5,-9],[14,-32],[4,-22],[10,-10],[2,-9],[1,-39],[34,-6],[4,-3],[2,-8],[-9,-16],[-13,-10],[-12,1],[-14,-10],[-8,3],[-11,-1],[-11,-8],[-11,-6],[-10,-1],[-9,-12],[-14,-9],[-10,2],[-31,-16],[-17,-16],[-23,-10],[-9,-7],[-7,-13],[-13,-2],[-12,1],[-44,22],[-11,14],[-13,13],[-33,13],[-29,0]],[[5492,4461],[12,14],[0,6],[-9,4],[3,7],[-2,4],[-4,2],[-2,5],[-10,7],[-2,8],[-16,4],[0,6],[-5,7],[-8,4],[-6,0],[-10,-8],[-7,-4],[-10,0],[-13,3],[-7,7],[-1,9],[2,12],[7,21],[-3,10],[-13,10],[-9,1],[-16,31],[6,10],[25,10],[5,21],[5,1],[-4,13],[-13,23],[-18,-2],[-7,6],[-9,-2],[-8,1],[-10,52],[-2,27],[-7,12],[-5,18],[-8,6],[-5,17],[-2,1],[-9,-6],[3,22],[-11,6],[9,19],[-17,15],[-3,13],[-5,7],[-15,6],[-7,14],[4,49],[0,11],[-5,17],[-7,15],[-8,7],[-7,-2],[-6,-17],[-5,-34],[-9,-23],[-23,-23],[-9,-3],[-11,2],[-7,-7],[-10,-33],[-10,-18],[-11,-7],[-6,1],[-13,15],[-5,16],[-6,3],[-17,-12],[-10,11],[-8,7],[-8,-4],[-2,-10],[2,-10],[-3,-8],[-10,-3],[-7,-7],[2,-7],[-5,-5],[-7,1],[-3,-8],[3,-9],[0,-8],[-5,-13],[-19,-30],[-14,5],[-7,7],[-16,9],[-8,7],[-4,13],[-12,20],[-8,9],[-8,3],[-7,1],[-2,19],[3,105],[-1,28],[5,8],[0,14],[-16,27],[-1,8],[17,19],[4,9],[3,29],[1,30],[-3,33],[-9,14],[0,52],[29,14],[6,10],[3,9],[9,10],[8,14],[16,14],[3,23],[0,28],[9,18],[-3,25],[-5,4],[-11,-4],[-11,0],[-8,-46],[-6,-8],[-17,-11],[-11,-11],[-8,-2],[-11,5],[-6,22],[-3,5],[-8,3],[-3,11],[-7,5],[-6,12],[-6,25],[10,19],[-2,10],[-12,30],[-1,10],[-20,11],[7,17],[7,11],[9,6],[46,21],[5,5],[2,18],[-7,23],[-5,11],[0,15],[5,27],[16,21],[26,23],[11,9],[21,11],[5,11],[15,10],[6,6],[-3,6],[-7,6],[0,13],[-16,9],[-5,7],[0,4]],[[4983,5809],[-1,9],[6,12],[25,-3],[12,4],[11,7],[6,25],[-5,10],[-8,9],[2,2],[15,3],[2,19],[4,8],[5,-8],[7,-2],[14,4],[17,-11],[5,-6],[-2,-12],[-12,2],[-7,-5],[-9,-20],[2,-15],[34,-67],[17,-17],[12,2],[3,-14],[1,-18],[8,-5],[3,12],[1,11],[5,11],[14,20],[22,13],[-4,11],[4,8],[6,3],[6,-10],[7,-6],[31,-6],[5,-8],[-5,-40],[10,-16],[15,-13],[16,0],[0,-11],[5,-31],[7,-8],[21,-7],[4,-6],[-6,-16],[2,-10],[5,-5],[3,-8],[-1,-7],[2,-7],[7,-5],[-4,-9],[0,-30],[18,-14],[4,-9],[-2,-15],[30,-5],[7,1],[10,-8],[11,22],[8,10],[36,30],[5,11],[1,10],[3,11],[-1,13],[5,9],[4,12],[5,13],[14,25],[7,18],[9,13],[5,15],[-1,16],[2,15],[-10,6],[-2,10],[1,11],[5,17],[0,13],[-2,14],[-4,8],[-2,9],[6,24],[6,11],[7,4],[9,-6],[6,3],[6,-2],[9,-12],[15,-10],[-2,24],[4,5],[9,2]],[[3779,7134],[-8,-28],[1,-17],[4,-17],[18,-25],[9,-17],[9,-28],[6,7],[8,5],[20,-1],[20,-4],[9,-6],[16,14],[1,35],[-5,23],[5,4],[12,-1],[17,-2],[15,-16],[8,-1],[7,-27],[9,-6],[25,0],[6,-7],[2,-9],[4,-5],[10,-3],[6,-9],[9,2],[15,31],[12,6],[22,5],[11,3],[8,6],[10,-2],[11,1],[14,-3],[20,-5],[10,-3],[10,-6],[10,0],[24,-7],[13,1],[11,9],[10,0],[14,-13],[20,-11],[33,-31],[11,-2],[17,-13],[20,-4],[-3,-10],[-17,-15]],[[4328,6932],[-8,-6],[-8,6],[1,9],[-6,9],[-17,2],[-5,-11],[2,-12],[5,-7],[0,-17],[-13,-6],[1,-44],[-2,-11],[0,-1],[-1,-3],[0,-9],[-1,-13],[-3,-3],[-3,-3],[-3,-10],[2,-6],[2,-3],[-4,-16],[-3,-7],[-12,-20],[-12,-9],[-4,-11],[5,-28],[-12,-11],[8,-11],[3,-3],[2,-20],[0,-24],[-6,-4],[-15,1],[-6,-1],[-3,-1],[-8,21],[-34,25],[-21,1],[-21,-3],[-23,21],[-8,2],[-19,-3],[-8,1],[-23,-4],[-21,16],[-11,5],[-19,-1],[-17,3],[-22,-3],[-8,1],[-14,9],[-18,-33],[-9,-11],[-2,-13],[-4,-9],[1,-9],[-11,-16],[2,-14],[12,-19],[3,-21],[-3,-17],[-1,-18],[-7,-33],[11,2],[7,-4],[17,-56],[18,-28],[9,-16],[-4,-7],[-6,-3],[-4,-8],[7,-1],[3,-8],[-5,-6],[9,-5],[-2,-20],[2,-12],[6,-5],[18,-5],[16,-9],[11,-13],[14,-10],[5,-7],[19,-11],[15,-4],[15,-6],[30,-28],[7,-13],[5,-24],[-5,-35],[2,-20],[12,-47],[0,-10],[-4,-4],[-24,-9],[-18,-6],[-10,-37],[-2,-22],[-19,-16],[-4,-27],[-6,-13],[-10,-12],[-6,-15],[-1,-15],[2,-18],[-9,-7],[-7,-15],[-18,-14],[-9,3],[-7,4],[-18,10],[-42,4],[-13,-5],[-13,12],[-9,14],[2,12],[-9,13],[-19,13],[-10,4],[-5,-7],[-21,14],[-5,-5],[-19,2],[-12,-16],[-15,-32],[-23,6],[12,31],[0,20],[-9,15],[-29,1],[-8,3],[-23,-1],[-4,-2],[-15,-3],[-5,-6],[-6,-21],[3,-11],[0,-18],[16,-1],[11,-8],[15,-3],[4,-4],[0,-13],[-14,-13],[-10,-12],[-10,-17],[10,-28],[-6,-6],[-3,-9],[4,-10],[9,-5],[-3,-17],[-40,1],[-17,-47],[10,-20],[-1,-16],[2,-12],[25,-18],[-8,-22],[2,-5],[-7,-12],[2,-15],[16,-20],[20,-18],[5,-8],[8,-5],[12,-20],[2,-11],[-2,-13],[-13,0],[-11,3],[-2,-16],[2,-24],[-6,-6],[4,-16],[-1,-9],[-1,-21],[5,-10],[3,-14],[1,-18],[-2,-12],[-6,-15],[5,-18],[-1,-15],[3,-29],[0,-21],[8,-11],[20,-18],[4,-17],[-7,-5],[-12,12],[-7,2],[-8,-2],[-4,-7],[0,-6],[9,-1],[1,-14],[9,-4],[0,-18],[-2,-15]],[[3706,5159],[-9,-7],[-2,-10],[-4,-6],[-12,-8],[0,-11],[-6,-19],[-5,-10]],[[3668,5088],[-7,-2],[-32,-6]],[[3629,5080],[-5,13],[-8,4],[-1,-18],[-9,-25],[-21,9],[-11,24],[-6,31],[-4,11],[-20,7],[-5,6],[-8,20],[-8,1],[-10,-4]],[[3513,5159],[-6,-5],[0,28],[-43,17],[-6,5],[-6,24],[-15,42],[-3,36],[1,14],[-14,7],[-24,4],[-15,10],[2,25],[6,14],[-1,8],[2,17],[4,8],[6,7],[12,7],[47,-6],[12,1],[3,48],[-4,17],[7,13],[1,18],[-1,22],[-10,31],[-22,9],[-8,7],[3,10],[8,14],[12,10],[13,6],[8,7],[0,22],[-3,1],[-5,28],[-13,43],[-11,13],[-17,5],[-1,10],[6,14],[2,21],[7,10],[4,13],[-4,14],[-18,24],[-4,8],[-36,-1],[-14,-6],[-12,-11],[-11,-5],[-3,15],[-8,12],[-11,6],[-16,-1],[-16,6],[-25,22],[-14,6],[-34,-22],[-11,40],[1,36],[-22,-11],[-12,-12],[-9,-17],[-13,4],[-15,-7],[-17,3],[-10,-1],[-12,-8],[-5,-3],[-28,4],[2,5],[5,2],[8,17],[4,1],[2,4],[-1,3],[-4,1],[-6,-1],[-8,24],[5,14],[17,53],[-3,11],[-12,12],[-10,31],[-14,16],[-2,5],[7,22],[-3,3],[-14,-8],[-8,25],[-8,-4],[-11,-11],[-9,-6],[-20,10],[-23,-15],[-1,-21],[5,-16],[-22,-12],[-17,4],[-10,-2],[-8,-11],[-7,-19],[-8,-10],[-6,-16],[-10,-8],[-11,-2],[-9,11],[-14,6],[-18,-5],[-12,-23],[-8,-20],[-12,-27],[-5,-4],[-9,6],[-6,3],[-7,1],[-7,-3],[-18,20],[-3,1],[-16,-20],[-12,11],[-6,1],[-10,-2]],[[2699,5966],[-20,-3],[-7,-4],[-6,3],[-9,17],[-15,35],[-11,41],[6,31],[16,18],[-6,12],[-16,19],[-1,18],[23,8],[6,10],[17,44],[-25,21],[-21,76],[24,38],[16,6],[17,69],[-60,35],[-5,22],[-10,22],[-15,8],[-7,20],[-7,10],[-7,31],[19,22],[-2,12],[-16,12],[-17,-22],[-22,4],[-20,-4],[-28,5],[-25,17],[-1,0],[-7,10],[2,27],[-1,28],[-10,8],[-44,22],[-8,14],[25,51],[2,20],[21,-7],[10,7],[2,-6],[-5,-9],[-9,-10],[38,10],[10,5],[0,16],[-7,19],[34,32]],[[2517,6856],[7,17],[11,5],[-2,13],[7,21],[-3,28],[17,5],[7,19],[7,30],[17,17],[-13,19],[-1,21],[17,24],[3,11],[-9,12],[-5,22],[43,1],[9,-9],[22,18],[21,13],[-3,17],[-11,21],[4,14],[9,17],[16,15],[16,-6],[4,-27],[17,9],[9,-1],[15,-9],[25,1],[5,7],[9,-5],[8,6],[13,-11],[30,-5],[33,-14],[4,6],[6,44],[10,7],[2,39],[-6,6],[1,8],[17,30],[10,45],[12,8],[21,8],[27,31],[14,-11],[9,1],[16,12],[33,45],[4,25],[45,15],[37,9],[8,38],[13,12],[12,23],[13,-24],[39,11],[28,-40],[-10,-75],[-2,-47],[14,-2],[-2,-25],[-4,-5],[8,-20],[16,9],[12,31],[21,-16],[-1,-9],[6,-3],[7,3],[10,27],[11,-3],[8,-9],[8,0],[-4,-56],[4,-35],[-5,-27],[10,-17],[20,-55],[14,-14],[5,-34],[-13,-21],[8,-9],[11,1],[21,10],[26,7],[21,-5],[28,-14],[44,13],[47,107],[44,11],[8,9],[13,9],[25,10],[8,-7],[8,3],[6,-17],[23,-9],[9,4],[7,24],[9,17],[9,15],[16,13],[-1,-54],[-5,-25],[2,-14],[-3,-6],[-6,-4],[-2,-11],[4,-5],[-12,-38],[32,-18]],[[2517,6791],[5,-6],[8,1],[6,6],[2,9],[-4,13],[-4,13],[-5,14],[-8,5],[-5,-2],[-3,-10],[-1,-8],[4,-24],[5,-11]],[[2484,6903],[-7,-1],[-14,8],[-8,9],[-6,27]],[[2449,6946],[15,2],[12,-3],[7,-3],[7,6],[22,34],[13,13],[7,-5],[2,-14],[-6,-11],[-7,-8],[-19,-11],[-9,-8],[-4,-7],[-3,-9],[-2,-19]],[[7715,7604],[-8,-21],[0,-17],[-3,-15],[4,-27],[2,-20],[-2,-17],[-1,-16],[-3,-15],[-6,-12],[-5,-10],[-7,-20],[-9,-25],[-12,-23],[-9,-14],[-6,-22],[-2,-21],[-2,-19],[1,-16],[18,11],[9,-18],[-10,-5],[9,-13],[7,-17],[7,-8],[13,3],[9,-10],[14,12],[7,18],[18,-5],[8,11],[12,-5],[-5,-33],[-6,-20],[-10,-16],[-14,-9],[-2,-15],[2,-14],[15,-13],[-5,-17],[15,-40],[35,-3],[22,-11],[2,-19],[1,-20],[-5,-25],[0,-21],[-1,-14],[1,-13],[13,-16],[23,-3],[19,-12],[19,16],[3,1],[3,-2],[55,42],[16,-25],[7,-21],[-1,-20],[-2,-17],[0,-21],[0,-29],[5,-27],[8,-17],[9,-11],[14,-8],[16,-7],[14,-6],[13,-7],[-3,-15],[-6,-7],[-7,-9],[-9,-10],[-4,-17],[-3,-15],[-6,-9],[-8,-16],[6,-16],[0,-6],[0,-9],[6,-14],[-11,-14],[-8,-13],[-8,11],[-12,9],[-8,0],[-13,4],[-5,7],[-8,11],[-8,-3],[-32,18],[-19,8],[-13,3],[-19,5],[-10,-9],[-4,-11],[4,-16],[7,-19],[-3,-27],[2,-18],[-30,-7],[-11,-17],[-12,-26],[-6,-2],[-18,6],[-5,-20],[-3,-12],[-4,-25],[-4,-23],[1,-15],[21,-4],[21,-16],[18,-9],[0,-20],[3,-20],[8,-4],[14,-8],[11,-6]],[[7849,6330],[-14,-28],[6,-33],[2,-25],[-8,-18],[1,-34],[-20,-4],[-16,-16],[6,-17],[-17,-14],[-17,-2],[-28,9],[-26,18],[-11,17],[10,15],[-11,6],[-24,-6],[-21,18],[-21,12],[-7,-6],[-2,-11],[-10,-7],[-12,5],[-12,-8],[-33,-11],[-7,-17],[-22,1],[-23,62],[-20,2],[-6,6],[-2,23],[-3,3],[-9,-14],[-13,12],[-9,-13],[-12,-3],[0,-33],[-12,-5],[-17,7],[-15,-3],[-5,19],[-14,13],[-6,11],[12,16],[-10,20],[-11,1],[-18,3],[-29,13],[-25,11],[-13,9],[-15,-1],[-10,3],[-12,16],[-6,16],[2,34],[4,26],[7,4],[13,2],[12,8],[-3,25],[-4,19],[-10,7],[-5,5],[-11,9],[-9,-8],[-4,-13],[-6,-17],[-2,-13],[0,-16],[-6,-10],[-4,-12],[-7,-9],[-6,-4],[-13,0],[-8,-2],[-15,-1],[-12,2],[-13,5],[-23,4],[-21,1],[-7,4],[-8,5],[-12,6],[-7,-2],[-9,-1],[-13,5],[-9,1],[-7,-1],[-7,-9],[-10,3],[-7,3],[-9,0],[-2,-7]],[[6981,6421],[-21,23],[-24,19],[-13,-10],[-12,4],[-25,8],[-8,4],[-6,-9],[-10,-11],[-11,-5],[-14,0],[-10,5],[-13,3],[-19,5],[14,32],[10,35],[10,25],[2,25],[-3,20],[7,12],[9,11],[2,28],[10,21],[-9,19],[-3,14],[10,12],[-3,15],[-5,16],[1,30],[-2,16],[-4,16],[-3,17],[-5,21],[-12,3],[-13,3],[-10,6],[-5,9],[-3,20],[-11,4],[-7,12],[-1,15],[-3,11],[-6,9],[2,22],[1,21],[-7,6],[-6,5],[-12,4],[-3,13],[6,11],[4,7],[5,11],[2,12],[-2,4],[-13,5],[-8,5],[-2,12],[2,14],[-2,11],[-1,4]],[[6728,7101],[6,15],[15,9],[8,24],[3,30],[-7,37],[4,18],[-4,14],[5,10],[16,3],[19,6],[14,0],[-1,27],[8,16],[-2,22],[0,21],[-14,14],[11,26],[-2,20],[4,13],[-1,17],[11,3],[6,5],[-1,32],[17,58],[39,54],[15,-8],[12,10],[9,0],[14,-4],[10,25],[14,15],[-7,31],[8,0],[7,12],[14,-1],[21,15],[11,14],[2,37],[12,22],[11,13],[11,7],[7,17],[13,7],[1,-15],[-1,-1],[-3,-8],[-2,-15],[26,1],[-1,-30],[19,-14],[15,-9],[15,-2],[10,-26],[22,-12],[26,-7],[20,16],[8,-3],[11,16],[19,-5],[32,14],[18,14],[28,-7],[8,14],[9,17],[13,9],[-2,40],[14,44],[6,-9],[33,5],[14,-3],[-1,12],[4,1],[8,-15],[7,-13],[5,-17],[1,-16],[16,-7],[0,11],[-4,13],[-5,10],[-6,7],[-3,7],[-1,12],[14,-6],[5,-9],[5,-11],[2,-8],[1,-7],[1,-6],[4,-8],[3,-3],[9,-9],[-3,-12],[1,-15],[3,-13],[3,-12],[-10,-8],[-4,-7],[-2,-9],[0,-9],[0,-4],[10,-1],[8,-1],[10,13],[10,4],[7,-4],[9,-6],[13,6],[12,0],[3,-16],[0,-12],[1,-14],[17,-3],[17,-7],[6,18],[9,11],[17,3],[8,11],[6,7],[6,-13],[11,-8],[0,-17],[6,-2],[13,3],[12,-15],[6,-16],[10,-10],[11,-7]],[[6755,6060],[7,-8],[7,-6],[7,-6],[5,-3],[7,1],[4,2],[7,5],[3,2],[5,1],[4,0],[3,-3],[5,-4],[3,-5],[6,-8],[27,-20],[15,-4],[38,19],[69,-12],[12,-7],[16,-26],[21,-29],[7,-17],[91,-68],[11,-18],[23,-17],[31,-10],[38,-33],[36,-7],[12,-18],[15,-30],[6,-44],[5,-24],[14,-22],[6,-6],[20,20],[12,8],[37,-16],[8,-7],[8,-11],[9,-18],[11,-11],[9,-14],[25,-73]],[[7460,5513],[-1,-13],[11,-9],[7,-32],[-7,-46],[23,-28],[18,-36],[7,-44],[-1,-26],[-7,-22],[-10,0],[-8,-3],[-7,-12],[-13,-69],[-11,-31],[-5,-22],[4,-10],[6,-5],[-8,-18],[-42,-16],[-30,-10],[-44,-3],[-5,4],[2,29],[-11,15],[-44,10],[-37,-8],[-23,-14],[-31,-11],[-43,-10],[-33,-21],[-19,-8],[-19,-4],[-52,-1],[-8,-6],[1,-11],[5,-10],[-16,-10],[-39,-37],[-28,-18],[-31,-16],[-19,-17],[-11,-2],[-25,2],[-22,8],[-44,10],[-21,-11],[-11,-5],[-46,5],[-11,-5],[-3,-6],[-1,-10],[2,-13]],[[5998,5693],[3,4],[7,6],[8,15],[2,23],[7,7],[-4,18],[10,37],[6,16],[32,-5],[19,8],[9,1],[17,14],[17,7],[11,0],[26,10],[15,-2],[17,-9],[20,4],[41,-8],[9,-4],[29,-32],[8,-4],[14,-1],[12,8],[11,2],[28,-55],[-6,93],[23,62],[5,22],[4,11],[-4,18],[5,19],[22,22],[16,26],[7,13],[4,7],[9,9],[8,5],[10,2],[4,7],[1,7],[-2,10],[-10,3],[-10,1],[-7,5],[-6,8],[-7,4],[-4,5],[2,5],[17,9],[10,4],[3,3],[-1,12],[5,9],[-4,7],[16,7],[11,3],[11,-5],[14,-8],[17,-1],[10,8],[9,15],[10,3],[11,-2],[7,-13],[6,-20],[12,-22],[16,-7],[18,-9],[20,-15],[9,-1],[14,3],[14,3],[11,-4],[11,-8],[13,-15],[14,-9],[15,-4]],[[8766,7504],[26,1],[4,5],[7,10],[7,8],[7,1],[6,-1],[4,4],[7,5],[8,0],[11,-2],[5,2],[5,8],[6,5],[9,-4],[6,-1],[11,7],[13,2],[14,4],[7,10],[7,3],[17,-2],[17,-8],[11,-9],[15,-14],[17,-10],[18,-4],[11,-10],[7,-7],[5,2],[8,16],[10,14],[20,7],[17,2],[8,-15],[5,-18],[7,-13],[-7,-15],[-3,-20],[-2,-19],[-3,-29],[6,-23],[-2,-42],[1,-63],[1,-48],[5,-64],[3,-48],[8,-40],[9,-45],[6,-34],[7,-29],[3,-16],[-2,-28],[-3,-30],[-1,-40],[0,-31],[-1,-32],[-3,-35],[9,-2],[16,1],[17,-6],[12,0],[17,7],[17,-1],[21,-4],[25,-16]],[[9285,6750],[-3,-11],[-10,-10],[2,-13],[6,-10],[8,-14],[0,-16],[-3,-15],[-7,-10],[-1,-14],[15,-10],[17,-6],[13,4],[16,-4],[10,-1],[6,-15],[2,-16],[8,-12],[11,-6],[12,-12],[7,3],[3,-12],[0,-11],[6,-9],[0,-12],[0,-12],[-7,-8],[1,-16],[-3,-14],[-6,-13],[-11,-2],[-9,-4],[-15,10],[-12,0],[-9,9],[-14,5],[-14,-4],[-10,-3],[-11,4],[-10,7],[-10,9],[-8,8],[-13,2],[-12,3],[-12,0],[-14,-2],[-10,-11],[-8,-2],[-11,1],[-14,4],[-9,0],[-7,-8],[-15,-9],[4,-4],[11,-5],[9,-7],[11,-8],[9,-10],[8,-8],[9,-10],[7,-9],[8,-9],[6,-9],[-6,-7],[-10,-4],[-11,-1],[-6,-2],[-23,-2],[-5,-12],[1,-13],[-4,-14],[-7,-4],[-6,2],[-6,-9],[1,-17],[2,-16],[8,-16],[5,-9],[-1,-5],[-6,3],[-7,4],[-7,-4],[-7,-5],[-8,-5],[-8,-2],[-8,7],[-9,2],[-9,4],[-10,3],[-11,11],[-7,10],[-1,13],[-1,9],[-7,5],[-6,-1],[-6,2],[-3,5],[-2,8],[-4,7],[-7,-1],[-7,-1],[-7,3],[-9,4],[-8,5],[-6,4],[-6,-2],[-1,-9],[1,-12],[3,-8],[3,-8],[1,-10],[-3,-6],[-4,0],[-2,-5],[1,-7],[-8,-9],[-1,-6],[2,-8],[7,-2],[10,-1],[9,-3],[8,-4],[-1,-7],[-4,-6],[-2,-7],[-3,-6],[-3,-2],[-6,4],[-8,3],[-8,-5],[-2,-10],[4,-10],[4,-5],[4,-6],[-2,-10],[-3,-11],[-2,-11],[9,-6],[13,-7],[6,-4],[8,-1],[1,-10],[5,-8],[-3,-15],[-5,-8],[-6,-5],[-5,-6],[-1,-6],[0,-11],[-10,2],[-4,4],[-8,-3],[-6,-12],[-4,-10],[-8,-7],[-8,1],[-6,-3],[-6,-5],[-4,-1],[-5,2],[-4,2],[-7,1],[-4,1],[-6,0],[-5,3],[-5,3],[-5,0],[-8,4],[-5,-6],[-7,-2],[-9,-3],[-5,-5],[-6,-8],[2,-4],[4,3],[4,3],[5,2],[7,-1],[6,-3],[-2,-4],[-2,-3],[-5,-2],[-3,-6],[4,-7],[8,-1],[7,-1],[1,-3],[9,-7],[8,-10],[3,-25],[-4,-10],[-10,6],[-9,2],[-8,-8],[-14,-10],[-5,3],[-6,7],[-10,1],[-3,6],[-1,12],[-2,7],[-9,1],[-8,-4],[-9,5],[-30,9],[-13,7],[-1,8],[-9,8],[-16,3],[-11,1],[-7,10],[-19,1],[-10,1],[-8,6],[-4,-11],[-3,-10],[-5,-9],[-2,-6],[-4,-4],[-24,-2],[-20,3],[-8,3],[-9,6],[-4,7],[-6,9],[1,8],[6,-1],[4,7],[4,11],[4,13],[7,-2],[11,2],[2,14],[5,5],[-7,21],[-13,-2],[-14,4],[-13,2],[-11,-1],[-11,-8],[-15,3],[-15,0],[-7,-9],[-8,-1],[-7,7],[-11,8],[-11,3],[-11,5],[-13,2],[-10,6],[-9,8],[-12,6],[-12,-3],[-7,-11],[-3,-14],[-1,-24]],[[8406,6084],[-16,-3],[-19,0],[-13,6],[-17,4],[-20,-4],[-13,4],[-21,5],[-12,3],[-15,3],[-11,7],[-1,1],[-23,21],[-14,5],[-13,-2],[-11,7],[-14,14],[-11,17],[-10,14],[-7,15],[-6,16],[-2,18],[-9,16],[-4,15],[-2,13],[-2,9],[-8,4],[-5,8],[4,10],[1,10],[-6,3],[-9,-3],[-5,-5],[-7,2],[-7,3],[-7,0],[-18,15],[-1,1],[-11,8],[-12,12],[-5,10],[0,1],[-4,13],[-4,5],[-10,16],[-7,5],[-6,5],[0,1],[-3,1],[-10,6],[-9,5],[-13,7],[-2,1],[-4,4],[-8,10],[-3,0],[4,-10],[4,-9],[2,-13],[-4,-14],[-7,-12],[-46,-6],[-6,-2],[-1,2],[-14,3],[-11,2],[-7,-9],[-3,-18],[1,-16],[-3,-14],[-1,0]],[[7715,7604],[-8,14],[-2,17],[0,18],[0,14],[0,10],[-11,10],[4,14],[-5,14],[-6,13],[0,17],[7,15],[7,11],[9,5],[3,13],[17,28],[2,8],[0,18],[11,14],[11,6],[11,1],[4,11],[-6,16],[-7,21],[19,1],[21,-1],[-3,-21],[-6,-14],[2,-13],[17,3],[11,5],[15,8],[12,-5],[19,-17],[12,-9],[6,-4],[4,0],[0,2],[5,-5],[38,-38],[6,8],[6,13],[2,13],[10,5],[7,5],[4,-3],[0,-12],[0,-14],[2,-6],[6,1],[5,1],[5,0],[2,5],[2,5],[4,-3],[5,-4],[5,-6],[3,-11],[13,4],[-5,10],[-3,12],[0,10],[-2,8],[-3,11]],[[8002,7856],[11,6],[5,21],[7,16],[9,9],[12,-1],[14,-8],[10,-7],[13,1],[9,1],[13,-8],[9,-8],[13,-6],[8,-3],[16,-1],[8,-2],[10,0],[9,1],[9,-7],[8,-11],[12,-10],[11,-9],[11,-6],[11,-2],[11,4],[12,1],[8,-10],[8,-11],[7,-5],[12,2],[9,-7],[9,-10],[11,-14],[12,-8],[6,-2],[5,-4],[6,-8],[10,-4],[8,7],[5,7],[14,-6],[11,-4],[14,-5],[11,-5],[11,7],[11,5],[13,4],[11,10],[9,14],[7,9],[7,3],[8,-5],[7,-5],[8,-7],[13,-5],[11,4],[15,-4],[10,2],[3,-12],[2,-10],[8,-9],[10,-9],[7,-5],[6,-6],[3,-6],[1,-8],[-1,-13],[3,-10],[6,-8],[8,-9],[5,0],[7,-11],[7,-16],[8,-15],[8,-9],[6,-10],[9,-14],[9,-22],[10,-16],[6,-13],[5,-15],[1,-16],[7,-11],[15,-5],[14,-2],[12,-1],[9,0],[2,13]],[[1223,6579],[6,-6],[5,-5]],[[1234,6568],[12,-13],[16,-20],[16,-21],[12,-11],[4,-3],[22,-16],[17,-7],[17,-11],[24,-10],[5,-24],[7,-5],[6,-21],[-1,-13],[-1,-19],[3,-9],[7,-8],[16,-19],[4,-9],[-1,-9],[-3,-7],[-10,-4],[-11,3],[-1,-1],[-1,1],[-14,4],[-24,20],[-12,-39],[-7,-12],[-7,-1],[-8,13],[-6,6],[-8,0],[-19,-19],[-21,-15],[-1,7],[-6,5],[-12,1],[-8,-10],[-27,-5],[-8,-13],[-11,-13],[-13,-6],[-17,-16],[-11,-6],[-2,-35],[-8,-47],[-4,-8],[-30,-21],[-12,-33],[-3,-16],[-21,-32],[-6,-10],[0,-8],[4,-8],[6,-9],[11,-8],[6,-4],[1,-4],[-3,-5],[-3,-6],[-2,-10],[-1,-15],[-2,-14],[-1,-15],[-5,-7],[-6,-3],[-10,0],[-7,-2],[-7,-3],[1,-11],[3,-8],[5,1],[8,-2],[4,-5],[5,-7],[3,-4],[4,-1],[3,4],[3,0],[8,1],[4,2],[7,3],[12,1],[17,3],[15,0],[1,2],[0,6],[0,25],[-3,12],[2,9],[3,8],[4,8],[-1,5],[0,7],[4,8],[7,3],[9,1],[18,-4],[8,-6],[7,-8],[3,-6],[3,-9],[-1,-9],[0,-9],[1,-2],[4,-6],[4,-4],[6,-6],[5,-7],[2,-10],[0,-8],[1,-6],[2,-7],[7,-5],[10,-12],[3,-5],[-1,-9],[-2,-7],[5,-6],[4,-2],[3,1],[5,5],[2,-4],[3,-10],[1,-8],[-1,-6],[1,-6],[2,-3],[7,-1],[6,0],[9,1],[4,-2],[2,-7],[-2,-7],[-1,-11],[0,-8],[0,-11],[-2,-14],[-3,-5],[-3,-6],[0,-9],[-1,-14],[0,-16],[-2,-18],[0,-28],[-1,-15],[3,-6],[4,-7],[8,0],[10,0],[9,-3],[6,-6],[10,-7],[16,-21],[4,-8],[6,-10],[6,-6],[6,-3],[7,-7],[7,-5],[10,-12],[2,-5],[8,-7],[5,-5],[8,-11],[5,-5],[3,-7],[2,-8],[-1,-12],[-1,-10],[0,-21],[2,-8],[4,-8],[5,-2],[4,2],[6,1],[7,0],[5,1],[9,2]],[[1479,5402],[-3,-10],[0,-10],[14,-28],[-1,-10],[-16,-25],[-17,-28],[-3,-47],[-14,-2],[-14,-11],[-14,-19],[-5,-23],[11,-19],[9,-25],[25,-4],[9,-6],[17,-19],[19,-14],[11,0],[16,4],[17,-8],[9,0],[15,14],[18,-11],[7,-6],[-5,-6],[-16,-9],[5,-11],[-4,-16],[-2,-14],[-10,-27],[-5,-13],[-10,-8],[-22,-13],[-13,-15],[-24,-30],[-13,-14]],[[1470,4919],[-14,1],[-17,1],[-37,-6],[-28,-14],[-30,-5],[-8,-2],[-12,-3],[-3,-1],[-14,-33],[-4,-52],[12,-86],[0,-5],[-27,6],[-17,11],[-20,2],[-15,5],[-18,14],[-15,-9],[-50,16],[-29,8],[-19,1],[-35,11],[-20,10],[-2,1],[-8,-15],[-2,-4],[-13,3],[-6,20],[-24,24],[-25,4],[-15,28],[-4,25],[-2,12],[-37,15],[-10,41],[3,15],[4,2],[12,8],[0,1],[-2,12],[-15,17],[-32,24],[-17,19],[-14,26],[1,23],[4,3],[12,8],[0,1],[4,7],[17,24],[5,26],[-5,31],[-6,23],[1,35],[-1,32],[-5,16],[-32,36],[0,26],[-3,25],[-7,16],[-17,20],[-9,18],[6,26],[-6,12],[-15,10],[-14,5],[-7,-6],[-2,-3],[-12,-7],[-13,17],[-17,5],[-7,13],[5,14],[-3,20],[-14,13],[-25,-3],[-17,1],[-40,18],[-23,0],[-22,9],[-20,16],[-20,3],[-23,0],[-8,19],[4,4],[9,7],[20,12],[1,1],[6,20],[-13,18],[-20,7],[-24,0],[-14,16],[-12,49],[3,55],[-11,25],[-24,31],[-22,43],[-10,37],[-2,35],[2,30],[19,27],[-4,16],[-11,28],[-6,8],[-12,8],[-48,23],[-22,6],[-23,4],[-10,-2],[-12,3],[-31,36],[-4,10],[-5,12],[3,21],[-1,15],[-3,17],[-7,11],[-9,0],[-14,-7],[-12,-2],[-13,1],[-5,2],[-18,39],[-20,15],[-45,6],[-11,-1],[-24,-14],[-39,8],[-9,5],[4,3],[29,24],[8,11],[2,14],[12,22],[2,32],[5,9],[8,22],[3,27],[17,45],[9,26],[2,18],[17,41],[0,14],[-5,14],[0,11],[5,9],[2,10],[-5,31],[1,14],[7,13],[22,14],[5,7],[0,17],[19,39],[2,30],[-5,27],[-10,24],[-12,9],[-8,3],[-10,7],[-3,2],[-1,13],[-10,25],[1,4],[6,2],[14,15],[13,19],[26,31],[8,5],[9,2],[26,-3],[7,4],[7,15],[10,7],[14,40],[10,7],[12,4],[0,7],[-8,4],[-9,13],[-1,14],[-7,8],[1,20],[-3,6],[-9,5],[-3,10],[-6,6],[-1,23],[-8,6],[-21,10],[-9,3],[-26,-5],[-2,10],[3,74],[-17,-2],[-6,3],[-18,54],[6,17],[6,9],[2,11],[0,15],[10,21],[2,13],[0,12],[-4,12],[1,12],[2,12],[5,8],[10,7],[57,20],[20,2],[37,11],[19,2],[42,18],[11,1],[25,8],[24,2],[31,-5],[24,-1],[16,2],[11,-7],[51,-20],[46,-7],[16,-4],[97,8],[38,-1],[17,-3],[25,3],[29,-15],[14,-10],[31,-7],[30,12],[39,5],[57,31],[14,8],[14,10],[13,7],[10,1],[22,-3],[15,7],[24,6],[31,4],[14,5],[20,4],[2,-1],[21,-13]],[[1172,7581],[-2,-10],[-6,-9],[-37,-96],[-2,-77],[3,-61],[5,-43],[-5,-72],[-4,-15],[-18,-25],[-20,-15],[-25,-23],[-7,-9],[-10,-25],[-7,-22],[1,-28],[4,-11],[5,-9],[25,-45],[7,-26],[-2,-14],[-7,-19],[-13,-16],[-7,-10],[-3,-8],[1,-24],[38,-51],[21,-43],[16,-23],[18,-36],[25,-47],[6,-16],[10,-25],[7,-12],[7,-9],[6,-8],[21,-20]],[[6981,6421],[-12,-2],[-5,-13],[-1,-24],[-7,-10],[-7,-35],[-6,-28],[-6,-9],[-8,-8],[-8,-33],[-1,-25],[-8,-13],[-11,-11],[-7,-17],[-5,-19],[-26,-10],[-11,-5],[-19,-5],[-17,-16],[-13,3],[-8,-4],[-12,0],[-8,-29],[2,-24],[12,10],[0,-18],[-11,-4],[-15,-6],[-8,-6]],[[5569,5876],[8,1],[13,-3],[10,22],[1,20],[-16,26],[-11,-1],[-3,9],[-10,2],[-5,9],[-16,9],[-8,1],[-8,11],[-5,35],[-2,26],[-9,13],[-9,8],[-8,3],[2,16],[16,17],[0,7],[-22,1],[-5,12],[-5,-1],[-5,1],[-4,12],[2,11],[-7,11],[-4,-2],[-6,4],[5,10],[-5,7],[-10,-8],[-8,-1],[-15,9],[0,8],[-8,5],[-4,6],[7,12],[-6,5],[-10,-8],[-4,0],[-8,6],[-2,9],[-7,9],[-13,10],[-9,3],[-5,-3],[-18,-21],[-9,0],[-17,5],[-5,5],[9,26],[-15,6],[-27,15],[-27,20],[11,31],[-15,6],[-9,-11],[-10,-5],[-20,7],[-15,-1],[-10,-8],[-6,-8],[-6,1],[-8,8],[-19,1],[-6,5],[-16,1]],[[5113,6318],[5,28],[-1,14],[6,13],[-10,19],[-13,15],[-28,29],[-22,12],[-18,21],[7,15],[3,18],[1,18],[8,28],[71,30],[29,9],[10,6],[4,13],[0,11],[15,0],[8,4],[13,1],[19,8],[15,19],[17,-9],[23,8],[22,13],[11,27],[5,5],[14,-16],[8,-7],[15,-19],[4,6],[17,11],[17,-2],[19,3],[4,-2],[8,-13],[8,-4],[7,6],[-9,14],[1,17],[5,16],[0,19],[-11,39],[-3,8],[-9,3],[-12,0],[-10,3],[-3,13],[38,40],[13,17],[1,11],[6,15],[21,8],[0,15],[3,16],[-6,21],[1,15],[-5,4],[-1,8],[3,11],[1,14],[-4,15],[-6,-2],[-8,3],[-10,-1],[-8,1],[-2,16],[-12,20],[0,15],[6,15],[2,11],[8,19],[-4,15],[2,15],[-8,10],[7,29],[-2,12],[5,17],[-6,19],[-1,11],[8,27],[-25,23],[-7,5],[-4,6],[-9,44],[1,10],[15,17],[9,12],[11,10],[5,11],[6,6],[20,62],[8,40],[-6,29],[9,41],[-3,9],[-28,29],[-29,23],[-9,5],[-22,4],[-19,0],[-10,3],[-5,3],[-4,15],[-7,3],[4,18],[-2,13],[2,21],[-10,12],[-16,35],[0,20],[4,14],[11,16],[4,11],[-29,-15],[-8,3],[-20,13],[-12,2],[-8,8],[-6,28],[3,11],[19,28],[11,24],[11,13],[2,23],[9,18],[11,13],[12,10],[19,2],[39,-19],[13,7],[15,2],[2,7],[-10,21],[-1,15],[-7,2],[-2,22],[-6,16],[-2,23],[-4,15],[-13,14],[-3,19],[6,22],[17,15],[18,7],[19,4],[16,-1],[6,12],[10,-2],[6,-10],[25,5],[17,-4],[19,-8],[3,8],[0,8],[-11,20],[2,18],[15,1],[6,-2],[3,4],[-1,3],[21,16]],[[5551,8261],[13,-23],[23,-27],[14,-12],[32,-18],[17,-6],[22,-2],[12,2],[8,4],[6,8],[7,29],[3,5],[48,11],[14,42],[7,7],[10,3],[12,-4],[6,5],[11,3],[9,7],[6,10],[9,1],[9,3],[10,2],[6,4],[5,-19],[0,-16],[1,-18],[-7,-17],[-10,-12],[-8,-12],[-12,-1],[2,-11],[5,-7],[7,8],[27,7],[11,4],[6,12],[51,-16],[40,-31],[9,-11],[3,-24],[11,-15],[6,-22],[12,-19],[10,-45],[6,-28],[4,-14],[-8,-12],[-9,-2],[6,-15],[-5,-34],[-7,-19],[-10,-18],[7,-35],[1,-18],[2,-13],[5,-23],[11,-8],[6,-16],[24,-2],[17,-10],[10,-31],[18,-16],[63,4],[45,18],[2,35],[2,26],[27,-28],[19,-16],[8,-14],[13,-21],[19,-5],[9,-19],[5,-3],[5,18],[7,-12],[8,-7],[8,-4],[-2,15],[-5,10],[14,5],[17,0],[9,5],[20,-8],[18,-5],[5,13],[22,-6],[0,-10],[-9,-5],[2,-13],[-18,-19],[-6,-7],[3,-8],[-12,-14],[12,-32],[-3,-19],[-15,-27],[4,-12],[9,-4],[7,-37],[4,-16],[-6,-6],[-13,-24],[-4,-14],[-8,-14],[-1,-19],[-8,-18],[-18,1],[-8,-18],[-6,-26],[47,-15],[-4,-7],[1,-16],[9,-12],[26,-3],[8,-11],[28,0],[33,1],[6,9],[6,-4],[20,-46],[11,-7],[12,-25],[17,-10],[37,-36],[5,-12],[32,-50],[20,-3],[12,-6],[7,2],[27,-25],[12,1]],[[8922,9544],[12,-59],[24,-66],[12,-46],[-51,-93],[7,-15],[15,-7],[12,-13],[6,-25],[8,-9],[8,-22],[20,-28],[17,-11],[7,-12],[-8,-2],[-10,-8],[-10,1],[-1,3],[-6,-11],[9,-36],[-12,-37],[-16,-26],[-13,-9],[-7,-2],[-13,-10],[-16,-32],[-14,-21],[-4,-12],[4,-8],[9,-5],[9,-8],[2,-14],[0,-16],[-1,-14],[-5,1],[-4,-19],[-3,-22],[-13,-4],[1,-16],[-8,-14],[-1,-16],[-7,-13],[1,-14],[-1,-15],[2,-18],[10,2],[11,-3],[-1,-15],[-1,-13],[-3,-13],[-7,-13],[-8,-7],[-12,-6],[4,-16],[6,-13],[10,-12],[9,-11],[-1,-11],[-18,-6],[1,-28],[12,4],[9,-13],[11,6],[8,0],[2,-7],[-10,-4],[-4,-7],[9,1],[-1,-13],[7,-10],[-1,-7],[-2,-21],[2,-18],[9,-12],[2,-12],[5,-16],[10,-10],[7,-14],[8,-14],[13,-11],[16,-9],[-2,-2]],[[8993,8367],[-21,-19],[-8,-7],[4,-8],[-7,-6],[-7,1],[-7,4],[-5,6],[-3,2],[-5,-1],[-6,0],[-10,3],[-13,3],[-10,8],[-8,0],[-5,-15],[-6,-20],[-8,-14],[-9,-15],[-12,-17],[-10,-12],[-2,-15],[1,-11],[6,-4],[8,-1],[9,-15],[11,-19],[7,-11],[6,-10],[-5,-11],[-1,-9],[12,-4],[4,-11],[1,-15],[0,-15],[2,-14],[8,-18],[3,-19],[4,-21],[-7,-17],[5,-22],[2,-17],[2,-25],[-3,-21],[-6,-12],[-7,-13],[-12,-15],[-12,-11],[-8,-13],[-5,-13],[1,-14],[1,-8],[7,-6],[18,1],[4,-18],[6,-25],[-19,-18],[0,-14],[0,-16],[9,-9],[9,-5],[8,-8],[-1,-11],[-7,-14],[-7,-5],[-9,-4],[-12,-8],[-12,-1],[-14,5],[-4,-17],[-10,-1],[-13,-5],[-9,-6],[-4,-8],[-3,-12],[-8,-9],[-11,2],[-5,-6],[-2,-12],[-1,-10],[-4,-1],[-2,11],[-5,10],[-7,8],[-10,2],[-7,-5],[1,-11],[0,-20],[-4,-19],[-2,-15],[2,-14],[7,-14],[9,-10],[16,-14]],[[8002,7856],[3,21],[6,18],[4,19],[1,17],[3,19],[5,15],[1,13],[-1,16],[9,5],[3,15],[2,12],[6,11],[6,10],[5,8],[3,10],[1,13],[1,12],[0,13],[3,10],[2,5],[6,6],[2,13],[6,9],[3,8],[1,7],[-2,7],[0,10],[0,9],[-2,3],[-4,-2],[-3,-1],[-3,2],[0,5],[2,5],[-6,2],[0,7],[2,5],[4,3],[7,3],[4,5],[-1,7],[0,3],[4,6],[4,6],[3,8],[-3,9],[-3,9],[-2,10],[0,15],[1,18],[6,10],[5,8],[7,9],[3,12],[6,16],[2,11],[0,8],[-6,1],[-6,-5],[-4,4],[-6,5],[-6,2],[-5,3],[-1,6],[-7,-3],[-1,10],[1,7],[0,11],[2,13],[4,6],[9,-4],[7,0],[8,1],[8,8],[5,11],[5,15],[6,13],[5,15],[3,9],[7,10],[11,14],[10,-5],[9,-2],[8,4],[6,9],[6,6],[13,-1],[12,0],[14,-2],[2,13],[-10,-2],[2,17],[3,13],[11,12],[4,13],[4,14],[0,12],[-3,19],[-6,12],[-8,9],[-4,6],[-2,9],[-2,14],[2,14],[5,10],[6,8],[4,8],[2,15],[-7,15],[-8,16],[1,22],[4,18],[4,22],[-2,16],[1,18],[2,25],[1,24],[-15,26],[-1,11],[-4,8],[-1,13],[1,21],[5,19],[5,6],[7,1],[13,13],[15,35],[0,9],[7,8],[0,1],[10,22],[2,5],[6,18],[16,9],[8,-1],[20,20],[6,17],[18,12],[5,5],[1,13],[10,2],[5,-5],[19,-3],[15,-5],[13,41],[2,3],[9,-5],[9,19],[3,1],[17,-3],[10,-11],[2,-9],[13,-13],[10,-4],[23,-4],[12,-5],[9,31],[-6,15],[5,21],[0,6],[-4,2],[11,60],[4,-1],[7,11],[-2,7],[2,8],[-3,2],[1,4],[12,15],[4,10],[1,20],[9,7],[1,7],[-1,6],[-3,6],[-5,2],[12,48],[2,7],[-3,13],[0,12],[6,13],[11,64],[15,-2],[0,-16],[37,-11],[16,1],[6,-7],[22,-13],[3,-5],[9,40],[7,12],[13,2],[7,7],[11,5],[11,-5],[12,-13],[12,-7],[4,-11],[15,-1],[83,-51],[5,1],[9,-8],[11,1],[1,-7],[10,4]],[[2297,4835],[18,-12],[75,-34],[8,14],[8,0],[4,5],[4,1],[2,-7],[-5,-24],[24,-7],[12,-10],[5,-10],[-1,-18],[-17,-91],[-1,-14],[1,-12],[15,-28],[3,-19],[-3,-28],[1,-20],[12,-31],[-2,-7],[-12,-22],[-11,-30],[-6,-9],[-8,-6],[-11,-13],[-9,-7],[-12,-34],[-31,-36],[-6,-8],[-3,-9],[22,-36],[21,-28],[7,-5],[10,-1],[25,15],[26,-13],[12,-26],[-8,-8],[-9,-14],[1,-38],[-2,-13],[5,-15],[9,-14],[16,-12],[13,-7],[16,-4],[3,8],[-1,36],[3,13],[6,12],[17,24],[14,-6],[4,-11],[-2,-25],[12,-12],[26,-51],[15,-9],[16,3],[10,5],[10,0],[10,-5],[14,-13],[12,-29],[24,-30],[14,-7],[25,-9],[16,14],[7,-6],[9,-15],[13,-16],[15,-5],[19,3],[14,11],[17,-8],[11,19],[15,2],[8,11],[7,0],[7,-8],[8,0],[7,-13],[9,-10],[13,0],[15,3],[13,4],[10,26],[42,32],[21,-1],[10,-21],[8,-8],[38,-6],[19,1],[15,4],[2,-12],[8,-7],[2,-7],[-9,-47],[-4,-39],[1,-6],[4,-4],[6,0],[27,4],[18,7],[3,7],[4,21],[3,4],[7,3],[15,0],[23,6],[9,10],[5,12],[2,17],[5,9],[8,7],[27,0],[10,-5],[12,-10],[20,15],[15,3],[15,9]],[[3371,3994],[15,13],[13,7],[12,-18],[8,-2],[13,-27],[-1,-6],[-6,-8],[-24,-27],[-21,-35],[-5,-22],[-2,-34],[1,-16],[5,-3],[17,-6],[12,-9],[1,-7],[-7,-7],[3,-19],[21,-13],[17,-7],[18,-16],[11,-2],[13,-8],[2,-9],[-2,-17],[-12,-28],[-13,-4],[-6,-18],[-36,-21],[-8,1],[-5,-3],[2,-9],[6,-5],[17,-8],[-2,-30],[-8,-26],[-30,10],[-15,2],[-11,-10],[-5,-18],[-4,-39],[-9,-29],[2,-19],[7,-11],[-2,-29],[2,-8],[17,-19],[3,-6],[-11,-30],[-10,3],[-41,-6],[-4,-11],[2,-14],[7,-15],[7,-22],[1,-27],[8,-8],[35,-16],[15,-13],[2,-21],[15,-17],[5,-22],[7,-19],[7,-5],[10,3],[9,-2],[5,6],[-1,14],[4,2],[5,-5],[6,-11],[11,-13],[1,-6],[-11,-21],[4,-10],[4,-3]],[[3467,3080],[6,-4],[1,-10],[2,-21],[-9,-14],[1,-32],[3,-30],[5,-26],[12,-7],[25,10],[19,3],[27,-8],[13,-10],[10,-20],[11,-12],[9,-15],[10,5],[10,1],[2,-12],[-5,-29],[4,-8],[3,-9],[-2,-13],[-9,-30],[-4,-4],[-1,19],[-17,15],[-11,4],[-12,-8],[-7,-18],[-11,-55],[14,-1],[5,-3],[0,-26],[-7,-53],[11,-34],[18,-48],[3,-6],[-1,-22],[7,-11],[6,-35],[0,-19],[-2,-19],[-8,-4],[-5,0],[-35,-8],[-13,-43]],[[3545,2410],[-22,-8],[-11,-11],[-13,-11],[-12,2],[-11,7],[-29,37],[-11,-7],[-11,-19],[-7,-41],[-15,-21],[-16,-3],[-8,-8],[-2,-14],[-6,-11],[-15,-12],[-16,-8],[-13,9],[-6,23],[-11,8],[-13,6],[-6,19],[-15,10],[-14,7],[-7,-9],[-2,-19],[3,-24],[13,-31],[16,-29],[0,-25],[-5,-10],[-12,4],[-22,18],[-10,13],[-2,13],[-7,17],[-15,15],[-10,-4],[-8,-18],[3,-24],[7,-35],[0,-18],[-12,-14],[-20,7],[-11,1],[-7,17],[-9,2],[-8,11],[0,25],[8,48],[4,23],[-1,51],[-11,-1],[-4,-9],[-4,-28],[-16,13],[-3,54],[11,29],[-21,-3],[-14,1],[-17,7],[-12,7],[-30,17],[-12,2],[-8,-12],[-7,-19],[-14,-12],[0,-13],[8,1],[0,-9],[9,-16],[4,-4],[-8,-25],[-30,4],[-18,-9],[-6,-15],[-2,-17],[1,-11],[-7,-19],[-37,-17],[-18,5],[-3,-11],[-8,-16],[-13,-2],[-12,13],[-7,20],[-9,-19],[-20,-8],[-32,4],[-33,-4],[-5,-13],[3,-10],[-27,-29],[-14,3],[-9,14],[-6,10],[-13,13],[-9,4],[-22,5],[5,10],[5,19],[9,16],[-13,7],[-19,34],[-12,14],[-9,-1],[-7,-5],[-2,-32],[-4,-15],[-14,-6],[-1,-11],[-10,9],[-11,17],[-9,21],[10,15],[13,2],[12,13],[12,0],[24,4],[9,11],[7,22],[-3,29],[-11,12],[-39,-1],[-10,11],[-53,2],[4,77],[-64,33],[-22,3],[-17,5],[-12,-4],[-1,-8],[0,-55],[-12,-14],[-11,-3],[-24,8],[10,-30],[0,-22],[-26,-40],[-8,-40],[-5,-7],[-8,2],[-12,15],[-9,15],[-15,-1],[-10,-3],[4,-15],[-7,-9],[-17,-6],[-10,-12],[-7,-14],[-11,3],[-12,7],[-21,12],[-5,-5],[10,-26],[-10,-12],[-24,0],[-13,26],[-14,22],[-10,5],[-2,0],[-13,2],[-45,24]],[[2073,2374],[-2,17],[7,31],[13,19],[12,4],[4,10],[14,2],[3,13],[2,21],[11,20],[6,55],[-4,-2],[0,25],[4,17],[20,30],[12,2],[7,-4],[8,1],[12,12],[22,-8],[26,12],[0,13],[3,9],[10,5],[2,6],[-3,17],[5,19],[1,15],[-4,14],[-8,2],[-4,9],[11,23],[22,22],[7,21],[-1,44],[-6,11],[-9,10],[-6,9],[-3,9],[-1,29],[-2,14],[-7,17],[-6,8],[-19,-1],[-29,4],[-10,-7],[-25,16],[-15,1],[-14,-8],[-9,-13],[-16,-14],[-38,-17],[-23,-2],[-14,29],[-7,24],[5,15],[1,14],[-8,-3],[-12,-23],[-16,-19],[-8,-7],[-20,5],[-9,22],[-23,-1],[-21,-11],[-5,3],[-6,27],[-23,36],[-10,16],[7,32],[-3,12],[-18,14],[-24,-4],[-5,-6],[-3,-25],[-6,-14],[3,-20],[-1,-5],[-10,-11],[4,-29],[2,-24],[-8,-18],[-28,-20],[-15,-1],[-9,33],[3,22],[-2,17],[-12,30],[-2,23],[-13,36],[-10,22],[-5,14],[-2,18],[-1,25],[4,25],[2,10],[10,19],[2,12],[-1,30],[-4,12],[-6,10],[-22,3],[-8,3],[-5,15],[-11,21],[-16,16],[-21,14],[-24,1],[-21,-8],[-12,8],[-5,8],[-7,24],[-6,11],[-16,18],[-12,5],[-8,8],[-5,11],[-1,12],[-7,20],[-2,13],[4,22],[6,19],[2,6],[10,26],[10,18],[15,15],[11,20],[5,21],[-1,13],[-9,15],[-3,10],[0,14],[3,39],[-7,20],[2,16],[16,82],[0,24],[2,12],[7,10],[2,7],[-10,36],[1,11],[22,65]],[[1605,4026],[3,-1],[41,-4],[9,23],[16,10],[14,5],[3,6],[4,18],[21,-16],[9,1],[9,-16],[9,-6],[56,-21],[58,-18],[5,2],[11,31],[9,5],[46,9],[6,7],[29,17],[6,14],[12,47],[19,27],[-3,16],[-13,54],[-1,16],[1,13],[5,12],[1,18],[-4,18],[-11,35],[1,17],[5,17],[17,19],[21,12],[17,15],[0,9],[16,19],[9,43],[3,7],[6,-2],[26,-25],[25,-3],[0,24],[1,4],[20,6],[2,15],[-2,33],[-3,20],[7,31],[-4,29],[-1,39],[-2,19],[-12,50],[-1,13],[34,12],[12,8],[7,9],[-6,32],[9,4],[13,13],[11,5],[6,6],[37,-11],[12,8],[24,-13],[12,3]],[[4983,5809],[-22,14],[-60,-37],[-65,-41],[-62,-77],[-52,-86],[-37,-83],[-34,-78]],[[4651,5421],[-66,-39],[-16,-10]],[[4569,5372],[4,-6],[3,-4],[7,-6],[4,-4],[6,-5],[6,-6],[4,-7],[0,-6],[3,-7],[8,-9],[5,-9],[2,-13],[-1,-7],[-3,-7],[-3,-5],[-6,-13],[-12,-23],[-6,-10],[-6,-8],[-5,-5],[-2,-6],[0,-4],[-5,-2],[-2,-1],[-2,-2],[-1,-6],[-1,-3],[-4,-1],[-3,-6],[-1,-8],[2,-63],[-3,-25],[0,-3],[-30,-15],[-57,-25],[-24,18],[-21,8],[-19,8],[-21,8],[-38,22],[-26,15],[-35,-5],[-39,-19],[-27,-12],[-54,9],[-34,16],[-54,5]],[[4078,5115],[-3,4],[-15,2],[-42,21],[-21,6],[-17,-53],[-14,-21],[-3,-19],[-16,-36],[-17,24],[-8,-7],[-54,-13],[-9,-5],[-9,1],[-28,-7],[-17,11],[-32,6],[-15,-3],[3,12],[-15,18],[-16,13],[-12,16],[-2,11],[7,15],[12,-1],[9,6],[-3,14],[1,12],[-4,11],[-22,-7],[-1,0],[-5,3],[-4,10]],[[4328,6932],[22,-31],[10,7],[6,11],[17,14],[12,6],[4,32],[13,17],[0,23],[1,11],[3,11],[6,7],[17,5],[27,12],[10,-1],[9,4],[5,8],[9,18],[11,-14],[8,-11],[2,-11],[-1,-14],[0,-19],[21,0],[17,5],[16,-6],[8,-25],[10,1],[5,7],[4,10],[7,3],[12,-4],[24,-14],[16,-3],[10,-2],[23,-22],[13,21],[6,16],[7,10],[11,-1],[11,-5],[6,2],[11,33],[4,9],[5,5],[7,-3],[21,-18],[13,-5],[7,6],[2,7],[1,19],[5,4],[9,-2],[12,-40],[7,-10],[9,-4],[10,4],[11,12],[8,3],[8,-3],[6,-23],[7,-10],[24,-7],[14,0],[14,18],[4,-9],[-5,-22],[1,-12],[-12,-23],[-7,-44],[-6,-4],[-8,1],[-10,6],[-8,-2],[-6,-7],[3,-16],[-16,-33],[-18,-55],[-22,4],[-29,-13],[-8,-14],[-4,-19],[-4,-30],[-8,5],[-4,-6],[-21,10],[-13,-25],[-13,-1],[-5,-4],[-19,4],[0,-13],[-16,-55],[20,-20],[-5,-12],[-6,-7],[-15,-4],[-21,7],[-6,-6],[-8,-33],[-8,-25],[7,-11],[12,-11],[14,-4],[22,0],[32,-6],[14,0],[17,-5],[13,-11],[7,-11],[2,-16],[16,-14],[10,-17],[4,-13],[2,-20],[12,-1],[33,11],[16,-1],[25,-8],[9,-3],[15,-1],[19,17],[13,-11],[7,-10],[16,-11],[11,-17],[9,-23],[39,-39],[10,-1],[9,5],[17,-2],[9,5],[14,19]],[[8406,6084],[5,-21],[9,-8],[2,-12],[1,-15],[6,-13],[4,-8],[1,-1],[1,-1],[1,-2],[1,-1],[1,-1],[1,0],[1,-1],[1,0],[1,-1],[1,0],[1,0],[1,0],[1,0],[1,0],[1,0],[2,1],[1,0],[1,1],[1,0],[0,1],[1,1],[1,1],[1,1],[0,1],[1,3],[1,2],[8,9],[4,-11],[-1,-12],[10,-22],[3,-9],[-5,-8],[-11,-11],[-3,-24],[5,-12],[6,-7],[10,5],[19,-23],[19,0],[11,-5],[-3,-25],[3,-26],[-15,-14],[6,-23],[0,-17],[14,-64],[-8,0],[4,-25],[-15,-20],[-9,2],[-6,-6],[-17,-27],[-12,5],[-7,10],[5,6],[-7,36],[-10,17],[8,12],[-2,6],[-5,10],[-9,8],[-9,-9],[-9,-20],[4,-16],[-6,-30],[5,-12],[-2,-8],[1,-29],[9,-7],[-7,-27],[3,-16],[9,-11],[2,-14],[6,-11],[-21,-33],[-6,-5],[-8,-4],[-11,1],[-10,-7],[-20,13],[-3,10],[8,12],[4,23],[8,1],[8,5],[8,11],[2,14],[-18,7],[-11,7],[-13,-20],[-8,-2],[-12,8],[-9,-20],[-8,4],[-11,-16],[-6,-5],[-6,1],[0,16],[14,14],[1,10],[-18,8],[-7,-12],[-8,-4],[-8,2],[-8,11],[-8,5],[-5,8],[-22,13],[-8,2],[-12,-9],[-14,8],[-5,6],[-6,3],[-10,-4],[-7,-13],[4,-13],[-1,-10],[2,-11],[16,-15],[18,-28],[17,-32],[11,8],[7,-2],[9,-24],[-23,-47],[-5,-15],[-10,-12],[-11,5],[-10,11],[-12,-11],[-20,-4],[-24,6],[-6,6],[10,3],[3,6],[0,8],[-8,3],[-10,-11],[-4,-7],[-22,29],[-10,1],[-6,-6],[-8,-7],[-17,11],[-8,10],[-19,3],[-15,8],[-49,61],[-26,11],[-19,19],[-24,16],[-17,3],[-31,9],[-17,19],[-11,7],[-8,-1],[-8,-8],[-4,-9],[-4,-28],[-10,-11],[-17,-9],[-15,6],[-17,15],[-6,11],[-3,36],[-37,40],[-7,-2],[-18,3],[-8,-10],[-15,-9],[-10,-20],[-10,-13],[0,-14],[15,-3],[-4,-42],[10,-23],[-1,-12],[5,-9],[2,-16],[-7,-8],[-5,-14],[-11,-3],[0,23],[-8,17],[-1,22],[-4,29],[-22,-6],[-8,-8],[-6,-21],[-21,-31],[-20,-8],[-20,-18],[-11,-6],[-15,3],[-10,6],[-5,12],[2,18],[-3,11],[-6,8],[-7,5],[-6,-2],[-10,-1]],[[4911,2849],[-14,7],[-30,-41],[-21,-35],[-6,-13],[3,-17],[3,-5],[16,1],[27,-9],[-7,-11],[-19,-19],[-7,-13],[-17,-44],[-40,-14],[-2,13],[0,25],[-2,19],[-24,-18],[-10,-14],[-6,-11],[-16,7],[1,-8],[-8,-6],[4,-31],[-9,-25],[-11,-4],[-4,-21],[-1,-17],[-13,-5],[5,-25],[-1,-35]],[[4702,2480],[-9,-4],[-17,-20],[-9,-1],[-19,9],[-19,4],[-25,-14],[-15,1],[-13,4],[-9,12],[-2,13],[-8,24],[-3,3],[-9,2],[-7,6],[-5,22],[-5,10],[-7,8],[-26,-11],[-5,12],[-8,3],[-13,21],[-16,1],[-23,-8],[-4,14],[8,25],[-6,26],[-8,5],[-24,-10],[-3,1],[-32,28],[-3,21],[-9,5],[-19,-2],[-3,16],[-19,-8],[-26,-4],[-7,5],[-7,-1],[-5,6],[-6,-4],[-3,-17],[-6,-9],[-14,3],[-17,-6],[-4,-8],[-3,5],[-4,-9],[-7,4],[-2,-3],[-9,-16],[-3,-11],[-6,5],[-10,-7],[0,-10],[-4,-5],[1,-14],[-3,-12],[-9,-3],[-6,5],[-7,-8],[-14,-27],[-11,-1],[-20,8],[-14,2],[-12,-11],[-15,-29],[-21,-17],[-12,-12],[-6,10],[-4,-16],[-10,-1],[-3,7],[9,18],[1,10],[-6,4],[-19,-1],[-9,14],[-11,11],[-11,4],[-14,-7],[-7,-9],[-5,-16],[8,-6],[-25,-46],[-17,-84],[0,-38],[-2,-18],[2,-22],[14,-20],[-2,-10],[-7,-10],[-22,-2],[-6,-4],[0,-15],[3,-10],[-3,-16],[5,-6],[-1,-10],[-9,-10],[-10,-14],[-2,-20],[1,-23],[3,-19],[-8,-11],[-1,-31],[-5,-17],[-3,-29],[-41,-22],[-1,-17],[-6,-15],[-4,-21],[-7,-16],[-10,-4],[-7,-16],[-7,-11],[0,-8],[22,-17],[7,-9],[13,-28],[-5,-28],[-6,-14],[1,-21],[-6,-7],[-20,-4]],[[3763,1776],[-7,8],[-5,12],[-5,21],[0,37],[1,13],[-6,10],[-26,9],[-3,8],[2,29],[-11,40],[10,50],[10,37],[-9,14],[-14,8],[-12,11],[-4,18],[14,46],[8,36],[4,29],[7,29],[0,21],[-9,17],[-5,17],[-9,17],[-35,5],[-14,12],[-7,19],[-15,6],[-9,11],[-7,37],[-4,5],[-10,-2],[-21,4],[-27,0]],[[3467,3080],[54,11],[35,48],[27,86],[1,37],[31,54],[34,17],[21,24],[11,74],[12,68],[1,31],[13,111],[79,58],[98,-5],[59,29],[55,47],[59,3],[42,-58],[92,-23],[2,2],[14,-33],[29,-28],[32,-41],[19,-6],[20,13],[7,21],[2,30],[16,2],[10,-18],[6,-17],[21,-17],[26,-9],[19,19],[13,6],[13,-3],[29,-22],[11,-18],[74,-11],[32,8],[9,22],[2,45],[9,41],[14,11],[27,6],[14,29],[6,44],[19,22],[39,0],[56,78],[68,-16],[-16,-61],[-43,-109],[-34,-166],[21,-88],[97,-42],[13,-32],[-28,-110],[-20,-42],[30,-126],[46,-83],[8,-50],[-12,-94]],[[3779,7134],[19,-4],[7,6],[7,28],[6,9],[23,15],[12,30],[9,0],[3,-2],[14,9],[45,20],[16,-1],[5,19],[14,10],[11,5],[-1,7],[-6,5],[-3,7],[-2,17],[-5,5],[-6,24],[-13,7],[-6,6],[-1,10],[3,11],[5,4],[22,9],[9,0],[5,-3],[14,5],[14,2],[17,0],[18,-3],[9,16],[27,-1],[17,-4],[10,24],[15,1],[9,27],[15,19],[17,8],[33,1],[26,-3],[-2,7],[3,12],[-1,16],[-4,14],[-1,16],[7,22],[11,5],[20,1],[33,-6],[13,-6],[8,3],[20,2],[14,5],[17,0],[33,5],[19,0],[27,8],[1,8],[12,6],[14,12],[17,11],[7,2],[10,-1],[35,-23],[13,-4],[19,10],[9,2],[22,-3],[33,26],[19,1],[12,8],[6,-5],[11,4],[7,-6],[0,-5],[5,-9],[6,-3],[1,-21],[-2,-13],[5,-5],[22,-5],[8,-10],[34,23],[5,11],[8,42],[-1,18],[-4,15],[-3,7],[0,5],[5,1],[10,-4],[19,-15],[5,-9],[3,2],[1,11],[17,4],[8,9],[-5,20],[3,19],[-11,8],[-2,8],[3,23],[5,15],[11,11],[14,8],[11,-8],[20,-9],[15,1],[21,-20],[2,-17],[14,-6],[15,3],[23,-10],[24,-7],[44,11],[12,18],[7,15],[0,8],[-2,7],[-4,4],[3,59],[-6,33],[-7,17],[-3,14],[-2,10],[-5,6],[-1,12],[6,31],[0,11],[-6,8],[-2,8],[0,13],[-20,14],[-5,8],[3,15],[65,20],[16,21],[20,37],[0,11],[5,12],[10,12],[3,10],[1,34],[6,22],[-6,12],[-4,17],[0,18],[3,16],[9,20],[2,16],[5,7],[19,10],[4,36],[11,5],[4,23],[6,24],[5,14],[4,4],[22,-8],[24,-14],[5,0],[10,-8],[7,-11],[0,-14],[2,-3],[17,-12],[4,4],[14,-5],[53,-12],[5,14],[11,23],[10,6],[10,2],[32,-5],[25,-1],[22,-7],[30,-15],[25,-25],[-5,-18],[31,-47],[6,-25]],[[1479,5402],[15,9],[7,-5],[10,-15],[11,6],[5,31],[29,27],[-7,21],[-1,26],[19,23],[8,37],[15,22],[39,12],[13,17],[6,20],[38,60],[19,10],[30,9],[17,54],[-12,71],[52,-20],[31,-6],[35,-23],[11,-31],[28,1],[4,-8],[0,-22],[18,0],[3,17],[15,2],[24,35],[8,6],[15,-4],[-3,-26],[-16,-35],[-5,-16],[3,-40],[20,25],[0,12],[38,13],[31,3],[18,37],[27,-12],[20,-16],[27,7],[14,5],[-5,28],[7,8],[11,51],[3,25],[5,9],[36,-27],[87,-26],[36,41],[45,3],[18,37],[9,2],[8,-5],[9,-18],[20,3],[1,-17],[4,-12],[15,-21],[3,-18],[-3,-14],[-15,-2],[-3,-27],[5,-9],[20,-17],[7,-41],[10,2],[16,13],[-1,-18],[27,16],[19,1],[17,4],[0,12],[-3,12],[-9,16],[-2,20],[24,21],[40,3],[35,-4],[16,27],[-6,21],[-1,15],[4,24],[27,31],[7,11],[3,23],[-5,22]],[[3513,5159],[3,-21],[-2,-15],[-5,-18],[-12,5],[-16,13],[-11,-12],[-4,-11],[-15,-9],[-3,-10],[4,-18],[-19,-20],[-8,-15],[-1,-7],[4,-9],[-11,-34],[1,-11],[5,-7],[43,-30],[1,-12],[0,-36],[6,-37],[-3,-21],[-21,-70],[-3,-15],[2,-16],[5,-11],[-3,-37],[-23,8],[-8,-21],[-9,-9],[-10,1],[-3,8],[-1,15],[1,44],[-3,20],[-1,18],[-5,9],[-8,-10],[-12,-58],[-8,-3],[-14,0]],[[3346,4697],[-21,0],[-8,-39],[-9,-3],[-5,-8],[-13,3],[-8,-18],[-6,-7],[-69,31],[-2,12],[4,51],[-4,10],[-7,1],[-22,-18],[-9,-1],[-6,10],[1,32],[-6,2],[-7,-6],[-1,-13],[-1,-19],[2,-12],[-3,-16],[-1,-29],[-6,-2],[-11,3],[-5,10],[-3,16],[7,34],[1,17],[-19,4],[-5,5],[-2,17],[-12,7],[-3,7],[0,25],[-6,21],[-11,13],[-11,6],[-12,3],[-5,6],[-3,50],[-3,13],[-6,3],[-3,10],[-6,8],[-8,4],[-8,-4],[-3,-11],[-1,-31],[-3,-9],[-9,-10],[-11,-4],[-29,-16],[-15,-4],[-12,-10],[-11,-6],[-7,0],[-4,38],[-10,12],[-23,14],[-3,10],[-3,36],[-4,19],[-9,20],[-14,18],[-9,16],[-7,4],[-7,-8],[-30,-10],[-8,0],[-9,-8],[-6,-1],[-7,4],[-18,24],[-24,-7],[2,-32],[-9,-40],[-6,-64],[-2,-8],[-9,-3],[-29,-4],[-25,42],[-2,8],[4,18],[0,15],[-16,25],[-20,51],[-5,4],[-12,-5],[-6,2],[-40,22],[-8,1],[-19,-8],[-13,-30],[-19,0],[-13,-5],[-12,-13],[-16,-30],[-4,-16],[1,-17],[4,-14],[1,-10],[-13,1],[-11,11],[-14,11],[-8,3],[-7,-9],[-8,-4],[-31,4],[-11,8],[-7,11],[-35,-7],[-1,-13],[4,-33],[-1,-21],[7,-17],[-3,-15]],[[1605,4026],[-4,12],[-16,27],[-23,25],[-3,7],[-3,28],[-6,11],[-2,7],[4,3],[4,2],[-1,0],[-7,8],[-12,6],[-25,2],[-10,-3],[-2,-1],[-8,-11],[-12,-25],[-9,-27],[-2,-4],[-29,9],[-21,11],[-18,15],[-10,14],[-7,14],[-2,21],[4,35],[18,43],[4,19],[0,20],[3,17],[-3,14],[-18,48],[0,23],[4,3],[17,13],[11,44],[10,18],[8,10],[10,24],[3,2],[15,8],[1,2],[5,7],[8,25],[1,38],[6,14],[15,55],[-3,17],[9,47],[-5,26],[2,39],[-4,13],[1,15],[-5,8],[-16,16],[-23,44],[-1,7],[4,11],[4,2],[5,4],[0,1],[-1,10]],[[3346,4697],[-2,-17],[9,-6],[10,-20],[30,-8],[5,-7],[12,-34],[22,-3],[27,-20],[2,-27],[9,-16],[3,-11],[-7,-32],[-14,-23],[-7,-20],[-5,-8],[-8,-3],[-9,-30],[-25,-29],[-11,-25],[-11,-21],[-8,-19],[-1,-11],[2,-8],[1,-15],[3,-7],[-8,-15],[-10,-11],[-9,-5],[0,-9],[7,-16],[11,-32],[-22,-31],[2,-9],[5,-6],[8,-2],[28,-16],[1,-31],[5,-32],[-20,-68]],[[9695,8216],[17,-21],[27,-10],[18,-11],[14,-5],[7,1],[9,15],[6,12],[10,-8],[4,-8],[3,-13],[4,-11],[7,-9],[11,2],[11,-5],[3,-9],[2,-11],[0,-8],[-1,-6],[-4,2],[-4,-2],[-3,-10],[-3,-12],[6,-8],[-3,-14],[-2,-13],[-9,-14],[-7,-12],[-7,-11],[1,-12],[8,-11],[10,-6],[11,3],[7,-7],[7,-8],[11,-6],[4,-11],[-7,-11],[-3,-10],[-2,-14],[0,-14],[-1,-15],[-3,-13],[-4,-6],[-5,-3],[-4,0],[-7,3],[-10,5],[-7,-2],[-4,-6],[-5,-8],[5,-7],[10,-2],[8,2],[7,4],[8,1],[-1,-10],[-1,-8],[1,-10],[-1,-12],[-4,-3],[-7,1],[-5,3],[-6,-2],[-6,-3],[-6,2],[-7,5],[-7,4],[-5,4],[-4,-2],[-3,-6],[-2,-8],[2,-5],[4,2],[1,-3],[5,2],[7,-7],[10,-6],[4,1],[2,8],[10,1],[11,-1],[9,0],[11,0],[0,-11],[-1,-15],[4,-9],[1,-7],[-2,-8],[-4,-11],[-3,-11],[-5,-4],[-8,3],[-5,-3],[-3,-5],[-9,-3],[-3,-15],[-1,-8],[-5,-27],[-15,0],[-8,-5],[-18,0],[-6,-1],[-3,-6],[-1,-6],[-7,-4],[-9,-2],[-6,4],[-7,5],[-2,-2],[1,-10],[-4,-8],[-6,5],[-9,5],[-13,6],[-17,5],[-5,4],[-2,12],[-1,9],[-7,5],[-7,5],[-6,8],[-5,5],[-6,6],[-8,3],[-6,2],[-7,-1],[-9,6],[-9,4],[-12,4],[-12,-1],[-22,-1],[-3,-17],[-1,-13],[12,1],[10,-2],[17,-8],[13,-9],[10,-9],[6,-11],[7,-13],[5,-15],[3,-12],[-1,-8],[-4,-7],[-8,3],[-6,-7],[1,-10],[-1,-16],[1,-16],[3,-11],[4,-10],[0,-9],[-3,-8],[-2,-7],[0,-7],[3,-8],[-4,-6],[-9,-6],[-3,-9],[2,-9],[3,-9],[8,2],[5,9],[4,11],[1,9],[1,9],[0,8],[3,7],[3,3],[2,-4],[0,-10],[2,-4],[4,-8],[3,-9],[-1,-7],[-3,-6],[1,-7],[4,-2],[7,4],[7,-2],[3,4],[-1,7],[5,2],[2,-6],[-1,-6],[-2,-7],[-1,-5],[-2,-8],[-7,1],[-8,-3],[-6,-14],[-3,-11],[5,-5],[5,-6],[3,-8],[6,-5],[-3,-9],[3,-9],[-1,-10],[-3,-11],[-2,-5],[0,-7],[-8,2],[-10,2],[-9,-7],[-3,-8],[-3,-6],[0,-5],[-6,-6],[-2,-7],[-7,1],[-4,-6],[-2,-9],[-4,-8],[5,-8],[4,-7],[0,-9],[-5,-6],[-8,-9],[-3,-13],[7,-8],[11,-3],[12,2],[6,6],[8,14],[2,-10],[5,-8],[1,-8],[2,-8],[-5,-7],[-7,-2],[-6,-5],[-7,-6],[-8,1],[-4,-11],[0,-10],[4,-3],[6,1],[2,-5],[-2,-14],[0,-11],[-8,-4],[-8,-12],[-5,-15],[-6,-12],[-5,-22],[-7,-10],[-6,-10],[-8,-12],[-7,-12],[-4,-15],[-7,-5],[-7,-16],[-1,-15],[8,-9],[0,-7],[-4,-6],[-5,-4],[-2,-7],[2,-12],[-4,-15],[-5,-13],[-8,4],[-9,-10],[-5,-5],[-6,-6],[-5,-15],[-10,-2],[1,-9],[-7,-3],[-7,-1],[-6,-4],[-7,4],[-9,1],[-9,6],[-11,6],[-1,-16],[-1,-11],[-3,-7],[-4,-7],[-4,-11],[2,-8],[1,-11],[-3,-12],[-4,-12],[-11,0],[-10,-7],[-9,-6],[-8,-8],[-4,-12],[-4,-7],[-7,0],[-9,1],[-7,-7],[-4,-5],[-7,3],[-7,4],[-4,-9],[-3,-11],[-4,-8],[-6,3],[-5,11],[-4,10],[-2,9],[-4,6],[-12,3]],[[8993,8367],[2,-1],[4,-2],[25,9],[24,13],[9,17],[4,51],[8,1],[43,-39],[7,-5],[11,-5],[33,-9],[27,-2],[15,-4],[9,-6],[4,-11],[-2,-11],[-6,-9],[-12,4],[-16,10],[-9,4],[-9,0],[4,-21],[6,-15],[10,-11],[19,-14],[35,-15],[37,-19],[34,-18],[28,-16],[38,-37],[8,-6],[24,-15],[18,-5],[8,3],[10,13],[2,14],[3,58],[7,21],[11,8],[10,3],[18,-12],[17,-43],[12,-14],[11,-6],[11,-3],[14,3],[9,6],[9,0],[4,-12],[3,-45],[3,-18],[2,-10],[7,-12],[12,-3],[6,1],[19,11],[23,20],[11,16],[25,33],[3,4]],[[2484,6903],[19,5],[3,-7],[-2,-10],[-7,-6],[20,-29]],[[1234,6568],[-11,11]],[[1172,7581],[23,11],[51,18],[33,10],[13,1],[10,5],[9,11],[8,13],[25,31],[20,29],[16,33],[16,27],[15,55],[28,67],[21,-7],[27,-11],[2,-12],[9,-3],[10,7],[5,-4],[5,-15],[6,-3],[3,-8],[11,1],[18,-21],[-4,-15],[6,-2],[12,-35],[-4,-9],[3,-10],[11,1],[7,3],[3,-17],[-6,-20],[12,-6],[5,-11],[10,-5],[5,-14],[-2,-21],[8,-15],[2,-22],[13,-19],[9,-8],[2,-6],[-6,-57],[5,-31],[17,-25],[8,-23],[19,-19],[28,15],[5,35],[9,7],[16,5],[7,7],[-6,39],[-1,33],[21,33],[7,0],[24,-6],[8,-14],[-19,-27],[1,-15],[-5,-5],[16,-15],[22,-8],[17,2],[6,15],[0,8],[9,12],[-8,4],[-21,54],[0,15],[19,0],[12,7],[2,17],[25,5],[2,-22],[12,-12],[6,-24],[18,-6],[7,45],[31,8],[-2,-28],[15,-1],[15,-13],[4,-9],[-3,-13],[18,-2],[3,20],[10,-1],[4,10],[10,2],[-2,17],[21,1],[4,13],[-18,7],[-5,30],[23,-3],[28,8],[9,-8],[10,-47],[16,-23],[5,-17],[2,-21],[14,-13],[5,-27],[10,-31],[-1,-18],[-9,-20],[-29,-9],[-30,-18],[-19,-44],[11,-23],[6,-21],[47,-10],[33,-48],[0,-8],[-6,-3],[-18,5],[-9,-17],[7,-10],[14,10],[6,-4],[0,-17],[-4,-16],[13,-19],[13,-10],[-4,-16],[24,-11],[17,-3],[13,-13],[13,1],[14,12],[18,-4],[6,-31],[15,-10],[13,5],[4,-8],[-10,-21],[59,-25],[-9,-50],[-2,-32],[59,8],[4,16],[17,-3],[16,-62]],[[4702,2480],[31,-2],[13,-3],[9,39],[20,9],[18,-6],[11,13],[10,19],[15,-2],[24,-7],[19,-5],[30,-6],[11,23],[12,31],[3,13],[16,1],[13,-1],[7,-1],[14,7],[8,-1],[4,-15],[7,-8],[10,-2],[5,-8],[5,-15],[6,-10],[12,-4],[9,-8],[4,-2],[11,-22],[25,-1],[17,-29],[-6,-17],[-5,-41],[6,-42],[4,-16],[8,-19],[12,-12],[17,-7],[-6,-30],[-10,-9],[-16,1],[-16,7],[-8,0],[-12,-14],[-8,-34],[4,-11],[15,-25],[1,-2],[10,-11],[6,-15],[2,-18],[7,-16],[16,-9],[12,-3],[7,-13],[13,-6],[9,4],[7,12],[7,-2],[14,8],[8,18],[10,6],[12,-2],[16,1],[22,-5],[4,30],[25,-7],[16,9],[-1,11],[-7,-1],[2,10],[7,2],[22,-13],[14,4],[9,5],[8,9],[8,5],[7,-3],[13,-21],[10,-9],[12,-1],[13,37],[6,6],[11,-12],[8,-10],[7,-14],[-1,-14],[-5,-12],[-6,-7],[3,-7],[9,-8],[5,-10],[1,-14],[-1,-20],[-10,-40],[-1,-14],[10,-25],[1,-18],[6,-17],[9,-10],[2,-10],[-6,-9],[-1,-2],[-11,-29],[8,-12],[12,-2],[15,6],[7,-12],[3,-3],[11,-11],[14,-9],[12,-1],[10,-9],[-17,-41],[0,-14],[-4,-14],[-9,-6],[-11,-2],[-2,-1],[-29,-21],[-6,-13],[2,-11],[7,-10],[12,-7],[13,4],[10,-7],[20,-20],[8,-13],[-18,-52],[23,-19],[4,-22],[24,-20],[10,-17],[1,-1],[18,-12],[30,-16],[6,-3],[29,-22]],[[5670,1513],[-6,-7],[3,-17],[-2,-13],[-11,-30],[17,-9],[4,-23],[8,-11],[33,-36],[23,-21],[9,-1],[6,3],[7,7],[6,1],[6,-3],[2,-8],[0,-8],[5,-13],[4,-32],[-3,-14],[5,-6],[2,-11],[5,0],[2,-8],[-3,-13],[6,-6],[3,-7],[-4,-11],[3,-9],[-5,-1],[-1,-9],[-5,4],[-2,-21],[4,-11],[-23,-40],[-29,-31],[6,-15],[6,-6],[14,14],[19,-4],[14,-15],[-2,-6],[-13,-10],[-16,-24],[5,-7],[0,-10],[6,2],[1,-4],[14,-14],[5,3],[9,-4],[8,10],[9,-7],[4,8],[11,2],[6,-1],[2,-6],[-7,-8],[-21,-2],[-2,-6],[-4,-4],[-8,-5],[-8,0],[-8,-4],[-16,-11],[-18,-25],[4,-8],[-3,-7],[-7,-11],[-10,-7],[-17,-18],[1,-28],[-8,-16],[-26,-26],[4,-15],[14,-8],[15,-35],[17,-24],[53,-50],[17,-28],[3,-12],[-26,-37],[-5,-14],[1,-13],[-3,-17],[-16,-20],[-10,-18],[1,-7],[-2,-16],[-9,-16],[1,-24],[2,-9],[14,-22],[-5,-12],[-17,-26],[-7,-20],[-22,-30],[-4,-10],[1,-9],[-5,-15],[-9,-15],[-8,-21],[-9,-15],[-11,-36],[-10,-19],[-4,-13],[-15,-24],[-4,-13],[-9,-7],[-12,2],[-9,6],[-8,-6],[-3,-10],[-9,-12],[-15,-15],[1,-24],[-8,-19],[-4,-27],[5,-10],[-1,-7],[-10,-8],[3,-14],[-1,-4],[-6,0],[-18,35],[-7,0],[-11,-9],[-9,-2],[-22,0],[-53,7],[-14,-2],[-25,-10],[-14,-9],[-8,0],[-6,4],[1,12],[-2,14],[-6,2],[-16,-2],[-9,4],[-36,-9],[-4,3],[-4,5],[-19,7],[-23,18],[-1,21],[-9,34],[5,19],[7,10],[22,20],[8,10],[7,24],[-12,21],[-5,11],[-2,12],[32,61],[6,16],[19,-8],[13,-8],[25,-5],[35,20],[-5,17],[-7,13],[-13,7],[-8,10],[-14,-3],[14,21],[-1,9],[-27,26],[-11,-13],[-7,-3],[-6,-15],[-15,-4],[-11,-16],[-12,-10],[-18,-6],[-15,-9],[-13,-17],[-3,-15],[-10,-13],[-26,-16],[-25,-19],[-10,-1],[-10,-4],[-11,0],[-7,-6],[-18,7],[-18,-2],[-14,-21],[-20,7],[1,25],[-10,4],[-7,16],[-15,23],[-5,10],[-10,11],[-5,16],[-8,10],[-10,0],[-7,-13],[-12,-13],[-10,-5],[-15,-6],[-18,-3],[-5,7],[-3,8],[-8,-8],[-4,-8],[-11,-5],[-12,-1],[-9,7],[-10,13],[-24,15],[-10,2],[-13,-6],[-13,18],[-12,-7],[-20,-6],[-4,11],[-3,12],[-6,7],[-10,6],[-10,13],[-20,15],[-19,9],[-43,15],[-14,16],[-16,7],[-15,21],[-17,13],[-46,25],[-38,27],[-17,8],[-17,2],[-17,6],[-8,-11],[-11,-8],[-13,-2],[-15,2],[-7,9],[-13,-2],[-1,-14],[1,-10],[-11,-25],[1,-16],[7,-23],[-1,-10],[-7,-6],[-10,3],[-17,19],[-15,-7],[-33,1],[-17,-27],[-12,-7],[-21,-19],[-27,-41],[-14,-16],[-14,-23],[-9,-33],[-10,-25],[-12,-22],[-8,-31],[-21,-50],[-11,-38],[-22,-37],[-19,10],[-8,9],[-8,12],[-2,17],[0,32],[2,30],[-9,17],[-39,24],[-12,4],[-7,7],[-10,29],[-5,6],[-9,4],[-6,-6],[-11,-3],[11,-36],[3,-14],[-8,1],[-8,13],[-10,26],[-2,15],[-5,11],[-15,6],[-17,3],[-12,-7],[-21,-6],[-14,-8],[-12,13],[-7,15],[-2,12],[-10,8],[-10,5],[-2,34],[-8,10],[-24,3],[-17,8],[-14,12],[-55,10],[-19,-7],[-9,-17],[-8,-4],[-16,7],[-13,-29],[-10,-9],[-4,-22],[-11,-10],[-19,-8],[-13,-1],[-14,17],[-2,6],[1,20],[7,1],[5,3],[17,16],[55,31],[9,10],[1,18],[7,13],[8,44],[-2,15],[-8,18],[-2,16],[6,10],[11,11],[17,29],[14,10],[4,15],[-6,19],[26,60],[8,30],[15,43],[-3,38],[8,6],[5,16],[-9,28],[-1,21],[2,14],[25,16],[35,30],[15,10],[6,-5],[13,3],[1,29],[-5,14],[4,27],[-14,3],[-14,-3],[-13,-5],[-16,5],[-4,8],[10,23],[5,48],[-23,1],[-5,9],[-12,12],[3,22],[-1,15],[6,24],[11,28],[-5,50],[-8,22],[0,16],[-5,15],[-14,14],[-10,15],[-1,38],[-11,11],[-2,14],[7,15],[23,19],[0,15],[6,16],[-1,19],[-23,16]],[[3739,1511],[10,15],[5,16],[3,27],[6,22],[2,27],[-6,22],[-15,20],[-10,19],[5,11],[8,11],[1,10],[-7,34],[4,13],[9,6],[9,12]],[[5887,1720],[11,34],[6,6],[6,9],[53,46],[7,13],[5,9],[14,17],[10,26],[41,36],[14,20],[10,20],[16,15],[1,41],[6,10],[20,49],[-11,19],[-1,65],[-3,55],[7,23],[-2,25],[-7,6],[-2,31],[-3,6],[5,23],[10,16],[11,6],[6,64],[-1,10],[0,7],[-3,9],[-6,0],[-8,3],[-8,14],[-6,6],[-23,-12],[-3,6],[-3,18],[6,24],[20,20],[2,9],[0,32],[5,11],[31,-14],[14,-25],[8,-6],[23,-13],[0,28],[10,28],[-3,9],[2,21],[-1,43],[6,15],[12,14],[7,4],[13,38],[4,13],[-13,6],[-7,0],[-22,19],[-7,-5],[-7,5],[-4,15],[2,16],[-6,39],[4,12],[6,9],[-6,14],[4,33],[-11,7],[19,63],[18,2],[25,-5],[7,14],[15,2],[10,-4],[13,2],[7,7],[7,17],[3,21],[-8,10],[-5,14]],[[6259,3035],[9,4],[14,2],[12,-1],[22,1],[6,8],[-1,4],[3,3],[11,12],[8,6],[4,6],[8,6],[12,1],[15,-3],[0,-3],[5,-2],[2,3],[3,3],[2,9],[2,0],[4,-3],[1,-6],[0,-6],[-1,-6],[4,-9],[8,-2],[9,-5],[0,-8],[5,-9],[7,1],[22,-9],[14,-10],[5,1],[14,12],[12,-1],[8,-11],[3,17],[18,5],[7,-12],[13,5],[24,-11],[1,-18],[5,-13],[8,-10],[13,-7],[8,10],[7,16],[22,11],[13,23],[33,-13],[19,-1],[2,-8],[8,-6],[5,6],[7,1],[26,-7],[7,10],[19,-9],[9,10],[39,3],[0,-20],[14,-15],[8,-16],[-17,-12],[27,-7],[14,6],[8,12],[-4,1],[29,26],[13,17],[4,-38],[-9,-25],[1,-12],[-13,1],[-12,-4],[2,-9],[-9,-27],[-11,-13],[-12,6],[-11,-3],[-19,7],[-5,0],[3,-7],[-5,-12],[-3,1],[-4,8],[-6,-1],[-6,-25],[-5,-3],[-1,11],[-11,7],[-11,10],[1,15],[-8,1],[-1,-8],[-17,-7],[-9,-16],[1,-17],[-16,-8],[-30,-9],[-9,-12],[-3,-9],[2,-13],[35,-41],[30,-9],[1,-7],[-26,-40],[-9,1],[5,-19],[-5,-22],[2,-23],[-2,-9],[-30,5],[-3,-41],[4,-17],[-1,-16],[2,-20],[-26,-58],[-8,-57],[-11,-10],[7,-29],[13,-7],[15,-17],[23,-17],[9,-12],[22,3],[25,-39],[2,-18],[7,-8],[19,-45],[6,7],[13,-4],[5,-10],[14,-13],[8,-13],[14,-28],[6,2],[-3,17],[4,24],[14,-4],[8,9],[29,-4],[12,12],[15,-16],[7,-13],[12,-9],[41,-39],[14,-16],[23,-1],[11,-10],[14,-16],[15,-8],[17,-11],[9,-21],[18,-12],[13,-21],[-2,-24],[2,-48],[-3,-24],[-6,-38],[3,-17],[1,-20],[10,-11],[20,-6],[6,-22],[-4,-6],[5,-19],[12,-9],[9,5],[25,-6],[2,3],[21,10],[48,11],[47,-17],[61,-1],[8,-6],[8,-23],[8,-11],[-1,-14],[-7,-11],[2,-5],[14,-7],[1,-7],[10,3],[4,-5],[13,-3],[4,-20],[-7,-5],[6,-10],[-1,-9],[-5,-15],[15,-11],[4,-11],[0,-10],[-5,-11],[1,-6],[19,-26],[-16,-16],[4,-9],[9,-5],[2,-5],[0,-9],[-5,-13],[-14,-15],[-8,6],[-6,2],[-15,0],[-13,-4],[-19,9],[-16,3],[-11,-4],[-6,-9],[-1,-15],[9,-30],[5,-29],[13,-12],[-1,-12],[2,-20],[9,-31],[4,-7],[11,-4],[20,0],[22,-9],[35,-6],[29,-12],[27,-17],[16,-15],[12,-16],[2,-11],[-3,-14],[-7,-10],[-5,-16],[6,-29],[-10,-24],[-16,-57],[3,-9],[-4,-27],[2,-14],[16,-23],[8,-9],[14,-2],[34,-27],[11,2],[7,-6],[3,-11],[18,-7],[9,1],[2,-8],[2,-22],[3,-16],[0,-17],[-1,-18],[-5,-2],[0,-16],[2,-13],[-2,-20],[-27,7],[-9,0],[-9,-3],[-14,3],[-8,7],[-8,10],[-1,-3],[-19,-7],[-11,11],[-5,-3],[-12,-1],[-12,6],[-5,-2],[-3,-21],[-6,-13],[-5,26],[-3,4],[-1,14],[-2,-14],[-4,-16],[1,-13],[-2,-9],[-3,-2],[-2,-6],[-5,1],[-4,-7],[-6,-2],[-6,6],[0,6],[4,1],[-5,13],[9,36],[-22,2],[1,-28],[5,-27],[0,-16],[10,-14],[4,4],[4,10],[18,-2],[-1,-15],[-20,-57],[-19,11],[-11,-10],[-5,-7],[-10,0],[-6,6],[6,24],[7,11],[19,-15],[2,10],[-11,16],[-15,7],[-9,0],[-7,-4],[-1,-8],[5,-12],[2,-26],[-12,0],[-6,-10],[-25,-10],[-16,0],[-15,9],[-15,1],[-18,7],[-6,5],[-4,4],[-20,3],[-43,-1],[-20,6],[-18,16],[-8,16],[-1,19],[-10,6],[-5,-4],[-5,-9],[-20,-3],[-6,7],[-2,41],[2,11],[-5,12],[-1,12],[-7,1],[-2,7],[-8,-3],[-1,9],[-5,9],[-10,0],[-7,-7],[-23,27],[-17,8],[-12,-1],[-9,-12],[-16,2],[-3,21],[-9,14],[0,12],[-7,0],[-2,12],[-6,9],[-7,-5],[-2,-7],[-8,-3],[-6,12],[-14,0],[-20,-5],[-13,11],[-13,14],[-16,-16],[-17,13],[-3,15],[-5,11],[9,3],[-3,18],[-9,6],[-25,10],[-14,22],[-3,28],[-35,10],[-4,-7],[-7,-22],[-8,-1],[-14,-6],[-3,-10],[-6,-5],[-8,-2],[-5,-13],[-18,3],[-17,7],[-7,-6],[1,-20],[3,-15],[-2,-17],[-13,-13],[-19,14],[0,9],[-6,14],[-22,5],[-22,11],[-23,18],[-32,35],[-27,7],[-22,17],[-1,18],[-11,22],[-17,21],[-30,21],[-12,21],[-5,30],[-17,20],[-16,24],[-3,30],[-17,14],[-11,15],[-17,60],[-18,-8],[-14,-10],[-12,5],[-36,10],[-30,15],[-16,3],[-2,-5],[-19,32],[12,12],[2,13],[-1,0],[-2,-10],[-16,-6],[-14,22],[-13,-8],[-49,26],[-17,1],[-22,7],[-23,-12],[3,12],[-57,19],[-17,-8],[-10,6],[-13,15],[-7,17],[-10,37],[-4,3],[-28,62],[-20,38],[-16,16]],[[5492,4461],[-8,1],[-8,-5],[-9,-13],[-5,-32],[-4,-13],[-5,-12],[1,-28],[2,-39]],[[5456,4320],[-16,-19],[-7,2],[-10,10],[-5,-3],[2,-13],[-9,-5],[-7,21],[-7,12],[-21,19],[1,23],[-7,12],[-9,7],[-13,4],[-25,0],[-5,-13],[-9,0],[-8,15],[-8,-2],[-19,3],[-8,10],[-11,2],[-5,-3],[-27,6],[-20,-6],[-5,-14],[-12,-10],[-10,-5],[-7,4],[-5,10],[-13,-17],[-7,-16],[-7,-2],[-9,2],[-7,6],[-9,4],[-47,9],[-22,8],[-4,18],[-22,13],[-8,10],[-32,1],[-13,4],[-13,7],[-10,10],[-30,19],[-14,10],[-1,22],[-19,8],[-10,9],[-9,24],[-23,18],[-16,16],[-42,69],[-11,5],[-13,-1],[-10,-5],[-6,-16],[-5,1],[-13,12],[-9,18],[18,54],[-2,13],[-5,13],[-2,16],[-4,5],[-11,-2],[-9,-12],[-17,-6],[2,-9],[11,-14],[8,-24],[1,-29],[-11,-9],[-18,9],[-17,-3],[-14,15],[-9,16],[10,17],[0,10],[-34,25],[-4,-10],[3,-9],[-1,-22],[-17,-9],[-24,-15],[-14,0],[-38,14],[-18,16],[-13,4],[-8,-14],[-11,-3],[-12,2],[-11,5],[-6,12],[-8,-10],[-4,-24],[-35,26],[-8,9],[-35,-2],[-21,-8],[-8,3],[-22,24],[-11,6],[-22,8],[-28,4],[-35,15],[-18,4],[-10,0],[-4,3],[-1,9],[-5,8],[-42,27],[1,20],[-4,10],[-5,14],[-9,16],[0,10],[-8,-2],[-40,1],[-11,8],[-10,33],[0,17],[3,13],[13,22],[5,13],[17,-1],[-2,11],[4,5],[-3,17],[8,27],[6,2],[21,21],[0,8],[-3,3],[-13,-6],[-9,3],[-6,13],[7,26]],[[4569,5372],[82,49]],[[5456,4320],[4,-54],[20,-4],[5,5],[9,-7],[7,-13],[-8,-4],[-2,-5],[16,-39],[-5,-11],[0,-8],[18,0],[8,-4],[3,-8],[0,-19],[-5,-3],[-18,13],[-22,-16],[-19,-11],[1,-10],[14,-13],[-1,-5],[-4,-8],[2,-66],[8,-4],[5,-8],[1,-7],[-6,-9],[-15,-14],[-16,-3],[1,-34],[-8,-7],[-11,-20],[-17,-14],[-6,-16],[-6,-6],[-12,-4],[-15,-52],[9,-59],[2,-75],[-2,-12],[0,-9],[4,-14],[2,-12],[-4,-20],[2,-8],[5,-1],[19,6],[17,-5],[12,5],[6,-5],[37,-58],[1,-6],[-3,-28],[2,-8],[20,-16],[6,-4]],[[5517,3503],[-15,2],[-2,-8],[-7,-7],[-7,1],[-10,-7],[-8,-8],[-3,-11],[3,-21],[0,-17],[-5,-8],[-8,2],[-15,10],[-15,-31],[-10,-3],[-9,-10],[-4,-14],[0,-12],[-4,-6],[-8,-6],[-2,-11],[-11,-20],[-9,-2],[-8,-16],[-17,-52],[-10,-1],[-11,-4],[-7,-9],[-5,-12],[2,-11],[16,-7],[9,-30],[5,-27],[10,-25],[5,-41],[6,-17],[1,-9],[-1,-3],[7,-16],[14,-16],[19,-11],[12,-2],[1,-22],[7,-52],[0,-40],[4,-11],[22,5],[2,-10],[9,-11],[2,-13],[11,-7],[2,-7],[-7,-9],[-7,-27],[3,-7],[-2,-9],[-21,-23],[-6,-12],[6,-12],[7,-27],[-9,-10],[-17,2],[-25,15],[-6,8],[-4,13],[4,16],[0,8],[-17,-3],[-12,3],[-11,6],[-15,1],[-20,9],[-27,27],[-15,8],[-16,-1],[-13,12],[-4,13],[-9,9],[-24,-2],[-9,10],[-14,10],[-21,8],[-23,0],[-35,5],[-15,-9],[-10,-12],[-21,-6],[-19,1],[-35,8],[-10,-2],[5,-29],[-8,-17],[-11,-5],[-28,-2],[-25,-8],[-7,4],[-8,16],[4,17],[-2,11],[-5,2]],[[3629,5080],[39,8]],[[8922,9544],[0,82],[2,27],[-1,28],[32,62],[16,-6],[2,8],[0,8],[-8,18],[5,12],[-15,7],[-13,52],[11,2],[8,27],[19,-38],[30,0],[27,-33],[8,-4],[14,1],[9,4],[-3,44],[6,23],[6,56],[6,2],[1,21],[43,9],[9,20],[17,10],[-1,8],[2,5],[17,-23],[-16,-25],[2,-12],[17,-13],[0,-5],[23,-22],[15,-9],[14,12],[20,-14],[8,14],[-1,9],[13,-20],[4,1],[39,-15],[15,8],[54,1],[0,-6],[-7,-1],[0,-10],[16,1],[11,-5],[-4,-13],[7,-10],[-10,-12],[-2,-19],[4,-10],[11,-8],[10,-3],[11,-9],[4,-10],[-2,-34],[2,-10],[28,-9],[21,-1],[69,-11],[14,-8],[30,-1],[1,-10],[3,-7],[1,-12],[4,-23],[0,-24],[-5,-34],[-1,-28],[-9,-42],[-3,-25],[-14,-51],[-3,-22],[0,-40],[-4,-35],[1,-36],[6,-46],[8,-23],[7,-12],[28,-34],[16,-14],[43,-28],[32,-14],[16,-14],[27,-17],[20,-19],[27,-35],[9,-20],[-1,-2],[26,-35],[21,-28],[2,-3],[6,-37],[16,-21],[10,-17],[13,-17],[13,-16],[18,-18],[16,-20],[8,-11],[13,-11],[12,-17],[10,-18],[8,-18],[1,-22],[2,-18],[2,-20],[2,-20],[-2,-15],[-7,-19],[-6,-11],[-11,-7],[-19,-6],[-17,-13],[-17,-9],[-17,-11],[-15,-16],[-23,-13],[-30,-5],[-17,-4],[5,-14],[7,-1],[6,-15],[-1,-3],[-3,-7],[-2,-16],[-2,-14],[4,-5],[6,-9],[-5,-6],[-12,1],[-9,-10],[-10,3],[-15,7],[-12,2],[-3,-2],[-3,-6],[4,-8],[4,-9],[4,-10],[2,-12],[0,-7],[6,-6],[4,-7],[0,-9],[-2,-12],[-4,-12],[-4,0],[-1,6],[-5,-3],[-4,-11],[-4,-14],[-3,-11],[3,-7],[-2,-6],[-12,-6],[-3,-13],[-9,-10],[-9,-9],[-7,-1],[-10,6],[-7,7],[-8,-6],[-3,7],[0,12],[0,14],[6,8],[5,9],[-1,13],[-2,9],[-8,0],[-8,-14],[-4,-19],[-1,-14],[-5,-7],[-7,-8],[-9,-2],[-4,-19],[-5,-19],[5,-4],[9,1],[11,0],[14,-20]],[[5517,3503],[24,-11],[13,-18],[11,-25],[7,-12],[6,5],[4,-13],[4,-3],[1,11],[8,3],[23,-3],[16,0],[6,4],[3,9],[8,12],[10,4],[6,1],[24,1],[25,17],[17,2],[12,-6],[15,5],[8,-4],[8,1],[9,-10],[8,-4],[15,8],[8,8],[8,-2],[10,-4],[11,-23],[14,-20],[1,-13],[-5,-12],[-5,-26],[8,-10],[24,-9],[23,-12],[24,9],[5,-10],[0,-7],[18,-23],[12,2],[16,-8],[4,4],[16,5],[4,5],[25,-13],[2,-10],[17,-8],[4,-8],[-10,-31],[2,-21],[8,-10],[17,-11],[5,-9],[3,-35],[8,-11],[14,6],[5,-16],[9,-20],[13,-11],[6,-30],[6,-4],[6,4],[43,6],[7,-5],[-9,-11],[8,-35],[5,-11],[13,-7],[10,0],[22,3],[8,-2],[8,4]],[[5887,1720],[-8,14],[-10,4],[-14,10],[-18,16],[-43,-59],[21,-27],[-13,-41],[-14,12],[-15,-18],[-15,-11],[-4,1],[-8,-18],[-7,0],[-19,5],[-7,-3],[-25,-29],[-6,-18],[-2,-11],[3,-12],[0,-11],[-13,-11]],[[3739,1511],[-24,3],[-10,-6],[-10,-1],[-10,-6],[-4,7],[-5,-1],[-4,-21],[-7,-5],[-14,-3],[-46,-26],[-13,-1],[-35,-21],[-38,-22],[-7,-5],[-5,-9],[-5,2],[2,18],[-2,21],[-11,-5],[-14,-11],[-20,-23],[-13,-9],[-17,-6],[1,-17],[4,-8],[-7,-8],[-19,-11],[-30,-5],[-29,-1],[4,26],[-1,9],[-5,8],[-3,31],[-3,2],[-3,-6],[-8,-9],[-17,-11],[-18,-8],[-16,8],[-14,1],[-4,-2],[-8,-20],[-7,-3],[-2,10],[-7,-2],[-33,7],[-5,11],[0,18],[-6,16],[-14,-9],[-21,-3],[-29,2],[-54,-4],[-19,-81],[-39,6],[-31,-8],[-43,-4],[-22,7],[-18,0],[-8,4],[-16,-7],[-64,43],[-14,-3],[-25,0],[-40,-8],[-3,12],[-10,-11],[-37,-7],[-62,-17],[-5,10],[-31,-2],[-12,-15],[-32,4],[-9,-3],[-44,-28],[-10,1],[-5,-13],[3,-24],[0,-10],[10,-9],[-6,-10],[-10,-3],[-37,-22],[-17,11],[-12,-18],[-33,-24],[1,-8],[9,-6],[-12,-24],[0,-9],[-15,6],[-53,-21],[-14,8],[-22,-2],[-12,9],[-10,2],[-12,-3],[-6,-11],[-12,1],[-18,-3],[-14,-6],[-10,2],[-21,-12],[-12,5],[-8,-5],[-55,-5],[-9,15],[-25,8],[-16,8],[-11,18],[-20,49],[-11,10],[-13,2],[-31,-1],[-69,-7],[-23,35],[-17,16],[-49,35],[-22,43],[-14,15],[-6,73],[5,11],[5,24],[0,30],[-6,11],[-9,-3],[-3,11],[-8,0],[-17,-7],[-25,8],[-8,10],[2,6],[-1,6],[-6,-3],[-26,13],[-19,12],[-16,16],[-10,11],[4,4],[-5,8],[-13,9],[-6,15],[-15,6],[-38,-1],[-18,13],[-12,14],[-8,2],[-12,-4],[-16,1],[6,12],[-1,16],[-7,11],[-4,16],[6,21],[4,25],[-1,21],[3,22],[13,16],[14,12],[5,11],[3,13],[26,12],[18,3],[13,6],[11,25],[14,14],[45,86],[29,-11],[8,1],[21,11],[17,-4],[36,1],[38,-4],[17,19],[15,13],[34,14],[24,31],[12,10],[10,4],[12,0],[5,-6],[11,4],[12,13],[16,24],[9,34],[-9,28],[3,22],[-3,53],[-7,12],[2,23],[9,15],[26,24],[21,29],[5,8],[1,6],[12,6],[30,2],[11,-12],[5,-4],[9,10],[5,22]]],"transform":{"scale":[0.00046477689106475846,0.00033783980364524274],"translate":[83.33127145695664,21.97075816416891]}}