{"type":"Topology","objects":{"type":"GeometryCollection","geometries":[{"type":"Polygon","properties":{"NAME_1":"Alappuzha","ST_NM":"Kerala","ST_CEN_CD":32,"DT_CEN_CD":11,"CENSUSCODE":598,"iso_a2":"IN_KL_AL"},"arcs":[[0,1,2,3,4]]},{"type":"Polygon","properties":{"NAME_1":"Ernakulam","ST_NM":"Kerala","ST_CEN_CD":32,"DT_CEN_CD":8,"CENSUSCODE":595,"iso_a2":"IN_KL_ER"},"arcs":[[5,6,-5,7,8]]},{"type":"Polygon","properties":{"NAME_1":"Idukki","ST_NM":"Kerala","ST_CEN_CD":32,"DT_CEN_CD":9,"CENSUSCODE":596,"iso_a2":"IN_KL_ID"},"arcs":[[9,10,-6,11,12]]},{"type":"Polygon","properties":{"NAME_1":"Kannur","ST_NM":"Kerala","ST_CEN_CD":32,"DT_CEN_CD":2,"CENSUSCODE":589,"iso_a2":"IN_KL_KN"},"arcs":[[13,14,15,16,17],[18]]},{"type":"Polygon","properties":{"NAME_1":"Kasaragod","ST_NM":"Kerala","ST_CEN_CD":32,"DT_CEN_CD":1,"CENSUSCODE":588,"iso_a2":"IN_KL_KS"},"arcs":[[-17,19]]},{"type":"Polygon","properties":{"NAME_1":"Kollam","ST_NM":"Kerala","ST_CEN_CD":32,"DT_CEN_CD":13,"CENSUSCODE":600,"iso_a2":"IN_KL_KL"},"arcs":[[20,21,22,-3,23]]},{"type":"Polygon","properties":{"NAME_1":"Kottayam","ST_NM":"Kerala","ST_CEN_CD":32,"DT_CEN_CD":10,"CENSUSCODE":597,"iso_a2":"IN_KL_KT"},"arcs":[[-11,24,-1,-7]]},{"type":"Polygon","properties":{"NAME_1":"Kozhikode","ST_NM":"Kerala","ST_CEN_CD":32,"DT_CEN_CD":4,"CENSUSCODE":591,"iso_a2":"IN_KL_KZ"},"arcs":[[-15,25,26,27]]},{"type":"Polygon","properties":{"NAME_1":"Malappuram","ST_NM":"Kerala","ST_CEN_CD":32,"DT_CEN_CD":5,"CENSUSCODE":592,"iso_a2":"IN_KL_MA"},"arcs":[[28,29,30,-27,31,32]]},{"type":"Polygon","properties":{"NAME_1":"Palakkad","ST_NM":"Kerala","ST_CEN_CD":32,"DT_CEN_CD":6,"CENSUSCODE":593,"iso_a2":"IN_KL_PL"},"arcs":[[33,-29,34]]},{"type":"Polygon","properties":{"NAME_1":"Pathanamthitta","ST_NM":"Kerala","ST_CEN_CD":32,"DT_CEN_CD":12,"CENSUSCODE":599,"iso_a2":"IN_KL_PT"},"arcs":[[35,-24,-2,-25,-10]]},{"type":"Polygon","properties":{"NAME_1":"Thiruvananthapuram","ST_NM":"Kerala","ST_CEN_CD":32,"DT_CEN_CD":14,"CENSUSCODE":601,"iso_a2":"IN_KL_TV"},"arcs":[[36,-22]]},{"type":"Polygon","properties":{"NAME_1":"Thrissur","ST_NM":"Kerala","ST_CEN_CD":32,"DT_CEN_CD":7,"CENSUSCODE":594,"iso_a2":"IN_KL_TS"},"arcs":[[37,-12,-9,38,-30,-34]]},{"type":"Polygon","properties":{"NAME_1":"Wayanad","ST_NM":"Kerala","ST_CEN_CD":32,"DT_CEN_CD":3,"CENSUSCODE":590,"iso_a2":"IN_KL_WA"},"arcs":[[-32,-26,-14,39]]}]},"arcs":[[[5923,3429],[24,-15],[9,-30],[-53,-35],[-8,-18],[23,-35],[9,-18],[13,-14],[16,-26],[3,-17],[-3,-35],[-5,-20],[-11,-21],[-1,-28],[50,-14],[52,-10],[-22,-42],[-3,-13],[4,-31],[5,-34],[-5,-27],[-5,-54],[-4,-16],[-5,-52],[-3,-17],[-8,-22],[51,13],[3,13],[21,8],[16,-3],[1,-4],[2,-5],[20,-1],[26,-17],[49,10],[102,15],[-3,-18],[3,-23],[53,-14],[3,-18],[-1,-34],[7,-11],[44,-1],[24,-7],[26,0],[8,-8],[1,-8],[-4,-19],[1,-19],[-8,-8],[3,-13],[-6,-10],[-11,-7],[-10,-11],[-9,-36],[37,-7],[21,-7],[-21,-17],[9,-2],[2,-7],[7,-9],[-9,-6],[6,-28],[22,-4]],[[6481,2462],[-8,-7],[-5,-8],[3,-9],[7,-6],[-10,-12],[0,-11],[-11,-1],[8,-12],[24,-9],[24,-3],[-2,-6],[-35,-1],[-7,-21],[-66,-13],[-23,0],[-46,-29],[-7,-12],[15,-6],[34,1],[29,-7],[21,-5],[21,0],[36,7],[58,-1],[14,-3],[10,-7],[51,6],[18,5],[1,24],[15,5],[5,11],[-24,3],[-10,8],[19,5],[12,-6],[19,7],[35,9],[20,-7],[11,-7],[23,3],[39,1],[18,-3],[15,-6],[76,-11],[17,0],[13,5],[39,0],[5,-6],[-4,-9],[10,-11],[-23,-11],[33,-29],[20,-11],[9,-7],[0,-21],[3,-15],[16,-6],[18,2],[16,-4],[14,6],[17,2],[19,12],[17,-10],[6,1],[2,9],[25,1],[1,-17],[-4,-10],[-40,-6],[-19,-23],[-54,-4],[-29,-21],[-10,-14],[19,-26],[-19,-11],[-10,-4],[-15,-1],[-27,-5],[12,-28],[-11,-7],[10,0],[2,-7],[-7,-6],[9,-15],[10,-1],[-2,12],[12,1],[17,-16],[55,-4],[37,-32],[25,-15],[9,-9],[-6,-9],[-21,4],[-14,-1],[-7,-6],[-4,-9],[5,-19],[-4,-8],[-23,-5],[-45,0]],[[7032,1904],[-53,-2],[-11,-6],[-20,-23],[-43,-3],[-14,-4],[-7,-6],[-17,-5],[-43,3],[-23,0],[-25,-1],[-4,-17],[-14,-5],[-4,-10],[-34,4],[-27,-16],[-18,0],[-26,-3],[-29,7],[-15,29],[-15,8],[-1,20],[-26,-2],[-86,3],[-11,-8],[-13,-2],[-5,-9],[5,-7],[0,-7],[-22,4],[-17,0],[-33,-3],[-17,0],[-4,0],[-7,-3],[-7,-2],[-6,-6],[47,-64],[-20,-7]],[[6367,1761],[0,1],[-6,5],[-3,6],[-4,2],[-1,1],[0,2],[-2,1],[-2,7],[-12,5],[0,1],[-3,1],[-9,10],[-7,4],[-8,10],[-11,8],[-2,4],[-7,5],[-4,3],[-3,1],[-4,12],[-5,10],[-19,31],[-20,20],[-12,14],[-8,5],[-2,2],[-24,34],[-13,18],[-4,2],[-4,2],[-6,11],[-2,0],[-14,22],[-4,10],[-4,2],[-3,2],[-5,10],[-2,0],[-2,1],[-1,3],[-7,8],[-3,2],[-5,4],[-20,28],[-5,4],[-4,6],[-11,15],[-38,64],[-2,0],[-17,24],[-9,5],[-1,10],[-2,1],[-6,9],[-2,1],[-3,4],[-11,18],[-15,22],[-4,2],[-8,5],[-1,4],[-4,1],[-2,1],[-11,16],[-12,7],[-1,4],[-2,0],[0,2],[-2,5],[-4,1],[-10,14],[-4,2],[-9,12],[-6,3],[-8,13],[-2,1],[-1,1],[-8,10],[-5,7],[-2,0],[-4,6],[-22,34],[-2,1],[-2,1],[-25,40],[-1,4],[-3,4],[-17,36],[-3,5],[1,3],[-2,3],[-1,7],[-1,2],[-4,13],[-9,19],[-2,1],[-10,20],[-2,7],[-6,19],[-2,4],[-3,10],[-24,53],[-1,3],[-4,12],[-10,49],[-6,30],[-10,27],[-12,27],[-2,15],[-3,5],[-1,3],[-1,2],[-4,33],[-1,8],[-1,7],[-32,64],[-18,63],[-12,41],[-14,100],[-2,17],[-2,31],[-1,13],[-2,7],[1,10],[-14,64],[-4,16]],[[5558,3324],[14,2],[5,7],[-2,7],[-7,6],[2,11],[31,11],[-9,10],[-3,9],[-13,1],[-7,5],[-5,18],[12,22],[8,24],[15,3],[19,0],[11,6],[-15,47],[-5,32],[14,5],[6,0],[16,-1],[24,-13],[98,-17],[28,3],[46,8],[10,1],[28,-20],[32,-31],[3,-7],[-3,-11],[1,-21],[11,-12]],[[7162,4387],[-8,-13],[-16,-10],[-10,-12],[2,-25],[-8,-27],[-13,-24],[-8,-8],[-49,-33],[-12,-7],[-24,-10],[-31,-56],[-3,-10],[22,-13],[37,-33],[12,-3],[18,5],[13,1],[15,-2],[13,-5],[52,-29],[37,-18],[35,-13],[30,-13],[45,-26],[61,-19],[29,-22],[15,-7],[64,-24],[35,-1],[14,-3],[22,-18],[-4,-10],[28,-13],[19,-4],[22,-1],[26,-9],[22,-4],[45,-17],[46,-4],[-19,-12],[-9,-8],[-12,-3],[-53,12],[-45,18],[-43,9],[-7,3],[-32,5],[-30,-19],[-40,-33],[22,-25],[-2,-22],[-23,-2],[-1,-8],[2,-8],[-68,17],[-16,-1],[-48,-9],[-22,-9],[-32,14],[-7,-5],[-23,4],[25,-41],[5,-23],[-6,-7],[-27,-9],[3,-7],[-23,-26],[-23,-17],[-14,3],[-18,-10],[0,-7],[38,-16],[-2,-7],[-5,-5],[-14,-5],[-11,1],[-27,10],[-14,14],[-8,1],[-29,0],[-20,-6],[-15,0],[-17,5],[-19,-2],[-17,5],[-29,-6],[-18,1],[-11,-4],[-9,-6],[-5,-9],[3,-15],[-5,-9],[5,-7],[3,-23],[22,-14],[0,-8],[-7,-9],[-10,-5],[-2,-19],[-4,-10]],[[6942,3473],[-8,2],[-26,2],[-44,-19],[7,-6],[14,-9],[-18,-5],[-12,5],[-5,-6],[-20,10],[-18,1],[-14,3],[-37,-10],[-14,1],[0,-10],[-4,-11],[5,-12],[-7,-9],[-20,-7],[-22,7],[-13,0],[-27,-16],[2,-8],[-10,-20],[-23,-5],[-17,-2],[-7,11],[-10,3],[1,14],[-6,2],[-7,20],[-8,3],[-19,1],[-43,0],[-33,57],[-19,3],[-40,1],[-47,-11],[-21,3],[-27,-9],[-53,9],[-28,-16],[-18,-8],[-19,-12],[-51,-14],[-36,-6],[-21,-1],[-16,2],[-31,11],[-39,1],[-35,31],[-27,-6],[-12,-3],[-16,-6]],[[5558,3324],[-9,42],[-25,65],[-6,19],[-25,80],[-4,10],[-16,36],[-7,12],[-2,3],[-5,8],[-2,0],[-14,22],[-2,1],[-6,8],[0,1],[-2,1],[-1,2],[-1,1],[-2,0],[-20,40],[-4,16],[3,23],[4,9],[1,2],[-43,37],[-6,3],[-4,5],[-8,8],[-9,5],[-8,4],[-6,6],[-2,4],[-2,1],[-1,0],[-9,20],[-13,25],[-6,9],[-2,0],[-3,1],[-6,8],[0,2],[-2,1],[-3,1],[-11,14],[-17,23],[-16,37],[-4,2],[-6,18],[-5,18],[-4,11],[-5,12],[-7,14],[0,3],[-22,38],[-8,27],[-1,3],[-4,6],[-7,20],[-15,25],[-2,2],[-1,2],[-2,0],[-4,8],[-3,1],[-2,1],[-3,6],[-4,2],[-2,1],[-4,9],[-2,14],[1,1],[6,8],[-5,11]],[[5121,4202],[39,10],[9,2],[41,5],[4,0],[82,6],[-2,4],[-1,1],[7,10],[9,1],[10,4],[9,7],[27,-7],[32,-2],[16,3],[36,-9],[14,2],[31,-2],[13,-3],[-2,-5],[-10,-3],[6,-14],[24,-3],[24,-18],[4,-11],[60,7],[24,1],[21,13],[14,2],[31,-9],[-5,14],[0,17],[-6,16],[6,8],[67,7],[19,7],[9,7],[7,26],[6,9],[12,5],[112,16],[12,4],[13,8],[1,14],[7,5],[22,0],[17,4],[-2,10],[4,6],[22,9],[12,13],[11,8],[10,3],[30,2],[3,9],[-2,10],[14,2],[0,8],[-4,7],[7,2],[57,-12],[16,4],[19,2],[37,7],[44,0],[48,-10],[81,0],[10,-5],[12,-4],[15,-2],[55,-1],[33,-2],[59,6],[19,-3],[27,-9],[14,-1],[26,5],[38,-3],[-23,22],[13,8],[33,12],[26,-8],[19,0],[4,-13],[6,-5],[12,-6],[32,-13],[56,-4],[16,-12],[12,-2],[29,0],[24,2],[18,4],[11,11],[47,-2],[20,-4],[25,-15],[48,-5],[27,-5]],[[9496,2176],[-36,8],[-9,5],[-18,4],[-25,2],[-16,12],[-41,7],[-5,-15],[-16,7],[-9,-6],[-8,22],[-29,11],[-11,-3],[-3,39],[41,27],[-3,7],[-12,6],[17,9],[9,9],[-2,11],[-10,10],[8,11],[16,10],[4,24],[15,15],[7,11],[-5,9],[-72,57],[10,12],[-7,8],[-17,-3],[-3,8],[-10,6],[6,18],[-40,13],[-10,9],[-10,-3],[-7,0],[10,10],[-19,11],[-13,-3],[-16,3],[-21,-3],[-11,2],[-6,10],[-11,-2],[-11,7],[9,9],[2,5],[-8,2],[-7,14],[-28,-10],[-20,-12],[1,10],[-6,-2],[-4,12],[-23,-2],[-22,1],[-47,-19],[-8,21],[3,13],[8,11],[-1,11],[-9,8],[-40,5],[-30,-24],[-14,-7],[-33,2],[-29,-1],[-46,-29],[-19,-9],[-18,-4],[-13,-2],[-25,-8],[-14,-1],[-27,10],[-16,2],[-17,0],[-16,-8],[-8,-11],[34,-40],[25,-18],[16,-19],[-13,-2],[-40,3],[-42,-8],[-25,-2],[-7,-5],[-12,0],[-10,-6],[-15,1],[-16,-3],[-30,5],[1,24],[-35,-2],[-22,9],[-28,-1],[-57,5],[-58,10],[-91,1]],[[8147,2527],[13,4],[8,6],[-23,14],[9,10],[29,2],[25,16],[21,15],[21,6],[71,10],[8,14],[0,9],[-11,8],[6,9],[-37,34],[-34,13],[-27,-13],[-19,-22],[-28,1],[-33,19],[-11,10],[-18,-3],[-28,11],[-74,35],[-14,28],[-51,2],[-9,48],[3,20],[-10,16],[-4,8],[8,6],[33,8],[-6,17],[0,19],[-10,15],[1,12],[-7,9],[4,4],[15,2],[4,4],[-4,9],[8,7],[14,7],[20,2],[33,-17],[73,-24],[18,12],[-49,32],[-8,9],[0,11],[6,5],[21,6],[1,6],[-37,19],[-25,22],[-31,13],[-5,20],[-35,45],[-13,13],[-17,14],[-46,11],[-24,10],[-16,12],[-21,-6],[-24,11],[-73,54],[-24,10],[-2,10],[-60,37],[-38,16],[-82,31],[-25,6],[-33,3],[-20,7],[-24,6],[-10,-4],[-32,-21],[-17,2],[-28,8],[-15,7],[-18,1],[-20,6],[-50,19],[-19,2],[-13,5],[-8,13],[-15,3],[-27,1],[-9,3],[-9,8],[-22,0],[-8,7],[-13,4],[-13,-2],[-12,-6],[-11,-2],[-55,6],[-55,10],[-18,7],[3,8],[6,6]],[[7162,4387],[40,-4],[25,5],[12,5],[84,4],[29,6],[29,1],[20,7],[15,-8],[29,-11],[19,2],[19,0],[21,3],[2,12],[23,0],[31,1],[19,6],[8,-7],[10,0],[25,19],[25,-2],[29,-3],[34,-8],[8,-7],[11,-1],[11,4],[12,13],[6,1],[18,-10],[8,2],[73,-18],[4,-6],[9,0],[8,5],[30,-7],[4,-5],[0,-8],[9,-1],[16,-5],[11,-7],[24,3],[13,-12],[22,-5]],[[8007,4351],[7,-12],[-5,-11],[25,0],[10,-10],[17,-7],[15,-4],[43,5],[18,10],[11,0],[45,-19],[27,4],[25,-7],[26,-2],[11,-7],[22,-7],[14,-9],[15,12],[27,13],[23,1],[16,6],[9,11],[8,3],[14,2],[29,14],[33,3],[4,7],[10,2],[45,3],[33,11],[15,31],[-34,23],[48,5],[29,12],[-9,7],[3,5],[35,3],[27,8],[23,12],[32,9],[1,0],[24,5],[17,5],[33,1],[30,6],[23,7],[20,11],[29,11],[29,8],[56,23],[57,27],[24,-1],[16,-4],[33,-2],[30,7],[15,-6],[26,-3],[59,-2],[30,-2],[2,-26],[-16,-15],[-15,-36],[10,-17],[15,-4],[43,-42],[58,-44],[16,-8],[-12,-5],[-9,-6],[-2,-8],[4,-29],[-1,-13],[4,-13],[11,4],[8,5],[12,-2],[5,4],[13,-3],[29,3],[15,-2],[19,-9],[22,-29],[-5,-7],[-12,-1],[-9,-5],[-3,-8],[-13,-2],[6,-6],[-7,-16],[-20,-16],[-20,-54],[2,-32],[-9,-12],[1,-8],[10,-3],[3,-5],[-4,-21],[-19,-6],[-7,-11],[-28,2],[-25,4],[-20,6],[-17,7],[-21,-3],[-15,-7],[-10,-9],[-13,-5],[-12,-1],[-25,-6],[-10,-6],[-22,7],[-13,-1],[-25,-23],[-1,-7],[8,-4],[0,-9],[3,-12],[18,-17],[15,-7],[21,-5],[34,-22],[21,-3],[10,-14],[15,-11],[24,-14],[25,-9],[21,-20],[13,-6],[10,-7],[3,-10],[-18,-18],[-14,-11],[0,-6],[27,-12],[1,-8],[-11,-11],[7,-10],[16,-1],[-8,-9],[4,-10],[38,-14],[8,-6],[-10,-23],[-14,-7],[-21,-17],[-39,1],[-14,-4],[-2,5],[-5,-1],[-1,-11],[-49,-34],[-4,-11],[-16,-27],[-49,-25],[9,-37],[-15,-7],[-5,-11],[-9,-8],[39,-27],[16,-4],[20,3],[21,-10],[1,-13],[-39,-10],[-2,-13],[7,-4],[-24,-36],[13,-4],[26,1],[2,-10],[30,-6],[23,-20],[-3,-6],[8,-13],[-29,-4],[-16,-11],[-50,-4],[3,-30],[31,-14],[-24,-11],[-4,-22],[-21,-18],[9,-35],[-33,-9],[-39,-4],[1,-21],[-4,-19],[10,-26],[-22,-17],[-5,-15],[-10,-6],[-10,-19],[-28,-9],[3,-10],[-17,-1],[-13,-7],[1,-23],[-20,-17],[0,-6],[6,-17],[-30,-13],[1,-13],[-11,-5],[14,-10],[46,-2],[29,-7],[18,9],[19,2],[8,8],[39,-4],[3,-18],[16,-8],[18,0],[13,-8],[2,-9],[22,-13],[32,-13],[28,7],[35,-6],[13,-4],[10,-6],[8,0],[15,-7],[18,-1],[11,7],[13,-4],[55,23],[-1,9],[18,-2],[27,16],[70,13],[19,-9],[18,3],[5,-4],[-16,-9],[5,-14],[-9,-5],[4,-12],[40,-7],[15,-9],[15,22],[48,49],[40,-13],[1,-3],[-8,-3],[-12,3],[-5,-1],[-7,-6],[-8,-16],[17,-23],[-6,-7],[-13,0],[-18,-16],[6,-4],[3,-11],[7,-2],[26,-1],[9,-6],[7,-13],[0,-31],[16,-5],[25,-17],[21,-3],[17,-14],[63,18],[-1,-22],[15,-5],[19,0],[5,-18],[-33,-12],[-9,-11],[-6,-15],[0,-21],[11,-5],[-18,-14],[-19,-6],[5,-17],[-25,-13],[-18,-3],[-16,-1],[-13,1],[-15,9],[-19,4],[-24,-10],[-10,-10],[-34,-21],[1,-16],[-10,-6],[-7,-14],[-24,-15],[-9,-6],[-1,-8],[23,-18],[1,-9],[-10,-14],[4,-7],[-1,-4],[-23,-5],[-1,-29],[14,-10],[-12,-9],[2,-8],[-43,-37],[7,-15],[-17,0],[-27,-6],[-38,6],[-14,-2],[-11,1],[4,-14],[-11,-3],[12,-9],[6,-12],[0,-5],[-10,-6],[-3,-10],[-23,-12],[-17,-3],[-13,-5],[-13,-2],[2,-20],[27,-42],[-25,-1]],[[4187,8098],[-21,-27],[-2,-13],[38,-25],[8,-18],[2,-17],[-5,-13],[-26,-19],[-62,-15],[22,-11],[46,-16],[-10,-20],[2,-19],[-7,-7],[-9,-1],[-4,8],[-9,5],[-14,-4],[-15,1],[-49,-7],[-21,4],[-16,-2],[-17,6],[-15,-3],[-12,1],[-20,7],[-31,-2],[-15,7],[-15,-4],[-15,0],[-23,4],[-11,5],[-10,7],[-13,0],[-30,-10],[-17,0],[-20,2],[-30,10],[-37,-1],[-11,-8],[-5,-7],[-12,-5],[-32,0],[-5,-11],[-4,-12],[11,-8],[16,-7],[5,-11],[0,-11],[-5,-10],[-17,-5],[-18,-2],[-20,-7],[-11,-8],[-11,-14]],[[3585,7785],[-18,7],[-23,3],[-52,2],[-15,-5],[4,-13],[14,-7],[7,-10],[-4,-7],[-23,-1],[-35,5],[-7,-12],[-20,-3],[-19,8],[-5,8],[-11,7],[-29,11],[-21,3],[-19,-1],[-15,5],[-20,2],[-13,-3],[-12,-5],[-21,-42],[-13,-5],[-35,-10],[-11,-5],[-11,-20],[-39,-9],[-88,-41],[-30,1],[-14,-16],[-56,-26],[-15,-3],[-16,2],[-13,-5],[-10,-1],[-16,2],[-5,-3],[10,-7],[4,-6],[-3,-8],[4,-8],[33,-9],[6,-4],[-7,-16],[-18,-3],[-23,3],[-15,0],[-11,-4],[-18,-15],[-15,-6],[-15,-4],[-13,-1],[-9,8],[-16,5],[-4,7],[4,9],[-7,10],[-24,22],[-13,2],[-35,2]],[[2671,7575],[-7,9],[-8,4],[-14,1],[-30,-9],[-5,2],[-1,2],[-26,13],[0,2],[-13,8],[-1,2],[-2,2],[0,1],[-4,1],[-6,4],[-2,2],[-1,3],[-6,6],[-3,3],[-11,5],[-48,22],[-55,23],[-4,2],[-3,4],[0,3],[1,1],[0,5],[-10,5],[-5,9],[-2,0],[-6,6],[-2,1],[-2,3],[-5,0],[-12,-2],[-6,-3],[-1,-1],[-12,-3],[-3,0],[-11,2],[-11,1],[4,4],[6,5],[2,1],[1,6],[0,2],[-7,6],[-5,3],[-2,3],[-2,2],[-9,4],[-2,3],[-3,3],[-26,11],[-4,4],[-18,7],[-9,5],[-2,2],[-1,1],[-40,19],[-9,10],[-14,8],[-8,10],[-4,2],[-7,5],[-3,7],[-6,3],[-2,1],[-2,2],[-3,4],[-7,4],[-3,3],[-2,1],[-1,2],[-8,3],[-31,12],[-2,3],[-3,1],[-2,1],[-7,4],[-1,2],[-10,5],[0,1],[-11,6],[-9,11],[-3,2],[-15,5],[-8,0],[-20,-1],[-15,-3],[-3,-2],[-6,-7],[-9,-4],[-1,-1],[-10,-2],[-11,0],[-11,3],[-10,5],[0,1],[-5,6],[-1,19],[-6,3],[-5,3],[-1,1],[-5,6],[-10,5],[0,2],[-23,12],[-1,1],[-10,7],[-4,2],[0,2],[-12,7],[0,2],[-19,9],[-37,8],[-4,2],[-2,1],[0,7],[-3,5],[2,3],[10,3],[4,2],[-2,2],[-8,3],[-11,19],[-14,8],[-8,12],[-5,2],[-3,2],[-1,9],[-1,2],[-3,6],[-2,1],[-1,3],[0,2],[2,2],[4,2],[15,2],[28,-4],[5,-1],[27,-9],[15,-6],[9,-4],[1,-3],[14,-6],[6,-1],[5,-2],[15,-2],[7,1],[6,2],[4,5],[-3,9],[-33,17],[-14,8],[0,1],[-19,8],[-11,2],[-25,7],[-2,1],[-5,6],[-2,1],[-2,0],[-2,4],[-3,15],[-2,10],[-2,9],[-16,7],[-12,-4],[-2,-5],[2,-7],[-6,-5],[-13,4],[-11,4],[-7,8],[-6,8],[-7,9],[-11,9],[-11,7],[-9,3],[-10,-2],[-1,-10],[4,-12],[3,-6],[2,-1],[2,0],[0,-3],[2,0],[1,-2],[4,-6],[4,-1],[10,-13],[-1,-1],[9,-6],[5,-7],[6,-8],[2,-6],[-9,-2],[-13,1],[-15,6],[-16,7],[-15,10],[-8,7],[-5,3],[-6,5],[-3,1],[0,1],[-11,6],[0,2],[-7,4],[-8,12],[-3,1],[1,1],[-15,10],[-1,2],[-9,12],[-26,17],[-7,7],[-2,4],[-7,4],[-1,1],[0,1],[-2,0],[-1,2],[-2,2],[-3,1],[-3,6],[-2,1],[-6,6],[-23,10],[-29,6],[-10,-1],[-13,-1],[0,-1],[-6,-3],[-8,-4],[-15,-13],[-1,-1],[-9,-3],[-1,-1],[-31,-9],[-1,-2],[-12,-7],[-5,-2],[-10,3],[-3,0],[-1,2],[-1,4],[-7,26],[-10,17],[-2,1],[-2,3],[-7,4],[-15,23],[-2,1],[-22,29],[-2,0],[-5,6],[-7,12]],[[1255,8369],[-20,33],[-3,9],[-10,8],[-12,22],[24,14],[11,5],[15,-3],[8,-5],[23,4],[-1,21],[-7,17],[9,7],[-15,21],[1,7],[9,14],[15,9],[-14,12],[-6,31],[-12,22],[-9,7],[-16,8],[-17,13],[-10,14],[14,3],[15,-2],[37,2],[24,4],[15,-1],[7,-4],[14,3],[23,13],[25,10],[27,14],[15,16],[10,4],[9,2],[14,-3],[24,-3],[16,0],[36,5],[24,12],[40,4],[20,4],[9,6],[13,6],[16,-1],[14,2],[9,4],[3,12],[-15,28],[-1,8],[8,6],[17,9],[19,7],[25,6],[24,0],[30,4],[18,-2],[16,-5],[25,-6],[21,5],[27,-3],[64,20],[14,11],[13,3],[36,1],[25,9],[5,16],[13,2],[7,-3],[-2,-14],[24,9],[57,1],[10,-3],[20,1]],[[2191,8881],[18,1],[14,8],[13,3],[22,0],[21,-4],[66,-3],[35,15],[61,-20],[16,-11],[23,-32],[6,-4],[32,-3],[7,-1],[0,-8],[28,-14],[2,-7],[6,-2],[14,-12],[11,-18],[2,-6],[-5,-6],[19,-4],[6,-8],[2,-12],[49,-19],[1,-9],[-5,-8],[-15,-10],[3,-6],[16,-2],[10,-6],[14,-1],[19,-8],[10,-9],[5,-18],[11,0],[17,-17],[17,-4],[26,-3],[25,-33],[23,0],[18,-5],[17,-12],[6,0],[7,5],[11,3],[18,1],[23,4],[13,-6],[23,6],[38,-8],[10,-8],[23,2],[6,-4],[4,-15],[12,-2],[7,-5],[5,-8],[2,-7],[-5,-9],[17,-11],[3,-21],[14,-3],[5,-6],[21,-16],[17,-7],[20,-2],[20,1],[22,6],[13,7],[10,13],[31,1],[38,-5],[-5,-27],[1,-10],[23,-2],[42,-10],[2,-2],[-13,-18],[2,-9],[9,-7],[43,5],[25,8],[18,10],[16,-1],[18,3],[17,9],[25,0],[19,3],[19,-3],[62,-2],[24,-4],[22,-1],[17,-6],[8,-8],[-21,-41],[-12,-4],[18,-13],[3,-4],[-1,-16],[7,-5],[40,-14],[7,-5],[0,-13],[46,-15],[12,-8],[4,-6],[-15,-18],[-1,0],[3,-23],[10,-14],[15,-8],[36,-4],[18,-5],[9,-13],[18,-17],[58,-25],[43,-11],[26,-4],[25,-1],[19,-4],[36,-4],[46,-1],[17,3],[22,-6]],[[2654,7646],[-7,-4],[-23,1],[-8,-5],[1,-6],[-6,-4],[-4,-11],[2,-4],[12,-4],[7,-2],[9,0],[20,-8],[15,3],[9,1],[9,-1],[18,6],[1,0],[6,-1],[9,1],[6,7],[-1,8],[-14,10],[-40,10],[5,12],[0,5],[-3,4],[3,17],[-4,7],[2,4],[1,4],[-5,2],[-5,1],[-31,-2],[-9,-6],[-1,-6],[4,-3],[10,-9],[11,-3],[4,-5],[0,-15],[-3,-4]],[[1255,8369],[-17,26],[-2,2],[-16,22],[-6,7],[-3,1],[-10,16],[-4,2],[-1,3],[-7,5],[-3,2],[-9,14],[-3,2],[-4,8],[-2,0],[-2,5],[-2,1],[-1,0],[-10,18],[-4,10],[-2,0],[-2,4],[-1,1],[-22,29],[-8,8],[-4,7],[-3,4],[-8,11],[-1,2],[-2,2],[-27,42],[-10,13],[-5,3],[-7,10],[-2,1],[-30,46],[-2,1],[-13,18],[-6,8],[-5,9],[-5,5],[-7,12],[-5,8],[-1,0],[-4,2],[-4,7],[-2,0],[-8,11],[0,1],[-2,1],[-2,1],[-10,23],[-11,16],[-2,1],[0,2],[-21,34],[-13,19],[-2,1],[-3,1],[0,1],[-1,1],[-6,10],[-2,1],[-3,3],[-3,6],[-2,0],[-16,23],[-3,1],[-5,4],[-9,14],[-6,5],[-11,16],[-9,5],[-5,7],[-2,2],[-2,3],[-6,8],[-2,1],[-2,0],[-12,18],[-2,1],[-2,1],[0,2],[-2,1],[-12,17],[-7,7],[-3,1],[-21,30],[-3,2],[-2,0],[-7,11],[-1,3],[-2,1],[-1,4],[-4,2],[-5,2],[-8,10],[-21,9],[-3,4],[-1,2],[-17,9],[-2,3],[-2,3],[-9,4],[-2,3],[0,1],[-3,2],[-7,4],[-2,2],[-8,11],[-5,2],[-10,8],[-2,2],[-6,7],[-4,1],[-2,1],[-5,7],[-2,1],[-11,10],[-10,11],[-2,6],[-4,2],[-2,1],[-4,7],[-4,3],[-3,1],[-13,24],[-12,8],[-2,5],[-3,7],[1,9],[5,5],[0,7],[-4,6],[-9,14],[-8,13],[-11,2],[-5,-6],[-5,-7],[-7,-4],[-10,6],[-4,5],[-1,6],[-3,5],[-25,41],[-13,17],[-3,1],[-1,4],[-4,2],[-2,1],[-7,13],[-2,0],[-1,1],[-2,3],[-6,7],[-4,2],[-3,6],[-2,1],[-39,63],[-4,5],[-8,6],[-5,8],[-2,1],[-1,0],[-6,11],[-8,11],[-2,1],[-5,8],[-12,20],[-4,3],[-10,11],[-1,2],[-1,1],[-13,22],[-1,1],[-2,1],[-10,13],[-2,0],[-1,3],[-2,0],[-4,7],[-12,15],[-11,23],[-2,1],[-1,3],[-2,1],[-1,2],[-2,1],[-1,0],[-2,2],[-6,9],[-5,7],[-2,1],[-8,12],[-1,1],[-2,0],[-5,8],[-2,1],[-20,29],[-1,0],[-5,7],[-2,1],[-12,20],[-2,1],[-9,13],[-1,0],[-2,1],[-11,13],[-20,12],[-25,38],[-34,36],[-23,23],[-4,6],[47,3],[7,-7],[2,-4],[7,-2],[23,-2],[12,8],[12,5],[11,4],[12,-2],[15,9],[14,1],[12,6],[4,1],[80,19],[31,2],[67,15],[24,0],[12,-10],[8,0],[7,5],[6,-1],[1,-8],[7,-1],[44,6],[21,6],[21,13],[-15,13],[3,3],[11,-1],[14,-5],[17,-10],[15,5],[5,-1],[-4,-26],[4,-10],[10,-9],[3,-10],[-6,-8],[-11,-7],[-16,-5],[-19,-15],[-14,-15],[-7,-2],[-15,3],[-7,-6],[2,-13],[8,-3],[6,7],[7,-2],[11,5],[28,-13],[48,-10],[-6,-8],[-30,-12],[4,-4],[12,-6],[28,-3],[19,15],[15,2],[11,-3],[22,6],[27,4],[19,-7],[13,2],[13,-4],[13,-11],[11,-14],[-14,-11],[19,-26],[-9,-7],[-10,8],[-14,3],[-15,-2],[-6,-38],[6,-16],[12,-7],[30,0],[12,-3],[10,6],[20,-8],[17,1],[19,16],[17,3],[14,-1],[7,9],[8,1],[2,11],[-9,31],[-10,8],[14,10],[22,-7],[30,-3],[20,-4],[17,-15],[16,-20],[32,-5],[24,0],[20,-6],[18,1],[10,3],[21,1],[24,7],[1,-16],[20,-6],[21,-1],[1,-4],[-25,-23],[-13,-9],[-2,-14],[-4,-3],[-35,-9],[6,-10],[19,-10],[29,-21],[16,-5],[15,1],[28,-2],[30,12],[20,12],[28,-1],[18,-3],[28,-1],[5,-5],[-13,-22],[-3,-15],[15,-8],[19,-6],[9,-6],[-2,-13],[-6,-6],[-12,-4],[-4,-14],[16,5],[13,3],[13,-24],[11,-5],[24,-19],[33,-4],[20,3],[7,5],[2,18],[5,3],[38,3],[2,9],[24,15],[10,11],[13,5],[23,28],[9,7],[26,6],[17,-8],[31,-7],[9,-18],[10,-2],[18,6],[12,1],[17,-9],[10,-15],[41,-6],[36,0],[3,-18],[-9,-6],[-27,-2],[-13,-11],[-25,7],[-26,4],[-32,3],[-14,0],[-18,-22],[-13,-2],[-27,0],[-16,-12],[-7,-12],[6,-30],[29,-37],[6,-11],[18,4],[24,1],[17,-2],[15,-6],[18,1],[-1,-44],[3,-2],[9,2],[11,-4],[16,-8],[25,-2],[30,1],[26,-3],[3,-12],[14,-4],[1,-8],[-4,-14],[9,-19],[-15,-15],[16,-4],[59,5],[14,4],[13,11],[37,8],[4,19],[-10,9],[-2,5],[9,5],[19,2],[9,3],[7,8],[7,2],[14,-1],[21,1],[12,11],[10,1],[14,-16],[13,-2],[18,10],[22,6],[23,-38],[1,-18],[15,-12],[-7,-14],[-23,-2],[-8,-11],[-22,-9],[-22,-6],[-45,-5],[-24,12],[-76,2],[-3,-5],[14,-8],[4,-37],[-19,-49],[16,-11],[10,-14],[16,-7],[9,-13],[11,-4],[18,2],[19,-5],[14,-8],[12,-10],[15,1],[9,-7],[32,5],[29,-12],[10,-6],[0,-11],[-8,-20],[-6,-10],[-14,-10],[-16,-5],[4,-8],[13,-9],[8,-27],[13,-5],[1,-11],[12,-14],[27,-13],[2,-6],[-34,-19],[-10,-10]],[[9199,1730],[-11,-12],[-17,-13],[-6,-8],[-11,-5],[8,-19],[-47,-6],[-11,11],[-53,-5],[-22,-8],[-11,-13],[6,-12],[-25,-14],[-16,-5],[-17,-3],[4,-8],[8,-6],[-4,-12],[12,-4],[23,-1],[3,-13],[1,0],[11,-11],[46,-19],[19,-36],[45,-12],[2,-13],[19,-8],[5,-12],[-6,-10],[8,-11],[0,-8],[-10,-17],[6,-6],[-1,-6],[17,-12],[19,5],[-11,7],[12,9],[16,5],[16,-6],[27,-4],[10,-8],[-21,-16],[17,-30],[21,0],[12,-2],[27,-9],[9,-7],[-3,-16],[16,-13],[19,-6],[31,-3],[7,-7],[6,-12],[0,-9],[-10,-8],[20,-15],[1,-4],[-12,-4],[17,-21],[-43,-32],[-16,-9],[-4,-4],[2,-10],[-16,-15],[-13,-5],[-26,-3],[-8,-23],[-3,-24],[-20,-4],[-17,-8],[-27,-2],[4,-8],[12,-11],[-18,-7],[-25,1],[-33,6]],[[9169,1061],[-49,13],[-29,10],[-25,11],[-43,12],[-17,9],[-19,3],[-19,13],[-24,7],[-33,5],[-27,12],[-20,13],[-48,14],[-12,10],[-36,3],[-65,16],[-116,16],[-31,0],[-40,-7],[-16,-18],[-14,-9],[-10,-31],[-28,-5],[-15,-10],[10,-24],[14,-20],[40,-33],[-32,-5],[-59,-3],[-26,16],[-15,9],[-32,7],[-26,1],[-14,-5],[-9,-10],[-5,-13],[-16,-3],[-40,-3],[-29,2],[-14,-3],[-24,-11],[-30,-8],[-13,10],[-63,29],[27,13],[-10,16],[-16,7],[-11,10],[-43,25],[-40,0],[-12,-5],[-8,-7],[-14,2],[-13,6],[-39,6],[-36,12],[-8,-2],[-15,3],[-11,10],[-2,7],[-13,5],[-1,17],[-19,9],[-34,9],[-11,2],[-16,-2],[-18,24],[-24,8],[-17,-7],[-19,1],[-9,-10],[-16,2],[-13,7],[-43,5],[-9,7],[-19,-1],[6,-15],[-11,-12],[-2,-9],[12,-3],[52,-33],[-9,-14],[-13,1],[-13,-4],[0,-4],[18,-1],[13,-10],[-4,-9],[-73,-1],[-6,-3],[0,-6],[-7,-1],[9,-6],[-17,-7],[-28,2],[-4,-9],[-47,0],[-20,2],[-58,9],[-12,4],[-12,0],[-33,-15],[-12,-2],[-5,-6],[-9,-4],[-7,6],[-6,2],[-5,-5],[-14,-1],[-20,2],[-1,-14],[-4,-4],[-10,-11],[-15,-1],[-12,-4],[-5,5],[-3,5],[-6,10],[-1,8],[-7,0],[-5,-14],[-17,-2]],[[7095,1086],[-2,22],[-7,4],[-15,4],[-11,4],[-6,4],[-5,3],[-11,4],[-8,4],[-8,8],[-2,2],[-4,1],[-1,2],[-5,4],[-12,9],[-4,4],[-4,5],[-11,6],[-22,14],[-19,13],[0,1],[-8,5],[-4,1],[0,1],[-2,1],[-1,2],[-7,6],[0,1],[-4,2],[-3,1],[-5,6],[-3,1],[0,1],[-8,5],[-3,2],[-2,2],[-8,4],[-7,4],[-3,4],[-15,8],[0,1],[-15,8],[-1,1],[-10,6],[-1,1],[-4,2],[-30,15],[-15,6],[-24,7],[-6,1],[-5,1],[-11,5],[-5,2],[-12,-1],[-22,-7],[-2,0],[-3,0],[-7,3],[-1,1],[-7,2],[-40,14],[-3,1],[-3,5],[-2,1],[-9,8],[-1,3],[-2,0],[-8,18],[-7,31],[-12,21],[-1,3],[-7,8],[-2,1],[-2,3],[-2,0],[-1,1],[-11,16],[-3,15],[-15,26],[-7,27],[-8,18],[-13,23],[-3,6],[-35,48],[0,3],[-10,15],[-6,12],[-12,22],[-17,22],[-5,4],[-8,11],[-2,1],[-14,19],[-2,1],[-4,6],[-6,5],[0,1],[-2,3],[-6,8],[-3,2],[-4,2],[-7,8],[-2,4]],[[7032,1904],[2,-32],[-2,-28],[-18,-6],[-8,-5],[18,-13],[9,-10],[3,-9],[-1,-13],[13,-7],[53,-3],[92,-12],[57,-4],[22,-2],[31,-6],[18,6],[25,-6],[10,10],[9,1],[13,-8],[17,0],[12,8],[16,5],[9,-3],[4,-32],[47,4],[0,23],[-9,9],[-6,12],[0,7],[69,35],[87,-9],[26,-5],[10,-5],[6,-9],[24,-12],[21,-5],[14,3],[18,-2],[47,11],[7,10],[-1,21],[19,13],[19,-3],[6,3],[5,14],[17,-4],[31,16],[58,-13],[27,13],[9,-8],[12,-22],[6,-2],[4,17],[36,2],[31,-3],[57,-12],[34,-3],[13,1],[19,5],[48,19],[-62,11],[-32,12],[-24,-1],[-26,4],[-11,38],[9,12],[0,9],[8,13],[28,-4],[41,-19],[99,-32],[40,-12],[40,-9],[25,-11],[39,15],[34,-19],[16,-3],[13,-5],[28,2],[12,-7],[14,-1],[13,-4],[24,7],[21,2],[4,-3],[1,-7],[6,-5],[16,-5],[18,-2],[7,-3],[2,-6],[12,-3],[34,-2],[9,-4],[25,-5],[14,-4],[14,-7],[45,-12],[17,-1],[41,-5],[49,-12],[9,-3],[10,0],[28,-6],[22,-1],[7,3],[11,0],[-6,-11],[44,-8],[33,0],[16,4],[19,-6],[15,-1],[18,5],[42,-11],[10,-6],[11,3]],[[8147,2527],[-3,-17],[-12,0],[-15,-6],[-21,-4],[-10,1],[-4,7],[1,6],[-5,5],[-46,3],[-51,18],[-27,13],[-22,7],[-25,3],[-21,0],[-34,10],[-39,15],[-9,-15],[-9,-8],[-19,0],[-26,6],[-16,1],[-18,0],[-8,-7],[-13,-2],[-15,13],[-19,6],[-12,-2],[-44,1],[-6,-8],[-12,4],[-13,-2],[2,-7],[-5,-8],[-29,4],[-12,-1],[-36,-8],[-13,-6],[-25,-1],[-9,7],[-9,18],[-8,5],[-20,-2],[-6,4],[11,18],[-8,6],[-5,10],[-11,10],[-13,-2],[-38,1],[-12,-8],[3,-10],[-13,-4],[-39,-9],[-17,-10],[-22,0],[-8,3],[-9,12],[-12,5],[-3,12],[1,9],[-5,6],[-25,3],[-28,1],[-27,9],[-26,-4],[-39,3],[-35,-2],[-50,-10],[-2,-13],[-9,-10],[-9,-5],[-17,14],[-10,1],[-8,-6],[-5,-10],[5,-7],[-48,1],[-18,-3],[-1,-11],[-4,-2],[-16,11],[-8,-2],[0,-18],[-12,0],[-33,-11],[-1,-7],[8,-9],[0,-9],[-6,-12],[17,-15],[2,-7],[-11,-5],[-10,6],[-37,8],[-15,-2],[-21,-9],[-28,-10],[-19,-3],[-14,2],[-4,11],[-10,8],[-19,4],[-16,-2],[-16,-13],[-16,-2],[-9,5],[-12,-5],[-3,-5],[-11,1],[-8,-9],[-6,-2],[-32,1],[-1,-16]],[[3585,7785],[44,-11],[17,-9],[5,-19],[-15,-14],[-4,-20],[-14,-8],[-1,-5],[13,-8],[40,-17],[-13,-13],[28,1],[22,-4],[39,-13],[11,-6],[15,-18],[21,-2],[23,-13],[33,-11],[5,-8],[-1,-8],[17,-5],[4,-8],[31,4],[44,-3],[26,2],[9,-5],[28,-2],[41,3],[30,-6],[10,-7],[37,-11],[-6,-5],[-22,-7],[-11,-7],[-16,-6],[8,-24],[-1,-14],[-7,-27],[-8,-10],[0,-30],[-7,-8],[-2,-14],[28,-12],[4,-20],[9,-6],[37,-14],[36,-13],[44,-5],[10,-6],[22,-7],[21,-1],[22,-5],[2,-17],[6,-12],[-2,-12],[38,-23],[9,-5],[16,-4],[21,-13],[27,-9],[14,-8],[36,-15],[33,-10],[36,-16],[25,-4],[39,-10],[32,-16],[12,7],[14,2],[19,-5],[20,13],[20,-2],[45,27],[10,0],[50,-32],[4,-17],[15,-11],[-18,-10],[19,-15],[37,-4],[31,-12],[34,-6],[30,-18],[23,-18],[30,-14]],[[5018,7011],[-10,-12],[5,-15],[13,-23],[-12,-17],[-33,13],[-58,-40],[-26,6],[-22,-3],[3,-16],[-21,-11],[-5,-27],[5,-31],[-22,-21],[-8,-17],[19,-28],[54,-15],[14,8],[8,-2],[-2,-11],[7,-9],[0,-9],[-13,-13],[-31,-8],[-69,-8],[-74,-36],[3,-20],[-37,-10],[-20,-15],[-27,-12],[-21,-6],[-33,3],[-39,-1],[-25,3],[-15,4],[-35,-22],[-18,-3],[-15,-5],[-23,-9],[-20,8],[-14,9],[-39,16],[-28,-11],[-23,-18],[-14,-7],[-22,-4],[-64,-1],[-24,-3],[-47,-21],[-17,-2],[-46,15],[-7,-6],[-8,-18],[-8,-5],[-16,-4],[-20,-1],[-23,-6],[-16,-12],[-24,-26],[-33,-11],[-10,-21],[19,-9],[50,-12],[23,5],[21,-2],[9,-4],[-6,-10],[-19,-16],[-41,-8],[-18,1],[-14,-3],[-7,-8],[-33,-17],[-4,-8],[4,-8],[14,-15],[1,-7],[-4,-11],[-13,8],[-26,7],[-15,-3],[-12,-7],[-30,-11],[-23,-16]],[[3788,6290],[-4,2],[-4,5],[-5,6],[-3,3],[-10,6],[-2,7],[-16,5],[-8,10],[-11,6],[-11,16],[0,9],[7,3],[33,-1],[14,0],[5,5],[-8,15],[-19,9],[-14,0],[-9,-5],[-3,-2],[-5,-3],[-5,-2],[-9,0],[-15,5],[-2,5],[-5,2],[-10,14],[-3,1],[-20,38],[-2,1],[-31,47],[-5,10],[-34,62],[-2,4],[-1,0],[-5,6],[-19,34],[-2,1],[-5,8],[-15,20],[-2,0],[-7,11],[-7,14],[-6,8],[-2,1],[-1,1],[-3,5],[-3,2],[-4,5],[-2,1],[-13,19],[-2,6],[-1,2],[-19,9],[-1,3],[-10,10],[-5,3],[3,55],[-2,10],[-6,2],[-22,12],[-3,3],[-1,2],[-3,1],[-6,3],[-1,1],[-1,0],[-5,9],[-2,1],[-6,4],[-2,3],[-16,17],[-7,3],[-12,14],[-4,3],[-10,9],[-2,1],[-3,7],[-4,2],[-2,1],[-2,1],[-3,5],[-2,1],[-9,11],[-4,6],[-1,0],[-3,4],[-11,17],[-2,2],[0,1],[0,1],[-4,1],[-3,1],[1,2],[-10,6],[-2,3],[-5,2],[0,2],[-14,7],[-3,5],[-3,1],[-3,4],[-46,25],[-30,11],[-18,4],[-10,3],[-32,8],[-30,3],[-20,-2],[-11,-4],[-5,0],[-15,3],[-6,3],[0,1],[-1,2],[-4,2],[-7,9],[-3,1],[-11,7],[-3,1],[-2,1],[-9,5],[-3,2],[-1,4],[-2,2],[-15,30],[-18,29],[-5,15],[-3,5],[-1,0],[-13,26],[-6,12],[-14,20],[-2,1],[-6,4],[-4,2],[0,2],[-4,3],[-9,13],[-1,2],[-2,0],[-1,5],[2,3],[-13,9],[-10,17],[-9,10],[-11,21],[-7,16],[-10,17],[-19,33],[-6,8],[-2,1],[-2,0],[-9,14],[-40,61],[-3,2],[-2,2],[-1,1],[-20,26],[-20,26],[-3,2],[-3,1],[-5,7],[-9,9],[-7,7],[-3,1],[-1,3],[-8,7],[16,7],[8,6],[2,5],[2,5]],[[6212,6461],[-23,3],[-23,-5],[-54,10],[-40,0],[2,-18],[-20,-31],[23,-15],[15,-13],[-15,-38],[20,-28],[-15,-18],[-7,-30],[4,-10],[-30,-1],[-24,-8],[-13,-4],[-16,-15],[-38,-5],[-19,-7],[-33,3],[-22,-2],[-16,-6],[-28,-4],[-19,-10],[-48,-36],[0,-14],[7,-9],[-12,-9],[3,-6],[-19,-9],[-21,-5],[-41,6],[-15,-9],[-50,5],[-5,-14],[-36,-14],[5,-14],[-6,-14],[11,-8],[19,6],[8,0],[5,5],[48,2],[36,-4],[45,-6],[-4,-12],[-9,-12],[-2,-13],[30,-10],[9,-5],[33,0],[101,-5],[2,-7],[-9,-17],[-22,-23],[-18,2],[-33,-1],[-15,4],[-31,0],[-14,8],[-7,0],[-13,-5],[-8,-24],[2,-11],[-5,-11],[-15,-8],[1,-44],[10,-12],[24,-14],[6,-10],[-3,-28],[-29,0],[-13,3],[-6,10],[-15,2],[-43,0],[-29,14],[-21,-5],[-15,-6],[-21,2],[-14,2],[-25,-1],[-13,3],[-20,-6],[-12,-19],[-42,-41],[-34,0],[-41,-3],[-15,12],[-4,11],[-28,16],[-6,9],[0,11],[-16,3],[-14,-5],[-14,-13],[-8,-17],[-25,-2],[-42,3],[-9,10],[2,11],[-16,5],[-31,-9],[-8,5],[-8,13],[-12,0],[-18,-1],[-17,-9],[0,-14],[-3,-10],[-31,-20],[-15,-3],[-23,7],[-17,7],[-14,4],[-13,-2],[-4,-16],[10,-12],[1,-9],[-14,-2],[-34,5],[-11,-4],[-3,-9],[1,-10],[-10,-9],[-9,-1],[-21,8],[-13,-11],[1,-12],[6,-15],[-5,-13],[-14,-10],[-20,-6],[-102,-4],[-50,12],[-14,5],[-25,3],[-16,-5],[-22,-22],[-9,-18],[-17,-1],[-8,-8],[17,-12],[21,-7],[-6,-14],[52,-8],[-5,-4],[11,-9],[-4,-7],[-18,1],[-4,-3],[-12,-69],[8,-2],[-6,-18],[22,1],[1,-12],[7,-12],[21,2],[22,-3],[18,6],[14,-12],[2,-9],[11,-10],[-3,-8]],[[4734,5408],[-7,-5],[1,-7],[-21,-4],[-10,-8],[-20,-8],[-9,-20],[-9,-3],[-6,4],[-11,-4],[-19,1],[-9,4],[-19,-14],[-39,-6],[-26,-6],[-30,-14],[-23,4],[-4,6],[-14,4],[-17,1],[-2,5],[-7,-4],[-37,-2],[-2,-16],[-11,2],[-1,11],[-26,0],[-5,5],[-11,-2],[-10,-5],[-17,-3],[-7,-6],[-25,-1]],[[4281,5317],[-1,0],[-9,16],[-1,1],[-13,25],[-2,2],[-4,1],[-29,35],[-17,15],[-14,35],[-13,23],[-14,23],[-22,11],[-14,10],[-3,8],[-6,12],[-18,19],[-18,9],[-10,13],[-1,16],[-15,41],[-6,23],[-2,10],[-12,35],[-12,39],[-12,30],[-21,50],[-3,10],[-10,29],[-26,59],[-3,8],[-10,29],[-3,25],[0,20],[-25,48],[-9,24],[-4,9],[-6,16],[0,1],[-12,24],[-2,12],[-23,44],[-24,37],[-10,18],[-2,1],[-13,31],[-18,25],[-1,1]],[[5018,7011],[89,21],[15,15],[26,4],[34,8],[8,12],[-14,13],[28,29],[47,25],[85,13],[16,15],[19,12],[32,2]],[[5403,7180],[33,-31],[5,-13],[7,-10],[-15,-42],[-3,-35],[29,10],[41,20],[33,-10],[47,13],[30,-13],[8,-6],[-15,-8],[20,-13],[35,6],[32,-13],[59,-19],[50,31],[21,-10],[55,-7],[33,-6],[36,-16],[79,-29],[78,13],[-1,-19],[-8,-23],[41,-21],[82,-32],[36,-21],[96,-13],[147,-31],[-2,-17],[-11,-13],[11,-3],[27,6],[53,-3],[33,8],[10,-54],[-4,-13],[-18,-11],[-18,-15],[-8,-13],[8,-17],[38,-8],[-24,-10],[-48,-15],[-23,-19],[-11,-18],[1,-6],[-99,-22],[-165,-48],[-13,-67],[-19,-13]],[[7750,4545],[-16,-4],[-14,0],[-19,7],[-32,18],[-36,-6],[-6,-11],[-7,-5],[-53,-3],[-19,1],[-20,7],[-19,2],[-5,-10],[-15,-4],[-19,1],[-18,3],[-32,-1],[-7,6],[7,9],[-3,9],[24,3],[10,5],[14,17],[2,7],[-4,2],[-15,-2],[-18,0],[-40,11],[-21,1],[-57,12],[-25,3],[-28,-1],[-24,-5],[-4,-9],[-8,-7],[-28,-3],[-32,0],[-11,2],[-7,9],[-42,8],[-46,28],[-12,3],[-1,-9],[-8,-8],[-43,10],[-12,-3],[-23,-3],[-15,-8],[-11,1],[1,11],[-7,1],[-13,-5],[-16,5],[-13,14],[-41,29],[-5,12],[-21,29],[-14,7],[-18,16],[-26,13],[-26,3],[-37,-1],[-18,-2],[-19,-8],[-8,4],[-3,22],[-13,4],[-62,6],[-12,6],[-27,28],[-16,7],[-41,11],[-23,3],[-14,5],[-49,9],[-22,12],[-26,0],[-13,5],[-19,17],[-14,4],[3,12],[-23,10],[-8,8],[-27,19],[-10,5],[-24,2],[-13,10],[-30,14],[-3,12],[24,37],[-19,1],[-10,2],[0,12],[-14,5],[-6,17],[-13,2],[-5,9],[-18,-1],[-9,2],[-16,-8],[-3,12],[-24,21],[-5,14],[6,10],[21,-6],[19,-1],[6,8],[-8,7],[6,4],[21,2],[14,6],[17,17],[-10,10],[-2,14],[-20,0],[-8,5],[23,32],[-1,10],[19,7],[28,0],[2,10],[13,7],[7,12],[37,-9],[5,19],[-5,20],[-28,35],[-3,9],[25,8],[16,-4],[17,0],[14,14],[16,33],[9,7],[33,11],[8,10],[-13,11],[-21,6],[-3,4],[19,13],[-17,9],[-34,0],[-46,-5],[-39,-3],[-43,2],[-39,-3],[-37,0],[-28,-5],[-28,5],[-12,9],[-17,20],[-2,8],[-8,6],[-10,4],[-17,-1],[-55,-10],[-15,-12],[-10,-26],[-9,-6],[-19,2],[-46,7],[-16,-1],[-41,-7],[-26,3],[-83,20],[-37,5],[-30,-6],[-48,1],[-27,-9],[-37,-8],[-19,4],[-7,6],[0,36],[-12,10],[-37,1],[-14,9],[-22,9],[-11,2],[-12,-4],[-20,-4],[-15,1],[-33,8],[-19,0],[-14,3],[-9,-6],[56,-29],[-3,-32],[-27,-3],[-21,-9],[-5,-13],[-9,-9],[-25,-11],[-4,-13],[-33,-20],[-4,-14],[-18,-8],[-10,-8],[-17,6],[-10,16],[-8,1],[-6,-9],[-31,13],[-27,-1],[-24,8],[-15,-17],[-12,-6],[-26,6],[-35,17],[-21,5],[-22,4],[-72,2],[-40,5]],[[6212,6461],[9,-7],[13,-1],[36,-23],[24,8],[30,5],[-3,28],[36,6],[50,3],[58,0],[14,-2],[17,-15],[43,-11],[59,-2],[47,9],[117,8],[61,2],[34,-5],[83,-21],[26,11],[47,13],[47,17],[58,14],[39,18],[-2,9],[6,10],[70,9],[53,-29],[40,-14],[8,-8],[11,2],[4,-6],[-33,-18],[-1,-13],[13,-17],[-29,-15],[-29,4],[-20,-12],[-18,-6],[-12,-11],[-18,-4],[-12,-16],[21,-29],[15,-10],[6,-17],[14,-2],[14,1],[7,9],[-11,6],[1,7],[27,-4],[11,-16],[11,-10],[27,-13],[28,6],[22,0],[15,-9],[1,-14],[6,-11],[-4,-14],[-18,-10],[-3,-13],[18,-21],[16,5],[12,-5],[2,-11],[7,-8],[-6,-10],[-47,-15],[0,-13],[6,-8],[4,-16],[13,-4],[24,3],[18,0],[15,-17],[30,-11],[19,-4],[32,4],[57,35],[14,-6],[-4,-11],[-22,-22],[-20,-7],[-97,-10],[-51,3],[-46,6],[-80,8],[-22,-3],[-30,-19],[-33,-11],[-42,-40],[4,-16],[-8,-14],[-4,-14],[-68,-43],[-4,-22],[-17,-19],[9,-7],[-7,-10],[-32,-12],[7,-11],[15,-9],[87,-30],[38,-9],[33,0],[29,-3],[44,-12],[27,-13],[18,-4],[19,-2],[12,-6],[7,-7],[27,8],[18,1],[20,-1],[50,-11],[19,5],[25,-1],[19,-5],[14,-12],[15,-5],[23,-1],[104,-20],[14,-7],[14,-19],[12,-7],[26,-10],[18,-11],[16,-13],[10,-12],[-7,-8],[-25,-16],[13,-17],[48,2],[29,-20],[86,3],[25,-2],[13,-18],[24,-47],[-3,-10],[-11,-13],[1,-11],[-4,-11],[-11,-7],[-11,-10],[-3,-14],[-25,-23],[-4,-13],[8,-16],[9,-13],[-10,-3],[-24,2],[-39,-31],[-14,-15],[2,-12],[-9,-8],[-16,-4],[-2,-7],[32,-12],[18,-1],[9,-5],[1,-7],[-3,-10],[10,-6],[10,-32],[-8,-22],[-51,-9],[-28,-3],[-30,5],[-26,1],[-27,-2],[-18,3],[-17,0],[-31,-3],[-38,1],[3,-12],[-9,-15],[6,-11],[14,-4],[5,-7],[-4,-22],[27,-14],[35,3],[16,-3],[5,-7],[-1,-19],[-13,-20],[-3,-13],[15,-10],[4,-9],[-17,-22],[-5,-12],[29,-19],[-2,-10],[-24,-48],[-19,-27],[3,-23],[-14,-93],[-39,-53],[18,-7],[12,-22],[25,4],[5,-10],[0,-11],[-27,-16],[19,-11],[16,-15],[24,-6],[29,-21],[5,-7],[-12,-15],[-2,-15],[-32,-19],[-7,-8],[4,-8]],[[9496,2176],[1,-10],[-8,-6],[-1,-26],[-12,-6],[5,-20],[-17,-17],[8,-16],[21,-18],[-34,-20],[-19,-15],[-12,-7],[-12,-2],[-29,2],[-1,-8],[-11,-16],[26,-7],[20,-1],[16,-24],[-11,-20],[9,-29],[-23,-8],[-2,-8],[-31,-13],[-19,-27],[-10,-6],[-17,-2],[-34,-13],[-21,-4],[-10,-20],[-17,-4],[-10,-10],[-25,-6],[-24,-30],[3,-11],[9,-11],[-5,-7]],[[9169,1061],[-9,-7],[11,-10],[1,-11],[-10,-17],[-18,-13],[-22,-3],[-33,4],[-21,12],[-8,-7],[8,-14],[23,-23],[-5,-13],[21,-16],[21,-10],[27,-8],[15,-21],[18,-14],[8,-15],[3,-13],[-13,-20],[13,-17],[19,-13],[13,-17],[27,-13],[12,-9],[16,-5],[25,-23],[38,-13],[-2,-21],[3,-12],[14,-13],[22,-8],[21,-17],[34,-22],[32,-48],[21,-15],[1,-11],[-28,-21],[-22,-24],[-19,-35],[-25,-8],[-34,-5],[-20,-11],[-19,-5],[-21,17],[-43,18],[-31,-1],[-25,-10],[-22,-13],[17,-12],[15,-42],[17,-20],[25,-10],[15,-11],[5,-17],[-3,-12],[-42,-2],[-40,-5],[-23,-16],[-9,-20],[-2,-21],[-30,-16],[-20,-14],[-10,-17],[-43,-23],[-17,-5],[-14,14],[-20,3],[-23,-10],[4,-13],[21,-8],[8,-15],[-30,-24],[1,-13],[23,8],[23,12],[18,0],[10,-7],[9,-14],[-23,-22],[1,-10],[8,-11],[26,-19],[0,-11],[-19,3],[-11,13],[-9,5],[-20,-4],[-30,0],[-26,9],[-34,-3],[-41,-14],[-10,-8],[-32,-3],[15,-22],[-25,0],[-7,-8],[-28,-2],[-18,-11],[-15,-19],[-24,6],[-20,8],[-13,8],[-7,3],[-2,1],[-1,1],[-3,0],[0,1],[-12,6],[-5,2],[-11,5],[-19,8],[-1,1],[-54,23],[-16,10],[-3,3],[-9,4],[-3,2],[-16,7],[-1,1],[-14,7],[-56,27],[0,1],[-12,7],[-12,4],[-4,-1],[-7,0],[-4,1],[-2,-1],[-12,1],[-4,1],[-7,1],[-13,5],[-14,21],[-2,1],[-2,1],[-1,4],[-8,11],[-5,2],[-13,0],[-18,-7],[-10,3],[-1,1],[-19,8],[-4,4],[-6,5],[-20,11],[-2,1],[-3,1],[0,3],[-2,1],[-2,5],[-1,18],[0,2],[-3,17],[-3,4],[-35,20],[0,2],[-3,2],[0,1],[-29,16],[0,1],[-1,0],[-41,22],[-2,1],[-6,4],[-4,0],[-2,2],[0,1],[-6,3],[-4,2],[-1,2],[-10,8],[0,1],[-13,6],[0,2],[0,1],[-22,12],[-1,2],[-1,1],[-10,4],[-1,2],[-2,1],[-5,2],[0,2],[-30,18],[0,2],[-8,4],[0,1],[0,1],[-32,18],[0,1],[-12,6],[-3,3],[-4,4],[-22,13],[-4,7],[-18,10],[-2,0],[0,1],[-2,1],[-3,2],[-4,6],[-16,9],[-6,6],[0,1],[-17,9],[-1,2],[-6,3],[-3,2],[0,2],[-3,2],[-3,1],[0,1],[-9,8],[0,1],[-18,10],[-2,3],[-6,6],[-2,1],[-1,3],[-5,3],[-7,7],[-3,3],[0,2],[-29,18],[-3,2],[-1,3],[-4,2],[-2,1],[-24,15],[-5,6],[-10,6],[-19,12],[-7,5],[-4,6],[-19,10],[-2,3],[-2,3],[-3,1],[-7,3],[0,1],[-9,7],[-10,8],[-1,2],[-11,7],[-3,4],[-11,6],[-1,2],[-2,3],[-7,3],[-3,5],[-6,3],[-3,4],[-4,2],[-15,9],[0,1],[-4,3],[-3,3],[-4,5],[-2,1],[-16,7],[-3,3],[-20,12],[0,1],[-24,13],[-11,5],[0,1],[0,1],[-9,4],[0,1],[-3,1],[-3,4],[-3,0],[-1,1],[-4,2],[-4,4],[-11,9],[0,1],[-11,7],[0,1],[-11,6],[-1,3],[-15,9],[-4,6],[-13,6],[0,1],[-5,3],[-6,8],[-20,13],[-6,6],[0,1],[-2,0],[-2,1],[0,1],[-16,8],[-1,2],[-8,4],[0,1],[-6,4],[-3,3],[0,1],[-13,7],[0,1],[0,1],[-16,9],[-7,7],[-18,11],[0,2],[-4,5],[-15,10],[-4,4],[0,3],[-18,8],[0,1],[-2,1],[-3,4],[0,2],[-16,9],[-2,2],[0,1],[-11,7],[-2,0],[-2,2],[-14,9],[-8,9],[-14,7],[-6,8],[-7,3],[-16,10],[-2,2],[1,5],[-6,2],[-4,2],[-1,3],[-29,13]],[[7750,4545],[-4,-23],[-6,-17],[-18,-22],[0,-16],[21,-3],[20,-6],[8,-17],[13,-4],[13,-9],[5,0],[0,8],[3,5],[40,-2],[28,15],[10,3],[15,-1],[-9,-17],[-2,-29],[3,-6],[34,-6],[25,-17],[29,-3],[29,-27]],[[5121,4202],[-8,12],[-18,4],[-2,2],[-4,2],[-14,6],[-5,7],[-3,1],[-30,43],[-2,1],[-2,0],[-16,22],[-2,2],[-1,1],[-4,4],[-3,1],[-3,13],[0,4],[4,5],[4,17],[-4,13],[-2,4],[-20,11],[-2,2],[-1,1],[-4,10],[-4,5],[0,1],[-9,28],[-2,3],[-3,2],[-4,12],[-24,52],[-42,62],[0,1],[-13,24],[-8,22],[-2,3],[-7,12],[-15,26],[-2,3],[-13,18],[-2,1],[-2,3],[-2,0],[-7,10],[-2,0],[-1,1],[-2,3],[-1,1],[-13,17],[-2,1],[-12,17],[-2,0],[-3,6],[-2,0],[-1,3],[-2,1],[-2,0],[-18,27],[-4,3],[-3,2],[-3,4],[-5,9],[-20,31],[-2,2],[-9,14],[-2,1],[-1,2],[-2,3],[-8,4],[-11,11],[-13,6],[-10,7],[-9,6],[-6,5],[-4,5],[-3,2],[-3,3],[-5,9],[-4,7],[1,4],[7,-2],[6,-4],[9,-8],[8,-8],[10,-9],[6,-3],[13,-3],[3,4],[-3,4],[-4,7],[-5,7],[-3,3],[-7,5],[-1,1],[-4,3],[-1,2],[-9,7],[-2,1],[-4,6],[-2,1],[-1,2],[-3,2],[-1,1],[-7,5],[-2,5],[-1,3],[-4,2],[-10,16],[0,7],[5,7],[50,4],[2,0],[11,-8],[4,-3],[22,-16],[17,-11],[-3,7],[-12,15],[-8,13],[-4,4],[2,3],[10,1],[3,0],[3,0],[3,2],[-1,5],[-2,1],[-2,4],[0,2],[-14,6],[-19,3],[-7,0],[-6,2],[-4,2],[-1,1],[-6,9],[-10,8],[-2,4],[-4,12],[0,3],[5,2],[5,3],[1,1],[-1,2],[-6,10],[-2,3],[-5,0],[-11,-1],[-2,0],[-7,-3],[-7,-7],[-7,-2],[-1,-8],[1,-2],[2,-1],[5,-9],[4,-1],[5,-8],[2,-1],[3,-4],[7,-8],[1,-1],[3,-3],[9,-10],[0,-7],[-2,-2],[-37,-5],[-9,-2],[-2,-1],[-2,-4],[1,-7],[-1,-3],[0,-2],[0,-5],[15,-27],[-1,-3],[-5,-3],[-13,4],[-4,1],[-5,9],[-14,27],[-10,20],[-12,18],[-4,3],[-15,23],[-27,45],[-5,5],[-4,2],[-12,17],[-1,1],[-2,0],[-6,10],[-9,5],[-17,21],[-2,1],[-1,2],[-4,3],[-5,2],[-2,4],[-7,6],[-2,1],[-34,48],[-2,1],[-6,10],[-2,0],[-4,7],[-8,11],[-1,1],[-29,38],[-3,6],[-2,0],[-8,13],[-2,0],[-2,1],[-14,19],[-4,2],[-1,2],[-10,7],[-4,1],[-4,7],[-1,0]],[[4187,8098],[23,-4],[24,4],[44,2],[26,-5],[15,-6],[36,-4],[19,1],[14,-5],[14,-1],[14,2],[43,-5],[15,1],[23,18],[39,3],[18,4],[18,-1],[26,-4],[35,14],[13,10],[23,2],[75,31],[24,7],[32,-2],[40,2],[66,21],[3,-95],[-4,-115],[5,-12],[2,-27],[-5,-17],[34,-18],[15,3],[21,1],[52,28],[41,8],[52,-2],[44,6],[40,3],[48,-18],[19,-4],[10,-11],[6,-23],[9,-15],[-7,-27],[26,-12],[9,-22],[17,-10],[53,-7],[49,-3],[34,10],[48,1],[26,7],[12,-6],[34,-35],[44,-15],[20,-4],[13,-15],[29,-57],[28,-8],[27,-3],[42,-18],[23,1],[21,-1],[19,8],[20,13],[64,-9],[45,20],[27,-5],[54,16],[13,8],[12,-16],[-16,-13],[-4,-16],[25,2],[21,-18],[6,-10],[0,-10],[-4,-8],[-27,-8],[-9,-13],[-9,-1],[-13,7],[-26,-12],[25,-4],[-2,-36],[20,-30],[11,-11],[29,-3],[24,-9],[16,-26],[9,-6],[19,-7],[3,-9],[-5,-9],[-14,-9],[-19,-1],[-4,-13],[-14,4],[-98,0],[-64,-6],[-13,-17],[0,-23],[-22,-8],[-2,-16],[-21,-4],[-60,-20],[-38,-5],[-19,-5],[-8,5],[0,10],[-19,8],[-69,-25],[-8,-18],[-15,2],[-29,-13],[-16,1],[-3,15],[-10,20],[-18,5],[-32,1],[-7,14],[-20,7],[-17,-8],[-28,-5],[-133,-50],[5,-11],[29,-29],[16,-29],[16,-11],[2,-10],[-13,-7],[-25,-5]]],"transform":{"scale":[0.0002549904068229246,0.00045041746077595124],"translate":[74.86303796839177,8.291355916213941]}}