{"type":"Topology","objects":{"type":"GeometryCollection","geometries":[{"type":"MultiPolygon","properties":{"NAME_1":"Lakshadweep","ST_NM":"Lakshadweep","ST_CEN_CD":31,"DT_CEN_CD":1,"CENSUSCODE":587,"iso_a2":"IN_LD_LD"},"arcs":[[[0]],[[1]],[[2]],[[3]],[[4]],[[5]],[[6]],[[7]],[[8]],[[9]],[[10]],[[11]],[[12]],[[13]],[[14]],[[15]],[[16]],[[17]],[[18]],[[19]],[[20]]]}]},"arcs":[[[9908,7106],[-10,-2],[-9,0],[-8,-1],[-11,0],[-9,-1],[-10,0],[-9,0],[-15,0],[-13,2],[-9,1],[-9,1],[-10,2],[-11,2],[-6,0],[-9,2],[-8,2],[-8,2],[-10,2],[-8,2],[-9,2],[-15,5],[-12,5],[-13,6],[-15,6],[-14,5],[-15,4],[-15,6],[-9,4],[-5,2],[-9,4],[-8,3],[-8,2],[-7,4],[-7,3],[-8,3],[-6,2],[-8,3],[-10,4],[-12,7],[-14,6],[-8,4],[-12,7],[-3,2],[-2,2],[-2,1],[-7,4],[-6,4],[-4,5],[-7,4],[-6,4],[-6,5],[-6,4],[-6,5],[-6,4],[-6,4],[-4,5],[-5,5],[-5,5],[-7,4],[-6,4],[-5,5],[-3,5],[-6,4],[-5,5],[-5,5],[-6,6],[-3,2],[-5,5],[-5,7],[-5,8],[-7,11],[-3,9],[-4,8],[-1,10],[-1,5],[-1,6],[1,5],[2,6],[1,5],[4,5],[4,5],[4,5],[3,6],[5,4],[7,3],[5,5],[6,4],[7,3],[8,4],[9,3],[9,2],[9,1],[8,3],[10,2],[9,1],[9,1],[10,1],[10,0],[17,0],[13,-2],[9,-2],[9,-1],[10,-2],[9,-2],[8,-3],[9,-2],[9,-3],[9,-2],[8,-2],[9,-3],[9,-2],[8,-3],[9,-2],[9,-2],[11,-3],[9,-2],[9,-2],[8,-2],[9,-3],[9,-2],[8,-3],[9,-2],[8,-3],[9,-3],[7,-3],[9,-3],[7,-4],[9,-2],[8,-4],[6,-3],[8,-4],[8,-3],[16,-6],[13,-8],[15,-7],[14,-8],[18,-12],[11,-7],[12,-8],[6,-4],[29,-20],[5,-4],[15,-12],[8,-7],[9,-8],[11,-12],[8,-9],[8,-8],[5,-4],[3,-5],[4,-5],[4,-6],[1,-1],[1,-2],[0,-1],[3,-6],[2,-5],[2,-7],[1,-7],[1,-6],[1,-5],[-1,-5],[0,-5],[-2,-5],[-2,-7],[-3,-5],[-5,-4],[-5,-8],[-8,-6],[-5,-4],[-5,-4],[-7,-4],[-6,-4],[-8,-3],[-7,-3],[-9,-2],[-9,-3],[-9,-1]],[[474,8629],[3,-6],[0,-4],[1,-6],[0,-5],[-1,-3],[-2,-4],[-3,-3],[-10,-3],[-8,0],[-9,2],[-16,3],[-10,5],[-17,4],[-21,4],[-18,3],[-14,3],[-18,0],[-14,1],[-16,0],[-18,-1],[-15,0],[-14,2],[-9,0],[-9,2],[-8,1],[-10,2],[-7,3],[-6,3],[-9,5],[-7,5],[-6,5],[-5,6],[-3,7],[-3,6],[-3,7],[-4,5],[-4,3],[-3,4],[-2,1],[-5,5],[-3,3],[-3,4],[-2,1],[-5,4],[-4,4],[-2,2],[-3,3],[-5,6],[-3,6],[-1,7],[-1,7],[0,9],[-2,7],[0,7],[-2,9],[-1,7],[-2,7],[-3,6],[-5,8],[-1,7],[-2,8],[-1,5],[-1,9],[-5,8],[-4,6],[-3,6],[-2,5],[-3,5],[-4,3],[-1,1],[-3,1],[-10,4],[-12,6],[-13,5],[-4,1],[-1,1],[-8,3],[-4,5],[-1,1],[-4,1],[-6,5],[-5,4],[-2,5],[-3,7],[-1,6],[2,5],[5,6],[5,5],[5,2],[1,0],[6,2],[1,3],[5,5],[7,4],[10,6],[8,5],[9,6],[8,5],[13,7],[17,10],[6,6],[5,5],[5,4],[4,4],[8,3],[6,4],[8,3],[4,3],[5,4],[5,2],[5,4],[7,3],[5,2],[11,2],[11,1],[9,0],[13,-2],[9,-4],[6,-7],[6,-6],[8,-9],[9,-7],[8,-8],[6,-9],[5,-8],[5,-6],[4,-8],[5,-8],[2,-7],[1,-11],[5,-10],[3,-7],[0,-6],[5,-7],[5,-6],[3,-3],[3,-6],[1,-2],[3,-4],[1,-5],[1,-1],[3,-3],[6,-6],[7,-4],[13,-14],[4,-3],[24,-30],[2,-4],[4,-6],[6,-7],[4,-7],[8,-13],[4,-5],[3,-5],[4,-5],[0,-4],[1,-6],[1,-5],[0,-5],[1,-5],[3,-7],[2,-6],[1,-3],[2,-5],[2,-6],[2,-4],[2,-5],[6,-15],[3,-8],[3,-7],[8,-17],[1,-3],[0,-4],[3,-6],[8,-6],[1,-1],[2,-6],[7,-5]],[[2230,4226],[-9,-2],[-7,0],[-9,0],[-7,0],[-8,1],[-7,0],[-1,0],[-7,-1],[-10,-2],[-8,-3],[-13,-5],[-8,1],[-7,3],[-3,3],[-2,4],[-6,5],[-6,3],[-3,2],[-4,5],[-1,7],[0,5],[3,6],[4,5],[2,9],[5,8],[3,8],[3,8],[4,8],[1,6],[2,7],[4,6],[6,7],[4,4],[2,1],[3,2],[7,5],[5,4],[7,3],[6,4],[6,5],[8,5],[12,6],[10,5],[11,4],[17,4],[9,4],[7,6],[5,7],[1,5],[3,6],[7,8],[7,6],[12,5],[5,4],[1,0],[13,4],[11,5],[10,4],[8,4],[10,4],[12,6],[12,2],[9,4],[3,2],[5,4],[7,4],[6,3],[12,4],[9,4],[5,3],[5,2],[10,9],[3,4],[2,3],[6,4],[6,5],[5,4],[4,4],[4,5],[5,2],[6,3],[9,0],[5,0],[3,0],[1,-3],[5,-3],[4,-3],[2,-3],[3,-3],[4,-5],[1,-4],[2,-4],[0,-6],[1,-5],[0,-3],[1,-5],[2,-7],[3,-7],[4,-8],[5,-5],[5,-4],[5,-3],[3,-5],[1,-5],[0,-5],[-2,-5],[-5,-8],[-4,-5],[-2,-1],[-1,-2],[-1,-2],[-2,-1],[-1,-2],[-1,-2],[-1,-2],[-2,-3],[-1,-2],[-1,-2],[-1,-3],[-1,-2],[-3,-3],[-4,-5],[-2,-1],[-6,-5],[-6,-4],[-4,-3],[-5,-5],[-11,-9],[-3,-6],[-2,-5],[-5,-6],[-4,-6],[0,-2],[0,-2],[-2,-1],[-4,-3],[-3,-3],[-1,-2],[-5,-3],[-7,-4],[-10,-4],[-9,-5],[-5,-3],[-8,-6],[0,-2],[-1,-1],[-4,-4],[-3,-3],[-3,-2],[-4,-4],[-1,-2],[-1,-2],[-1,0],[-9,-5],[-9,-5],[-2,0],[-16,-4],[-14,-2],[-13,-3],[-9,-3],[-13,-3],[-14,-4],[-9,-3],[-13,-5],[-11,-4],[-15,-5],[-12,-4],[-11,-5]],[[1870,7798],[-8,0],[-8,0],[-6,0],[-9,1],[-10,1],[-11,1],[-13,1],[-8,1],[-4,1],[-6,1],[-5,1],[-6,1],[-4,2],[-4,1],[-5,3],[-4,2],[-3,3],[-6,2],[-4,1],[-1,1],[-1,0],[-3,2],[-2,3],[-2,4],[-1,3],[-1,3],[0,1],[-1,3],[0,1],[-2,3],[-3,3],[-2,2],[-5,4],[-3,3],[-1,2],[-2,2],[-3,3],[-2,2],[-1,1],[0,1],[-2,2],[-2,3],[-2,1],[-1,3],[-1,3],[0,2],[-1,3],[0,2],[0,3],[0,2],[0,3],[1,3],[0,3],[0,1],[0,2],[-1,3],[0,2],[-1,4],[-1,3],[-1,3],[-1,4],[1,4],[1,3],[-1,3],[-1,3],[0,4],[-1,3],[0,3],[2,4],[2,4],[4,4],[4,3],[4,3],[4,4],[3,3],[3,2],[5,2],[4,3],[4,2],[3,3],[3,2],[2,3],[1,3],[1,4],[2,4],[2,3],[3,4],[4,5],[4,4],[5,4],[4,3],[4,3],[6,6],[4,3],[1,0],[2,1],[4,1],[6,3],[1,1],[3,4],[2,4],[3,3],[2,4],[4,3],[2,3],[2,2],[3,2],[4,2],[4,2],[5,3],[5,2],[5,1],[5,2],[6,0],[5,0],[3,-1],[5,-1],[5,-1],[5,-2],[5,-1],[3,-2],[7,-1],[5,-1],[7,-2],[6,-1],[6,-2],[5,-2],[3,-2],[2,-3],[2,-3],[1,-3],[1,-3],[2,-2],[2,-1],[2,-2],[3,-1],[1,-1],[1,-1],[0,-6],[-1,-6],[-3,-7],[1,-6],[-1,-9],[-3,-13],[-3,-12],[-1,-5],[-2,-4],[-1,-5],[-2,-5],[-2,-5],[-2,-5],[-2,-6],[1,-5],[1,-7],[1,-6],[1,-6],[2,-7],[2,-6],[1,-7],[-1,-4],[0,-4],[-1,-1],[-1,-3],[0,-5],[1,-4],[0,-5],[1,-4],[0,-4],[2,-4],[3,-6],[4,-6],[3,-7],[1,-4],[2,-4],[2,-4],[2,-4],[2,-4],[0,-3],[1,-3],[-3,-3],[-3,-3],[-3,-2],[-5,-2],[-5,-2],[-5,-1],[-4,-1],[-7,-2],[-7,-1],[-7,0],[-7,0],[-7,-1],[-8,0],[-6,-1]],[[1522,7077],[-3,-6],[-6,-11],[-4,-9],[-6,-13],[-2,-6],[-6,-11],[-6,-14],[-2,-9],[-4,-17],[-6,-15],[-7,-11],[-6,-7],[-8,-8],[-9,-9],[-8,-6],[-12,-5],[-14,-5],[-13,-3],[-15,-2],[-13,-3],[-21,-1],[-15,2],[-11,4],[-17,8],[-5,2],[-1,1],[-3,3],[-6,4],[-7,7],[-6,5],[-4,6],[-9,9],[-4,6],[-8,8],[-6,6],[-8,8],[-6,7],[-2,4],[-4,4],[-5,5],[-9,6],[-9,6],[-9,5],[-6,6],[-6,5],[-7,3],[3,0],[-2,1],[-5,5],[-5,4],[-6,5],[-7,3],[-7,4],[-8,8],[-6,5],[-7,4],[-1,6],[2,3],[11,0],[9,-2],[15,-2],[12,-3],[9,-3],[18,-3],[14,-3],[12,-3],[12,0],[39,3],[40,3],[49,4],[34,3],[12,2],[11,3],[8,3],[14,4],[11,5],[10,5],[10,6],[11,5],[11,7],[5,5],[8,9],[2,3],[3,3],[5,5],[4,3],[3,2],[3,0],[7,1],[8,-2],[4,-3],[0,-6],[-2,-2],[0,-1],[0,-5],[-2,-5],[0,-3],[-1,-6],[-6,-8],[-7,-8],[-5,-7],[-2,-4],[0,-3],[1,0],[-3,-3],[-4,-6]],[[708,9715],[-8,-1],[-4,0],[-6,0],[-4,1],[-4,1],[-5,2],[-5,2],[-3,2],[-1,1],[-1,1],[-1,4],[-2,2],[-4,9],[-1,2],[-1,11],[5,15],[6,11],[-2,10],[-4,11],[-11,12],[-4,7],[-2,1],[-2,2],[-1,2],[-1,2],[-2,3],[-2,3],[-2,3],[-1,2],[-1,2],[1,1],[-2,1],[-2,11],[-1,13],[4,11],[2,6],[-1,2],[-1,10],[-1,9],[-2,12],[-1,9],[-2,7],[0,6],[-2,4],[-1,0],[0,1],[-1,0],[0,2],[0,2],[-2,4],[0,1],[-1,1],[0,3],[0,2],[-1,2],[0,3],[-1,2],[0,3],[0,3],[0,3],[1,3],[0,2],[3,3],[3,2],[3,2],[5,2],[5,3],[5,2],[3,1],[3,1],[3,0],[5,1],[1,1],[5,1],[10,2],[8,1],[9,0],[3,0],[2,-1],[1,0],[0,-1],[3,-1],[6,-3],[6,-2],[3,-2],[3,-1],[4,-2],[2,-1],[5,-3],[4,-1],[2,-1],[3,-1],[11,-5],[13,-5],[13,-3],[15,-4],[11,-7],[4,-3],[5,-6],[5,-7],[0,-2],[0,-6],[1,-3],[-1,-3],[-2,-4],[0,-6],[-1,-2],[0,-4],[-1,-7],[1,-4],[1,-4],[1,-3],[0,-2],[1,-5],[0,-4],[0,-4],[-1,-5],[-1,-3],[0,-4],[-1,-3],[-2,-4],[-1,-3],[-3,-5],[-3,-3],[-2,-3],[0,-4],[-1,-5],[-1,-4],[0,-3],[-1,-8],[-1,-6],[-1,-4],[-2,-3],[-2,-3],[0,-3],[-2,-3],[-2,-4],[0,-3],[-1,0],[-1,-2],[-2,-2],[-1,-2],[-1,-3],[-4,-2],[0,-3],[-2,-2],[-1,-2],[-2,-2],[-4,-3],[-1,-2],[-2,-3],[-2,-3],[-3,-3],[-2,-4],[-2,-4],[-3,-4],[-5,-3],[-2,-3],[-5,-5],[-4,-4],[-2,-2],[-3,-3],[-5,-3],[-5,-3],[-7,-2],[-1,0],[-7,-1]],[[5566,166],[7,-1],[13,2],[9,0],[9,1],[6,-3],[3,-2],[9,1],[7,2],[5,1],[7,0],[5,-1],[5,-2],[5,1],[1,0],[2,-1],[1,-2],[0,-1],[0,-2],[0,-3],[0,-2],[-3,-4],[-2,-1],[-4,-1],[-2,-1],[-4,-1],[-5,0],[-4,-2],[-4,-3],[-3,-3],[-2,-3],[-1,-3],[-6,-4],[-6,-5],[-6,-6],[-7,-8],[-3,-6],[-4,-5],[-4,-6],[-1,-7],[0,-5],[0,-5],[0,-5],[0,-6],[2,-4],[1,0],[2,0],[1,-5],[-2,-2],[-5,-3],[-4,-2],[-10,-4],[-5,-3],[-5,-3],[-3,-2],[-5,-4],[-5,-3],[-6,-3],[-6,-3],[-8,-4],[-1,0],[-2,-2],[-11,-8],[-2,0],[0,-1],[-3,-4],[-5,-2],[-6,-1],[-7,-1],[-7,0],[-8,0],[-8,0],[-8,1],[-6,1],[-7,1],[-1,0],[-2,1],[-12,0],[-13,1],[-8,2],[-13,1],[-10,2],[-7,2],[-2,0],[-5,0],[-6,2],[-3,1],[-2,3],[-7,2],[-7,2],[0,1],[-5,1],[-3,2],[-1,4],[-3,3],[-3,2],[-2,2],[-1,3],[0,2],[-1,2],[0,1],[-1,2],[-1,1],[0,3],[1,1],[0,4],[2,2],[0,2],[-1,2],[0,3],[0,3],[0,2],[0,3],[0,3],[0,4],[-1,5],[0,3],[0,3],[2,2],[3,3],[4,1],[2,3],[4,2],[4,2],[2,1],[8,1],[6,3],[3,2],[3,1],[5,2],[1,0],[5,1],[4,2],[6,2],[6,0],[4,2],[4,2],[6,2],[6,3],[5,2],[5,2],[5,0],[5,3],[11,6],[7,3],[6,3],[10,2],[10,4],[8,2],[8,2],[8,5],[6,2],[10,1],[9,1],[7,-2],[6,1],[6,1],[7,1],[7,-1]],[[8004,4328],[-6,-1],[-7,1],[-4,1],[-3,1],[-4,2],[-6,3],[-5,3],[-4,3],[-3,3],[-4,2],[-5,2],[-5,3],[-5,2],[-4,3],[-3,2],[-3,2],[-4,2],[-5,3],[-3,2],[-4,3],[-3,3],[-1,0],[-1,1],[-3,2],[-3,2],[-4,2],[0,3],[2,2],[0,1],[1,2],[0,4],[0,2],[0,5],[-1,4],[-1,3],[-2,4],[-1,2],[-1,3],[-1,3],[0,1],[-2,6],[0,3],[-1,2],[0,3],[0,4],[1,3],[-1,3],[1,1],[0,1],[0,3],[2,2],[2,2],[2,2],[4,3],[2,3],[5,4],[5,3],[5,5],[5,3],[5,2],[6,3],[6,2],[4,2],[5,3],[4,2],[2,4],[4,2],[1,3],[2,4],[2,2],[2,2],[3,2],[3,2],[3,1],[8,3],[2,2],[3,3],[0,4],[3,5],[3,2],[6,2],[3,3],[4,4],[2,2],[5,2],[2,3],[3,2],[3,2],[4,2],[4,2],[2,3],[1,2],[2,1],[3,2],[2,1],[3,2],[1,2],[4,3],[4,2],[4,1],[3,0],[2,0],[3,-1],[2,-1],[1,-2],[0,-2],[1,-2],[0,-2],[1,-2],[1,-3],[1,-3],[2,-3],[2,-2],[2,-2],[2,-2],[2,-2],[1,-2],[1,-4],[0,-1],[-1,-1],[0,-2],[0,-1],[1,-1],[-1,-1],[-1,-2],[-2,-2],[-1,-3],[-2,-5],[-1,-2],[-1,-1],[1,-1],[0,-1],[0,-3],[-1,-2],[-2,-2],[-1,-2],[-2,-2],[-3,-2],[-3,-3],[-3,-4],[-1,-2],[-3,-4],[-2,-2],[-3,-3],[-3,-2],[-2,-1],[-1,-1],[-2,-2],[-2,-3],[-1,-2],[-1,-3],[-3,-3],[-1,-2],[-1,-3],[-1,-3],[-1,-3],[0,-3],[0,-2],[0,-2],[-1,-2],[0,-1],[0,-2],[-1,-2],[0,-1],[0,-2],[-1,-2],[0,-1],[0,-1],[0,-2],[-1,-1],[0,-1],[0,-1],[-1,-2],[-2,-1],[-1,-3],[-1,-3],[0,-2],[-1,-2],[-1,-2],[0,-2],[0,-2],[-2,-3],[-1,-2],[-1,-2],[-1,-3],[-1,-3],[-1,-3],[-1,-2],[0,-3],[0,-2],[0,-3],[0,-3],[0,-3],[0,-4],[0,-3],[0,-3],[0,-6],[1,-2],[1,-4],[0,-3],[0,-3],[0,-4],[-1,-4],[-1,-3],[-1,-4],[-4,-2],[-4,-3],[-5,-2]],[[3828,5594],[1,-1],[2,0],[2,-1],[2,-1],[2,-1],[2,-1],[1,-1],[2,-1],[1,-1],[1,-1],[2,-2],[1,-1],[1,-1],[1,-2],[1,-1],[1,-3],[1,-1],[0,-2],[1,-1],[0,-2],[0,-1],[-1,-2],[-1,-2],[-2,-2],[0,-2],[-1,-1],[0,-1],[-1,-2],[-1,-1],[-2,-2],[-2,-1],[-2,0],[-2,-2],[-2,-1],[-2,0],[-3,-1],[-3,-1],[-2,0],[-5,-1],[-2,0],[-1,0],[-4,0],[-3,-1],[-2,-1],[-7,-1],[-4,-1],[-5,-1],[-4,-1],[-3,-2],[-3,-1],[-3,-2],[-4,-1],[-4,-2],[-4,-2],[-3,-1],[-1,-1],[-3,-1],[-1,0],[-3,-1],[-3,-2],[-3,-1],[-3,-1],[-3,-2],[-3,-1],[-3,-1],[-4,-2],[-2,-2],[-2,-1],[-2,-2],[-3,-1],[-2,-2],[-1,-1],[-2,-2],[-3,-2],[-3,-2],[-2,0],[-5,-1],[-4,0],[-3,2],[-2,1],[0,1],[-4,2],[0,4],[-1,2],[-1,1],[0,3],[-1,5],[2,6],[1,6],[4,4],[5,5],[4,2],[6,4],[3,3],[6,4],[8,8],[4,3],[5,3],[5,4],[5,5],[4,4],[4,5],[4,4],[5,4],[6,3],[5,2],[6,3],[8,1],[8,0],[8,-2],[4,-1],[4,-2],[3,-2],[6,-2],[3,-1]],[[8104,6171],[4,-1],[1,0],[3,0],[5,0],[4,0],[5,0],[3,-1],[4,0],[2,-1],[4,1],[3,0],[3,1],[4,0],[3,0],[4,0],[3,0],[2,0],[8,-1],[3,0],[3,0],[4,0],[2,0],[1,0],[3,0],[1,0],[7,0],[7,0],[5,1],[2,0],[8,0],[6,0],[3,0],[2,0],[3,0],[4,-1],[4,-1],[1,-1],[3,-1],[2,-1],[2,-1],[0,-2],[1,-1],[0,-2],[0,-1],[0,-1],[-2,-1],[-1,-1],[-3,-1],[-5,-1],[-3,-1],[-6,-1],[-3,-1],[-5,-1],[-4,0],[-3,-1],[-3,0],[-1,0],[-3,-1],[-4,0],[-3,-1],[-3,-1],[-2,0],[-1,-1],[-4,0],[-4,-2],[-5,-1],[-5,-2],[-4,-1],[-7,-2],[-5,-1],[-7,-2],[-5,-1],[-8,-1],[-9,0],[-8,-1],[-7,0],[-11,1],[-11,1],[-7,0],[-9,2],[-5,3],[-8,4],[-2,3],[-1,3],[-2,4],[-1,4],[0,5],[0,2],[2,2],[3,2],[4,2],[3,2],[3,0],[1,1],[2,0],[2,0],[4,0],[7,1],[5,-1],[5,0],[7,0]],[[1833,6151],[-2,0],[-3,0],[-4,1],[-2,1],[-2,0],[-2,0],[-3,1],[-3,1],[-1,0],[-1,0],[-1,1],[-3,0],[-2,1],[-1,0],[0,1],[1,1],[1,0],[3,0],[3,0],[1,0],[2,0],[1,1],[2,1],[1,0],[2,1],[2,1],[3,0],[3,1],[1,1],[1,2],[1,0],[1,2],[1,1],[1,1],[2,2],[2,1],[1,2],[1,1],[2,1],[1,1],[3,2],[5,3],[6,3],[4,4],[5,4],[5,6],[6,6],[5,6],[4,4],[2,4],[3,4],[0,1],[1,0],[1,2],[2,1],[0,1],[1,1],[1,1],[1,1],[1,1],[1,0],[1,2],[2,2],[1,1],[1,1],[1,1],[1,1],[1,2],[2,1],[0,1],[1,2],[1,1],[1,1],[0,2],[0,1],[2,2],[1,3],[2,2],[1,4],[2,3],[2,4],[2,4],[1,3],[2,4],[1,3],[-1,0],[-1,1],[0,1],[1,1],[1,1],[1,1],[2,1],[1,2],[1,1],[2,2],[0,2],[2,2],[1,0],[2,1],[2,2],[6,4],[3,2],[1,1],[2,1],[2,1],[2,1],[2,2],[2,1],[1,1],[3,1],[2,0],[3,0],[4,1],[2,0],[2,-1],[2,0],[3,0],[1,0],[2,-1],[1,-1],[1,-1],[1,-2],[0,-1],[0,-2],[-1,-2],[-1,-1],[-1,-2],[-1,-1],[-1,-2],[-2,-2],[-1,-1],[0,-1],[-1,-2],[-1,-2],[-1,-1],[-1,-2],[-1,-2],[-2,-1],[-2,-1],[-2,-2],[-1,-1],[-2,-2],[-1,-2],[-1,-1],[-1,-1],[-2,-2],[-1,-2],[-2,-1],[-1,-2],[-3,-2],[-1,-1],[-2,-1],[-2,-1],[-4,-3],[-2,-2],[-2,-1],[-2,-2],[-3,-3],[-3,-2],[-2,-2],[-2,-1],[-2,-2],[-2,-2],[-2,-1],[-2,-2],[-2,-2],[-2,-2],[-2,-2],[-2,-2],[-1,-2],[-2,-1],[-2,-2],[-2,-2],[-2,-2],[-2,-2],[-2,-2],[0,-1],[-1,-3],[-2,-2],[0,-2],[-2,-3],[-2,-2],[-3,-4],[-1,-3],[-2,-2],[-2,-3],[-2,-2],[-2,-2],[-3,-2],[-2,-2],[-2,-2],[-2,-2],[-3,-2],[-2,-1],[-2,-2],[-3,-3],[0,-1],[-2,-2],[0,-1],[0,-2],[-1,-1],[-2,-2],[-2,-2],[-3,-2],[-3,-1],[-2,-2],[-2,-3],[-3,-1],[-2,-3],[-1,0],[-2,-1],[-1,0],[-1,-1],[-3,-1],[-2,0]],[[4430,7238],[2,0],[1,-1],[0,-1],[0,-1],[0,-1],[0,-2],[0,-1],[-1,-1],[0,-2],[-1,-1],[-1,-2],[0,-1],[-1,-1],[-1,-2],[0,-1],[-1,0],[-1,-2],[0,-1],[-1,-1],[-1,-1],[-1,0],[-1,-1],[-1,-2],[-2,-3],[-2,-2],[-1,-2],[-1,-1],[-2,-2],[0,-2],[-1,-1],[-1,-1],[0,-1],[-2,-1],[0,-1],[-1,-1],[-1,-2],[-1,-2],[-1,-2],[-1,-1],[0,-1],[-1,-2],[-1,-1],[-1,-1],[0,-1],[-1,-1],[-1,-1],[0,-1],[-1,-1],[0,-1],[-1,-1],[0,-1],[-1,-1],[-1,-2],[-1,-2],[-1,-2],[-1,-1],[-1,-2],[-1,-2],[0,-2],[-1,-2],[-1,-1],[-1,-2],[-1,-1],[-1,-1],[0,-2],[-1,-1],[-1,-2],[0,-2],[-1,-2],[0,-2],[0,-1],[-1,-1],[-1,-2],[-1,-1],[0,-2],[-1,-1],[-1,-1],[0,-2],[-1,-2],[-2,-1],[-1,-2],[-2,-2],[-1,-1],[-2,-2],[-2,-1],[-2,-1],[-3,-2],[-2,-2],[-2,-2],[-1,-1],[-2,-1],[-2,-1],[-1,-1],[-2,-1],[-1,-2],[-1,-1],[-1,-2],[-2,-1],[-1,-1],[0,-2],[-1,-1],[-1,-2],[-1,-1],[-2,-3],[-1,-1],[-1,-2],[0,-2],[-1,-1],[0,-1],[-1,-2],[-1,-1],[0,-1],[-2,-1],[-1,-2],[-1,-1],[-1,-1],[-1,-2],[-1,-1],[0,-1],[-1,-1],[0,-1],[-1,-1],[0,-1],[-1,-2],[0,-1],[-1,-1],[0,-1],[-1,-2],[0,-2],[0,-1],[-1,-1],[0,-1],[-1,0],[0,-2],[-1,-1],[-1,-1],[-1,-1],[-1,-1],[-2,-1],[-1,0],[-1,0],[-1,0],[-1,0],[0,1],[1,1],[1,0],[1,1],[0,1],[1,1],[0,2],[0,2],[1,2],[1,1],[-1,3],[1,2],[-1,2],[0,1],[1,2],[-1,1],[2,2],[1,3],[1,2],[1,2],[1,2],[1,2],[1,2],[1,2],[2,3],[1,1],[2,2],[1,1],[1,2],[1,1],[1,2],[1,1],[0,1],[1,2],[1,1],[2,3],[1,1],[1,2],[3,4],[1,3],[2,3],[2,2],[1,1],[0,1],[1,1],[0,1],[1,1],[0,1],[1,0],[1,1],[0,1],[1,1],[0,1],[0,1],[0,1],[1,1],[0,1],[1,1],[1,0],[0,2],[1,1],[1,1],[0,1],[0,1],[1,1],[1,1],[1,1],[0,1],[1,1],[0,1],[1,1],[0,1],[0,1],[1,0],[1,1],[0,1],[1,1],[1,3],[2,3],[0,3],[1,2],[1,2],[2,3],[1,3],[2,3],[0,1],[1,1],[0,1],[1,0],[0,1],[0,1],[1,1],[0,1],[1,2],[0,2],[1,1],[1,2],[1,2],[2,2],[3,3],[4,5],[1,2],[2,2],[3,4],[3,3],[1,2],[2,3],[2,3],[2,3],[2,2],[1,1],[2,1],[2,2],[1,1],[1,0],[2,1],[3,1],[1,0],[2,1],[1,0],[1,0],[2,0],[1,1]],[[5343,7740],[-3,-1],[0,1],[-1,0],[-1,0],[-2,1],[-2,1],[-2,1],[-3,1],[-3,2],[-4,1],[-2,1],[-2,2],[-2,2],[-3,2],[-2,3],[-1,2],[-1,2],[-3,3],[-1,2],[-1,3],[-1,2],[0,2],[0,2],[-1,1],[-1,1],[0,1],[-1,1],[-2,1],[-1,3],[0,1],[0,2],[-2,1],[0,2],[0,2],[0,2],[-1,1],[-1,1],[0,1],[-1,1],[0,1],[0,2],[2,1],[1,1],[0,1],[-2,1],[0,2],[0,2],[2,1],[1,0],[0,1],[2,1],[3,1],[2,0],[3,1],[4,0],[4,0],[3,0],[6,-2],[4,-1],[3,-2],[3,-1],[1,-2],[2,-1],[2,-2],[1,-2],[1,-1],[3,-4],[2,-2],[2,-2],[2,-1],[1,-2],[0,-2],[1,-2],[0,-1],[0,-3],[0,-4],[0,-2],[1,-2],[0,-3],[1,-2],[0,-2],[0,-2],[1,-2],[0,-2],[1,-1],[1,0],[1,-2],[1,-2],[0,-1],[1,-2],[-1,-1],[0,-2],[-1,0],[-2,-2],[-1,-1],[-1,-1],[-3,-1],[-2,-1],[-2,-1],[-3,-1]],[[4128,8290],[0,-1],[0,-1],[-1,-4],[-1,-2],[-2,-2],[-2,-2],[-3,-3],[-3,-2],[-2,-2],[-4,-1],[-3,-2],[-2,-3],[-4,-3],[-3,-3],[-3,-1],[-2,-2],[-3,-1],[-2,0],[0,-2],[0,-1],[-1,0],[-3,0],[-1,-1],[-4,0],[-3,0],[-2,1],[-2,1],[-1,1],[-4,2],[-2,1],[-3,0],[-2,1],[-3,1],[-2,1],[-2,1],[-2,2],[-1,1],[0,3],[-1,2],[0,2],[0,2],[2,3],[3,2],[3,0],[1,0],[1,1],[5,0],[3,0],[3,3],[0,1],[4,2],[3,1],[0,1],[2,0],[0,1],[-2,1],[-3,0],[-2,-1],[-2,-2],[-2,-1],[-3,0],[-2,-1],[-2,1],[1,1],[-1,0],[0,1],[0,1],[1,1],[1,2],[1,0],[2,2],[1,0],[1,2],[2,1],[2,1],[2,1],[1,0],[4,2],[2,2],[1,1],[2,0],[2,1],[2,0],[1,0],[3,0],[3,0],[3,2],[2,1],[1,1],[4,1],[3,0],[4,1],[3,1],[2,0],[1,0],[2,0],[2,-1],[1,-1],[1,-1],[1,-1],[1,-1],[1,-2],[1,-3],[0,-3],[0,-1],[0,-2],[1,-1],[-1,-2],[0,-2]],[[4141,6882],[-1,0],[-2,0],[-1,0],[-1,0],[-2,0],[-1,1],[-1,1],[-1,1],[-1,1],[-1,0],[-1,1],[-1,1],[-1,0],[0,1],[-1,0],[-1,1],[-1,0],[0,1],[-1,1],[-1,1],[0,1],[0,1],[-1,1],[0,1],[0,1],[0,3],[-1,1],[0,1],[1,1],[0,1],[0,1],[1,0],[0,1],[1,1],[0,1],[2,3],[2,3],[2,2],[3,2],[3,2],[2,2],[2,1],[3,1],[1,1],[2,1],[2,1],[3,1],[1,0],[1,1],[3,1],[1,1],[2,1],[2,0],[1,1],[2,0],[1,1],[1,0],[2,1],[1,1],[1,0],[1,1],[2,1],[1,0],[1,0],[1,0],[3,1],[3,0],[2,1],[3,-1],[4,0],[4,0],[2,-1],[1,0],[1,-1],[1,-1],[0,-1],[1,0],[0,-1],[0,-1],[0,-1],[0,-2],[-1,-1],[0,-1],[-1,-1],[0,-1],[-1,-1],[-1,-1],[-1,-2],[0,-1],[-1,0],[0,-1],[-1,-1],[-1,-1],[0,-1],[-1,-1],[-1,-1],[0,-1],[-1,-1],[0,-1],[-1,-1],[-2,-1],[-1,0],[-1,-1],[-1,-1],[-1,-1],[-2,-2],[-2,-2],[-2,-2],[-1,0],[-1,-1],[0,-1],[-1,0],[-1,-1],[-1,0],[0,-1],[-2,-1],[-1,0],[-1,-1],[-1,0],[-1,0],[-1,-1],[-1,0],[-2,-1],[-1,-1],[-1,-1],[-2,0],[-1,-1],[-2,-1],[-3,-1],[-1,-1],[-3,-1],[-1,-1],[-2,0],[0,-1],[-1,0],[-1,0],[0,-1],[0,-1],[0,-1]],[[2341,6480],[2,0],[2,0],[3,0],[2,0],[2,0],[1,0],[1,0],[2,0],[1,0],[1,-1],[-1,-1],[-1,0],[-2,0],[-1,0],[-2,-1],[-1,0],[-1,1],[-2,0],[-2,0],[-2,0],[-1,0],[-1,-1],[-1,-1],[-1,-1],[-1,-1],[1,-1],[0,-1],[1,-1],[0,-1],[0,-1],[1,-1],[0,-1],[1,-2],[1,0],[0,-1],[1,-1],[1,-1],[1,0],[1,-1],[1,0],[1,0],[0,-1],[1,0],[0,-1],[1,0],[0,-1],[0,-1],[-1,-1],[-1,0],[-2,-1],[-1,0],[-2,-1],[-1,0],[-1,-1],[-1,0],[-2,0],[-3,0],[-2,0],[-1,0],[-2,0],[-1,0],[-2,1],[-1,0],[-2,0],[-1,0],[-1,0],[-2,0],[-2,0],[-1,0],[-2,1],[-1,1],[0,2],[0,1],[1,1],[0,1],[1,1],[0,1],[0,1],[1,1],[1,1],[0,1],[1,1],[1,2],[0,1],[1,1],[0,1],[0,1],[0,1],[0,1],[1,1],[0,2],[1,1],[1,1],[2,1],[1,0],[1,0],[1,0],[2,0],[2,0],[1,-1],[2,0],[1,-1],[1,0],[2,0]],[[2491,6490],[-2,-1],[-1,0],[-2,-1],[-2,-1],[-3,-1],[-3,-2],[-3,-2],[-3,-1],[-3,-2],[-3,-1],[-3,-1],[-3,-1],[-3,-1],[-2,-1],[-3,-1],[-2,0],[-2,-1],[-2,-1],[-2,0],[-1,1],[-1,0],[-1,1],[0,1],[0,1],[0,1],[1,1],[0,1],[0,1],[0,1],[0,1],[0,1],[1,1],[0,1],[1,2],[2,1],[1,0],[1,1],[2,0],[1,0],[2,1],[3,0],[4,0],[5,0],[4,0],[3,0],[3,1],[4,0],[4,1],[1,0],[1,0],[1,1],[2,0],[1,1],[1,0],[1,0],[1,0],[1,0],[1,0],[0,-1],[0,-1],[-1,-1],[-1,0],[-1,0]],[[3357,6081],[-11,-1],[-3,1],[1,2],[2,1],[6,3],[4,1],[4,1],[3,0],[4,0],[2,0],[2,-1],[-1,-3],[-4,-2],[-9,-2]],[[2520,6494],[-1,-1],[-2,0],[0,-1],[-1,0],[-1,0],[0,-1],[-1,0],[-1,-1],[-1,0],[-1,0],[-1,-1],[-1,1],[-1,0],[0,1],[-1,0],[-1,1],[-1,0],[-1,0],[-1,0],[-1,0],[-1,0],[-1,0],[-1,0],[-1,0],[-1,0],[-1,0],[-1,1],[1,0],[1,0],[1,0],[1,0],[1,0],[1,0],[1,0],[1,0],[2,0],[1,0],[2,0],[1,0],[1,1],[1,0],[1,0],[2,1],[1,0],[1,1],[1,0],[1,0],[1,0],[1,0],[0,-1],[0,-1]],[[2523,6503],[-1,0],[-1,0],[-1,0],[0,1],[0,1],[1,0],[0,1],[1,1],[0,1],[0,1],[-1,0],[0,1],[1,1],[1,0],[1,0],[0,-1],[1,0],[0,-1],[1,0],[1,0],[1,-1],[0,-1],[0,-1],[0,-1],[0,-1],[-1,0],[0,-1],[-1,0],[-1,0],[-1,0],[-1,0]],[[2522,6501],[1,0],[1,0],[1,0],[0,-1],[0,-1],[-1,-1],[0,-1],[-1,-1],[-1,0],[-1,0],[-1,0],[0,1],[1,0],[0,1],[-1,0],[-1,0],[-1,0],[-1,0],[-1,0],[-1,0],[-1,0],[-1,0],[0,1],[1,1],[1,0],[1,0],[0,1],[1,0],[1,0],[0,1],[1,0],[1,0],[1,0],[0,-1],[1,0]]],"transform":{"scale":[0.00023918934034981463,0.00041434578497837504],"translate":[71.73147923825437,8.260107993083707]}}