{"type":"Topology","objects":{"type":"GeometryCollection","geometries":[{"type":"Polygon","properties":{"NAME_1":"Bishnupur","ST_NM":"Manipur","ST_CEN_CD":14,"DT_CEN_CD":4,"CENSUSCODE":275,"iso_a2":"IN_MN_BI"},"arcs":[[0,1,2,3]]},{"type":"Polygon","properties":{"NAME_1":"Chandel","ST_NM":"Manipur","ST_CEN_CD":14,"DT_CEN_CD":9,"CENSUSCODE":280,"iso_a2":"IN_MN_CD"},"arcs":[[4,5,6,7,8]]},{"type":"Polygon","properties":{"NAME_1":"Churachandpur","ST_NM":"Manipur","ST_CEN_CD":14,"DT_CEN_CD":3,"CENSUSCODE":274,"iso_a2":"IN_MN_CC"},"arcs":[[-2,-7,9,10,11,12]]},{"type":"Polygon","properties":{"NAME_1":"Imphal East","ST_NM":"Manipur","ST_CEN_CD":14,"DT_CEN_CD":7,"CENSUSCODE":278,"iso_a2":"IN_MN_EI"},"arcs":[[13,-4,14]]},{"type":"Polygon","properties":{"NAME_1":"Imphal West","ST_NM":"Manipur","ST_CEN_CD":14,"DT_CEN_CD":6,"CENSUSCODE":277,"iso_a2":"IN_MN_WI"},"arcs":[[-11,15,16]]},{"type":"Polygon","properties":{"NAME_1":"Senapati","ST_NM":"Manipur","ST_CEN_CD":14,"DT_CEN_CD":1,"CENSUSCODE":272,"iso_a2":"IN_MN_SE"},"arcs":[[17,-9,18,-15,-3,-13,19,20]]},{"type":"Polygon","properties":{"NAME_1":"Tamenglong","ST_NM":"Manipur","ST_CEN_CD":14,"DT_CEN_CD":2,"CENSUSCODE":273,"iso_a2":"IN_MN_TA"},"arcs":[[-12,-17,21,-20]]},{"type":"Polygon","properties":{"NAME_1":"Thoubal","ST_NM":"Manipur","ST_CEN_CD":14,"DT_CEN_CD":5,"CENSUSCODE":276,"iso_a2":"IN_MN_TH"},"arcs":[[-8,-1,-14,-19]]},{"type":"Polygon","properties":{"NAME_1":"Ukhrul","ST_NM":"Manipur","ST_CEN_CD":14,"DT_CEN_CD":8,"CENSUSCODE":279,"iso_a2":"IN_MN_UK"},"arcs":[[-5,-18,22]]}]},"arcs":[[[5086,3856],[-33,-76],[0,-66],[-1,-31],[8,-14],[16,7],[16,-7],[-1,-55],[24,-7],[-8,-28],[-24,-13],[40,-35],[7,-20],[-8,-21],[-16,-13],[-24,-41],[-9,-27],[-48,-47],[-24,-7],[-25,-13],[16,-14],[0,-13],[-16,-14],[0,-40],[-16,-14],[-16,-34],[-25,0],[-32,-26],[0,-28],[48,-61],[-32,-6],[-8,-14],[7,-27],[24,-20],[8,-21],[0,-67],[16,-21],[0,-7],[-16,-13],[7,-68],[24,-7],[0,-20],[-16,-13],[0,-27],[32,13],[16,14],[16,-21],[-24,-20],[-24,-34],[56,-40],[-16,-20],[0,-34],[-32,14],[8,-47],[-16,-34],[16,-6],[48,0],[24,-13],[1,-27],[56,-93]],[[5110,2419],[-24,0],[-16,7],[-32,0],[0,26],[-90,93],[-16,40],[-31,195],[-24,28],[-24,13],[-113,-26],[-24,0],[-48,34],[41,115],[-8,7],[8,27],[-112,34],[-80,14],[-97,1],[-32,33],[-24,1],[-8,-21],[-16,-6],[-16,-41],[-33,0],[-16,27],[1,61],[24,54],[-8,14],[-64,-40],[-56,47],[-8,55],[-24,61],[24,27],[8,27],[9,61],[24,33],[0,68],[73,81],[2,120],[0,142],[-16,34],[-7,68],[-32,88],[8,47]],[[4233,4068],[81,156],[8,7],[65,142],[-7,61],[-8,20],[16,102],[24,20],[16,-7],[33,0],[24,41],[0,34],[16,40],[1,109],[24,27],[-16,20],[0,14]],[[4510,4854],[89,-41],[56,-7],[32,13],[105,-61],[48,-7],[57,7],[169,-24],[56,-27],[57,0],[-8,-21],[8,-27],[-1,-21],[-8,-40],[-81,-55],[-48,-13],[-113,-7],[-8,28],[-57,-7],[-202,-60],[24,-136],[72,-41],[-16,-34],[-49,-41],[0,-34],[32,-34],[48,-14],[162,95],[24,-7],[16,-14],[-16,-27],[16,-34],[72,14],[16,-14],[8,-27],[-8,-27],[96,-73],[8,-27],[-8,-20],[-96,-33],[-17,-40],[41,-60]],[[6929,4255],[26,-11],[43,-13],[24,-15],[46,-2],[41,-10],[93,-2],[15,-4],[30,-32],[21,-33],[43,-41],[80,28],[42,-40],[21,-32],[63,-27],[27,-27],[6,-22],[23,-11],[65,-11],[10,-24],[21,-4],[13,-6],[-18,-9],[14,-37],[-18,-15],[18,-18],[81,22],[19,-1],[14,-22],[29,2],[12,9],[56,-4],[9,-16],[-2,-11],[-14,-17],[4,-13],[-4,-18],[-13,-21],[-20,-13],[2,-34],[-17,-14],[13,-11],[36,-4],[7,-11],[-16,-16],[49,8],[4,-16],[-4,-12],[-19,9],[-4,-12],[22,-7],[-4,-16],[20,-2],[-2,-15],[-22,-17],[10,-6],[23,0],[10,-13],[13,-9],[9,-17],[35,-29],[18,13],[27,-5],[13,-14]],[[8072,3484],[-31,-10],[45,-98],[-47,-24],[-15,-16],[42,-45],[6,-52],[-9,-70],[-20,-54],[-26,-43],[-43,-19],[-46,-11],[-51,-15],[-43,-1],[-8,-26],[62,-37],[55,-45],[-15,-28],[-33,-45],[-46,-49],[-77,-83],[-23,-24],[-26,-14],[-69,-4],[-47,2],[-7,-26],[9,-19],[6,-63],[2,-70],[-1,-73],[-35,-89],[-40,-87],[-8,-31],[-54,-46],[-48,-30],[-20,-91],[-23,-52],[-14,-58],[-4,-59],[-4,-63],[-22,-22],[-75,-19],[-21,-24],[-15,-65],[-12,-69],[6,-61],[1,-64],[-14,-71],[9,-27],[10,-29],[-3,-36],[-31,-64],[-22,-39],[-17,-43],[-41,19],[-38,5],[12,-44],[47,-58],[9,-20],[-77,-123],[-34,-39],[-29,-44],[-28,-46],[-29,-27],[-50,-78],[-39,-70],[-5,-74],[18,-39],[-5,-34],[-31,-20],[-48,21],[-28,5],[-34,-20],[-7,-34],[-8,-213],[-18,-131],[-20,-65],[-34,-7],[-47,25],[-44,-1],[-23,-53],[-36,-18],[-34,0],[-45,52],[-3,77],[-14,23],[-42,34],[-18,64],[-27,25],[-31,5],[-29,-7],[-55,-1],[-41,14],[-42,9],[-24,2],[-31,15],[-10,38],[-14,32],[-21,25],[-29,14],[-22,8],[-35,22],[-36,29],[-21,13],[-24,4],[-30,-7],[-37,-11],[-34,2],[-33,3],[-45,6],[-29,11],[-40,-7],[-40,18],[-2,33],[-10,19],[-35,18],[-69,14],[-32,3],[-53,11],[-31,8],[-39,4],[-39,-2],[-28,-8],[-34,-4],[-28,-17],[-22,-23],[-31,-1],[-26,-2],[-21,-16],[-39,-32],[-99,1],[-63,-32],[-52,-4],[-69,-8],[-45,18],[-13,23],[-2,53],[-10,21],[-13,24],[-22,6],[-17,33],[-4,26],[-45,10],[-35,46],[-33,24],[-18,41],[-20,38],[-25,39],[-30,28],[-58,-5]],[[4345,899],[-35,-4],[7,34],[19,41],[2,28],[19,41],[53,61],[2,34],[25,14],[1,34],[10,40],[34,34],[-16,34],[33,21],[-8,40],[32,21],[9,33],[0,41],[-16,27],[-16,54],[32,27],[-12,20],[30,51],[48,6],[8,21],[57,6],[40,47],[24,75],[73,33],[16,34],[48,20],[16,54],[24,14],[17,54],[32,34],[32,-28],[40,-13],[16,34],[0,27],[49,6],[16,14],[0,27],[-40,20],[-56,7],[-8,14],[24,27],[17,27],[-24,7],[8,41],[-16,34],[9,28],[33,28],[16,21],[41,75]],[[5110,2419],[32,-14],[8,-27],[-25,-69],[6,-130],[8,-28],[40,14],[33,41],[73,15],[1,68],[32,-13],[24,14],[8,47],[-16,39],[8,14],[32,-7],[40,26],[16,26],[16,6],[0,27],[-40,74],[-48,68],[-48,40],[-24,48],[9,67],[16,34],[16,67],[41,34],[16,61],[49,40],[56,-6],[0,20],[-8,20],[8,21],[25,21],[32,0],[32,-13],[16,7],[8,14],[-7,49],[41,60],[25,94],[-7,36],[-24,51],[-8,43],[0,74],[8,6],[24,7],[16,1],[25,-28],[8,-77],[80,-25],[19,-17],[-1,-77],[12,-26],[42,4],[54,12],[91,59],[71,81],[-81,169],[-2,4],[27,114],[-1,80],[45,-25],[30,-27],[26,11],[2,-15],[-21,-16],[-9,-12],[3,-29],[20,-24],[26,24],[16,24],[10,-30],[32,4],[64,-6],[29,12],[-77,125],[-19,73],[10,47],[41,-6],[60,-54],[31,8],[27,32],[36,92],[59,78],[13,38],[-7,23],[18,16],[36,-5],[32,-11],[35,-7],[27,1],[27,11],[3,43],[-9,38]],[[6630,4212],[5,-1],[39,9],[33,19],[58,62],[16,3],[148,-49]],[[4345,899],[-12,-39],[-25,-11],[-40,14],[-34,11],[-37,10],[-42,-2],[-37,7],[-52,5],[-59,12],[-50,8],[-17,-16],[-39,-14],[-27,-4],[-22,14],[-22,14],[-14,20],[-42,3],[-54,-4],[-43,10],[-40,-5],[-24,-19],[2,-42],[19,-18],[4,-23],[1,-22],[-28,-53],[-21,-23],[-17,-20],[-33,-21],[-35,-12],[-26,4],[-49,3],[-21,10],[-17,41],[-26,28],[-20,30],[-30,5],[-13,-22],[-22,-32],[1,-51],[-15,-27],[-48,-10],[-38,0],[-51,-13],[-35,-33],[-27,-25],[-25,-15],[-36,9],[-34,37],[-37,8],[-37,23],[-20,33],[-44,11],[-33,6],[-18,18],[-16,28],[3,45],[4,24],[-2,39],[-21,24],[-25,32],[-8,30],[-23,42],[-52,26],[-16,38],[-6,47],[-40,98],[-46,54],[-25,24],[-27,17],[-28,13],[-35,14],[-74,22],[-43,6],[-73,16],[-10,1],[-13,3],[-27,39],[-27,48],[-30,18],[-25,3],[12,-43],[10,-19],[17,-21],[-40,-29],[-18,11],[-24,-6],[-30,-16],[11,-28],[9,-33],[7,-35],[18,-27],[-26,-35],[-6,-22],[6,-18],[-140,4],[-80,-14],[-57,0],[-16,-27],[-48,-34],[-16,-34],[-105,-54],[-16,54],[56,129],[24,14],[-16,40],[0,27],[-88,68],[-32,7],[-32,-14],[-56,14],[-24,-27],[16,-41],[-16,-34],[-8,-34],[-24,-61],[-46,6],[-58,8],[-24,20],[-104,-14],[-32,7],[-16,34],[16,54],[-48,34],[-16,34],[-59,23],[-32,-7],[-40,-41],[0,-34],[-33,-47],[-48,-21],[-8,-20],[-40,-7],[-8,-27],[-56,-27],[-8,20],[24,20],[-16,21],[8,34],[-8,20],[8,41],[-40,34],[-32,20],[-24,34],[-32,68],[-32,-13],[-48,-34],[-65,-19],[-90,25],[-17,21],[-24,9],[-17,15],[-33,-12],[-41,17],[-25,29],[-51,29],[-64,6],[-25,-8],[-47,0],[-9,12],[-7,37],[22,13],[48,14],[38,62],[-11,35],[2,18],[11,16],[42,19],[27,21],[-12,72],[43,44],[-44,65],[0,18],[52,0],[24,13],[8,40],[24,14],[8,40],[-24,41],[0,20],[40,21],[-48,20],[-63,95],[0,47],[40,48],[-32,48],[17,41],[40,27],[32,41],[64,95],[45,135],[-65,6],[-57,12],[-13,65],[5,38],[11,45],[-28,31],[41,56],[-134,70],[33,46],[14,-35],[40,-15],[74,20],[56,26],[1,34],[-40,61],[26,82],[6,92],[59,15],[1,63],[-16,34],[-55,81],[48,48],[-24,27],[7,20],[65,28],[0,27],[-25,33],[16,34],[8,41],[48,54],[24,-41],[41,75],[-65,74],[56,7],[41,-7],[49,-20],[51,49],[6,12],[40,0],[12,5],[2,1]],[[752,4008],[58,-60],[72,-41],[95,-13],[56,0],[56,-21],[48,-6],[16,-7],[77,-13]],[[1230,3847],[-41,-27],[-16,-27],[-16,-48],[-32,-20],[16,-41],[-8,-27],[24,0],[33,-13],[8,47],[48,-7],[24,-33],[48,-7],[41,-81],[48,-21],[40,41],[32,47],[65,14],[40,-27],[40,0],[32,7],[0,40],[16,21],[-48,13],[40,68],[32,27],[-16,21],[33,13],[48,68],[-24,20],[40,14],[113,-21],[56,14],[48,7],[57,0],[24,34],[40,13],[40,-6],[194,-48],[32,54],[32,-13],[8,-21],[24,-27],[32,-20],[97,-27],[104,-88],[33,33],[64,122],[33,14],[40,0],[32,-20],[48,-82],[32,27],[16,-7],[41,27],[24,28],[113,-48],[24,7],[0,61],[16,13],[16,41],[24,-7],[16,20],[49,0],[8,21],[64,33],[24,-33],[41,-28],[24,-27],[16,-34],[32,-13],[16,20],[48,7],[25,27],[24,34],[40,101],[17,14],[48,6],[88,-74],[16,20],[9,41],[40,27],[32,0],[73,-14],[48,27],[65,13]],[[4097,4177],[96,-41],[24,-27],[16,-41]],[[6274,4613],[-7,-30],[-23,9],[-5,-14],[-8,7],[-21,1],[0,-16],[-79,5],[-10,-9],[-7,-24],[-68,6],[3,-35],[-32,-11],[3,23],[-37,-20],[-4,14],[-12,12],[5,-27],[-23,-5],[-23,5],[-11,-31],[-19,1],[-12,20],[-13,62],[-30,22],[42,49],[0,28],[-19,21],[-37,23],[-20,29],[1,56],[-24,17],[-24,0],[-78,-11],[-47,-12],[-7,-20],[8,-40],[-23,-6],[-8,-34],[-48,15],[-72,8],[0,14],[-16,34],[-8,-14],[-24,-13],[-49,0],[-16,-28],[0,-27],[-48,6],[-33,-27],[-32,6],[8,-27],[0,-20],[-8,-21],[15,-41],[-16,-14],[-8,-13],[24,-14],[49,0],[-1,-14],[-16,-20],[8,-14],[57,-7],[8,-7],[40,7],[-1,-89],[-16,28],[-24,6],[-41,-81],[-56,-7],[-33,-20],[-24,-20],[0,-54],[-49,-20],[48,-41],[41,27],[24,-7],[8,-20],[-8,-41],[-1,-46],[-24,0],[32,-60],[-8,-53],[-24,-40],[-32,-27],[-33,-13],[-32,-7],[-80,-6]],[[4510,4854],[40,11],[8,41],[65,101],[-16,21],[24,27],[-8,20],[-24,34],[-16,41],[-16,68],[24,20],[0,54],[32,28],[97,67],[0,48],[-8,47],[16,14],[-24,41],[16,27],[40,13],[24,82],[33,20],[24,82],[17,88],[49,41],[2,75],[19,41],[102,27],[35,103],[90,136],[20,50],[8,45],[43,70],[56,51],[30,12],[11,12],[16,36],[4,21],[242,90],[61,16],[39,-11],[22,-17],[8,-31],[-18,-49],[-112,-121],[-38,-32],[-132,-65],[-47,-29],[-63,-48],[-7,-89],[-40,-47],[23,-7],[6,-14],[33,6],[13,-14],[-50,-19],[-18,-14],[-12,-27],[-42,-14],[-27,-20],[-22,-62],[38,-41],[63,-34],[14,95],[113,114],[13,-14],[24,12],[-17,-27],[-42,-32],[-6,-81],[4,-89],[-17,-13],[-1,-34],[-24,-13],[7,-28],[-32,-33],[40,13],[40,6],[32,-7],[7,-20],[0,-14],[8,-13],[33,13],[24,0],[42,27],[-8,7],[-25,0],[0,7],[75,46],[8,20],[-74,-26],[-7,27],[16,14],[58,18],[8,6],[8,31],[-48,3],[-16,13],[8,32],[55,-11],[32,3],[8,-24],[32,-9],[1,-48],[9,-13],[16,-13],[31,29],[-8,7],[-3,55],[-8,12],[-16,7],[-2,16],[-77,31],[-8,20],[-54,8],[23,16],[-22,36],[45,-27],[15,9],[22,-6],[15,-10],[8,-26],[23,-12],[30,-3],[55,-21],[4,42],[30,27],[40,-23],[20,-5],[26,1],[16,21],[8,96],[25,107],[-8,27],[-26,2],[-33,10],[-68,4],[37,15],[56,2],[13,5],[9,12],[7,42],[-3,21],[-16,50],[-14,25],[23,50],[21,23],[56,23],[-1,-12],[-13,-16],[-19,-56],[3,-13],[23,-30],[0,-34],[15,-15],[24,3],[11,7],[13,-2],[29,-35],[-14,-8],[-9,3],[-10,11],[-8,-1],[-10,-15],[-32,0],[-10,-20],[0,-13],[-2,-5],[30,-5],[16,6],[9,3],[10,-1],[14,-16],[9,-4],[-1,-6],[17,-14],[-18,-6],[-35,-3],[-30,-36],[-1,-11],[51,6],[12,-30],[-43,-7],[-25,-43],[-5,-16],[2,-16],[34,11],[23,16],[24,8],[2,-35],[-8,-23],[-2,-26],[14,-12],[66,-7],[20,-15],[-15,-17],[-44,-20],[-4,-10],[29,-9],[34,2],[21,-3],[-45,-212],[10,-75],[16,-25],[29,-16],[51,5],[57,25],[32,23],[22,75],[43,9],[37,3],[32,36],[10,22],[48,31],[0,76],[18,13],[26,-5],[7,-23],[0,-26],[6,-20],[20,-18],[12,-17],[-32,-39],[-67,-60],[-27,-79],[-26,-21],[-21,-28],[-11,-43],[-10,-82],[-21,-7],[-37,1],[-24,-12],[21,-103],[-18,-42],[-27,-37],[-22,-52],[-9,-53],[-45,-239],[-20,-6],[6,-25],[-10,-22],[-26,-2],[4,-18],[-24,11],[-5,-13],[13,-11],[-15,-10],[0,-18],[21,-11],[-10,-7],[-19,0],[-18,-50],[52,12],[-1,-12],[-21,-12],[11,-2],[-7,-11],[4,-7],[-16,-8],[14,-16],[-15,-12],[-13,-17],[1,-40],[7,-18],[26,15],[15,57],[45,10],[24,-47],[19,-17],[8,-14]],[[752,4008],[-1,2],[-13,19],[-32,21],[-57,-7],[-49,13],[-25,20],[0,21],[8,20],[56,41],[0,13],[-25,20],[-16,20],[-1,27],[16,7],[41,0],[-1,34],[-25,74],[8,21],[16,7],[41,0],[0,20],[8,13],[-1,21],[8,20],[24,27],[8,20],[0,21],[-16,6],[-2,-1],[-22,-12],[-24,-7],[-8,7],[0,13],[8,21],[0,20],[-17,27],[-32,27],[-8,20],[-16,14],[-25,34],[16,20],[57,-27],[24,34],[8,27],[-3,6],[-5,14],[8,0],[16,21],[0,20],[40,27],[16,27],[-8,21],[-12,5],[-4,1],[0,-20],[-8,-7],[-17,14],[16,27],[-8,7],[0,20],[24,47],[8,34],[-16,21],[-8,27],[32,27],[-8,7],[0,20],[16,13],[24,61],[-16,41],[8,14],[48,27],[2,1],[14,12],[0,-27],[-16,-20],[8,-14],[32,0],[25,-13],[32,27],[16,-34],[16,-20],[9,-7],[24,-7],[16,-13],[8,-14],[0,-20],[24,14],[24,27],[25,6],[16,14],[32,14],[8,-34],[8,-7],[8,0],[8,14],[0,20],[8,13],[24,0],[25,7],[16,0],[8,14],[16,13],[8,21],[-16,6],[-24,34],[8,21],[24,40],[-11,0],[-14,0],[0,14],[8,7],[9,0],[16,-7],[16,20],[-8,7],[-8,-7],[-8,0],[-17,20],[8,14],[33,-14],[0,34],[-16,14],[-9,20],[17,7],[32,-14],[16,7],[8,14],[15,10],[8,5]],[[1357,5507],[73,-6],[32,-14],[33,-7],[32,0],[8,-13],[-16,-54],[-57,-102],[-40,-88],[-8,-34],[0,-27],[-16,-14],[-24,-7],[-49,-40],[-16,-21],[-32,-13],[-24,0],[-16,7],[-16,20],[0,13],[-57,-6],[-40,-116],[-81,-101],[-48,-95],[-8,-41],[-16,-34],[16,-13],[97,0],[89,-21],[64,1],[81,-14],[0,-13],[8,-7],[48,-14],[8,7],[-8,-20],[-40,-48],[-16,-95],[80,21],[0,-41],[-16,-7],[-24,14],[-16,-14],[0,-20],[24,-41],[0,-34],[32,-20],[17,-20],[0,-27],[-17,-34],[-48,0],[-8,-21],[40,-33],[-8,-28],[0,-27],[16,-34],[-16,-67],[-8,-14],[-16,-7],[-48,21],[-8,6],[8,-61],[24,-13],[-16,-14],[16,-6],[16,-21],[-16,-7],[-16,0],[-16,14],[-32,14],[-16,-21],[16,-13],[8,-14],[0,-13],[-16,-21],[-24,-27]],[[8555,9550],[4,-7],[-36,-59],[-60,-43],[-32,-30],[-20,-64],[-15,-87],[-84,-98],[-35,-52],[-10,-28],[-14,-15],[-2,-15],[-17,-14],[-13,-21],[-30,-107],[-26,-45],[-21,-54],[16,-26],[-61,-60],[-33,-38],[-8,-42],[-40,-61],[-18,-37],[-17,5],[-16,-1],[-11,-10],[17,-21],[-37,-49],[22,-28],[-26,-34],[-15,-28],[-6,-19],[-3,-61],[6,-43],[16,-18],[-11,-29],[7,-15],[-18,-22],[-41,-27],[-44,-46],[-19,-22],[-7,-20],[-32,-45],[-23,-51],[-28,-17],[-21,-18],[-46,-78],[-9,-45],[-17,-34],[-53,-59],[-11,-13],[-21,-13],[-70,-73],[-80,-55],[-115,-42],[-31,-18],[-10,-22],[-9,-37],[-23,-42],[-29,-31],[-56,-29],[-42,-13],[-24,-33],[-14,-39],[-35,-21],[-43,-12],[-69,1],[-22,-25],[-39,-20],[-13,-6],[3,-18],[8,-15],[-22,1],[-25,-12],[6,-32],[-17,-3],[-21,-24],[-18,-34],[-23,11],[-4,-20],[15,-21],[-19,-11],[-21,13],[-10,-19],[-27,3],[-16,-39],[-49,-36],[-23,-8],[0,-13],[-6,-11],[-18,-6],[-5,-64],[-18,-37],[-15,-14],[-7,-27],[5,-37],[-14,-16],[-7,-37],[6,-18],[14,-9],[16,-22],[2,-15],[10,-24],[66,-24],[48,-72],[8,-44],[9,-19],[-21,-123],[29,-51],[58,-141],[11,-61],[20,-49],[36,-20],[-2,-12],[-10,-3],[-11,3],[-1,-11],[6,-9],[1,-13],[-7,-22],[9,-15],[-4,-25],[-10,-17],[-32,-4],[-3,-9],[7,-15],[-17,-52],[13,-16],[-4,-15],[-9,-7],[-5,-26],[5,-20],[-8,-10],[-35,-9],[-8,-51],[-22,5],[-12,-6],[-6,-12],[17,-2],[-13,-55],[-12,-3],[-10,-9],[6,-17],[19,-15],[-5,-29],[16,-12],[16,-18],[-1,-10],[-17,-8],[23,-19],[3,-11],[-12,-7],[9,-15],[-8,-12],[-12,11],[-18,-2],[6,-54],[-31,-43],[-6,-21],[-23,-11],[0,-3],[12,-9],[16,-14],[25,-5],[63,-2],[27,-8],[35,-74],[46,-39],[38,-57],[4,-28],[-24,-25],[18,-22],[-8,-39],[-26,-35],[-6,-18],[68,-80],[13,-37],[3,-111],[-3,-45],[-30,-71],[36,-53],[47,-36],[12,-77],[0,-38],[5,-37]],[[6630,4212],[-98,15],[-41,22],[-37,35],[-23,31],[-18,63],[18,3],[-15,19],[-15,32],[-18,12],[-28,41],[23,29],[23,14],[30,12],[24,-13],[21,11],[-8,14],[10,7],[16,1],[32,33],[-5,19],[-35,12],[-40,9],[10,19],[26,2],[17,-17],[22,7],[-11,19],[10,16],[26,10],[-21,16],[-4,48],[-9,25],[-35,-36],[-2,-24],[-9,-22],[-19,-21],[-34,-22],[-37,-8],[-61,-35],[-41,3]],[[4097,4177],[-3,47],[-31,208],[-40,259],[-124,462],[47,28],[17,7],[16,0],[16,20],[32,13],[8,21],[16,6],[16,21],[41,-1],[16,34],[16,-7],[48,7],[40,27],[0,20],[-16,28],[40,74],[49,34],[-33,47],[0,47],[-41,28],[-17,27],[-32,20],[-9,21],[-16,13],[-1,27],[-25,75],[32,41],[49,40],[33,41],[50,20],[74,20],[125,68],[18,20],[42,0],[34,21],[42,7],[37,41],[5,41],[-3,35],[-29,20],[25,21],[-30,34],[0,14],[-9,34],[11,28],[24,23],[27,9],[35,-1],[34,-11],[16,5],[7,36],[-4,26],[-12,31],[-22,39],[0,20],[-19,29],[-21,20],[-17,35],[-20,88],[4,19],[-11,13],[1,19],[2,67],[-9,39],[-13,34],[-13,20],[-20,26],[-34,25],[-18,80],[-18,52],[7,16],[20,11],[6,17],[46,43],[20,1],[17,17],[-9,15],[4,14],[17,3],[8,51],[22,-1],[45,56],[26,23],[3,39],[30,39],[35,38],[32,12],[31,2],[24,7],[23,13],[31,6],[75,82],[68,48],[39,24],[0,13],[34,16],[8,13],[23,18],[34,18],[117,-1],[27,8],[65,31],[73,43],[17,18],[-49,2],[-14,11],[-37,51],[-22,55],[-33,11],[-20,23],[-19,35],[-17,20],[-68,8],[-17,9],[-38,6],[-18,14],[-35,-6],[0,17],[19,11],[3,31],[-8,23],[6,8],[51,34],[9,47],[21,15],[7,44],[44,45],[36,6],[-1,16],[5,4],[-9,37],[-31,40],[-22,17],[-28,14],[-28,36],[-58,27],[-19,7],[-49,-9],[-47,1],[-37,15],[-67,11],[-62,6],[-53,-2],[-6,52],[-30,59],[-9,40],[-16,30],[-30,-10],[-29,2],[-20,11]],[[4705,8756],[28,104],[-35,58],[-20,19],[-38,29],[-50,11],[-85,-46],[-22,-6],[-20,17],[-9,84],[29,12],[-7,41],[5,29],[11,29],[-2,23],[7,2],[43,-14],[159,34],[46,5],[21,-6],[21,21],[9,42],[46,2],[2,27],[17,9],[43,-8],[46,-16],[55,-6],[91,23],[77,35],[22,1],[24,1],[26,-7],[34,0],[35,-4],[12,-15],[61,7],[75,-10],[2,-1],[76,-36],[44,-1],[42,25],[29,27],[15,27],[113,14],[39,-22],[17,8],[6,8],[4,14],[-3,20],[-22,46],[-1,18],[16,24],[24,4],[61,-15],[9,-29],[35,-18],[8,-17],[17,2],[7,6],[-1,-17],[26,-13],[14,19],[45,-23],[60,-56],[26,-40],[60,14],[33,-10],[51,-72],[7,-25],[-21,-21],[-2,-28],[78,-21],[126,-16],[58,-12],[36,21],[17,22],[20,55],[6,32],[41,40],[19,-29],[25,-16],[65,17],[19,17],[51,-13],[17,8],[-6,-55],[-21,-41],[3,-21],[48,-43],[43,-47],[0,-13],[34,-19],[-1,-29],[12,-14],[28,-3],[17,-15],[35,-5],[14,13],[115,4],[29,23],[54,-5],[41,3],[32,13],[39,33],[22,-11],[47,-48],[20,-33],[36,-4],[25,3],[41,26],[47,49],[200,70],[134,81],[90,23],[36,14],[33,-8],[20,4],[30,55],[4,46],[-7,62],[-15,16],[18,30],[25,61],[44,17],[36,0],[20,11],[8,17],[140,110],[96,-10],[0,-6],[13,-24]],[[1357,5507],[11,15],[16,27],[17,7],[16,21],[24,13],[-16,20],[16,21],[24,0],[8,27],[-24,27],[16,0],[0,20],[16,21],[32,-7],[8,13],[0,21],[-8,20],[-16,20],[8,7],[8,-7],[48,0],[16,21],[-3,11],[-14,50],[-32,0],[-8,6],[23,27],[7,21],[-8,-1],[-8,-3],[-23,-10],[-8,0],[-1,7],[8,13],[16,14],[16,0],[16,-7],[24,0],[-17,20],[-1,20],[-9,14],[0,13],[24,0],[33,-20],[17,0],[-9,14],[-2,27],[16,27],[-1,13],[-25,34],[-33,0],[0,13],[8,21],[-15,13],[8,7],[1,20],[-7,13],[19,19],[9,20],[1,13],[-8,7],[0,13],[8,-7],[24,0],[11,18],[-5,10],[-14,2],[-11,-12],[-2,-4],[-3,-1],[-3,-1],[-4,1],[-3,2],[0,3],[-10,12],[-10,-12],[-3,-4],[-3,-2],[-4,-1],[-3,0],[-4,0],[-4,1],[-3,1],[-3,2],[-1,3],[14,48],[14,16],[-16,15],[28,14],[22,2],[3,18],[-15,19],[24,18],[22,21],[1,16],[-6,16],[31,12],[6,13],[-9,12],[2,5],[91,10],[14,-26],[28,2],[29,3],[13,15],[4,12],[13,-4],[0,-20],[12,-1],[-2,43],[27,13],[-16,32],[15,34],[11,11],[11,28],[54,56],[8,18],[33,15],[35,7],[19,57],[8,44],[21,9],[0,28],[12,20],[16,2],[-12,11],[-6,13],[16,26],[-11,16],[23,37],[-14,48],[2,20],[-8,36],[10,16],[22,81],[43,54],[8,20],[36,24],[11,19],[-5,24],[48,43],[8,26],[14,16],[16,10],[4,16],[11,18],[-2,56],[9,19],[33,24],[50,69],[16,5],[32,-4],[49,15],[14,32],[0,31],[18,17],[69,30],[34,31],[41,13],[45,0],[31,23],[48,55],[6,-52],[-3,-39],[-11,-38],[23,-34],[37,-13],[24,-4],[41,15],[53,-16],[36,-1],[-37,-120],[5,-50],[19,-2],[45,6],[23,21],[49,-2],[67,-16],[34,16],[42,11],[47,-21],[39,-59],[4,-17],[23,-27],[19,-10],[19,2],[24,-20],[12,-1],[13,-12],[9,-33],[16,-15],[-11,-24],[1,-15],[23,2],[22,-10],[18,10],[21,-12],[26,22],[48,101],[44,59],[17,38],[35,41],[28,51],[3,32],[35,17],[9,25],[1,29],[79,104],[-5,32],[8,21],[38,18],[6,31],[-11,62],[67,4],[18,9],[25,87],[7,77],[41,-12],[65,-7],[36,18],[6,48],[23,28],[44,26],[50,21],[8,27],[-7,31],[11,26],[26,31],[77,45],[23,22],[94,35],[-3,26],[22,13],[21,21],[11,41],[20,28],[26,29],[23,34],[16,17],[21,11]],[[8555,9550],[33,12],[3,13],[11,6],[20,-16],[14,10],[5,43],[12,16],[20,3],[55,70],[22,5],[14,-10],[5,41],[45,5],[30,35],[39,26],[3,27],[72,72],[17,62],[28,29],[31,-9],[25,-15],[23,-7],[48,-4],[7,-23],[-39,-31],[-10,-21],[-16,-13],[11,-17],[-10,-9],[-12,-26],[10,-19],[-18,-6],[-4,-17],[-25,-25],[2,-24],[-6,-20],[61,10],[46,-15],[-3,-6],[-23,-13],[-38,-31],[-30,-44],[-9,-32],[-23,-49],[-23,-19],[-10,-20],[-10,-8],[-32,-46],[-21,-44],[32,-41],[-6,-55],[24,-1],[-19,-40],[9,-59],[-17,-21],[20,-32],[-29,-26],[17,-23],[-13,-34],[-9,-62],[60,-34],[36,-7],[59,-46],[12,-23],[20,-15],[23,-9],[14,-10],[57,-21],[100,-72],[43,-19],[86,-22],[46,-16],[13,-8],[41,-9],[21,-1],[71,24],[-2,-50],[-13,-44],[-4,-51],[-5,-34],[-11,-32],[-14,-24],[-16,-20],[-82,-19],[-40,-14],[-27,-25],[-23,-51],[-17,-64],[2,-30],[-1,-39],[-9,-46],[-12,-19],[-15,-26],[-16,-21],[-23,-38],[-15,-20],[-14,-22],[-22,-36],[-11,-18],[-20,-45],[-44,-80],[-18,-52],[1,-43],[-4,-35],[6,-42],[-12,-53],[-20,-58],[-9,-47],[-18,-41],[-12,-26],[-7,-50],[37,-56],[31,-29],[23,-26],[41,-23],[24,-8],[24,1],[29,8],[47,-5],[16,-17],[24,-31],[31,-27],[23,-11],[56,-11],[52,-23],[59,-17],[21,-21],[34,-18],[36,9],[28,6],[27,-5],[27,-32],[30,-21],[86,-34],[39,-5],[34,-18],[21,-16],[-2,-52],[2,-44],[-2,-41],[1,-51],[15,-64],[9,-53],[7,-25],[-2,-26],[0,-38],[-8,-30],[-9,-47],[-11,-26],[-4,-27],[-11,-50],[-5,-26],[-15,-26],[-24,-42],[-52,-61],[-72,-41],[-42,-55],[-15,-28],[-7,-53],[11,-27],[11,-21],[19,-20],[25,-16],[20,-35],[11,-22],[-25,-15],[-50,-29],[-24,-36],[-48,-106],[-5,-43],[-18,-26],[-52,-44],[-43,-25],[-59,-26],[-27,-20],[6,-35],[-10,-23],[-45,-42],[-39,-34],[-19,-34],[-17,-71],[3,-33],[-3,-45],[-13,-21],[-29,-36],[-14,-45],[3,-60],[24,-40],[19,-25],[1,-42],[-46,-59],[-22,-25],[-20,-28],[-30,-57],[-6,-21],[-2,-41],[-65,-36],[-47,-24],[-36,22],[11,40],[-4,41],[-23,7],[-23,-6],[-17,-24],[-7,-20],[11,-18],[7,-35],[-34,-3],[-18,13],[-27,24],[-33,4],[-32,-14],[-25,-49],[24,-42],[12,-37],[-13,-96],[-20,-46],[-37,-94],[-51,-90],[-60,-84],[-75,-82],[-29,-27],[-23,-20],[-47,-19],[-26,-37],[-40,-17],[-32,-6],[-40,-13],[-33,-47],[-21,-62],[-32,-68],[-26,-60],[-29,-60],[-22,-24],[-8,-26],[-15,-37],[-16,-59],[-45,-15],[-71,-5]]],"transform":{"scale":[0.00017764939723386458,0.00018549478613726826],"translate":[92.97251711927431,23.836822434203537]}}