{"type":"Topology","objects":{"type":"GeometryCollection","geometries":[{"type":"Polygon","properties":{"NAME_1":"Aizawl","ST_NM":"Mizoram","ST_CEN_CD":15,"DT_CEN_CD":3,"CENSUSCODE":283,"iso_a2":"IN_MZ_AL"},"arcs":[[0,1,2,3,4,5]]},{"type":"Polygon","properties":{"NAME_1":"Champhai","ST_NM":"Mizoram","ST_CEN_CD":15,"DT_CEN_CD":4,"CENSUSCODE":284,"iso_a2":"IN_MZ_CH"},"arcs":[[6,-1,7]]},{"type":"Polygon","properties":{"NAME_1":"Kolasib","ST_NM":"Mizoram","ST_CEN_CD":15,"DT_CEN_CD":2,"CENSUSCODE":282,"iso_a2":"IN_MZ_KO"},"arcs":[[-5,8,9]]},{"type":"Polygon","properties":{"NAME_1":"Lawangtlai","ST_NM":"Mizoram","ST_CEN_CD":15,"DT_CEN_CD":7,"CENSUSCODE":287,"iso_a2":"IN_MZ_LA"},"arcs":[[10,11,12]]},{"type":"Polygon","properties":{"NAME_1":"Lunglei","ST_NM":"Mizoram","ST_CEN_CD":15,"DT_CEN_CD":6,"CENSUSCODE":286,"iso_a2":"IN_MZ_LU"},"arcs":[[-3,13,14,15,-13,16,17]]},{"type":"Polygon","properties":{"NAME_1":"Mamit","ST_NM":"Mizoram","ST_CEN_CD":15,"DT_CEN_CD":1,"CENSUSCODE":281,"iso_a2":"IN_MZ_MA"},"arcs":[[-9,-4,-18,18]]},{"type":"Polygon","properties":{"NAME_1":"Saiha","ST_NM":"Mizoram","ST_CEN_CD":15,"DT_CEN_CD":8,"CENSUSCODE":288,"iso_a2":"IN_MZ_SA"},"arcs":[[19,-11,-16]]},{"type":"Polygon","properties":{"NAME_1":"Serchhip","ST_NM":"Mizoram","ST_CEN_CD":15,"DT_CEN_CD":5,"CENSUSCODE":285,"iso_a2":"IN_MZ_SE"},"arcs":[[-7,20,-14,-2]]}]},"arcs":[[[8011,8171],[-106,-130],[-196,-288],[148,-127],[-233,-96],[31,-166],[-130,-114],[-208,-47],[-422,-94],[-260,-33],[5,-226],[7,-210],[93,-380],[-101,-311],[124,-230],[-126,-22]],[[6637,5697],[-71,27],[-144,63],[-399,170],[-206,142],[-234,33],[-53,-2],[-276,-14],[-241,-149],[-111,-204],[-44,-43],[-118,-119],[-68,-70],[162,-128],[189,-48],[-220,-93],[-126,-101],[-180,12],[-85,92],[-131,12],[-77,8],[-173,35],[-203,-61],[-85,-4],[-88,100],[-19,21]],[[3636,5376],[3,3],[-2,4],[3,34],[5,12],[-9,8],[6,35],[5,8],[-19,14],[-7,18],[-25,16],[-82,5],[32,11],[3,5],[-5,24],[-49,15]],[[3495,5588],[-44,31],[18,43],[-28,39],[-58,39],[-11,38],[4,35],[-5,58],[4,43],[-6,46],[-2,42],[30,31],[-15,25],[-21,18],[-19,38],[-67,5],[-53,9],[-45,46],[25,23],[49,7],[10,25],[27,21],[73,4],[17,22],[13,41],[-53,25],[-17,30],[-2,21],[41,14],[64,6],[64,19],[26,36],[-5,20],[8,34],[-52,13],[-91,9],[-50,6],[0,19],[-57,17],[-42,12],[-30,19],[-1,42],[90,37],[41,36],[33,19],[35,31],[59,67],[-34,15],[-51,1],[-46,10],[-30,23],[-39,32],[-19,23],[-21,18],[-12,34],[-18,43],[-51,15],[45,21],[46,16],[18,52],[-25,30],[-81,0],[-40,13],[36,22],[32,23],[41,30],[40,-15],[70,-2],[42,27],[-84,7],[4,29],[45,12],[79,6],[9,19],[-70,42],[-25,24],[-29,37],[-38,34],[-1,32],[-15,20],[0,25],[35,15],[118,21],[30,27],[-42,45],[-98,9],[-14,28],[-67,9],[-117,13],[19,23],[42,15],[-22,34],[-1,0]],[[3113,7806],[1,0],[35,8],[30,2],[1,0],[3,2],[47,25],[19,5],[9,-1],[12,-16],[16,-8],[25,-6],[38,-3],[30,4],[2,1],[41,17],[15,8],[11,17],[13,7],[18,3],[1,0],[31,-1],[35,-7],[17,-4],[27,-2],[14,15],[14,16],[15,20],[0,1],[0,9],[22,-1],[5,-4],[2,1],[1,0],[20,4],[15,-2],[6,-1],[11,2],[9,-4],[34,4],[1,0],[8,-3],[36,-13],[3,1],[34,5],[26,1],[0,-1],[30,-17],[30,-1],[136,15],[44,14],[9,7],[2,13],[-15,4],[-1,14],[10,3],[19,-1],[61,-13],[20,1],[11,4],[4,6],[1,3],[-6,21],[1,1],[5,6],[37,16],[66,29],[63,15],[39,7],[11,2],[1,0],[47,3],[90,-4],[39,2],[2,0],[37,7],[13,7],[10,1],[37,2],[32,-5],[12,-2],[45,-16],[15,-12],[19,-4],[5,5],[-1,0],[-8,18],[1,1],[8,6],[28,6],[1,0],[23,-26],[17,-5],[3,6],[22,36],[29,8],[1,0],[0,1],[-18,28],[24,-3],[10,2],[8,7],[0,11],[-1,23],[-19,4],[-3,5],[1,0],[12,13],[1,1],[-7,10],[-4,8],[16,18],[-10,11],[18,10],[5,1],[7,19],[38,4],[2,14],[0,3],[2,14],[14,20],[8,12],[-27,25],[4,3],[16,2],[0,1],[-4,14],[15,-2],[3,4],[1,9],[2,8],[0,5],[8,4],[35,4],[27,10],[9,3],[4,22],[-9,13],[0,1],[19,9],[19,8],[1,0],[15,12],[24,5],[0,1],[-1,0],[-35,24],[0,15],[1,0],[17,18],[24,13],[38,12],[1,0],[14,11],[4,10],[-1,0],[-12,9],[1,0],[4,4],[19,5],[8,20],[-3,8],[-10,0],[-11,-1],[-4,4],[1,0],[13,1],[4,1],[38,9],[21,2],[2,4],[2,3],[-1,41],[10,16],[5,9],[-13,34],[21,1],[0,1],[-9,10],[29,5],[1,0],[4,4],[1,1],[-2,7],[-6,2],[-2,1],[1,0],[12,8],[-1,1],[-1,3],[-18,-1],[-3,0],[0,1],[2,1],[9,8],[16,15],[3,5],[7,14],[0,1],[-7,37],[-2,1],[-19,17],[-25,5],[-1,1],[-25,18],[-20,0],[-1,0],[-27,-24],[-32,-13],[-24,3],[-16,14],[-1,1],[-22,10],[-7,4],[-81,1],[-21,1],[-3,5],[13,6],[-11,17],[35,7],[-1,0],[-17,13],[0,1],[5,12],[-15,0],[-14,1],[-4,2],[0,1],[8,7],[1,0],[37,6],[-1,1],[-25,12],[-1,17],[1,1],[21,12],[2,1],[24,13],[10,2],[13,1],[16,-3],[16,2],[0,4],[-11,8],[-13,9],[1,0],[18,16],[-23,13],[-3,7],[-6,15],[-1,1],[-11,11],[-29,5],[-1,0],[0,1],[-20,31],[-12,1],[-12,-2],[-20,-4],[-16,6],[30,23],[25,6],[2,1],[41,5],[6,13],[-27,-1],[-13,12],[-20,4],[1,1],[11,11],[11,-6],[1,0],[14,2],[29,10],[29,4],[28,13],[1,0],[13,15],[19,14],[56,40],[47,18],[-27,4],[-15,17],[-16,8],[1,0],[22,7],[0,1],[-5,11],[31,0],[2,0],[8,4],[10,32],[-13,6],[-42,2],[-9,4],[-1,1],[35,25],[7,14],[17,-14],[11,-1],[8,2],[4,5],[2,1],[0,1],[-6,5],[-7,4]],[[5378,9506],[39,-3],[10,1],[26,3],[6,4],[-1,14],[30,16],[19,38],[100,-28],[-7,-6],[9,-6],[14,-2],[19,-14],[68,-12],[17,4],[7,9],[17,8],[31,3],[47,9],[13,3],[7,0],[15,-1],[1,0],[6,-3],[25,-19],[4,-3],[3,-2],[15,-7],[89,21],[41,25],[38,8],[44,-9],[24,1],[31,-9],[29,-14],[22,-1],[21,6],[201,-49],[-61,-41],[42,-23],[-17,-32],[-6,-27],[18,-47],[86,-9],[98,-4],[-69,-98],[-95,-68],[-48,-29],[-61,-20],[-24,-30],[48,-34],[-60,-34],[-1,-35],[96,-68],[72,-15],[-61,-14],[0,-15],[36,-29],[-12,-29],[-36,-10],[-12,-29],[-35,-10],[-79,0],[0,-12],[66,-47],[-64,-32],[18,-52],[-41,-15],[-63,-14],[-17,-11],[-2,-13],[17,-26],[-58,-44],[-72,-10],[-33,-10],[11,-26],[12,-9],[71,0],[38,6],[96,-5],[76,-20],[38,-21],[62,-12],[49,8],[25,-11],[37,-6],[25,-16],[135,-17],[97,14],[73,24],[48,9],[48,-49],[36,-24],[49,-15],[60,-24],[-12,-30],[11,-14],[-12,-25],[25,-14],[-37,-15],[12,-15],[84,20],[13,19],[59,5],[13,15],[72,15],[48,34],[0,25],[60,29],[48,5],[89,-17],[24,-24],[72,-25],[-24,-39],[24,-24],[48,-5],[156,10],[36,-15],[88,-5]],[[7921,4316],[-8,37],[-20,42],[-39,88],[-43,89],[-154,225],[-292,60],[-443,47],[-234,26],[-107,121],[-100,20],[-113,48],[17,46],[268,160],[-11,104],[-37,119],[32,149]],[[8011,8171],[68,-4],[36,44],[12,24],[24,24],[-24,30],[36,19],[84,-10],[48,10],[48,-5],[132,-48],[0,-20],[24,-29],[-36,-10],[-84,-93],[25,-39],[157,39],[24,25],[73,24],[23,20],[85,0],[121,10],[209,-3],[41,-35],[-52,-7],[13,-33],[39,-14],[-45,-26],[29,-45],[-9,-39],[-3,-25],[-38,-35],[25,-16],[84,-8],[36,-11],[13,-23],[23,-42],[33,-25],[43,-34],[51,-21],[40,-11],[47,-6],[82,-9],[65,-14],[7,-23],[-3,-21],[-14,-24],[-7,-55],[-10,-44],[-1,-41],[8,-23],[4,-28],[-3,-20],[1,-30],[3,-38],[26,-22],[-8,-43],[19,-19],[46,-9],[34,-36],[-7,-35],[-22,-33],[-26,-59],[-2,-24],[9,-29],[16,-23],[28,-27],[33,-20],[8,-20],[20,-23],[-16,-22],[-3,-34],[12,-23],[54,-32],[53,-12],[58,-18],[41,-31],[28,-23],[-32,-16],[-41,-25],[-22,-18],[-26,-27],[-18,-26],[3,-32],[35,-103],[5,-92],[11,-24],[-14,-25],[-50,-41],[-26,-40],[27,-33],[7,-30],[-3,-27],[-19,-28],[-30,-15],[-49,-26],[-42,-28],[-30,-19],[-3,-25],[7,-22],[-32,-44],[13,-16],[10,-22],[-9,-31],[-39,-40],[-14,-39],[-10,-16],[-12,-37],[2,-27],[-5,-15],[7,-27],[5,-16],[48,-38],[15,-15],[34,-23],[38,-15],[-81,-17],[-25,-16],[-44,-21],[0,-23],[19,-15],[-75,-6],[-114,0],[-40,-11],[-35,-7],[-14,-14],[19,-17],[33,-22],[49,-26],[13,-19],[-15,-23],[-7,-29],[2,-26],[6,-24],[18,-21],[12,-29],[-25,-27],[-25,-16],[-2,-31],[18,-40],[10,-32],[41,-44],[43,-38],[53,-42],[1,-18],[-63,-32],[-7,-36],[-11,-54],[-32,-51],[-8,-31],[-38,-31],[-18,-34],[44,-26],[97,17],[33,-14],[-7,-22],[-99,-43],[-50,-14],[-59,-13],[-34,-15],[-9,-41],[-8,-24],[-9,-18],[-39,-17],[-41,-24],[-12,-17],[60,-9],[-7,-20],[-37,-31],[-66,-1],[-38,-37],[-33,-45],[-35,-30],[-26,-16],[-46,-26],[-24,-12],[-53,1],[-74,-33],[-36,-20],[-35,-10],[-81,-4],[-81,4],[-39,18],[-50,8],[-76,-14],[-49,-9],[-46,12],[-55,18],[-29,13],[-31,17],[-21,20],[-29,23],[-67,48],[-52,16],[-67,29],[-42,4],[-19,3]],[[3113,7806],[-61,14],[0,14],[0,1],[23,34],[21,31],[1,1],[56,29],[-1,0],[-12,18],[1,10],[5,8],[0,1],[12,7],[0,1],[-3,12],[-68,21],[-11,8],[0,1],[22,16],[0,1],[1,0],[3,18],[9,13],[0,1],[19,12],[2,9],[19,12],[40,5],[10,3],[4,6],[-42,8],[-31,14],[-19,2],[-15,-2],[-4,-4],[-1,-1],[0,-10],[10,-15],[-33,3],[-14,8],[-1,0],[-12,10],[-18,16],[-9,24],[-12,11],[-27,3],[-84,0],[-19,10],[-56,31],[-1,0],[-35,3],[-10,4],[-7,5],[-1,0],[0,1],[-2,36],[-20,4],[0,1],[-1,0],[-10,0],[-67,-1],[-2,-3],[0,-1],[24,-21],[0,-6],[-5,-3],[-2,-1],[-28,-15],[-1,-10],[8,-37],[-22,-13],[-27,-29],[-20,4],[-36,0],[-14,3],[1,0],[30,36],[0,1],[9,11],[-49,2],[2,15],[-1,1],[-5,9],[-22,5],[-9,-1],[-2,0],[-1,0],[-2,-1],[-20,-10],[-5,-7],[-1,-1],[-2,-3],[-1,-4],[0,-1],[-8,-35],[7,-16],[0,-1],[-71,-24],[-21,-3],[-1,17],[-2,3],[0,1],[-19,34],[2,3],[0,2],[4,11],[2,2],[8,7],[0,16],[-1,0],[-15,21],[29,36],[4,18],[1,6],[1,2],[-21,49],[17,13],[0,1],[3,16],[-20,40],[8,9],[2,2],[29,31],[11,6],[-3,5],[-49,2],[-3,5],[11,11],[4,11],[24,12],[2,1],[19,15],[4,10],[0,1],[-12,23],[-22,13],[-7,10],[-93,33],[-1,12],[24,5],[33,20],[0,1],[0,19],[-30,9],[-1,0]],[[2310,8679],[1,0],[4,1],[-3,2],[-14,8],[53,50],[1,1],[-12,13],[7,8],[1,0],[35,17],[8,17],[-2,13],[30,23],[14,17],[0,1],[3,28],[-7,11],[2,12],[14,21],[1,1],[14,10],[66,7],[4,0],[48,9],[146,-19],[52,-2],[28,5],[19,10],[4,0],[16,2],[67,0],[17,0],[17,3],[31,13],[12,10],[21,30],[2,27],[9,18],[19,24],[3,21],[-1,1],[-2,3],[-3,1],[-1,0],[-11,4],[-4,8],[0,1],[13,32],[-3,18],[1,0],[13,16],[-2,12],[31,34],[3,41],[7,7],[16,7],[36,-4],[2,0],[44,9],[2,0],[14,-1],[4,-4],[-8,-1],[-1,0],[-5,0],[1,-6],[22,-4],[5,-7],[9,-4],[34,-5],[1,1],[7,6],[-6,10],[30,-11],[1,-1],[1,0],[7,1],[-1,1],[-3,6],[8,-1],[1,0],[12,-1],[2,10],[3,9],[34,15],[10,9],[-1,8],[8,0],[6,2],[13,4],[1,0],[1,-1],[11,-5],[8,1],[8,11],[9,-6],[15,2],[66,16],[41,-8],[35,-1],[2,10],[33,8],[23,11],[8,6],[1,22],[18,6],[3,5],[-8,11],[14,7],[16,17],[12,4],[35,1],[14,4],[-5,29],[34,13],[-1,21],[1,0],[57,50],[0,19],[33,23],[48,77],[57,65],[110,85],[45,54],[21,22],[27,26],[-1,1],[-7,22],[1,1],[46,18],[45,27],[6,8],[117,-134],[18,-31],[8,-14],[4,-3],[14,-11],[16,-29],[31,-30],[33,-47],[29,-32],[4,-4],[3,-1],[18,-9],[22,-19],[4,-5],[8,-11],[-4,-5],[-32,-1],[6,-10],[1,0],[24,-1],[1,0],[4,1],[16,2],[8,1],[2,0],[18,-2],[-4,-6],[-2,-3],[5,-7],[11,1],[6,0],[-1,-2],[-1,-5],[22,-3],[22,-2],[8,1],[8,1],[18,-18],[6,-6],[3,-1],[28,-9],[42,-8],[4,-1],[9,-5],[3,-4],[-43,-23],[-4,-4],[-9,-8],[2,-6],[1,-2],[6,-3],[18,-8],[-1,-24],[5,-4],[2,-2],[6,-1],[25,-5],[3,1],[27,8],[29,8],[4,0],[35,-3],[12,5],[10,4],[6,5],[13,10],[21,24],[24,7],[39,17],[32,4],[75,-10],[18,1],[36,6],[51,16],[32,-5],[23,3],[8,-2],[23,-26],[16,-4]],[[5708,2371],[24,-37],[20,-20],[10,-40],[-42,-122],[3,-63],[31,-28],[51,-30],[1,-19],[-37,-16],[9,-76],[19,-32],[10,-26],[16,-38],[29,-27],[9,-23],[100,-15],[18,-16],[-34,-60],[-49,-20],[-136,26],[-17,20],[38,18],[-32,13],[-62,10],[-79,-24],[-35,-19],[-67,-23],[-47,-22],[-45,-20],[-44,-11],[-63,-16],[-34,-12],[-21,-16],[-47,-35],[-54,-62],[-26,-16],[-112,-2],[-88,31],[-136,-3],[-10,-20],[32,-22],[5,-22],[-12,-19],[22,-33],[59,-25],[25,-26],[-23,-31],[-27,-18],[17,-19],[7,-22],[-20,-35],[9,-22],[13,-18],[13,-17],[10,-30],[4,-25],[9,-38],[-8,-42],[8,-41],[-3,-28],[14,-24],[7,-57],[4,-27],[16,-43],[3,-29],[15,-28],[-22,-41],[-4,-35],[22,-37],[-2,-36],[11,-30],[-4,-29],[31,-39],[21,-28]],[[5031,464],[-67,-13],[-37,23],[-27,15],[-42,17],[-91,13],[-45,41],[-27,21],[-57,8],[-59,18],[-69,15],[-54,11],[-48,-1],[-48,4],[-69,24],[8,28],[-38,13],[-121,24],[-69,13],[-45,12],[-42,41],[-126,12],[-83,4],[-73,-20],[11,-39],[-9,-62],[-21,-90],[3,-50],[-33,-35],[-25,68],[-9,48],[-48,-7],[6,-52],[6,-25],[4,-35],[9,-26],[3,-26],[-8,-18],[3,-33],[28,-35],[-4,-20],[-11,-20],[-8,-26],[-24,-23],[-31,-15],[-77,2],[-71,3],[-156,-67],[-31,-23],[-92,-28],[-101,-14],[-49,-4],[-11,20],[57,17],[-45,51],[-87,37],[22,39],[22,20],[-12,26],[-40,18],[-1,19],[31,37],[1,19],[-14,20],[-45,16],[-8,49],[-92,77],[-44,45],[-43,39],[-33,19],[-39,12],[40,39],[43,14],[79,8],[68,-16],[23,-23],[19,-27],[95,-2],[12,36],[21,41],[16,34],[1,55],[-19,18],[-39,12],[-44,-3],[-22,18],[8,39],[11,35],[-14,26],[-47,25],[-16,19],[-1,23],[15,43],[-8,20],[-8,57],[-29,28],[-31,36],[-48,29],[18,33],[10,40],[2,61],[-25,59],[-13,30],[-25,35],[-14,38],[-47,44],[-28,48],[1,37],[-15,28],[-27,23],[-31,58],[-5,50],[-4,61],[-30,49],[-19,47],[-4,36],[1,47],[-13,70],[-7,58],[-36,70],[-35,40],[-34,23],[-40,18],[-7,20],[6,19],[78,18],[-2,32],[-5,41],[-29,55],[-37,26],[-32,19],[20,16],[49,15],[-21,26],[-46,23],[0,44],[-5,32],[-36,90],[-13,63],[-24,43],[-22,31],[-40,57]],[[2125,3072],[18,17],[-34,16],[20,16],[34,10],[22,21],[54,19],[38,-10],[98,5],[55,-11],[31,-18],[87,-29],[82,-53],[58,13],[30,13],[1,28],[61,9],[50,-68],[21,-1],[9,-8],[11,-18],[26,-8],[2,-32],[-16,-31],[18,-36],[29,-23],[36,-12],[15,-25],[29,-7],[60,-27],[48,-13],[50,-18],[-18,-11],[3,-12],[53,-11],[35,-14],[19,-16],[36,-42],[-13,-35],[-2,-37],[128,12],[106,18],[77,0],[110,-31],[-26,-37],[16,-45],[21,-22],[122,-37],[15,-20],[37,-27],[38,-17],[171,-48],[28,-18],[71,-21],[9,-30],[2,-52],[51,-76],[16,-11],[41,-2],[52,17],[11,-10],[18,-6],[22,2],[-15,60],[-18,18],[20,49],[21,29],[76,36],[55,17],[5,18],[43,40],[2,29],[-21,25],[-7,18],[-34,47],[3,18],[-6,10],[60,9],[11,20],[-16,15],[2,20],[41,23],[43,2],[76,-9],[30,1],[94,-6],[69,-13],[45,-30],[54,-24],[50,-17],[26,-14],[51,-15],[52,-32],[49,-20],[134,3],[36,-30],[5,-20],[37,-70],[36,-26],[37,1],[95,19],[50,18]],[[3636,5376],[-2,-3],[-14,-3],[-7,2],[-21,-3],[33,-35],[-8,-22],[40,-17],[-19,-39],[-21,-25],[13,-23],[-17,-18],[7,-3],[28,0],[-13,-23],[19,-16],[16,-34],[-8,-49],[-8,-21],[16,-11],[-4,-11],[15,-58],[19,-22],[90,-34],[-4,-13],[-32,-25],[28,-2],[-4,-8],[27,-11],[60,-5],[49,3],[22,54],[21,18],[-12,26],[12,20],[-15,23],[-8,41],[4,8],[94,-6],[18,-8],[21,-19],[35,7],[36,-4],[36,1],[12,-2],[15,-4],[16,-20],[68,16],[16,7],[41,3],[52,-19],[94,8],[68,-11],[32,-5],[119,-3],[15,3],[10,8],[-6,21],[11,22],[11,7],[17,0],[19,5],[82,11],[28,-4],[9,-13],[59,-12],[20,-6],[0,-5],[-1,-1],[-2,-3],[7,0],[-6,-11],[9,-9],[-5,-6],[17,-15],[25,-8],[6,-6],[20,-5],[26,-14],[10,-17],[-26,-58],[5,-12],[26,-24],[4,-10],[37,-28],[-1,-9],[9,-6],[40,7],[20,-11],[26,-9],[51,-3],[25,2],[86,34],[32,-3],[59,1],[40,11],[38,6],[37,32],[22,-7],[9,-6],[22,-2],[35,-2],[32,5],[19,-2],[-3,-15],[-9,-8],[-5,-18],[12,-18],[17,-8],[77,0],[16,-9],[37,-2],[15,-4],[27,-31],[-19,-23],[26,-14],[-10,-25],[11,-5],[-8,-22],[22,-1],[4,-6],[-17,-10],[-6,-54],[20,-6],[37,1],[4,-14],[144,-27],[27,-17],[13,1],[7,-5],[10,-7],[22,1],[9,-12],[39,-6],[61,-22],[125,-32],[45,0],[53,8],[53,0],[31,-14],[10,-12],[-18,-15],[-5,-81],[36,-14],[130,-7],[162,-32],[24,-8],[-13,-10],[15,-11],[104,-12],[193,-61],[77,-25]],[[7341,4114],[-8,-22],[35,-18],[34,-8],[43,-1],[21,-24],[22,-27],[4,-20],[-13,-18],[-33,-9],[-1,-16],[31,-13],[22,-18],[24,-25],[8,-33],[7,-43],[32,-15],[38,-8],[37,-8],[18,-13],[-15,-13],[-32,-9],[-35,0],[-53,-2],[-53,0],[-61,1],[-30,-23],[30,-28],[-4,-26],[-10,-15],[-13,-27],[-20,-28],[-25,-23],[-54,-14],[-19,-12],[-7,-31],[6,-44],[-6,-23],[-44,-23],[-37,-13],[12,-23],[33,-5],[-3,-18],[-59,-13],[-42,-5],[-42,-5],[30,-71],[10,-19]],[[7119,3263],[-96,27],[-70,23],[11,16],[26,11],[-66,9],[-75,-16],[-55,-8],[1,-24],[-64,-8],[-88,7],[-117,8],[-23,-48],[-81,3],[-14,-17],[-37,-13],[-9,-33],[-29,-21],[2,-23],[-25,-12],[-51,2],[-75,-1],[-92,14],[-100,47],[-67,42],[-155,37],[-78,2],[-59,-3],[-3,-35],[38,-2],[9,-15],[-50,-18],[-44,-28],[-10,-108],[10,-32],[11,-22],[106,-35],[28,-27],[-34,-87],[7,-26],[1,-55],[66,-71],[85,-49],[28,-20],[-29,-32],[19,-67],[-42,-27],[11,-25],[-7,-52],[-37,-44],[-35,-17],[-53,-19]],[[2125,3072],[-61,29],[-53,12],[-52,1],[-44,2],[-43,17],[-26,55],[-16,58],[-28,36],[-28,28],[-16,31],[-16,18],[-34,14],[-39,18],[-6,26],[2,18],[56,9],[-2,19],[-31,20],[50,24],[-20,15],[-20,17],[26,26],[-38,8],[-13,20],[14,17],[-35,19],[-25,15],[-20,19],[-4,21],[-46,4],[-20,-12],[-35,-8],[-65,46],[-57,43],[-5,21],[-50,6],[-101,-22],[-12,14],[-9,25],[4,20],[-36,7],[-70,-1],[-46,-2],[-71,19],[-1,25],[-4,18],[19,21],[6,28],[5,20],[-20,16],[-17,16],[44,17],[39,12],[20,22],[-4,20],[18,16],[10,26],[18,22],[-44,28],[-14,18],[7,17],[27,16],[23,16],[-31,22],[11,17],[37,19],[31,25],[0,14],[-31,31],[-16,13],[-17,18],[-11,18],[-10,23],[-5,26],[-46,2],[-34,-6],[-29,20],[5,27],[-36,9],[-24,14],[-2,15],[13,24],[26,22],[23,21],[-10,15],[-47,6],[-30,26],[20,17],[18,24],[-4,27],[-16,24],[-12,32],[11,31],[-2,18],[-13,17],[-35,14],[-5,15],[8,17],[15,26],[-2,29],[-12,20],[-12,38],[-10,23],[42,14],[52,-2],[42,5],[124,0],[49,7],[33,-6],[67,-2],[-3,16],[-36,20],[-19,19],[-9,16],[-19,13],[-21,14],[12,8]],[[1146,5133],[59,1],[21,-8],[38,9],[7,-4],[35,-13],[107,7],[58,36],[66,25],[-35,10],[-2,9],[85,3],[61,6],[29,43],[25,23],[0,7],[29,12],[19,39],[8,2],[45,-6],[25,16],[-22,21],[-16,58],[-67,29],[10,6],[-1,22],[17,-5],[-3,28],[-39,5],[-7,6],[12,8],[-1,27],[-9,21],[44,19],[12,16],[11,2],[85,2],[34,-10],[28,-16],[45,-6],[42,10],[11,23],[25,-7],[11,0],[7,-6],[48,-13],[31,-18],[79,0],[64,3],[38,-7],[38,5],[5,0],[47,1],[42,-4],[8,-3],[0,-2],[17,-3],[55,-26],[63,8],[14,19],[12,5],[87,-3],[83,28],[15,24],[-21,42],[34,14],[82,-14],[16,-16],[86,-11],[30,-18],[35,-12],[45,-2],[30,16],[57,4],[37,-12],[47,-24],[106,-4],[51,2],[59,6]],[[1146,5133],[14,9],[30,15],[-20,25],[-30,13],[-18,19],[-31,31],[11,25],[21,25],[-26,23],[-15,17],[-30,14],[-57,1],[-30,28],[21,14],[34,10],[44,24],[9,19],[5,21],[-10,34],[-34,25],[-20,22],[-70,3],[-44,9],[20,18],[-23,15],[-44,10],[19,20],[-1,17],[-37,4],[-6,18],[18,18],[19,14],[-1,17],[-46,1],[-40,21],[3,25],[-13,17],[-16,16],[-47,-10],[-48,-10],[-35,0],[-4,24],[-1,21],[-4,23],[2,24],[21,26],[5,17],[-49,12],[-19,0],[-23,1],[-9,14],[51,20],[3,17],[-31,16],[-4,15],[-6,21],[6,37],[-11,22],[-24,34],[27,35],[-38,16],[-56,12],[-2,39],[18,37],[-11,51],[-27,63],[-4,28],[-51,10],[-40,4],[-36,10],[-10,40],[9,32],[58,18],[4,16],[-30,7],[-66,-2],[-57,4],[5,31],[-41,14],[-5,22],[36,35],[45,39],[34,33],[15,30],[11,34],[-10,24],[-23,32],[-36,11],[-23,19],[-23,21],[-49,16],[-68,20],[-23,50],[17,69],[-10,21],[8,18],[-2,13],[-34,84],[-2,32],[-10,20],[-14,8],[-11,31],[85,11],[61,-10],[20,6],[9,-4],[5,-2],[25,4],[18,-2],[8,4],[-9,23],[-19,3],[2,3],[-18,7],[4,19],[-41,22],[-11,13],[-16,7],[7,28],[15,15],[73,17],[22,23],[0,15],[35,17],[17,0],[10,-5],[-1,-18],[47,4],[31,-11],[26,1],[21,-5],[48,3],[34,7],[5,2],[-16,5],[2,3],[22,6],[7,2],[2,15],[-15,16],[-11,-1],[-17,6],[3,7],[1,2],[-3,0],[-5,1],[-3,6],[8,3],[18,-2],[2,10],[-11,7],[6,5],[-1,2],[-3,3],[6,1],[6,-4],[7,6],[7,0],[13,50],[8,2],[15,-1],[16,7],[18,-3],[6,8],[5,17],[-15,27],[11,10],[-8,7],[-15,3],[-57,8],[-26,17],[-39,16],[-6,26],[6,8],[-6,3],[-13,6],[12,46],[-10,12],[10,1],[6,1],[-6,36],[22,3],[-2,4],[23,0],[16,12],[21,0],[6,18],[10,-1],[13,14],[19,6],[0,4],[-5,2],[-11,5],[27,8],[-15,48],[2,8],[-24,10],[-63,43],[2,4],[12,2],[17,-5],[7,3],[-28,15],[6,11],[-20,10],[22,9],[0,4],[-44,13],[26,11],[3,8],[-18,21],[-1,14],[13,11],[19,-5],[11,4],[-15,24],[27,5],[-23,10],[-19,21],[12,9],[8,2],[17,-3],[18,4],[-3,8],[6,6],[13,2],[18,2],[-2,8],[-6,0],[-29,2],[-1,2],[45,12],[8,6],[-5,11],[3,16],[-8,18],[19,9],[12,11],[-27,-1],[11,10],[-2,7],[24,9],[1,6],[-26,14],[22,5],[-2,5],[-26,11],[-3,34],[24,13],[-19,7],[4,7],[-9,14],[0,13],[9,5],[26,3],[-1,13],[9,3],[17,-4],[8,3],[5,9],[-21,16],[-21,49],[-20,4],[-8,6],[12,33],[0,21],[7,8],[-3,11],[-28,5],[21,8],[-6,4],[5,7],[-40,15],[-1,5],[8,5],[-3,6],[-10,3],[-32,11],[0,7],[27,1],[12,0],[-2,4],[-47,13],[-24,16],[-29,-8],[-25,14],[-1,6],[33,19],[2,7],[-88,-5],[-21,2],[2,7],[1,2],[6,3],[-36,8],[13,8],[2,9],[-26,8],[-1,9],[5,8],[-17,10],[-6,14],[10,15],[7,2],[8,3],[-4,9],[59,4],[59,-6],[30,5],[527,-5],[161,4],[94,-2],[81,6],[50,-2],[2,-19],[-21,-50],[-13,-53],[-3,-41],[13,-33],[-7,-32],[27,-22],[93,-21],[9,-7],[2,-28],[27,-14],[4,-6],[-25,-25],[11,-40],[8,-4],[11,0],[26,6],[17,1],[57,-37],[56,0],[49,-28],[15,1],[9,-8],[8,2],[14,11],[22,4],[18,4],[0,8],[13,3],[40,-8],[11,2],[5,6],[-23,23],[16,5],[0,9],[19,1],[6,5],[-20,12],[12,0],[11,4],[8,5],[1,8],[7,3],[19,0],[56,-9],[46,2],[19,6],[7,18],[14,3],[16,-2],[23,-16],[28,-1],[-7,9],[-29,17],[43,0],[9,4],[-10,13],[13,7],[21,3],[35,-13],[31,0],[36,8],[2,6],[14,4],[11,12]],[[7119,3263],[33,-66],[29,-67],[11,-34],[-30,-25],[-39,-24],[-22,-16],[-9,-31],[-15,-20],[-31,-12],[21,-38],[53,-21],[23,-38],[-32,-29],[3,-18],[33,-39],[27,-19],[33,-17],[33,-13],[-31,-48],[80,-35],[44,-4],[58,-24],[23,-18],[32,-42],[12,-34],[11,-49],[-82,-18],[-19,-16],[-38,-11],[-40,-29],[-24,-27],[-51,-21],[8,-34],[-4,-21],[-37,-34],[69,-12],[50,-1],[43,-9],[23,-24],[-25,-23],[0,-31],[39,-27],[26,-49],[-18,-27],[-15,-18],[32,-22],[32,-23],[31,-19],[93,-24],[51,6],[106,-10],[23,-18],[34,-31],[49,-19],[24,-25],[-21,-33],[5,-21],[45,-18],[11,-22],[-19,-16],[-9,-32],[35,-26],[-32,-52],[16,-28],[22,-19],[24,-58],[-4,-25],[27,-14],[32,-16],[-86,-19],[27,-27],[9,-18],[6,-27],[3,-24],[-5,-31],[4,-21],[3,-22],[17,-20],[29,-23],[10,-34],[-103,-21],[-51,-23],[-56,-2],[-107,2],[-42,-3],[-48,-7],[-74,4],[-43,-27],[46,-25],[39,-23],[9,-22],[-11,-22],[23,-29],[58,-18],[33,-20],[-29,-25],[-29,-44],[-72,-16],[-51,-5],[-82,-1],[-67,10],[-67,38],[-24,37],[-71,9],[-78,-7],[-42,2],[-71,12],[-62,23],[-84,-1],[-99,-16],[-50,-3],[-61,-21],[-1,-30],[60,-55],[11,-41],[-25,-34],[-10,-25],[-24,-17],[-9,-27],[60,-27],[44,-17],[28,-26],[33,-29],[-8,-44],[-49,-8],[-65,-2],[-49,8],[-60,14],[-59,0],[-77,3],[-59,-1],[-23,-29],[19,-19],[-9,-31],[-23,-22],[-31,-37],[-37,-34],[-25,-21],[-7,-21],[0,-42],[14,-29],[58,-47],[16,-34],[-7,-33],[5,-27],[-8,-46],[-22,-15],[-64,-8],[-56,12],[-55,35],[-35,46],[-18,18],[-54,14],[-31,16],[-21,24],[-4,26],[-47,12],[-43,-1],[-40,-15],[-76,-29],[-63,6],[9,-28],[28,-16],[-58,-26],[-38,-23],[-24,-34],[-21,-25],[-24,-27],[-32,-34],[-10,-33],[13,-28],[-44,-12],[-42,28],[-10,106],[-28,37],[-42,53],[-18,31],[-40,25],[-31,13],[-53,17],[-41,16],[-18,25],[-10,39],[-10,30],[0,25],[-20,18],[-38,9],[-53,-8]],[[7921,4316],[-38,7],[-29,-8],[-32,-5],[-35,4],[-53,-20],[-39,-8],[-36,-7],[-50,11],[-53,24],[-70,15],[-46,-5],[-13,-16],[-29,-12],[-33,-22],[17,-23],[7,-25],[-13,-16],[-23,-20],[21,-24],[14,-27],[-47,-25]]],"transform":{"scale":[0.00011838441824183529,0.00025742310555412567],"translate":[92.25890679996559,21.944190125242905]}}