{"type":"Topology","objects":{"type":"GeometryCollection","geometries":[{"type":"Polygon","properties":{"NAME_1":"Dimapur","ST_NM":"Nagaland","ST_CEN_CD":13,"DT_CEN_CD":5,"CENSUSCODE":265,"iso_a2":"IN_NL_DI"},"arcs":[[0,1,2]]},{"type":"Polygon","properties":{"NAME_1":"Kiphire","ST_NM":"Nagaland","ST_CEN_CD":13,"DT_CEN_CD":9,"CENSUSCODE":269,"iso_a2":"IN_NL_KI"},"arcs":[[3,4,5,6]]},{"type":"Polygon","properties":{"NAME_1":"Kohima","ST_NM":"Nagaland","ST_CEN_CD":13,"DT_CEN_CD":10,"CENSUSCODE":270,"iso_a2":"IN_NL_KO"},"arcs":[[7,8,9,10,-1,11,12]]},{"type":"Polygon","properties":{"NAME_1":"Longleng","ST_NM":"Nagaland","ST_CEN_CD":13,"DT_CEN_CD":8,"CENSUSCODE":268,"iso_a2":"IN_AR_LO"},"arcs":[[13,14,15,16]]},{"type":"Polygon","properties":{"NAME_1":"Mokokchung","ST_NM":"Nagaland","ST_CEN_CD":13,"DT_CEN_CD":2,"CENSUSCODE":262,"iso_a2":"IN_NL_MK"},"arcs":[[17,18,19,20,-15]]},{"type":"Polygon","properties":{"NAME_1":"Mon","ST_NM":"Nagaland","ST_CEN_CD":13,"DT_CEN_CD":1,"CENSUSCODE":261,"iso_a2":"IN_NL_MN"},"arcs":[[21,-17,22]]},{"type":"Polygon","properties":{"NAME_1":"Peren","ST_NM":"Nagaland","ST_CEN_CD":13,"DT_CEN_CD":11,"CENSUSCODE":271,"iso_a2":"IN_NL_PE"},"arcs":[[-11,23,-2]]},{"type":"Polygon","properties":{"NAME_1":"Phek","ST_NM":"Nagaland","ST_CEN_CD":13,"DT_CEN_CD":6,"CENSUSCODE":266,"iso_a2":"IN_NL_PH"},"arcs":[[-5,24,-9,25]]},{"type":"Polygon","properties":{"NAME_1":"Tuensang","ST_NM":"Nagaland","ST_CEN_CD":13,"DT_CEN_CD":7,"CENSUSCODE":267,"iso_a2":"IN_NL_TU"},"arcs":[[26,-7,27,-18,-14,-22]]},{"type":"Polygon","properties":{"NAME_1":"Wokha","ST_NM":"Nagaland","ST_CEN_CD":13,"DT_CEN_CD":4,"CENSUSCODE":264,"iso_a2":"IN_NL_WO"},"arcs":[[-20,28,-13,29]]},{"type":"Polygon","properties":{"NAME_1":"Zunheboto","ST_NM":"Nagaland","ST_CEN_CD":13,"DT_CEN_CD":3,"CENSUSCODE":263,"iso_a2":"IN_NL_ZU"},"arcs":[[-28,-6,-26,-8,-29,-19]]}]},"arcs":[[[3326,3851],[1,-10],[11,-35],[25,-9],[10,-3],[23,0],[24,12],[17,-4],[4,-17],[-9,-14],[12,-25],[17,-6],[23,-7],[3,-15],[-22,-15],[-22,-19],[-32,-14],[-23,-17],[-23,-29],[-2,-15],[-3,-33],[-3,-29],[4,-10],[-4,-59],[-2,-48],[19,-36],[26,-43],[21,-62],[7,-15],[3,-17],[20,-24],[-9,-18],[-9,-9],[-8,-26],[-12,-18],[-1,-12],[1,-17],[-4,-6],[-14,-14],[11,-17],[-2,-22],[15,-4],[9,-8],[-12,-15],[-17,-18],[-1,-10],[-4,-16],[-13,-23],[-8,-28],[-8,-6],[-8,-21],[-18,-8],[-11,-2],[-27,-16],[-17,-16],[-23,3],[-43,4],[-30,-2],[-23,-25],[-15,-18],[-14,-32],[-16,-34],[-3,-29],[-14,-16],[-32,-11],[-17,-15],[-4,-14],[1,-17],[9,-32],[24,-36],[21,-24],[24,-12],[29,-36],[12,-37],[-6,-26],[-5,-26],[-6,-9]],[[3153,2439],[-3,-5],[-43,24],[-36,5],[-31,18],[-28,2],[-29,13],[-34,12],[-18,0],[-29,19],[-26,19],[-18,24],[-16,13],[-37,59],[-50,17],[-42,13],[-40,30],[-22,5],[-21,2],[-58,0],[-53,-12],[-34,-13],[-48,-17],[-44,-8],[-65,-11],[-62,-4],[-45,4],[-39,23],[-33,25],[-26,14],[-14,-13],[6,-42],[-17,-32],[27,-41],[10,-20],[1,-17],[-21,-10],[-24,14],[-25,29],[-11,16],[-14,18],[-10,3],[-23,0],[-14,-13],[-14,-11],[-31,20],[-10,20],[-19,14],[-53,-20],[-65,-10],[-22,-13],[-42,-8],[-23,-3],[-33,-2],[-44,-5],[-36,-2],[-21,-29],[-28,-22],[-25,-2],[-9,15],[-14,18],[-12,1],[-27,-16],[-38,-16],[-37,8],[-27,10],[-21,-1],[-10,1],[-3,17],[-7,8],[-35,6],[-31,17],[-15,28],[-54,48],[-10,27],[-19,19],[-23,0],[-28,7]],[[1108,2726],[3,15],[8,23],[15,25],[5,23],[-18,14],[-4,15],[-3,15],[10,40],[16,-11],[37,29],[-3,23],[29,-5],[19,2],[24,56],[-5,18],[22,9],[2,16],[-3,6],[55,-16],[18,9],[0,33],[6,14],[23,-10],[5,-11],[24,22],[23,14],[15,-19],[1,28],[12,23],[18,-2],[57,18],[6,23],[-12,7],[14,28],[16,6],[3,39],[12,7],[-4,24],[22,5],[4,25],[11,20],[22,-1],[4,24],[17,9],[22,24],[20,-6],[23,19],[21,-11],[41,2],[4,22],[16,-3],[29,4],[25,37],[-2,27],[50,18],[-8,19],[17,-2],[22,22],[29,12],[1,-20],[-7,-15],[16,9],[5,25],[-80,196],[-27,85],[10,25],[52,41],[39,23],[39,8],[21,-6],[64,36],[40,12],[71,37],[9,-5],[1,17],[-14,14],[50,36],[20,33],[30,1],[9,-8],[-3,24],[18,44],[30,-15],[8,-15],[25,-12],[8,-23],[14,-9],[-1,-19],[-13,-9],[14,-7],[7,-10],[4,-23],[9,-18],[-24,-20],[24,-11],[2,-27],[-7,-19],[21,-24],[11,-46],[-2,-18],[-12,-28],[-3,-17],[-17,-17],[-2,-27],[-21,-60],[4,-18],[12,-10],[6,-22],[-31,-16],[-3,-19],[-20,-22],[11,-29],[-3,-14],[4,-8],[-21,-20],[7,-9],[8,-35],[10,-13],[15,-43],[7,-10],[10,-28],[3,-26],[24,-10],[61,11],[21,27],[38,27],[13,33],[16,80],[44,50],[50,34],[49,2],[89,-41],[25,-25],[48,-27],[30,36],[16,33],[10,34],[27,-6],[17,40],[63,58],[10,32],[42,11],[56,9],[29,52],[43,1],[60,22],[44,30]],[[8828,3712],[0,-1],[-16,-15],[-18,-22],[-1,-47],[15,-23],[16,-32],[16,-19],[16,-38],[30,-27],[5,-69],[3,-38],[14,-36],[15,-18],[18,-21],[29,-17],[12,-26],[-1,-33],[-21,-62],[-11,-27],[1,-23],[36,-87],[-43,-51],[-19,-31],[-37,-33],[-33,-4],[-44,-12],[-49,0],[-37,-31],[-16,-33],[-3,-27],[-29,-40],[-22,-28],[-28,-26],[-20,-13],[-19,-13],[-16,-15],[-101,-72],[-57,-45],[-28,-34],[-13,-24],[-5,-19],[-8,-38],[-15,-40],[-16,-33],[-6,-45],[-17,-43],[-7,-52],[-7,-20],[-13,-19],[-30,-24],[-42,-12],[-40,-17],[-35,-26]],[[8131,2111],[-30,11],[-36,56],[-17,42],[-50,17],[-33,0],[-4,7],[-6,44],[-20,81],[2,89],[12,66],[33,127],[12,169],[-18,41],[-107,118],[-19,36],[-141,84],[-95,46],[-89,16],[-74,5],[-13,-2],[-10,-6],[-7,-27],[-43,-19],[-7,-17],[-2,-28],[-23,-18],[-10,-25],[-29,-5],[4,-24],[-24,-7],[8,-34],[-23,-7],[-1,-33],[16,-13],[6,-15],[-7,-9],[14,-8],[4,-18],[-23,-7],[-27,23],[9,10],[-7,54],[-3,27],[4,46],[-25,39]],[[7232,3043],[-28,66],[-48,88],[-11,14],[-82,65],[-89,40],[-39,23],[-55,21],[-82,-9],[-47,23],[-46,-13],[-10,8],[-37,59],[38,40],[5,16],[-5,46],[-24,39],[-21,56],[-46,73],[-28,25],[-57,23],[-18,28],[2,19],[30,40],[74,70],[30,45],[40,42],[15,38],[65,71],[157,249],[17,17],[7,23],[16,12],[27,35],[21,19]],[[7003,4454],[29,-26],[34,-9],[18,-2],[29,9],[22,-1],[25,-2],[19,4],[20,17],[29,20],[50,16],[39,-5],[13,-9],[14,-10],[18,-6],[30,14],[18,12],[42,0],[43,-9],[80,-50],[21,-21],[18,-6],[35,17],[34,14],[29,4],[32,19],[14,33],[12,9],[11,8],[19,0],[58,21],[22,-2],[24,7],[2,11],[15,22],[21,-4],[13,-19],[14,-16],[18,-26],[24,-23],[0,-18],[35,-14],[18,2],[19,1],[7,-8],[4,1],[4,-10],[50,-36],[17,-23],[2,-5],[-5,-8],[-22,4],[-21,2],[-16,-10],[0,-21],[-3,-8],[-18,-21],[-1,-14],[-26,-37],[-1,-9],[-9,-19],[-16,-30],[-11,-31],[-8,-25],[-9,-11],[-21,-26],[3,-15],[-12,-21],[-10,-9],[-4,-17],[-11,-14],[-13,-4],[-7,-7],[-11,-16],[-4,-9],[-3,-17],[2,-6],[17,-3],[22,15],[24,23],[36,11],[25,12],[26,15],[27,4],[10,1],[43,-12],[57,3],[26,-2],[45,-5],[31,16],[9,5],[20,13],[18,0],[14,-18],[10,-19],[15,-8],[18,-20],[0,-23],[-14,-21],[-4,-32],[35,-66],[36,-26],[22,-21],[37,-2],[40,2],[26,-32],[1,-31],[16,-37],[6,-12],[20,-15],[27,0],[30,3],[30,23],[31,9],[46,5],[40,1]],[[5370,4413],[21,-24],[6,-24],[0,-32],[-7,-21],[3,-22],[-39,-47],[-14,-7],[-7,-19],[-17,-25],[-32,-35],[-6,-26],[5,-18],[-23,-14],[-4,-15],[7,-10],[84,-72],[-11,-29],[4,-23],[3,-4]],[[5343,3946],[-53,-18],[-19,-20],[-5,-36],[3,-43],[-23,-42],[-62,-69],[-4,-34],[-13,-22],[-2,-21],[-45,-89],[-3,-15],[-22,-32],[0,-6],[-38,-65],[-2,-18],[-16,-29],[1,-29],[7,-12],[-4,-22],[-39,-34],[-40,-13],[-15,-23],[-50,-92],[-28,-79],[-25,-47],[-44,-65],[-65,-115],[-29,-68],[-8,-66],[-18,-32],[-40,-42],[-8,-14],[-14,-42],[9,-32],[5,-55],[11,-11],[3,-25],[-21,-100],[-14,-8],[-12,-2],[-7,-81],[10,-16],[8,-3],[4,-21],[-24,-65],[-17,-20],[-28,-43],[-35,-77],[-5,-37],[25,-66],[-21,-28],[-5,-3]],[[4506,1899],[-15,-8],[-48,13],[-17,-17],[-60,-17],[-23,16],[-18,29],[-38,-41],[-5,-32],[-19,-55],[-16,-22],[-34,-22],[-53,12],[-117,17],[-73,21],[2,28],[19,21],[-6,26],[-47,72],[-31,10],[-56,-14],[-24,40],[-55,57],[-43,23],[-12,-19],[-24,13],[1,17],[-7,-6],[-16,-2],[-7,17],[-32,18],[-10,30],[-56,15],[-22,-4],[-15,-24],[1,-19],[21,-46],[2,-21],[-3,-13],[-7,-8],[-15,-8],[-36,22],[-105,-14],[-14,-28],[-27,-27],[-39,-25],[-40,1],[-72,36]],[[3195,1961],[3,5],[18,38],[6,16],[-1,20],[-20,29],[-9,30],[1,25],[-20,10],[-13,4],[-19,1],[-32,7],[-40,25],[-7,11],[-5,11],[-3,27],[-1,6],[2,21],[2,10],[5,9],[18,10],[15,6],[3,3],[29,3],[18,14],[4,16],[2,14],[11,7],[10,12],[0,16],[-10,10],[-9,4],[-9,9],[0,13],[6,6],[6,5],[6,5],[1,6],[0,9],[-10,5]],[[3326,3851],[5,4],[14,33],[39,11],[17,36]],[[3401,3935],[30,-5],[39,1],[16,27],[-37,11],[-1,10],[18,-2],[9,-6],[17,9],[27,-9],[18,20],[42,21],[106,12],[52,10],[30,25],[41,26],[25,26],[21,-5],[52,48],[28,5],[21,10],[49,85],[20,15],[28,12],[48,2],[50,16],[55,4],[113,-68],[37,-17],[21,0],[20,13],[14,21],[58,40],[19,2],[20,-4],[25,35],[23,39],[31,20],[23,40],[-5,24],[17,17],[17,29],[15,-14],[18,-29],[35,-36],[36,-28],[19,-6],[83,19],[36,-2],[61,24],[53,-14],[40,-4],[29,-3],[30,5],[21,26],[22,0],[13,26],[32,-10],[33,-64],[18,-19],[18,-19],[18,-4],[8,4],[17,19],[12,13],[42,20],[23,15]],[[8218,6747],[-4,-11],[2,-10],[9,-6],[1,-13],[0,-8],[-1,-13],[-12,-2],[-11,-2],[-7,-9],[-4,-8],[1,-10],[13,-11],[2,-10],[6,-10],[18,-12],[1,-13],[10,-9],[2,-4],[2,-4],[3,-17],[-2,-12],[5,-10],[6,-3],[22,-7],[9,-9],[3,-12],[-4,-11],[-2,-8],[7,-14],[13,-15],[4,-9],[-4,-11],[-12,-15],[-8,-12],[-3,-9],[1,-7],[2,-13],[-1,-6],[-26,2],[-5,6],[-2,-1],[-27,-12],[-25,3],[-43,23],[-55,8],[-40,4],[-21,-3],[-47,-12],[-39,16],[-36,13],[-52,38],[-45,26],[-24,34],[-17,30],[-21,14],[-18,23],[-24,9],[-31,18],[-25,26],[-30,29],[-18,2],[-22,23],[-28,25],[-23,-3],[-14,32],[-11,20],[-9,30],[-20,30],[-20,2],[-29,8],[-30,3],[-40,-11],[-20,2],[-21,-9],[-12,-13],[-50,-15],[-22,0],[-42,-28]],[[7201,6774],[-9,24],[5,25],[-28,69],[-6,14],[-44,41],[-6,19],[20,74],[2,36],[-13,37],[-15,95],[59,79],[59,61],[76,97],[12,36],[2,47],[22,32],[8,36],[-13,50],[-50,31],[-7,26],[6,30],[-20,32],[-48,55],[-116,29],[-53,27],[-25,1],[-22,7],[14,19],[120,64],[22,22],[50,36],[47,31],[7,24],[33,54],[4,14],[55,10],[52,-4],[25,21],[-2,78],[-5,32],[-24,44],[14,17],[35,-25],[21,-1],[-8,28],[-21,28],[-73,53],[-2,41],[-10,42]],[[7351,8512],[20,26],[4,27],[18,19],[26,-13],[17,-29],[12,-12],[16,11],[3,13],[12,18],[31,19],[4,42],[22,21],[65,19],[27,16]],[[7628,8689],[41,-12],[29,5],[25,-1],[26,-19],[-4,-26],[18,-18],[8,-20],[-51,-20],[-35,-7],[-25,-16],[5,-22],[37,7],[10,-10],[-6,-21],[-15,-11],[40,-90],[13,-10],[20,1],[19,-12],[32,-50],[5,-19],[39,-45],[4,-12],[-40,-36],[-65,-77],[-36,-7],[-6,-20],[-13,-3],[-39,13],[-43,25],[-24,1],[-1,-24],[31,-37],[4,-20],[-15,-27],[-15,-16],[-5,-26],[8,-19],[0,-15],[-18,-47],[20,-4],[19,-25],[-3,-45],[7,-41],[21,-26],[33,2],[26,-8],[32,-23],[105,-17],[34,-11],[40,-28],[61,-21],[39,8],[50,-13],[22,0],[23,14],[31,-7],[2,-30],[21,-12],[-18,-48],[-11,-15],[36,4],[-58,-63],[-4,-29],[11,-30],[14,-24],[-11,-12],[26,-18],[-20,-31],[6,-22],[18,-24],[9,-69],[16,-39],[-10,-19],[-2,-29],[1,-22],[11,-28],[9,-19],[-23,-39],[-1,-26],[16,-45],[-19,-28],[25,-46],[18,-23],[16,-45],[-16,-68],[5,-32],[5,-3]],[[7201,6774],[10,-24],[-27,-79],[-4,-30],[3,-38],[-27,-10],[-16,-2],[-22,-17],[-6,-12],[-13,-10],[-7,-31],[-54,-71],[-25,-9],[-16,-24],[-21,2],[-22,-14],[18,-25],[-3,-13],[-43,-42],[-10,-28],[-1,-19],[7,-24],[-9,-3],[-8,-37],[-15,-6],[-42,-31],[-38,1],[-17,-3],[-13,-21],[-28,-13],[-65,-45],[-59,-58],[-13,-29],[-19,-26],[-25,8],[-26,-53],[-60,-6],[-25,-30],[-13,-24],[6,-49],[-2,-32],[-6,-16],[3,-30],[59,-70],[14,-24],[45,-15],[5,-41],[-2,-40],[-7,-12]],[[6562,5549],[-38,-27],[-19,-21],[-36,-12],[-38,-22],[-61,-6],[-41,27],[-39,53],[-22,-27],[-36,-7],[-57,8],[-38,0],[-24,12],[-4,27],[16,22],[-3,20],[4,11],[46,20],[10,9],[-5,18],[-15,14],[-8,27],[-24,37],[-13,63],[-12,28],[-36,25],[-15,33],[-2,31],[-7,25],[-56,-14],[-10,-21],[-4,-43],[-21,-15],[-39,-67],[-41,-92],[14,-37],[-21,-57],[-20,-25],[-17,-40],[2,-36],[-22,-19],[-33,-3],[-114,41],[-25,2],[-77,-55],[-38,-23],[-39,-15],[-56,-12]],[[5428,5406],[19,16],[42,59],[37,78],[-7,32],[-16,8],[-32,2],[-26,20],[-53,30],[-16,22],[-23,6],[-37,-6],[-30,-13],[-12,-1],[-14,17],[11,17],[17,7],[24,17],[16,18],[46,84],[5,20],[0,21],[-12,75],[-2,53],[-13,53],[-1,32],[65,99],[-6,23],[-11,1],[-29,-7],[-11,-21],[-21,-8],[-15,9],[1,13],[28,52],[19,71],[-16,40],[-7,33],[-33,36],[-19,9],[-9,10],[-44,43],[-18,39],[-4,26],[-14,7],[-8,-12],[-52,-41],[-34,-50],[-21,-19],[-7,9],[8,59],[-10,31],[-22,31],[-19,17],[-13,23],[-6,39],[45,99],[51,57],[31,44],[-2,17]],[[5148,6852],[41,42],[3,8],[-5,39],[29,24],[17,7],[22,-1],[34,28],[33,15],[13,16],[-2,19],[9,16],[11,7],[-10,7],[-13,21],[18,9],[21,-6],[30,6],[25,-2],[44,17],[2,22],[-6,33],[8,11],[68,41],[14,-1],[13,-16],[15,14],[-3,13],[19,23],[-6,28],[7,16],[21,7],[7,8],[-2,15],[-15,15],[7,12],[15,-2],[16,7],[-7,12],[-15,5],[8,41],[13,24],[16,54],[-46,101],[14,43],[-4,25],[10,11],[129,48],[105,75],[12,-13],[29,-7],[12,18],[-1,9],[-15,19],[-1,23],[-15,39],[17,43],[14,24],[18,12],[93,21],[37,-8],[28,8],[25,21],[22,29],[14,3],[30,21],[21,39],[3,38],[13,15],[27,-16],[68,45],[22,7],[28,-4],[22,-10],[34,-1],[12,-5],[7,-7],[-13,-66],[3,-18],[17,-4],[25,1],[20,5],[-17,29],[59,50],[14,-12],[18,-5],[18,2],[13,21],[1,31],[6,32],[11,9],[28,-20],[5,5],[0,15],[-7,21],[-14,8],[-38,5],[10,21],[25,42],[22,9],[31,4],[2,-23],[7,-18],[29,-11],[14,-21],[5,-30],[9,-9],[29,-5],[19,5],[43,24],[31,3],[38,-5],[27,6],[34,16],[112,26],[26,17],[28,22],[76,71],[43,28],[64,33],[24,18],[7,8]],[[9114,6923],[-40,3],[-28,19],[-27,8],[-16,-16],[-26,-12],[-22,8],[-12,45],[-46,-5],[-64,-19],[-10,2],[-5,22],[-65,-18],[-34,0],[-43,17],[-19,1],[-9,-4],[-38,-40],[-61,-36],[-19,-40],[-107,-62],[-1,-1],[-9,-18],[-29,-25],[-91,-32],[-36,0],[-39,27]],[[7628,8689],[22,12],[38,13],[16,33],[-19,9],[-26,26],[52,14],[13,12],[20,8],[11,28],[2,37],[7,25],[22,19],[4,24],[-3,28],[27,26],[31,19],[22,31],[12,30],[37,15],[30,25],[9,22],[30,43],[33,74],[17,16],[6,28],[62,64],[24,31],[44,26],[35,17],[39,10],[27,2],[21,14],[31,28],[23,10],[28,-74],[26,-4],[14,7],[30,5],[54,19],[35,-16],[14,-25],[6,-25],[14,-17],[19,-4],[28,-17],[32,-34],[19,-3],[14,3],[-5,25],[10,17],[34,-10],[33,3],[56,-3],[25,6],[38,39],[49,32],[87,13],[56,40],[112,24],[122,77],[16,29],[2,29],[18,33],[49,18],[55,36],[31,26],[35,8],[26,34],[214,200],[2,-57],[10,-69],[-1,-22],[13,-52],[-1,-37],[-19,-9],[-6,-42],[28,-25],[38,-4],[11,-12],[-24,-2],[6,-18],[12,-21],[33,-25],[-7,-13],[-26,-15],[-11,-15],[10,-10],[25,-10],[-22,-12],[16,-73],[11,-34],[14,-15],[44,1],[20,-21],[13,-25],[11,-30],[0,-10],[-10,-4],[0,-17],[11,-28],[-2,-21],[-13,-41],[13,-41],[-20,-28],[-63,7],[-27,-7],[-7,-21],[-26,-21],[-115,-71],[7,-28],[38,-46],[13,-9],[9,-1],[2,12],[34,-14],[23,9],[-12,-24],[-30,-18],[-8,-16],[8,-39],[10,-22],[5,-41],[17,-52],[44,-73],[33,-26],[31,-7],[39,-17],[28,0],[7,-13],[17,3],[-12,-16],[-42,-22],[-15,-15],[8,-21],[0,-10],[-21,-19],[-27,-37],[-21,-10],[-4,-23],[11,-22],[-2,-22],[-22,-34],[-4,-32],[63,-63],[8,-38],[33,-25],[-12,-83],[11,-30],[0,-18],[9,-10],[-16,-18],[-15,-30],[-19,-24],[-17,-30],[-28,-38],[-24,-27],[-26,-22],[-20,-13],[-48,-10],[-29,2],[-49,-24],[-40,-49],[-15,-23],[-69,-37],[-18,-20],[-6,-54],[-6,-42],[-2,-23],[4,-22],[17,-37],[-9,-33],[-30,-34],[-22,-36],[-1,-26],[-30,-14],[-25,10],[-37,0],[-11,-31],[-17,-20],[-35,-27],[23,-45],[9,-28],[0,-26],[-40,-60],[-33,-18],[-18,-14],[6,-20],[-12,-33],[-33,-25],[-26,-21],[-16,-22],[-21,-25],[-19,-23],[-23,-22]],[[3195,1961],[-1,1],[-70,11],[-56,-8],[-12,15],[-32,4],[-32,0],[-24,7],[-22,-1],[-21,-1],[-71,-34],[-84,-24],[-52,6],[-42,16],[-41,8],[-15,-9],[-2,-27],[-42,-2],[-9,-43],[-19,-20],[-20,5],[-42,-5],[-148,-34],[-40,15],[-7,-3],[2,-23],[-11,-29],[-4,-30],[6,-41],[-26,-12],[8,-85],[18,-17],[21,6],[79,47],[46,-12],[36,-29],[18,-19],[33,-59],[-26,-104],[-20,-12],[-14,-16],[-21,-35],[-25,-29],[-18,-28],[-11,-41],[-19,-22],[-21,-13],[3,-26],[-87,-36],[-21,-21],[-72,-46],[-24,-31],[-10,-26],[6,-31],[-8,-28],[-46,-22],[-41,-26],[-21,-28],[-5,-48],[-34,-19],[-61,8],[-37,12],[-7,-77],[-23,-88],[-17,-9],[-62,-5],[10,-62],[-5,-31],[-36,-18],[-7,-22],[4,-31],[-73,-106],[-1,-29],[-8,-25],[-33,-17],[-2,-32],[-27,-52],[-32,-41],[-16,-39],[-40,-59],[-45,-102],[-24,-22],[-19,12],[-17,-10],[-21,10],[-21,-2],[-1,15],[10,25],[-15,15],[-8,33],[-12,12],[-12,0],[-21,21],[-18,-2],[-18,10],[-21,27],[-4,17],[-36,60],[-44,21],[-39,-11],[-31,-17],[-62,17],[-46,2],[-22,-22],[-42,-5],[-17,2],[-5,50],[35,121],[-34,1],[-49,16],[-38,-15],[-22,4],[-35,13],[-22,35],[11,38],[3,39],[-6,53],[-31,24],[-26,33],[-33,30],[7,26],[20,35],[-21,24],[-31,18],[10,21],[44,58],[21,16],[63,99],[-5,33],[-18,39],[-35,54],[-20,43],[11,26],[-1,41],[-17,62],[-26,39],[-70,48],[-45,22],[-39,3],[-28,-2],[-26,-11],[-74,35],[-37,27],[-28,27],[8,27],[-5,21],[1,19],[-4,23],[-17,25],[-4,17],[-18,23],[-58,19],[-4,22],[-22,15],[-10,12],[10,15],[-11,18],[-24,23],[-13,40],[-18,19],[-21,13],[11,21],[-16,5],[-24,-13],[-22,7],[-24,44],[-21,8],[8,12],[42,32],[22,34],[14,11],[32,11],[33,-26],[18,1],[10,14],[-5,35],[23,3],[21,-6],[13,10],[5,15],[-2,19],[32,-6],[11,10],[1,17],[-10,9],[-3,11],[43,23],[-3,31],[53,8],[34,1],[13,22],[2,20],[-13,13],[3,16],[7,12],[17,11],[23,6],[-10,10],[18,24],[22,6],[27,50],[18,-12],[16,4],[26,13],[0,11],[13,2],[15,18],[12,4],[17,-21],[10,14],[39,-24],[13,2],[-3,17],[-14,10],[-8,12],[19,5],[25,14],[16,-2],[32,3],[6,20],[39,-12],[2,32],[18,-7],[19,16],[-3,14],[19,-4],[32,7],[11,30],[33,26],[9,23],[53,68],[-4,13],[-14,11],[31,28],[17,35],[13,-32],[11,-6],[39,57],[29,-8],[1,8]],[[8131,2111],[-7,-30],[22,-30],[27,-26],[37,-34],[4,-22],[-89,-9],[-159,-11],[-23,0],[-50,-41],[-35,-28],[-15,-21],[-22,-45],[-1,-29],[-4,-27],[-18,-39],[-17,-20],[-10,-19],[-8,-37],[-16,-38],[-16,-25],[-35,-11],[-46,3],[-38,-14],[-27,-6],[-30,-32],[-32,-16],[-30,6],[-13,17],[-11,33],[-30,3],[-6,-23],[-21,-29],[-26,-18],[-38,-13],[-43,-11],[-48,-12],[-37,-8],[-64,-13],[-36,-2],[-36,-15],[-33,-31],[-66,-23],[-20,0],[-37,9],[-12,8],[-43,17],[-80,22],[-40,19],[-93,73],[-53,21],[-13,10],[-21,9],[-19,14],[-11,25],[-54,45],[-34,8],[-56,33],[8,63],[12,35],[-15,23],[27,26],[-19,33],[16,20],[-8,60],[17,40],[-22,1],[6,56],[-30,41],[20,45],[29,46],[9,8],[9,20],[22,19],[22,50],[8,32],[28,44],[35,32],[21,13],[3,6],[-43,15],[-57,-10],[6,20],[-2,24],[24,25],[4,18],[16,6],[-9,19],[11,26],[10,9],[-11,17],[15,13],[9,22],[37,30],[-7,24],[-45,4],[-21,7],[-23,15],[-29,9],[-26,-29],[-16,-62],[-67,-73],[-2,-27],[-37,-27],[-27,-35],[-42,-5],[-5,-41],[-13,9],[-20,-4],[-51,-71],[-19,-3],[-12,-16],[-4,-43],[-13,-11],[-18,17],[-10,-7],[-4,-12],[-30,-12],[-12,23],[0,7],[-89,10],[-130,-112],[-8,-16],[-18,-11],[-34,-1],[-41,-17],[-22,-61],[-18,-30],[15,-16],[6,-63],[-4,-46],[-28,-56],[-18,-4],[-31,9],[-33,-15],[-84,-23],[-124,-82],[-186,-71],[-44,-49],[-37,-26],[-24,-4],[-33,5],[-19,33],[-43,48],[-21,12],[-36,-34],[-30,-13],[-38,-3],[-50,5],[-27,-23],[-107,-4],[-13,-13],[-32,5],[-16,15],[-27,4],[-10,14],[0,29],[-31,19],[0,12],[-40,48],[-44,44],[-3,21],[19,41],[5,56]],[[5343,3946],[4,-6],[24,-8],[58,8],[37,-19],[101,-67],[162,-55],[75,-48],[23,-29],[18,-35],[2,-33],[24,-69],[20,-24],[33,-58],[18,-63],[12,-5],[44,6],[69,1],[23,-8],[41,-38],[48,-22],[17,-18],[12,7],[10,22],[15,8],[32,-6],[83,-64],[-2,-43],[-22,-38],[-26,-59],[29,-18],[16,3],[71,-19],[45,-1],[127,14],[6,-4],[25,2],[26,-12],[6,-10],[33,9],[17,14],[28,-19],[28,-33],[39,-13],[44,-1],[25,15],[17,22],[34,11],[44,-4],[134,-67],[69,-25],[54,-7],[17,3]],[[9114,6923],[-3,-24],[-18,-21],[-16,-15],[-9,-28],[-5,-26],[1,-35],[28,0],[17,11],[34,5],[29,-7],[18,-26],[33,-43],[16,-18],[8,-18],[24,-15],[13,-34],[-5,-27],[-10,-21],[-2,-21],[-2,-25],[-1,-29],[88,-17],[18,-14],[30,-27],[25,-15],[1,-25],[-7,-41],[-14,-49],[-11,-25],[-8,-40],[18,-45],[9,-21],[-31,-36],[3,-29],[3,-29],[4,-20],[2,-24],[7,-54],[2,-26],[-4,-33],[2,-22],[-8,-20],[-14,-21],[-30,-30],[-3,-25],[10,-33],[12,-25],[20,-21],[5,-23],[-8,-19],[-13,-37],[-15,-18],[-9,-21],[10,-31],[28,-19],[25,-21],[38,-41],[10,-21],[-22,-27],[-21,-9],[-31,-24],[-19,-36],[16,-14],[-10,-61],[-15,-35],[-14,-22],[-12,-18],[-6,-33],[19,-43],[17,-32],[21,-66],[-13,-31],[-11,-20],[-12,-31],[-2,-67],[14,-30],[18,-17],[25,-4],[34,12],[32,-9],[20,-16],[19,-17],[30,7],[45,15],[26,-12],[31,-24],[17,-14],[27,-28],[2,-23],[-11,-32],[-18,-18],[-14,-20],[-24,-31],[-26,-22],[-13,-24],[-2,-48],[-1,-31],[-1,-21],[-11,-19],[-72,-69],[-33,-43],[-10,-24],[-21,-12],[-27,-23],[-18,-26],[-55,-41],[-39,-65],[-19,-41],[-68,-36],[-26,-21],[-50,-37],[-28,-10],[-42,-7],[-42,-4],[-23,-13],[-16,-29],[-27,-24],[-42,2],[-5,-20],[3,-24],[-17,-14],[-27,-25],[-32,-53],[-3,-7],[-6,-17],[-4,-25],[5,-36],[9,-37]],[[7003,4454],[35,58],[40,42],[45,30],[23,21],[34,38],[-18,63],[-6,22],[-24,27],[-15,87],[-17,50],[2,30],[-10,78],[4,63],[12,47],[52,62],[10,36],[5,88],[-22,-5],[-12,55],[-26,63],[-56,35],[-40,45],[-31,7],[-37,-35],[-30,8],[-43,51],[-27,26],[-41,-57],[-25,-25],[-38,-23],[-45,-9],[-24,3],[-18,5],[-47,35],[-44,48],[-7,26]],[[5428,5406],[-39,-19],[-35,-9],[-35,-31],[-19,-9],[-43,-4],[4,-24],[16,-21],[53,1],[-3,-27],[-8,-15],[23,-48],[45,-44],[21,-46],[63,-37],[42,-47],[17,-42],[-4,-15],[-18,-22],[-14,-45],[17,-53],[11,-21],[14,-10],[-1,-16],[-9,-16],[-5,-24],[-14,-10],[-23,-34],[-10,-37],[-10,-19],[-14,-12],[-14,-54],[-22,-46],[-29,-43],[7,-4],[-12,-34],[-2,-30],[-8,-26]],[[3401,3935],[-60,101],[-1,46],[-9,41],[-69,73],[11,40],[14,84],[-9,30],[-16,11],[-5,16],[18,24],[22,56],[3,61],[14,49],[36,14],[9,39],[34,35],[53,76],[-9,8],[-17,52],[2,26],[24,6],[8,18],[-2,27],[10,45],[29,13],[13,16],[0,19],[-12,6],[-25,-1],[-20,13],[9,12],[19,11],[1,31],[9,7],[0,9],[-27,10],[-13,6],[13,19],[16,0],[18,-5],[18,14],[11,15],[6,29],[-18,23],[-17,37],[24,32],[-2,29],[5,21],[20,39],[23,32],[46,28],[25,31],[23,12],[24,20],[6,36],[-1,43],[20,32],[-12,33],[19,23],[13,33],[26,56],[19,30],[62,33],[30,-10],[29,50],[10,33],[-5,54],[17,20],[22,-1],[15,9],[16,37],[41,31],[24,32],[9,72],[19,24],[17,-2],[37,-18],[54,3],[-49,39],[0,18],[24,12],[61,12],[17,18],[20,3],[6,-10],[-8,-23],[23,-3],[14,19],[27,5],[52,-3],[40,27],[17,-1],[20,36],[4,18],[-24,6],[-32,-6],[-9,-4],[-16,37],[47,40],[11,23],[0,15],[-8,18],[26,59],[-11,59],[0,76],[-15,40],[13,39],[-4,21],[57,156],[76,51],[43,75],[11,33],[64,59],[28,14],[57,44],[26,30],[38,59],[6,26],[49,62],[74,81],[29,26],[39,3],[-5,-23],[-19,-9],[-2,-16],[4,-48],[-4,-34],[4,-34],[18,-48],[-2,-38],[-9,-18],[1,-35],[16,-68],[11,-33],[8,-50],[49,-74],[40,-6],[13,-6],[15,-11]]],"transform":{"scale":[0.00019131170178699966,0.0001839513054682522],"translate":[93.33183275000067,25.197830683284785]}}