{"type":"Topology","objects":{"type":"GeometryCollection","crs":{"type":"name","properties":{"name":"urn:ogc:def:crs:EPSG::37001"}},"geometries":[{"type":"Polygon","properties":{"ID_0":157,"ISO":"NPL","NAME_0":"Nepal","ID_1":1,"NAME_1":"Central","iso_a2":"NP_1","VARNAME_1":"Madhyamanchal","TYPE_1":"Vikas Kshetra","ENGTYPE_1":"Development Region"},"arcs":[[0,1,2,3]]},{"type":"Polygon","properties":{"ID_0":157,"ISO":"NPL","NAME_0":"Nepal","ID_1":2,"NAME_1":"East","iso_a2":"NP_4","VARNAME_1":"Eastern|Purwanchal","TYPE_1":"Vikas Kshetra","ENGTYPE_1":"Development Region"},"arcs":[[-1,4]]},{"type":"Polygon","properties":{"ID_0":157,"ISO":"NPL","NAME_0":"Nepal","ID_1":3,"NAME_1":"Far-Western","iso_a2":"NP_5","VARNAME_1":"Sudur Pashchimanchal","TYPE_1":"Vikas Kshetra","ENGTYPE_1":"Development Region"},"arcs":[[5,6]]},{"type":"Polygon","properties":{"ID_0":157,"ISO":"NPL","NAME_0":"Nepal","ID_1":4,"NAME_1":"Mid-Western","iso_a2":"NP_2","VARNAME_1":"Madhya Pashchimanchal","TYPE_1":"Vikas Kshetra","ENGTYPE_1":"Development Region"},"arcs":[[7,8,-6,9]]},{"type":"Polygon","properties":{"ID_0":157,"ISO":"NPL","NAME_0":"Nepal","ID_1":5,"NAME_1":"West","iso_a2":"NP_3","VARNAME_1":"Western|Pashchimanchal","TYPE_1":"Vikas Kshetra","ENGTYPE_1":"Development Region"},"arcs":[[-3,10,-8,11]]}]},"arcs":[[[7929,3924],[3,-8],[2,-23],[3,-9],[14,5],[7,-18],[10,-11],[3,-27],[6,-28],[-1,-13],[-3,-10],[1,-15],[3,-16],[-5,-23],[4,-32],[0,-14],[-5,-22],[-1,-19],[-6,-28],[-1,-18],[-4,-10],[0,-7],[3,-9],[7,0],[23,-17],[-2,-11],[4,-10],[0,-11],[-4,-13],[1,-17],[-3,-22],[3,-17],[5,-8],[3,-12],[-9,-10],[-3,-3],[0,-10],[-6,-16],[-2,-15],[1,-9],[-4,-17],[-3,-10],[-1,-16],[-12,-20],[-1,-4],[-1,-11],[2,-9],[-2,-10],[0,-14],[-3,-11],[2,-9],[-1,-11],[-3,-5],[-3,-14],[-7,-6],[2,-11],[-3,-13],[-12,-9],[-3,4],[-3,-14],[-5,-5],[-1,-12],[-3,-5],[0,-10],[-4,-10],[-1,-12],[-6,-4],[-3,-12],[-11,8],[-9,-3],[-8,3],[-43,-17],[-6,-14],[-12,-14],[-5,-22],[-3,-7],[-5,-2],[-1,-3],[-13,-3],[-7,-16],[-4,-4],[-1,-6],[-8,-2],[-6,-7],[-10,-27],[0,-5],[1,-12],[-1,-5],[-10,-16],[-3,-8],[-1,-23],[-3,-9],[0,-3],[-11,-3],[-10,-9],[-4,-8],[-2,-14],[-2,-1],[-6,-12],[-3,-14],[-6,-3],[-5,-15],[-2,-1],[-3,-6],[-7,-16],[-12,-9],[-4,-11],[-1,-11],[-11,-10],[-2,-5],[-2,2],[-9,-7],[-11,-17],[-8,-29],[-3,-6],[3,-9],[-1,-5],[-6,-6],[1,-10],[-1,-4],[-4,-6],[1,-7],[-1,-5],[-5,1],[-3,-4],[-4,-13],[-1,-8],[-3,-4],[2,-4],[0,-6],[-6,-8],[-1,-3],[-4,-4],[-1,-11],[1,-9],[-3,-5],[1,-7],[-2,-4],[-3,-2],[3,-9],[0,-13],[1,-7],[-4,-8],[-3,-14],[3,-3],[-5,-19],[1,-7],[-2,-18],[1,-3],[-1,-4],[2,-5],[-3,-10],[2,-11],[6,-3],[-4,-8],[0,-3],[3,-4],[9,-3],[0,-10],[3,-3],[3,-17],[4,-3],[1,-8],[-3,-17],[3,-12],[3,-5],[-8,-9],[-9,-19],[-3,0],[-1,-8],[-5,-4],[-1,-5],[-3,-7],[-3,3],[0,-7],[-3,-6],[0,-7],[-4,-5],[-4,-9],[1,-12],[-2,0],[24,-27],[7,-4],[3,2],[10,7],[1,6],[3,9],[12,7],[5,11],[1,8],[5,-1],[5,8],[2,-2],[-1,-16],[13,-8],[5,-10],[3,0],[6,-2],[9,-18],[13,-2],[3,-9],[9,-5],[14,-3],[7,2],[9,-5],[3,-22],[-3,-14],[-1,-9],[5,-18],[3,-3],[16,-3],[12,-20],[9,4],[4,-4],[6,-26],[7,-4],[-7,-10],[0,-6],[-2,-1],[-2,-11],[-4,-8],[1,-3],[-6,-13],[0,-9],[-4,-10],[4,-8],[-4,-2],[-3,-15],[-2,1],[-4,2],[-5,-6],[-5,9],[-6,-1],[-7,3],[-2,8],[-2,-8],[-1,-8],[-5,-7],[0,-4],[2,-1],[0,-5],[-4,1],[1,-5],[-2,-5],[3,-2],[-2,-3],[2,0],[0,-3],[-2,-1],[-1,-10],[-3,-3],[-1,-9],[-6,-16],[-2,-2],[-14,2],[-1,-3],[-7,-2],[6,-14],[7,-2],[9,-8],[4,4],[6,-2],[11,16],[8,0],[3,-4],[6,-1],[1,-2],[0,-8],[3,-2],[5,1],[-7,-14],[2,-5],[-1,-6],[1,-13],[-2,-6],[-2,0],[-2,-12],[2,-4],[-5,-3],[0,-10],[-5,2],[-2,-6],[1,-8],[3,0],[2,5],[0,-4],[1,-9],[15,-18],[1,-28],[3,-12],[8,-3],[2,-4],[4,0],[5,-7],[0,-5],[-3,3],[0,-5],[-7,-14],[2,-7],[-4,-12],[2,-7],[-2,-5],[2,-6],[-1,-9],[-8,-10],[2,-13],[-2,-27],[-5,-19],[-12,-29],[-11,-1],[-13,2],[-21,-3],[-8,-5],[-16,-22],[-16,-8],[-3,-5],[-3,-30],[-19,-19],[-4,-10],[0,-10],[-1,-11],[-3,-7],[-5,0],[-8,9],[-5,-24],[-7,-5],[-15,1],[-2,-11],[2,-20],[-4,-6],[-5,9],[-1,10],[-15,9],[-5,13],[-10,-3],[-6,5],[-19,33],[-16,15],[-1,10],[2,11],[-3,2],[-5,-3],[-7,-12],[-4,-5],[-9,-23],[-3,-2],[-2,-29],[3,-17],[-4,-16],[5,-10],[0,-16],[8,-25],[-2,-16],[3,-7],[3,-14],[10,-8],[0,-6],[2,-13],[-2,-10],[-3,-7],[-2,-17],[7,-23],[-3,-20],[-1,-9],[1,-15],[-2,-15],[-1,-7],[-6,-13],[1,-13],[2,-8],[0,-23],[8,-18],[4,-12],[0,-7],[6,-12],[0,-1],[11,0],[4,-4],[3,-22],[4,-17],[4,-23],[3,-6],[3,-5],[1,-7],[5,-7],[-2,-15],[3,-9],[0,-8],[-1,0],[0,-3],[2,-2],[3,-21],[4,-9],[-5,-23],[2,-15],[-2,-7],[-3,-5],[-6,-3],[-4,-10],[-3,-9],[-9,-8],[-7,0],[-2,-16],[0,-11],[-4,-6],[-6,4],[-10,-4],[-3,-9],[3,-5],[3,-9],[0,-9],[-4,-25],[-6,-17]],[[7476,636],[-5,-9],[-8,4],[1,4],[4,20],[1,1],[-3,30],[-12,2],[-2,0],[-12,2],[-36,30],[-1,1],[-16,16],[-6,17],[-8,4],[-10,3],[-8,4],[-24,13],[-12,-14],[-1,0],[-8,-4],[1,-1],[-2,-11],[-6,4],[-7,-3],[-15,4],[-4,1],[-8,2],[-3,1],[0,-1],[-3,-7],[-4,1],[-3,-7],[0,-1],[-3,2],[-2,-3],[-1,-3],[-1,2],[-1,0],[-1,0],[-1,-2],[-3,-3],[-1,0],[-1,-8],[-2,-5],[-1,-13],[-1,-3],[3,-9],[1,-9],[-1,-2],[-5,-11],[-1,0],[-4,-8],[1,-12],[1,-7],[-10,-1],[-2,8],[0,-1],[-7,-6],[-5,8],[0,-3],[-1,-6],[-2,-4],[1,-2],[-6,-1],[-6,-1],[-4,-2],[-2,-11],[-3,0],[-1,0],[-9,-10],[-1,1],[0,-14],[-1,0],[-6,-2],[-1,2],[-2,-1],[-2,1],[-5,-30],[-4,0],[-5,3],[-1,-3],[-4,-4],[-5,-5],[-1,2],[-3,-12],[-12,-15],[0,6],[-1,1],[-1,1],[-5,-5],[-4,-3],[0,8],[-1,12],[11,31],[-4,25],[-1,12],[-3,12],[-14,2],[-8,1],[-1,0],[-1,1],[-1,-23],[-1,-1],[-15,3],[-2,3],[-8,14],[-8,13],[0,1],[-2,20],[-2,2],[-32,11],[-5,2],[-4,4],[-1,2],[-7,9],[-8,4],[-8,6],[-13,27],[-1,0],[0,1],[-1,0],[1,2],[-2,2],[-2,3],[3,7],[2,16],[-7,6],[0,3],[-2,-1],[-4,8],[1,8],[-4,1],[0,2],[2,17],[0,1],[0,4],[1,2],[-3,4],[0,1],[3,21],[-1,0],[-2,10],[1,1],[1,1],[-1,7],[3,7],[-2,9],[4,19],[-3,5],[3,13],[1,0],[1,1],[-2,11],[4,2],[-2,10],[1,3],[4,3],[-6,31],[5,49],[2,19],[0,15],[0,29],[-5,11],[-2,6],[0,13],[-10,29],[-22,31],[-1,0],[-27,25],[-35,19],[-11,6],[-8,36],[-2,10],[-10,3],[-3,1],[-6,-10],[-15,-30],[-9,-8],[-9,-9],[-9,-8],[1,11],[1,2],[-5,15],[-4,-5],[-1,7],[-4,4],[-1,-4],[-3,-6],[-8,-39],[-9,7],[-3,-9],[-3,-14],[-10,7],[-3,2],[-12,-25],[-3,-7],[-13,-26],[-9,4],[-4,1],[-1,0],[-6,-3],[-2,-3],[-2,-1],[-3,-3],[1,-3],[-1,-2],[-2,-2],[1,-3],[-1,-14],[0,-1],[-1,-1],[1,-3],[0,-5],[-13,6],[-8,3],[0,-1],[0,-4],[-1,-16],[-6,-8],[-11,-4],[0,1],[-8,-9],[1,-1],[0,-1],[-6,-6],[0,2],[-1,-2],[-7,5],[-1,-1],[-14,13],[-2,2],[-1,1],[-4,-9],[-1,0],[-4,-1],[-7,7],[-3,4],[-10,2],[-2,0],[-2,-5],[-4,-16],[-7,-11],[-6,-7],[-10,-3],[-7,-22],[-4,-10],[-6,-7],[-7,5],[-1,2],[-3,6],[-3,-4],[-2,-2],[-2,-1],[-26,-46],[-10,7],[1,3],[0,2],[-5,-4],[0,1],[-6,9],[-17,9],[-3,0],[-1,-1],[-19,3],[-1,0],[-1,1],[-29,3],[-3,2],[0,1],[-1,6],[-5,5],[-5,-2],[-11,4],[-9,4],[-5,-5],[-17,-8],[-5,2],[0,6],[0,1],[-5,-1],[-7,18],[-1,1],[-3,1],[-5,24],[2,14],[-2,14],[-5,7],[0,1],[-11,4],[-1,6],[3,3],[-5,21],[-1,10],[0,7],[11,15],[1,8],[5,13],[4,29],[-3,6],[-1,14],[3,33],[3,8],[-8,8],[-5,-1],[-11,-1],[-13,-2],[-14,5],[-16,1],[-8,-7],[-12,6],[-5,3],[-12,2],[-1,-2],[-13,-2],[-4,-9],[-8,4],[0,-2],[0,1],[-1,-1],[0,1],[0,-1],[-1,-2],[-2,0],[0,-2],[-1,-3],[5,-12],[0,-1],[-4,-3],[1,-2],[0,-3],[-4,-3],[4,-4],[-4,0],[-1,5],[0,2],[-1,-1],[-1,0],[0,2],[-1,-1],[-2,4],[-2,1],[-1,-2],[0,-1],[0,-1],[-2,-1],[-10,-6],[-1,-1],[0,-7],[-3,-3],[-3,10],[5,7],[-3,0],[0,4],[-2,-3],[0,-1],[2,-3],[-2,-3],[-3,2],[-1,2],[-1,-8],[1,-7],[-1,-1],[-16,4],[-25,11],[-2,1],[0,2],[8,7],[0,7],[0,1],[-2,0],[0,9],[4,3],[-3,7],[2,12],[8,-1],[2,2],[0,5],[0,-1],[3,-6],[2,0],[1,0],[-1,6],[2,5],[3,-3],[0,1],[8,6],[0,4],[-1,-1],[-2,0],[-2,7],[3,-5],[2,4],[2,0],[2,-9],[5,10],[1,4],[-1,1],[-1,-3],[-2,0],[-4,2],[-1,-1],[-2,0],[0,3],[1,2],[1,1],[-1,1],[-11,5],[-2,0],[-15,1],[-8,0],[-4,3],[-19,5],[-14,19],[0,3],[0,4],[4,2],[8,-8],[-2,8],[0,5],[0,2],[1,1],[-3,6],[-6,1],[-7,2],[-13,4],[-13,3],[4,1],[0,1],[0,10],[1,2],[-1,3],[-2,4],[2,1],[1,2],[-2,7],[5,7],[1,0],[2,0],[2,9],[0,2],[-1,1],[-3,6],[4,2],[-10,29],[-1,0],[-4,13],[0,2],[-2,1],[-2,2],[0,1],[0,2],[-7,1],[-1,-1],[-3,-3],[-13,11],[-17,12],[-6,-3],[-9,3],[-8,-3],[-3,2],[-12,5],[-2,3],[-2,3],[-4,-2],[1,-3],[0,-3],[-1,0],[-2,4],[0,8],[-2,3],[0,2],[0,2],[-21,11],[-1,0],[-2,2],[0,3],[-2,-1],[-1,1],[0,-1],[-9,11],[0,1],[0,1],[-2,-2],[-2,-3],[-1,3],[2,4],[1,2],[-1,0],[1,2],[0,1],[0,2],[1,6],[-1,1],[-1,2],[0,1],[1,2],[-4,3],[-4,0],[0,1],[1,0],[1,6],[-1,2],[2,9],[0,1],[2,2],[0,1],[-1,1],[-8,6],[-2,1],[-5,4],[-6,5],[-9,12],[-9,4],[-3,-2],[-3,0],[-5,-6],[-1,6],[-1,0],[0,-3],[-1,-2],[-1,0],[-2,-1],[-2,-10],[4,2],[0,-5],[0,-3],[-2,0],[-1,1],[-1,-2],[-1,-2],[1,-5],[0,-1],[1,0],[-6,-6],[-1,-1],[-2,-9],[0,-2],[-2,7],[-1,1],[-1,1],[-5,-20],[-3,4],[1,1],[-1,4],[-3,-5],[0,1],[0,2],[-3,-1],[2,12],[0,2],[1,9],[0,1],[1,1],[-3,0],[-1,6],[-1,-6],[-3,13],[0,1],[-12,8],[-2,-2],[-9,-9],[-3,-8],[1,-2],[-2,-9],[0,-1],[-5,-5],[-5,5],[-18,16],[-10,8],[-1,-1],[-2,-2],[-5,0],[-5,5],[0,5],[-1,0],[0,1],[-2,4],[-3,2],[0,2],[-6,0],[-4,6],[-6,8],[-24,11],[-10,8],[-1,0],[-11,9],[-5,4],[-1,0],[-8,8],[-12,10],[2,3],[-1,5],[3,1],[1,0],[-1,1],[-1,14],[1,3],[-4,2],[0,1],[3,10],[-1,2],[0,1],[4,14],[-1,11],[1,3],[1,-5],[2,6],[3,3],[0,-1],[1,-1],[0,5],[0,2],[4,-3],[3,3],[-6,4],[1,4],[0,1],[4,-4],[0,3],[4,4],[2,4],[2,-1],[-1,2],[-1,4],[2,-2],[2,-1],[0,7],[1,0],[2,-2],[1,2],[1,1],[-5,5],[-2,-2],[0,6],[2,-2],[2,-1],[3,12],[5,-7],[0,11],[2,8],[-3,5],[3,9],[-2,-1],[-4,-3],[-1,7],[3,9],[5,3],[0,9],[0,1],[-2,3],[0,5],[2,4],[2,8],[0,2],[-1,2],[1,3],[1,6],[-1,0],[-1,1],[1,4],[1,2],[1,1],[4,18],[0,4],[0,12],[-4,5],[3,1],[0,2],[0,2],[5,10],[0,1],[-3,5],[-3,-4],[-6,8],[0,2],[1,8],[3,2],[1,2],[0,2],[-1,3],[-1,0],[-4,0],[9,19],[-2,5],[4,1],[-1,2],[-1,3],[1,4],[-1,0],[0,1],[-1,-1],[-2,0],[1,4],[-2,0],[0,1],[2,6],[2,20],[-3,9],[8,21],[-3,10],[2,0],[1,2],[4,2],[-1,8],[0,11],[-5,12],[0,4],[-5,18],[-47,170],[-26,73],[-5,4],[2,1],[-5,-2],[-2,0],[-5,-2],[-2,-1],[-8,6],[-19,6],[-26,15],[-39,7],[-16,9],[-7,-2],[-5,4],[-1,0],[-8,2],[-1,0],[0,1],[-20,6],[-13,10],[-3,-10],[-1,-3],[-3,-5],[-5,4],[-1,6],[0,1],[-4,-1],[-5,7],[-7,3],[-8,3],[-1,2],[-1,8],[-3,4],[-8,-2],[-3,2],[-10,4],[-5,-5],[-8,2],[-4,-5],[-5,4],[-11,-1],[-1,1],[-6,-5],[-5,9],[0,1],[-18,11],[-1,-2],[-16,-6],[-1,0],[-2,1],[-12,3],[-1,0],[-9,6],[-1,0],[-1,0],[-6,0],[-2,2],[-2,5],[-12,3],[-2,1],[-2,2],[-6,9],[-7,2],[-1,1],[-5,6],[-4,-4],[-2,-10],[-2,-1],[-3,3],[-7,14],[0,1],[-1,0],[-1,7],[-1,3],[-1,2],[-7,-3],[-2,14],[5,14],[-2,7],[1,14],[-6,14],[0,1],[-1,18],[-6,7],[-2,6],[-5,3],[-5,8],[1,3],[1,14],[-2,3],[-4,6],[-1,7],[-4,3],[-6,-1],[-1,2],[-1,2],[-6,-5],[-5,5],[-5,4],[-1,-3],[-4,-10],[-2,-1],[-2,-1],[-4,-6],[0,-1],[-1,-14],[0,-3],[-14,5],[0,1],[-2,9],[2,16],[-1,8],[0,1],[-5,7],[6,14],[-3,10],[-8,7],[-5,1],[-1,1],[-4,-9],[-3,6],[-6,1],[-2,3],[-3,3],[-5,-2],[-1,0],[-3,3],[-1,1],[-1,8],[-4,2],[-1,3],[0,2],[-4,5],[-12,1],[-1,2],[-2,2],[-3,0],[0,1],[0,7],[-5,9],[2,6],[-2,2],[6,12],[-1,7],[0,1],[0,4],[1,9],[2,2],[-2,5],[1,11],[-5,2],[-1,2],[-3,-4],[-6,2],[-11,-14],[-7,-3],[-8,7],[0,1],[-1,13],[-7,0],[-2,5],[-1,0],[-1,-1],[-12,-10],[2,-16],[-2,-13],[-1,0],[2,-6],[-4,-32],[-5,-2],[0,-4],[-1,-2],[-5,-5],[-3,-2],[-7,2],[-3,-5],[-2,-3],[-4,2],[-1,-2],[-1,-4],[-1,-14],[-2,-10],[-6,-6],[-1,-12],[-2,-1],[-1,-1],[4,-13],[-6,-11],[-3,-5],[-3,-16],[-1,0],[-10,1],[0,-1],[0,-1],[-5,1],[-4,-5],[-5,2],[-1,-3],[0,-3],[-3,1],[-1,1],[-1,-2],[-1,-2],[1,-11],[-5,-2],[-2,3],[-3,5],[-4,-3],[-4,9],[-4,-2],[-2,6],[-1,1],[-1,0],[-1,0],[1,3],[-2,-2],[-2,2],[-1,-2],[-2,1],[-2,1],[0,-1],[0,-2],[-1,6],[0,5],[-1,1],[-1,1],[-5,-5],[-10,0],[-8,-12],[1,8],[-7,-1],[-8,11],[-2,-3],[-2,-3],[-20,-7],[-4,6],[1,6],[-1,2],[-1,2],[-14,5]],[[4755,2688],[6,3],[4,10],[7,26],[-1,19],[-7,36],[1,8],[3,6],[20,15],[11,15],[3,10],[0,14],[-5,17],[-15,11],[-2,-3],[-6,-19],[-5,-7],[-14,-7],[-6,4],[-5,10],[0,14],[-2,6],[-2,12],[1,22],[5,8],[10,3],[11,-9],[10,-3],[7,7],[4,13],[16,5],[5,-3],[13,-13],[10,-1],[7,5],[8,-2],[15,-16],[16,-3],[10,9],[6,28],[8,10],[7,-2],[10,-10],[4,2],[4,12],[5,6],[10,-5],[9,-7],[13,-2],[8,-5],[9,3],[6,8],[0,9],[7,15],[3,21],[9,24],[8,10],[11,23],[17,21],[14,30],[26,30],[11,17],[15,13],[13,4],[15,16],[11,6],[6,-7],[4,-1],[5,13],[10,15],[31,18],[31,35],[2,5],[2,8],[0,8],[2,4],[24,20],[6,0],[12,-11],[3,-7],[3,-16],[13,-17],[6,-1],[32,35],[24,17],[5,7],[2,7],[-1,12],[-11,68],[6,3],[8,-3],[5,4],[16,40],[9,0],[10,-16],[7,0],[-1,20],[-4,15],[-7,14],[-12,12],[-17,3],[-5,10],[-5,18],[3,56],[10,8],[3,10],[3,6],[11,-7],[13,-4],[1,3],[-1,10],[1,1],[33,-13],[4,4],[9,-3],[10,-10],[7,2],[4,12],[0,21],[3,7],[6,2],[15,0],[7,-4],[5,2],[7,7],[1,6],[2,18],[-1,11],[0,9],[2,11],[11,2],[7,6],[5,8],[-1,14],[2,5],[14,17],[2,1],[7,-9],[8,-2],[2,-8],[4,-1],[7,3],[1,9],[5,9],[4,0],[6,-6],[0,-10],[2,-7],[5,-3],[1,-3],[0,-14],[2,-6],[7,-1],[5,2],[6,-4],[-4,-9],[1,-5],[9,-2],[5,-4],[6,-25],[-3,-28],[5,-9],[2,-6],[0,-8],[2,-3],[10,-6],[10,-14],[8,-1],[20,-8],[0,-10],[4,-4],[3,-1],[6,8],[4,-6],[5,-2],[3,-2],[2,-8],[3,-2],[6,9],[2,12],[7,1],[3,3],[5,-1],[6,7],[1,15],[7,10],[3,0],[5,-7],[0,-9],[5,-8],[3,1],[5,9],[4,3],[-1,5],[-6,7],[-4,13],[-1,13],[4,14],[-7,9],[-1,10],[-3,3],[1,5],[0,13],[-3,7],[0,7],[-2,7],[-6,-2],[-4,6],[-2,9],[1,9],[-2,11],[-8,12],[-1,7],[4,11],[-16,13],[-1,5],[3,9],[-6,24],[3,21],[-3,22],[-1,2],[0,4],[5,4],[0,5],[-3,1],[0,5],[7,8],[0,10],[0,1],[2,16],[6,17],[0,14],[14,8],[4,9],[11,1],[7,12],[-5,8],[0,4],[7,1],[2,9],[7,4],[1,11],[3,4],[2,18],[2,4],[7,0],[2,3],[-2,4],[1,2],[8,-4],[9,6],[3,16],[-4,10],[-1,8],[4,11],[0,8],[1,12],[-5,14],[1,10],[3,11],[7,9],[0,13],[3,11],[0,13],[2,4],[2,6],[5,24],[1,12],[3,8],[0,11],[6,11],[1,4],[0,6],[0,15],[6,16],[0,11],[9,8],[6,10],[6,-6],[4,4],[8,-3],[5,-9],[10,-10],[3,-7],[2,-11],[9,-13],[10,16],[16,-9],[5,1],[4,7],[-1,22],[5,12],[5,15],[13,-1],[5,-8],[7,6],[4,-2],[6,6],[0,13],[2,4],[0,6],[-5,18],[4,9],[-1,20],[5,10],[0,14],[1,11],[5,12],[-2,8],[4,17],[6,9],[2,4],[-4,10],[0,12],[-4,7],[0,6],[-7,20],[9,23],[10,13],[18,42],[3,-2],[4,-8],[1,1],[1,8],[4,9],[-2,9],[1,4],[4,6],[6,0],[22,15],[4,27],[1,19],[2,1],[2,15],[3,7],[0,11],[-6,16],[0,5],[11,20],[1,9],[0,10],[4,7],[1,9],[7,1],[18,31],[17,17],[9,1],[8,-4],[17,5]],[[6201,4876],[2,-7],[14,-20],[9,6],[4,-4],[3,-10],[8,-5],[1,1],[1,1],[31,1],[0,-1],[1,-2],[2,-4],[14,-11],[15,22],[4,12],[7,6],[11,-15],[3,-4],[18,-19],[2,-6],[12,-10],[5,-14],[0,-1],[4,-24],[6,-9],[3,-11],[15,9],[4,-2],[4,-8],[-1,-15],[24,-1],[7,8],[2,0],[5,-2],[3,4],[15,6],[5,5],[3,8],[4,1],[4,1],[11,10],[9,-6],[0,-2],[0,-21],[-1,-2],[1,-7],[1,0],[5,-5],[15,-1],[6,-1],[1,0],[5,-6],[1,-1],[2,-10],[1,1],[10,14],[1,2],[1,2],[5,5],[6,14],[1,10],[18,24],[2,16],[0,3],[0,7],[-1,12],[2,7],[12,8],[7,0],[7,10],[5,3],[15,0],[7,4],[22,-9],[10,0],[4,-5],[24,5],[12,-7],[11,-7],[9,-9],[6,-9],[6,-4],[4,-8],[1,0],[13,-10],[4,-4],[10,1],[8,1],[6,-10],[6,3],[5,4],[4,-2],[2,-1],[7,-7],[-4,-11],[-1,-14],[3,-10],[0,-2],[0,-22],[6,-39],[3,-5],[1,-13],[1,0],[1,0],[13,11],[3,3],[7,8],[5,14],[8,7],[6,19],[4,20],[5,5],[4,11],[12,18],[-1,4],[-1,4],[-4,9],[-5,15],[4,18],[6,3],[0,1],[4,15],[-1,2],[0,3],[1,12],[2,15],[-1,3],[13,10],[12,-10],[-4,83],[0,5],[14,8],[2,-1],[5,-2],[1,0],[12,2],[0,-2],[4,-16],[2,-2],[3,-7],[6,-1],[-6,-10],[0,-2],[-1,-3],[3,-11],[-1,-7],[3,-16],[2,-2],[2,-3],[3,-15],[0,-6],[5,-12],[-4,-12],[-2,-11],[11,-11],[1,-10],[0,-50],[-4,-12],[0,-4],[0,-4],[2,-5],[4,-12],[1,-17],[5,-13],[0,-36],[6,-15],[2,-3],[-1,-21],[2,-8],[6,-6],[4,-16],[0,-1],[4,-1],[4,-1],[4,-9],[1,-2],[9,-16],[1,-3],[-2,-8],[3,-8],[7,0],[2,-7],[8,-4],[10,-13],[1,-2],[0,-1],[0,-8],[10,6],[4,9],[5,2],[3,-23],[6,-11],[7,-10],[15,-4],[4,-1],[6,1],[1,-15],[1,-24],[3,-7],[1,-4],[4,-5],[1,1],[2,-15],[0,-1],[2,-7],[13,-17],[0,-3],[-4,-22],[2,-6],[0,-1],[-2,-8],[2,-13],[10,-14],[13,-2],[1,-7],[5,-3],[5,-8],[0,-1],[1,-2],[1,-10],[-1,-14],[5,-22],[-3,-8],[0,-1],[0,-16],[-3,-7],[-1,-1],[-2,-1],[0,-8],[1,-11],[5,-14],[-1,-10],[1,-9],[1,-1],[0,-1],[16,-8],[5,-11],[6,-14],[4,-13],[1,-6],[5,-5],[3,-8],[2,-6],[5,1],[2,-3],[9,-12],[2,-6],[5,-3],[15,-35],[10,0],[4,-8],[0,-7],[2,-6],[-1,-9],[-12,-26],[-4,-9],[-7,-14],[-3,-26],[0,-3],[-1,-2],[-5,-23],[-2,-3],[-3,-5],[7,-7],[20,-21],[5,-11],[18,-21],[11,-7],[4,-8],[8,5],[2,0],[2,-1],[4,5],[11,-19],[6,1],[14,-9],[5,6],[5,0],[4,-6],[6,0],[6,-5],[6,-6],[2,11],[1,1],[2,3],[-3,10],[0,3],[9,0],[1,-1],[0,1],[6,8],[2,2],[7,4],[4,8],[6,3],[7,4],[4,5],[3,-1],[3,0],[8,5],[3,1],[0,1],[7,0],[0,1],[1,9],[1,3],[1,2],[-3,20],[-1,0],[-9,9],[-1,0],[-2,10],[-8,15],[3,6],[0,2],[0,6],[0,4],[-1,5],[-2,7],[-4,39],[-5,22],[-4,7],[0,7],[-2,2],[-1,1],[-1,6],[-2,7],[-1,0],[0,1],[-6,14],[-1,2],[-3,3],[-4,17],[1,2],[10,18],[3,11],[-4,18],[2,8],[-2,13],[3,20],[6,11],[0,3],[-4,15],[-5,11],[-3,19],[-1,21],[-1,1],[7,9],[4,9],[8,-4],[7,-8],[5,1],[1,-2],[1,-2],[10,-1],[7,10],[5,10],[1,1],[2,0],[1,10],[2,5],[-1,1],[-1,2],[2,8],[-1,14],[1,1],[5,4],[4,-2],[2,7],[0,13],[3,3],[10,8],[10,19],[7,0],[14,12],[1,1],[0,14],[-3,14],[0,19],[-1,16],[7,6],[7,6],[3,-3],[1,-11],[3,-4],[0,-16],[6,-10],[-1,-10],[-1,-2],[2,-32],[5,-10],[5,-3],[8,-23],[3,-13],[5,-8],[2,-8],[-1,-4],[-1,-2],[5,-33],[-18,-3],[0,-12],[-4,-13],[2,-18],[4,-11],[0,-16],[3,-16],[6,-19],[-2,-12],[3,-6],[0,-9],[2,-8],[7,-9],[0,-11],[-5,-14],[-1,-29],[3,-17],[0,-19],[0,-9],[5,-29],[2,-2],[4,-6],[2,-8],[5,-3],[14,7],[1,-2],[7,8],[1,1],[13,4],[6,-1],[8,-3],[3,-3],[1,-1],[9,3],[10,-13],[4,-13],[0,-16],[0,-1],[3,-4],[1,-1],[1,-7],[4,1],[6,-14],[8,-6],[19,38],[2,4],[0,-4],[0,-6],[0,-2],[5,-16],[-3,-10],[1,0],[12,-29],[13,9],[15,-1],[7,-4],[6,-4],[7,-14],[5,-15],[3,-2],[4,-2],[11,-18],[1,-10],[5,-15],[7,3],[6,3],[10,1],[12,-4],[4,-5],[4,15],[7,7],[5,1],[2,9],[3,8],[13,19],[0,12],[-4,16],[3,12],[7,5],[8,-1],[6,9],[9,2],[0,3],[5,9],[2,-1],[20,-1]],[[7929,3924],[0,1],[1,1],[-4,7],[0,7],[-1,13],[8,7],[1,7],[-5,8],[0,1],[-3,17],[3,12],[0,1],[1,20],[-2,7],[6,10],[0,12],[3,16],[-1,7],[12,18],[-1,12],[3,10],[1,5],[0,21],[3,8],[3,3],[1,0],[12,-1],[8,14],[3,17],[9,13],[0,3],[0,1],[0,3],[-8,15],[1,12],[6,9],[3,13],[0,3],[0,3],[-7,21],[3,14],[6,8],[5,-3],[2,6],[1,-1],[2,0],[14,-11],[2,-10],[16,-5],[6,-24],[-6,-11],[0,-6],[1,-7],[6,-16],[5,-5],[12,2],[10,-6],[6,-4],[4,7],[14,4],[10,15],[3,25],[2,14],[7,8],[1,1],[14,7],[7,8],[4,4],[20,-2],[1,-1],[2,-3],[3,1],[6,3],[14,-10],[14,0],[5,-13],[5,0],[3,-8],[-1,-22],[4,-12],[3,-4],[9,-4],[5,-8],[-12,-16],[-3,-11],[-2,-23],[-5,-9],[0,-12],[2,-1],[1,-2],[4,-15],[7,-8],[18,8],[9,-16],[-1,-10],[8,-9],[5,-12],[5,4],[9,6],[1,1],[12,-11],[8,3],[6,-3],[0,-1],[3,-2],[3,-6],[9,0],[3,6],[11,5],[1,13],[5,6],[1,0],[8,0],[10,-5],[6,-8],[-2,-21],[3,-7],[6,-8],[1,-1],[3,-10],[9,-8],[1,-3],[1,-3],[22,-9],[1,-1],[7,-7],[3,-3],[10,-3],[0,-4],[1,-4],[9,-16],[-1,-30],[1,-4],[0,-3],[20,-14],[29,-6],[5,-6],[7,-8],[6,5],[3,5],[2,5],[13,-2],[8,-2],[1,2],[7,9],[3,-9],[2,-3],[5,-7],[1,0],[1,0],[8,-2],[4,2],[5,1],[4,-12],[4,-17],[6,-11],[2,-9],[1,-9],[9,-4],[7,-3],[15,-22],[0,-3],[-2,-13],[0,-1],[0,-1],[1,-11],[5,-8],[5,-21],[2,-2],[1,-11],[1,-7],[8,-8],[10,-3],[4,-8],[2,-40],[0,-10],[2,-7],[0,-9],[6,-16],[1,-2],[8,-3],[4,-11],[1,-2],[7,7],[1,0],[7,1],[2,0],[15,-19],[5,-12],[20,-8],[8,-1],[5,3],[6,-2],[6,-3],[9,5],[5,-3],[16,7],[4,-2],[3,0],[3,-8],[4,15],[8,19],[1,3],[3,11],[12,10],[2,-1],[13,19],[4,-3],[1,2],[1,1],[23,-15],[4,3],[7,-5],[13,-1],[0,-16],[0,-1],[1,-2],[13,-17],[3,-7],[15,3],[10,7],[9,-5],[3,6],[1,0],[3,-6],[5,-1],[7,4],[0,1],[5,17],[1,0],[3,4],[1,7],[6,11],[35,16],[6,11],[10,6],[4,9],[0,-3],[1,-2],[7,-4],[1,-17],[5,-3],[4,-11],[-3,-11],[-3,-2],[-3,-1],[-3,1],[-2,0],[0,1],[-14,-5],[-7,-5],[-2,-8],[21,-5],[3,-1],[28,-21],[6,-1],[1,0],[9,7],[18,24],[0,1],[3,10],[5,2],[13,14],[3,-6],[8,5],[2,1],[5,-2],[5,4],[8,-2],[6,-7],[13,5],[1,0],[5,-6],[10,15],[4,10],[4,11],[0,1],[2,17],[6,2],[6,3],[5,-4],[4,-4],[2,-6],[9,1],[5,-15],[4,-6],[1,-1],[-1,-6],[0,-1],[3,-15],[3,-25],[-2,-13],[0,-3],[0,-14],[2,-3],[6,3],[7,0],[7,-8],[4,-16],[3,-2],[1,1],[1,1],[1,11],[2,7],[8,8],[5,-2],[6,8],[1,20],[4,4],[7,2],[6,-3],[14,6],[9,0],[5,-4],[0,-12],[-8,-18],[3,-6],[-2,-6],[2,-12],[-1,-8],[1,-6],[10,2],[2,6],[6,-1],[9,6],[4,-2],[2,-2],[8,4],[6,-5],[4,4],[2,-1],[1,0],[9,-5],[2,-1],[7,-9],[11,10],[4,10],[-3,14],[2,11],[8,16],[0,1],[2,6],[1,6],[7,-1],[4,2],[6,29],[10,28],[15,16],[-1,2],[1,12],[-4,12],[0,1],[6,32],[3,5],[2,17],[11,9],[5,7],[0,1],[8,7],[1,2],[1,2],[0,9],[10,18],[6,0],[4,-7],[0,1],[3,2],[4,24],[-1,7],[-3,4],[1,6],[5,25],[3,4],[0,10],[12,-6],[7,-10],[4,6],[4,-1],[4,-1],[2,-23],[1,-4],[-7,-20],[5,-7],[3,-5],[1,-7],[3,-7],[3,-17],[13,9],[14,-11],[14,2],[11,14],[10,0],[0,-2],[4,0],[15,5],[1,-3],[5,-11],[3,-3],[20,-5],[13,-39],[3,-2],[19,-13],[1,-2],[9,11],[5,5],[2,1],[1,6],[0,1],[5,5],[0,1],[17,1],[6,-5],[8,22],[2,-1],[9,-2],[7,-12],[14,-7],[5,-20],[6,-4],[2,-1],[1,2],[8,16],[6,4],[3,1],[2,0],[3,0],[3,-4],[0,-1],[3,-7],[2,-8],[1,-40],[3,-4],[3,-6],[14,2],[7,1],[4,5],[13,28],[1,0],[9,-1],[6,-9],[4,1],[7,-4],[6,-14],[1,0],[12,-6],[2,-4],[2,-3],[6,-5],[1,0],[2,-6],[5,-11],[3,0],[5,1],[4,-7],[6,2],[4,-3],[1,-13],[1,-6],[4,-8],[0,-12],[-6,-3],[-2,-2],[-9,-25],[-18,-12],[1,-7],[5,-3],[1,-1],[8,-13],[2,-22],[4,-8],[5,-5],[4,-13],[-2,-11],[-9,-12],[-4,-10],[-4,-6],[0,-13],[0,-1],[1,-4],[1,-3],[-3,-11],[-5,-8],[2,-28],[-11,-13],[-14,-2],[-4,-28],[1,-29],[-8,-23],[-1,-14],[0,-1],[8,-28],[-8,-16],[-1,-6],[-1,-6],[-1,-18],[-2,-15],[-8,-18],[-1,-2],[-7,-5],[-14,-24],[1,-14],[0,-1],[-4,-23],[2,-6],[-5,-15],[-1,-17],[-1,-9],[-10,-19],[-15,-13],[-10,-20],[-12,-42],[5,-9],[2,-8],[-6,-16],[-8,-7],[-1,-23],[-4,-3],[-6,-12],[-2,-12],[0,-1],[1,-4],[0,-4],[5,-3],[2,-1],[2,-8],[-7,-3],[-5,-20],[5,-12],[-5,-7],[-3,-11],[-5,-1],[-5,-7],[-4,-13],[1,-8],[0,-19],[1,-9],[-1,-7],[7,-16],[2,0],[6,-10],[0,-1],[5,-14],[0,-1],[8,-8],[-2,-12],[1,-2],[1,-7],[7,-10],[-1,-3],[-5,-13],[1,-1],[5,-11],[7,-4],[1,-3],[1,-3],[0,-7],[-16,-4],[-1,-1],[-10,-15],[-1,-1],[-1,0],[-7,-13],[-1,-14],[-4,-4],[2,-11],[0,-1],[-3,-12],[-1,-14],[-1,-13],[1,-11],[-4,-22],[10,-31],[10,-7],[2,-15],[3,-13],[1,-3],[2,-4],[2,-10],[1,-3],[-4,-4],[-4,-14],[-10,-10],[-4,-14],[-1,-15],[-4,-6],[-4,-14],[-1,-7],[4,-21],[-7,-3],[-8,-13],[1,-11],[-3,-24],[2,-15],[-2,-6],[1,-28],[0,-4],[-4,-2],[-5,-18],[1,-12],[-4,2],[-3,-5],[0,-16],[0,-10],[-6,-15],[-2,-5],[3,-13],[1,-2],[-5,-17],[5,-10],[0,-16],[-2,-6],[-1,-28],[0,-2],[5,-12],[2,-2],[0,-1],[1,-3],[-7,-10],[-4,-3],[0,-16],[-1,-2],[-1,-2],[1,-7],[-3,-28],[-4,-3],[-5,-4],[-2,-16],[-9,-7],[-1,-12],[-2,-6],[-1,-8],[-1,-2],[3,-7],[2,-27],[5,-5],[6,1],[1,2],[1,1],[1,-3],[7,-10],[1,-4],[3,-2],[1,-9],[4,-13],[7,-1],[-1,-13],[-6,-13],[1,-9],[7,-15],[0,-10],[4,-13],[2,-11],[1,-6],[6,-17],[2,-1],[1,-1],[3,-16],[3,0],[6,0],[6,-5],[7,-5],[3,-2],[2,-6],[6,5],[4,0],[2,0],[0,1],[8,7],[1,2],[8,-16],[0,-15],[6,-17],[0,-18],[5,-10],[9,-1],[6,-15],[5,-6],[2,-9],[6,-7],[1,0],[3,-3],[6,0],[1,0],[12,-2],[1,-2],[-5,-13],[-9,-26],[-2,-11],[2,-13],[-3,-23],[10,-27],[2,-2],[2,-1],[6,-11],[2,-7],[-2,1],[11,-25],[0,-1],[-2,-7],[0,-3],[0,-1],[-7,-26],[1,-9],[-3,-3],[-1,-2],[0,-2],[7,-12],[1,-7],[3,-2],[1,-2],[1,-2],[5,-10],[1,2],[6,0],[1,-3],[0,-3],[5,-5],[6,-25],[6,-3],[1,0],[2,-9],[-2,-13],[1,-1],[2,-1],[-1,-7],[0,-3],[0,-3],[-4,-7],[-4,-4],[0,-3],[1,-3],[3,-5],[-2,-8],[-1,-11],[8,-10],[-3,-10],[1,-8],[7,-23],[-1,-19],[0,-12],[9,-50],[3,-28],[0,-27],[-2,-9],[0,-1],[2,-14],[-1,-26],[0,-4],[-3,-10],[1,-9],[-3,-8],[-1,-19],[-6,-21],[-5,-7],[-7,-22],[1,-37],[-5,-13],[1,-20],[0,-1],[-2,-59],[-6,-14],[3,-9],[-2,0],[-1,-1],[-1,-8],[-3,-5],[-8,-3],[-4,-2],[-1,-1],[0,-2],[0,-2],[-3,-2],[-3,-46],[-5,-2],[-7,-12],[2,-5],[0,-3],[1,-11],[-1,-1],[-2,-14],[0,-3],[0,-3],[-3,-7],[3,-6],[0,-1],[0,-13],[-1,-1],[-1,-2],[-3,12],[-3,-2],[2,-5],[-2,-6],[-3,9],[-4,-3],[2,-16],[-5,6],[-1,3],[-1,2],[-3,-10],[2,-5],[-1,-3],[1,0],[1,-1],[1,5],[1,-2],[-5,-9],[0,-1],[3,-5],[0,-2],[0,-2],[-5,-3],[-2,9],[-3,1],[0,-16],[0,-9],[1,0],[2,-1],[4,-12],[1,-1],[-7,-9],[-3,-4],[-1,0],[-3,0],[-3,-8],[1,-2],[1,-2],[5,4],[0,-1],[-1,-13],[2,-5],[0,-3],[0,-2],[-1,-15],[-1,-5],[-7,-4],[-3,-1],[1,-3],[1,-9],[-7,-10],[0,-1],[1,-2],[1,-4],[8,3],[2,-16],[0,-11],[3,-7],[3,-5],[1,-1],[-6,-13],[-1,-10],[8,-9],[-3,-10],[-8,1],[7,-10],[0,-3],[-5,-3],[-6,-2],[-1,-1],[-1,-2],[-2,-2],[3,-9],[4,-17],[-1,-22],[-2,-14],[-7,-8],[-1,-1],[-4,-8],[0,-1],[-2,-10],[-6,-15],[-11,-17],[2,-12],[-3,0],[-1,2],[-1,2],[-1,-2],[-2,-2],[-1,3],[0,3],[-4,-2],[-1,0],[-2,-5],[-2,0],[1,-2],[0,-2],[-2,-1],[0,-3],[1,-2],[-1,-1],[-2,-2],[1,-2],[1,-2],[-3,1],[-1,0],[0,-1],[-1,-4],[-1,3],[0,1],[-4,1],[-3,-3],[1,-3],[1,-3],[-2,0],[-1,-1],[0,-1],[1,-2],[-2,1],[-1,0],[0,-2],[-1,0],[-2,0],[1,-1],[-1,-2],[-3,-1],[0,-2],[-2,-6],[-2,4],[0,-9],[-1,0],[-2,0],[-1,-8],[-1,-6],[-1,1],[-3,-3],[0,-1],[1,-6],[4,-1],[-2,-5],[-1,1],[1,-4],[-1,-3],[-1,-1],[1,-3],[-1,-2],[-1,-1],[0,-3],[1,-2],[1,-1],[2,-7],[-1,-2],[-27,-10],[-2,2],[-2,7],[-3,1],[0,2],[1,2],[-6,-4],[0,1],[-5,8],[0,2],[-1,0],[-1,0],[0,33],[-1,23],[-1,1],[-15,5],[-15,5],[-41,51],[-7,1],[0,1],[-1,22],[-1,2],[-1,0],[-1,1],[-3,1],[-6,4],[1,9],[4,4],[3,3],[3,7],[-2,15],[-31,5],[3,5],[11,17],[-4,17],[-8,31],[-15,23],[0,-3],[0,-2],[-1,-6],[-2,-14],[-27,-21],[-1,-9],[-5,-1],[-1,-6],[1,-2],[1,-2],[-1,-1],[0,-7],[2,-6],[3,-3],[-2,-4],[0,-3],[-12,-11],[-3,-22],[-9,3],[-16,6],[2,25],[-6,5],[-10,16],[-2,2],[-5,5],[-23,17],[-2,-5],[-2,6],[-4,-3],[1,-3],[2,-1],[2,-1],[-2,-4],[-2,3],[-1,2],[0,-3],[0,-4],[0,-1],[2,-3],[-4,-9],[-3,-10],[-5,-1],[1,-7],[-6,-1],[3,-6],[-1,-12],[1,0],[2,-1],[-4,-4],[-2,-12],[1,-1],[1,0],[1,1],[1,3],[1,-2],[1,-1],[-3,-15],[-2,4],[-1,-2],[-1,-1],[3,-6],[1,-1],[-6,0],[6,-5],[-2,-10],[-1,-2],[4,4],[-4,-6],[-2,5],[0,1],[-1,-1],[-3,-7],[-1,0],[1,-8],[-3,-5],[1,-2],[-16,-11],[0,3],[-8,23],[-8,-2],[-2,-1],[-6,-24],[-8,7],[-6,5],[2,7],[-2,9],[-1,0],[-2,2],[-2,6],[-2,-1],[-1,0],[-3,2],[0,4],[0,3],[-5,4],[-4,1],[-10,1],[0,1],[-8,17],[-15,0],[-1,0],[-1,0],[1,-45],[0,-3],[-35,-24],[0,-1],[2,-30],[-10,1],[-19,0],[-20,-9],[-7,-22],[-23,3],[0,1],[1,14],[0,5],[-1,5],[-20,11],[-22,21],[-7,31],[-13,6],[-25,25],[-26,11],[-11,4],[-2,0],[-22,8],[-6,-3],[-23,-15],[-15,-20],[-4,-6],[-9,1],[-2,0],[-9,-2],[-28,-7],[-7,-14],[-8,-16],[-9,3],[-9,-27],[-7,-22],[-2,-21],[-1,-18],[6,-27],[-7,-11],[-6,-12],[-4,-4],[-5,-5],[-3,6],[-3,4],[-17,20],[-10,18],[-2,10],[0,-1],[-7,-6],[-6,-6],[-6,7],[-9,11],[-7,-1],[-14,-1],[-8,3],[0,2],[-2,28],[0,1],[2,11],[1,35],[-6,6],[-7,8],[-3,-2],[-4,-3],[-3,8],[0,1],[0,2],[-3,1],[-20,-1],[0,-2],[0,-1],[-1,-1],[-2,-1],[1,0],[-1,-1],[0,-1],[-1,0],[0,-1],[-1,-4],[-1,-1],[-1,-6],[0,-1],[-5,-6],[-3,9],[-3,4],[-4,3],[0,1],[1,1],[-1,6],[-10,1],[-2,0],[-18,2],[3,-22],[-22,-5],[-11,2],[-1,2],[-28,25],[-13,20],[-23,34],[-22,32],[-7,86],[-7,92],[-5,34],[-4,11],[0,87],[-1,17],[0,1],[0,2],[-29,4],[-4,0],[-3,-46],[-11,-28],[-17,-41],[-6,-19],[-18,-14],[-8,-6],[-4,-2],[-14,4],[-5,-12],[-11,5],[0,3],[0,1],[-6,0],[-1,-5],[-1,-3],[-15,1],[-1,0],[-2,-8],[0,-1],[-15,-1],[-5,-49],[1,-15],[1,-2],[-32,-4],[-13,-1],[0,-1],[-2,-3],[-2,-10],[3,-9],[-1,-5],[1,0],[1,0],[-1,-1],[-1,0],[1,-3],[1,-2],[-1,-1],[0,-3],[1,0],[-2,-7],[3,0],[1,-2],[0,-2],[-1,-13],[-12,-2],[-1,-5],[-1,1],[-1,0],[-3,-6],[-1,-1],[-4,2],[0,-3],[0,-2],[-3,-4],[-2,0],[0,1],[-1,3],[-2,-3],[-3,1],[0,2],[0,2],[-1,-1],[-1,-1],[0,5],[-5,0],[1,-3],[-1,0],[0,-1],[-1,0],[0,-2],[0,-2],[-4,-7],[-1,-8],[-5,-2],[-2,2],[-1,1],[-4,-1],[-1,-10],[2,-4],[-3,0],[-1,-4],[-1,-2],[-4,1],[0,2],[0,1],[-2,2],[-3,-5],[-1,1],[-2,-5],[-8,4],[-7,4],[-25,13],[-25,18],[-14,11],[-1,0],[-3,-1],[-1,-1],[-3,-7],[2,-3],[0,-1],[-1,-1],[1,-2],[1,-1],[0,-1],[-1,-2],[-4,1],[-1,-8],[-4,-2],[-4,-2],[0,-11],[-4,-2],[-4,-13],[-4,-3],[1,-2],[3,-1],[0,-13],[-4,-2],[-4,-7],[-3,3],[-1,-3],[0,-3],[-6,3],[-1,-5],[-2,0],[-1,1],[1,4],[1,4],[-1,1],[-2,1],[0,-2],[-1,-3],[-2,2],[-7,22],[-15,4],[-10,2],[0,1],[-1,13],[-2,1],[-2,3],[1,10],[-1,1],[-1,0],[-2,5],[-4,-1],[-16,8],[-47,26],[0,2],[-5,1],[-1,-1],[-2,3],[-2,5],[-1,-2],[-1,0],[0,1],[1,3],[-4,0],[1,14],[3,6],[-2,3],[-1,-5],[0,1],[-2,9],[-3,1],[0,1],[-1,0],[-1,2],[-1,3],[-1,0],[-6,4],[-3,3],[0,-1],[-9,5],[-3,1],[-9,5],[-9,6],[-1,1],[-8,2],[-3,1],[-10,5],[0,2],[-1,0],[-1,3],[-5,5],[0,2],[-4,19],[-8,21],[1,-1],[0,7],[0,5],[-1,3],[-4,-1],[-1,16],[-7,11],[-4,9],[-13,6],[-4,5],[-3,0],[-5,1],[-7,-10],[-18,6],[-3,0],[-16,19],[-37,45],[-12,5],[-19,7],[-43,30],[2,9],[0,5],[0,5],[-2,6],[-2,-2],[0,1],[-10,5],[-33,16],[-2,1],[-5,1],[-15,4],[0,2],[-2,4],[2,8],[1,0],[2,6],[1,3],[0,1],[0,1],[-20,8],[-1,0],[-5,0],[-18,1],[-3,-3],[-16,-14],[-7,4],[-14,6],[-5,-1],[-13,-3],[-10,1],[-1,3],[-2,-8],[-2,-3],[-1,-1],[1,-4],[0,-3],[-4,-2],[-1,2],[-1,-4],[0,-1],[0,-2],[0,-1],[-2,-1],[1,-7],[-3,1],[0,-2],[-2,-2],[-2,0],[0,-3],[-2,-4],[-1,-2],[0,-1],[0,-16],[0,-1],[-4,6],[-1,-2],[-1,-1],[-1,1],[-1,-2],[-5,0],[-4,-3],[-4,-4],[-3,6],[0,1],[-4,3],[-1,0],[-3,1],[-4,8],[-5,-5],[0,2],[-1,5],[-1,-3],[-3,-6],[-2,5],[1,6],[-1,0],[0,1],[1,7],[-1,17],[-3,6],[0,2],[1,3],[-2,5],[-7,0],[-5,-2],[-8,4],[-1,-2],[-2,3],[-3,3],[-3,-5],[-2,-2],[-7,1],[-8,-12],[-10,-3]],[[1493,9017],[9,-3],[1,-8],[8,-10],[19,-10],[9,3],[4,-1],[7,-17],[21,-9],[7,-6],[6,-5],[11,-17],[9,-1],[4,2],[9,-3],[1,-8],[8,7],[1,8],[4,6],[16,11],[2,8],[4,-7],[11,-6],[7,-11],[14,-13],[10,-1],[7,-10],[13,-2],[8,-13],[1,-8],[-2,-16],[11,-28],[-2,-32],[-3,-7],[-8,-8],[-8,-12],[7,-23],[-4,-16],[6,-14],[0,-33],[2,-7],[-5,-16],[-1,-15],[15,-24],[5,-2],[9,5],[14,-12],[17,18],[7,16],[7,8],[-6,29],[6,16],[14,4],[8,8],[3,-2],[6,1],[9,-10],[7,10],[5,-3],[6,12],[7,7],[4,2],[5,-2],[4,6],[5,2],[8,-15],[7,1],[7,-3],[3,6],[1,12],[9,14],[7,-11],[3,2],[6,-3],[10,6],[3,10],[11,8],[9,-13],[5,2],[10,-8],[5,1],[22,21],[13,-19],[1,-9],[-1,-15],[15,-12],[1,-30],[6,-12],[13,7],[6,-4],[3,-7],[6,1],[5,-2],[4,3],[11,0],[8,9],[10,-7],[7,4],[6,0],[3,-6],[4,4],[4,-2],[2,-7],[10,-11],[1,-4],[-1,-9],[-4,0],[-2,-3],[3,-13],[0,-19],[1,-9],[-1,-29],[-2,-10],[1,-6],[-5,-16],[3,-12],[-2,-6],[-4,-7],[-10,-10],[3,-5],[0,-17],[-2,-13],[1,-7],[-4,-19],[2,-16],[-5,-15],[-4,-9],[-11,9],[-8,-10],[-3,-2],[-3,5],[-8,-10],[-9,-5],[1,-8],[-4,-12],[-1,-18],[-7,-19],[3,-25],[-7,-27],[-1,-10],[2,-6],[-2,-10],[1,-8],[-5,-11],[-4,-1],[-7,-17],[-2,-19],[-3,-11],[1,-5],[-3,-12],[0,-6],[-5,-17],[-2,-13],[-7,-18],[3,-45],[3,-17],[0,-13],[-2,-5],[4,-6],[-5,-8],[4,-1],[1,-4],[-1,-7],[8,-12],[1,-15],[4,-2],[3,-12],[4,2],[2,-3],[0,-9],[9,-3],[11,-21],[17,-4],[22,4],[6,-2],[5,-15],[8,-6],[7,-1],[1,-7],[-1,-10],[11,-32],[0,-42],[-2,-18],[-4,-10],[-4,-15],[-1,-10],[4,-16],[-1,-4],[-4,-1],[-5,-4],[-3,-7],[-2,-10],[-4,-8],[0,-4],[4,-12],[-1,-4],[6,-9],[4,-13],[-1,-6],[3,-10],[8,-17],[9,-28],[4,-21],[1,-30],[-2,-1],[-3,-13],[-1,-6],[1,-9],[2,-7],[-4,-18],[-4,-7],[0,-20],[-3,-15],[2,-5],[-2,-10],[2,-3],[-4,-19],[-5,-8],[-2,-18],[-25,8],[-2,-4],[-1,-12],[-5,3],[-2,-3],[-3,-10],[-2,-14],[-8,-23],[-1,-10],[2,-7],[-1,-4],[1,-4],[-1,-5],[3,-4],[-5,-13],[0,-13],[0,-30],[-11,11],[-12,3],[-17,-9],[-15,-2],[-12,-13],[-4,-12],[-9,-2],[-6,5],[-7,-9],[-5,-2],[-5,5],[-10,1],[-4,5],[-7,-1],[-1,6],[0,11],[-5,9],[0,5],[2,23],[0,30],[-2,2],[-4,-3],[-1,15],[-4,7],[-9,5],[-3,6],[-14,5],[-7,-9],[-10,-4],[-21,-1],[-4,-6],[-4,1],[-4,-6],[0,-13],[-3,-12],[-5,-6],[0,3],[-7,6],[-3,16],[-10,-21],[0,-9],[-4,-18],[-8,-15],[-6,-3],[-8,-12],[-7,-27],[-7,0],[-3,-7],[-9,6],[-5,-28],[-5,-14],[-11,-17],[-9,-26],[-19,-19],[12,-20],[11,-1],[5,-4],[5,-11],[0,-6],[-2,-6],[2,-18],[6,-15],[-6,-6],[-11,-27],[-1,-35],[-4,-25],[3,-19],[7,-15],[0,-13],[-4,-14],[0,-7],[5,-7],[5,-3],[0,-2],[0,-19],[5,-20],[16,-2],[2,5],[6,1],[7,-2],[11,-15],[0,-14],[2,-10],[21,-20],[17,-6],[-6,-3],[-12,-13],[-15,-26],[-4,-6],[-15,-5],[-7,-19],[-4,-3],[-6,-11],[-5,-1],[-6,2],[-20,-17],[-16,-11],[-3,-5],[0,-5],[-2,-8],[0,-9],[-1,-4],[-5,-5],[-4,-1],[-19,-26],[-1,-17],[-4,-16],[-9,-7],[-1,-6],[-5,-22],[-2,-7],[-8,-2],[-2,-2],[-3,-16],[1,-14],[4,-12],[-2,-9],[-9,-9],[6,-6],[1,-7],[5,-9],[2,-11],[4,-8],[1,-6],[-4,-19],[2,-9],[3,-2],[2,-2],[3,-15],[3,-4],[5,0],[6,8],[3,-10],[0,-37],[8,-4],[5,-10],[1,-10],[13,-5],[9,-29],[5,-12],[10,-32],[11,-17],[7,-6],[10,1],[1,-15],[7,-23],[8,-10],[1,-4],[6,-22],[5,-8],[8,-33],[0,-16],[7,-17],[6,-25],[4,-8],[1,-10],[-1,-5],[6,-23],[0,-6],[11,-16],[18,-30],[1,-10],[-1,-7],[2,-17],[-1,-14],[-3,-8],[-13,-3],[-13,-9],[-14,-5],[-30,-2],[-2,3],[0,5],[11,11],[7,13],[-9,32],[-13,9],[-2,6],[1,14],[3,24],[5,8],[-1,10],[-5,9],[-10,5],[-8,19],[-6,10],[-5,30],[-4,9],[-1,10],[-3,3],[-7,1],[-10,15],[-13,9],[0,7],[5,15],[-2,10],[0,7],[-4,16],[0,13],[3,7],[3,14],[-4,13],[-29,14],[-6,10],[-1,8],[-4,7],[-6,-3],[-6,1],[-9,11],[-13,-13],[-3,1],[-9,-2],[-6,-11],[-2,-10],[-16,-17],[-9,-4],[-18,-3],[-7,1],[-9,12],[-3,12],[0,15],[-2,3],[-4,3],[-9,-2],[-11,30],[-7,0],[-9,13],[-7,-2],[-8,-6],[-6,1],[-3,-3],[-2,-7],[-7,-5],[-2,-8],[-2,-14],[-4,-7],[-4,-5],[-5,0],[-6,9],[-7,18],[-7,4],[-6,-3],[-3,-16],[-2,-4],[-30,3],[-11,3],[-11,19],[-13,-3],[-18,15],[-17,31],[-10,9],[-7,20],[-11,7],[-7,22],[-10,14],[-8,6],[-11,0],[-5,-5],[-11,9],[-12,1],[-15,6],[-5,0],[-9,7],[-8,12],[-3,0],[-1,-5],[-7,-15],[-16,-16],[-2,-11],[-7,-15],[-4,-1],[-12,13],[-8,-2],[-4,-4],[-11,-24],[-8,-8],[-2,-8],[7,-11],[13,-12],[12,-4],[8,-12],[9,-7],[6,-20],[5,-9],[5,-23],[6,-20],[8,-10],[7,-23],[9,-8],[11,9],[6,-1],[2,-4],[-3,-17],[2,-8],[4,-4],[16,-1],[4,-17],[12,-27],[5,8],[7,4],[17,5],[2,8],[-1,16],[3,10],[9,16],[8,2],[2,-5],[0,-21],[5,-24],[3,-9],[8,-11],[-6,-27],[0,-7],[5,-4],[10,15],[11,0],[5,-17],[4,-7],[17,-10],[10,-11],[4,9],[0,12],[-4,8],[-10,11],[5,32],[1,15],[-2,15],[2,10],[4,3],[4,-5],[2,-10],[-4,-8],[1,-9],[8,-17],[15,-12],[2,-8],[5,-5],[4,-8],[-3,-5],[-2,-6],[0,-22],[4,-5],[10,-5],[2,-6],[-4,-17],[-14,-10],[-3,-9],[3,-10],[6,-12],[13,-8],[5,-6],[4,-26],[-5,-21],[5,-15],[11,-12],[2,-11],[-2,-11],[-4,-15],[0,-12],[16,-3],[4,-4],[1,-24],[-9,-32],[15,-15],[3,-7],[4,-31],[1,-22],[3,-24],[0,-35],[-7,-24],[-14,-24],[-2,-29],[-10,-11],[-15,-47],[-20,-40],[-9,-16],[-25,-30],[-18,-32],[-27,-54],[0,-7],[-6,-17],[-3,-28],[-3,-3],[-6,2],[-9,-13],[3,2],[-12,-15],[-10,-22],[-11,-16],[-8,-7],[-4,-9],[-1,-15],[-3,-4],[-12,-4],[-4,1],[-5,-5],[-2,-9],[0,-10],[-5,-29],[-10,-11],[-14,-27],[-8,-31],[0,-6],[9,-19],[1,-13]],[[1239,4992],[-26,38],[-4,3],[-1,0],[-9,6],[-3,-36],[-10,19],[-4,9],[-3,7],[-2,6],[21,30],[-6,26],[-5,-6],[-7,-11],[-8,16],[0,1],[5,32],[-1,0],[-20,6],[-5,-11],[-8,-19],[-14,2],[1,-20],[-17,8],[4,13],[-2,2],[-2,2],[2,2],[16,24],[-15,4],[-4,-18],[-8,-3],[-5,-1],[-2,-1],[0,20],[-1,-1],[-8,-1],[-2,1],[-13,8],[16,18],[-4,6],[-12,-13],[0,-1],[-2,-11],[-6,2],[-10,2],[2,9],[0,1],[-6,9],[1,-18],[1,-7],[-4,6],[-6,10],[-3,4],[0,6],[-5,43],[7,10],[2,19],[-1,1],[-1,1],[-2,3],[-7,2],[-4,13],[-18,7],[-7,3],[-18,-14],[5,-36],[-13,19],[-13,-4],[-1,10],[-2,4],[-15,26],[-17,21],[-5,1],[-4,0],[-11,0],[-13,8],[-3,8],[-2,4],[6,34],[0,1],[-9,8],[-13,6],[-3,1],[0,5],[-2,34],[-11,6],[-11,7],[-14,8],[0,-20],[-15,18],[-2,3],[-4,-5],[-8,-11],[-11,21],[-2,5],[-17,20],[6,40],[-12,1],[-10,1],[1,11],[0,1],[2,28],[-11,19],[-4,33],[-13,-13],[-7,-6],[-3,5],[-9,17],[-10,-14],[-27,5],[-3,15],[-3,16],[-10,-5],[-11,-6],[7,15],[3,5],[-19,12],[-2,1],[0,4],[12,41],[-16,12],[-10,8],[-5,2],[-13,5],[-5,2],[-13,-2],[-41,-48],[-4,-14],[4,-46],[6,-54],[0,-1],[4,-19],[9,-96],[5,-8],[5,0],[-9,-50],[-3,3],[-3,-6],[-3,14],[-7,15],[-4,11],[-8,4],[-6,14],[-14,16],[-3,8],[-1,0],[-1,0],[-1,0],[-4,-5],[-8,-1],[-1,3],[2,1],[1,0],[1,15],[0,1],[-6,24],[-2,12],[-3,16],[0,1],[-2,4],[3,1],[1,-1],[0,1],[0,1],[-1,4],[-1,0],[0,2],[-2,8],[-5,6],[-7,13],[-2,0],[-8,-1],[-4,11],[-2,6],[-7,5],[-7,1],[-3,-1],[-12,4],[-12,-10],[-23,-13],[-4,3],[-8,-6],[-1,2],[-4,0],[-1,8],[-1,0],[-3,6],[-7,0],[-4,5],[-1,7],[-1,4],[4,9],[-7,5],[-2,7],[-6,8],[-14,18],[-14,14],[0,5],[0,3],[-5,28],[1,14],[0,6],[-2,13],[-5,13],[-11,11],[-5,2],[-6,2],[-1,4],[-1,4],[-4,4],[-3,0],[-17,-3],[-3,4],[-4,8],[-7,16],[-7,11],[-5,8],[2,3],[5,6],[3,12],[1,14],[-4,13],[-11,18],[-3,4],[-7,-5],[-4,1],[-6,3],[-2,2],[-1,2],[-1,0],[-10,-5],[-12,-4],[-18,22],[-24,28],[-12,15],[-10,19],[-3,4],[-1,2],[-2,5],[-4,9],[-21,39],[-8,12],[-8,11],[-5,8],[-4,5],[-13,-3],[-40,-8],[-5,13],[-7,19],[-5,112],[-3,81],[9,26],[37,117],[5,28],[10,-6],[12,-6],[11,59],[11,3],[0,3],[1,3],[-15,8],[2,10],[2,10],[4,23],[-6,3],[13,66],[-10,5],[2,9],[17,94],[18,24],[6,10],[5,21],[9,3],[4,4],[4,17],[3,3],[1,2],[4,-5],[8,-9],[1,-1],[10,-5],[3,-10],[0,-1],[5,-7],[29,-9],[5,7],[9,15],[2,-1],[3,5],[6,22],[7,5],[12,1],[3,4],[1,7],[-9,21],[-9,30],[1,12],[2,10],[-3,31],[-10,20],[-3,3],[-7,9],[-1,6],[0,1],[0,1],[2,10],[2,11],[4,7],[1,13],[1,0],[4,2],[6,-9],[0,-9],[1,-8],[3,-10],[16,0],[2,1],[7,-13],[1,-3],[4,-9],[6,-4],[5,6],[4,18],[-4,14],[1,13],[1,3],[1,10],[-1,2],[-6,18],[0,5],[12,25],[0,8],[-2,11],[2,13],[0,1],[-1,15],[3,7],[3,20],[0,31],[2,8],[6,7],[9,24],[0,3],[0,3],[-3,10],[1,13],[0,5],[-9,16],[-9,2],[-6,2],[-7,16],[-1,16],[-9,12],[-5,14],[0,7],[0,23],[-10,10],[1,18],[-1,5],[2,4],[8,10],[-8,18],[3,14],[-3,7],[-4,1],[-1,1],[-5,3],[-11,15],[-2,2],[-10,8],[-2,4],[-3,7],[5,10],[-2,19],[4,21],[0,11],[-2,4],[-3,7],[0,8],[3,5],[6,2],[6,1],[2,5],[1,5],[8,-6],[3,-2],[0,-1],[3,6],[6,-3],[1,4],[-1,3],[0,1],[-6,6],[7,8],[7,-2],[-1,-3],[-1,-6],[2,-7],[8,-1],[1,-2],[6,8],[3,1],[3,-7],[0,1],[6,5],[0,1],[0,1],[0,1],[-2,6],[-6,9],[-3,9],[-7,19],[-2,13],[8,4],[4,11],[0,10],[0,1],[4,6],[2,-3],[4,-8],[7,-2],[4,-1],[1,19],[0,1],[-2,9],[1,3],[18,17],[1,1],[2,7],[1,0],[3,11],[2,1],[2,-3],[4,-5],[3,3],[9,19],[-1,3],[-1,9],[10,14],[2,6],[-1,2],[0,2],[-6,7],[-4,9],[-2,1],[0,1],[-1,0],[-1,0],[-5,2],[5,17],[-4,10],[4,3],[4,3],[10,0],[8,3],[-2,12],[1,3],[1,3],[18,-6],[0,7],[1,18],[11,1],[2,6],[2,17],[14,20],[6,12],[0,1],[1,24],[-1,12],[-3,7],[3,6],[1,15],[0,1],[3,9],[9,2],[3,10],[-1,4],[-1,5],[1,12],[-5,7],[-2,6],[0,10],[3,7],[-2,4],[-1,3],[-5,-1],[-5,14],[-9,-2],[-1,1],[1,5],[1,2],[-1,1],[0,1],[-10,4],[-2,8],[0,1],[1,7],[-7,10],[-1,10],[1,6],[0,10],[-5,7],[0,30],[-4,4],[-3,22],[0,3],[-3,6],[4,7],[0,3],[0,2],[-3,4],[-5,0],[-3,8],[0,12],[4,11],[-7,14],[2,15],[3,9],[0,1],[5,-3],[17,3],[0,8],[-1,12],[6,3],[1,1],[6,-5],[1,1],[1,2],[-1,9],[4,26],[6,11],[-1,9],[4,5],[-1,11],[1,3],[1,4],[-1,7],[5,-6],[1,0],[1,0],[4,9],[2,1],[14,5],[7,16],[2,3],[2,-5],[4,-8],[8,-4],[0,1],[8,8],[12,0],[0,-1],[15,-10],[4,-6],[4,2],[12,-3],[4,6],[-2,11],[1,0],[1,7],[5,9],[0,1],[-3,5],[5,15],[4,5],[3,9],[18,10],[1,1],[2,4],[-1,7],[6,4],[3,11],[6,1],[4,21],[6,-2],[6,9],[5,-2],[-1,2],[2,7],[-3,8],[4,8],[0,3],[0,3],[6,7],[3,4],[-5,5],[-1,3],[0,2],[11,21],[8,37],[-1,17],[-2,19],[1,15],[4,20],[5,12],[2,10],[-1,0],[14,39],[16,25],[10,1],[3,4],[9,8],[9,2],[2,1],[2,-1],[6,-3],[4,-6],[11,-13],[9,-2],[19,6],[6,2],[7,10],[2,11],[8,18],[8,13],[4,1],[5,14],[10,11],[9,25],[23,-2],[11,17],[5,14],[4,20],[3,8],[1,9],[-3,9],[0,20],[5,10],[-1,2],[3,12],[2,3],[3,3],[13,6],[5,7],[1,2],[10,28],[2,10],[1,0],[4,10],[6,8],[3,12],[5,10],[5,4],[5,3],[2,9],[4,2],[3,6],[2,0],[4,1],[2,-6],[1,-1],[1,0],[10,1],[9,11],[1,11],[-1,3],[-4,6],[4,14],[11,6],[1,2],[0,2],[9,2],[7,10],[0,1],[7,2],[5,5],[1,10],[-3,10],[0,11],[-3,8],[-3,21],[0,19],[-5,14],[-4,3],[-1,3],[6,16],[4,1],[11,13],[6,17],[-1,15],[12,29],[4,14],[3,3],[3,2],[3,6],[4,11],[3,5],[7,3],[0,1],[4,8],[1,3],[1,6],[8,10],[10,-3],[29,7],[21,1],[1,3],[6,12],[8,7],[12,-5],[9,-10],[8,-3],[6,-7],[4,-4],[3,-1],[5,0],[2,-4],[1,0],[-4,-15],[4,-3],[0,-14],[13,-11],[7,-16],[0,-1],[-3,-9],[-10,-7],[-1,-1],[1,-7],[-1,-2],[-1,-2],[11,-8],[2,-16],[-1,-9],[1,-7],[10,-4],[1,-7],[4,-6],[1,-9],[6,-5],[3,-22],[16,-10],[2,-7],[5,-8],[-1,-18],[1,-13],[-6,-27],[4,-7],[1,-1],[3,-11],[0,-25],[-4,-15],[7,-4],[2,1],[7,4],[2,-1],[3,-1],[4,-7],[4,-15],[4,-9],[1,-3],[-2,-9],[-2,-8],[1,-2],[-7,-9],[-2,-24],[-11,-26],[18,-22],[3,-5],[0,-8],[5,-10],[0,-2],[9,-4],[4,-14],[2,-15],[11,-12],[13,0],[6,-11],[17,-3],[4,1],[7,8],[9,1],[7,-9],[13,26],[1,2],[13,-3],[16,-34],[17,3],[7,8],[9,-1],[9,19],[0,8],[-15,26],[11,12],[3,1],[10,2],[7,10],[10,2]],[[3727,4657],[-6,-22],[-5,-4],[-3,-7],[-6,-24],[-4,5],[-4,9],[-5,3],[-19,8],[-10,-2],[-6,-6],[-10,1],[-6,-7],[-4,-9],[6,4],[2,-11],[-2,-17],[3,-18],[5,-26],[4,-8],[-3,1],[2,-6],[-1,-11],[3,-14],[-3,-18],[-2,-20],[-5,-1],[3,-10],[4,-7],[9,2],[-1,-7],[-6,-13],[0,-7],[2,-4],[6,0],[-3,-5],[10,-4],[3,-5],[3,-2],[-1,-4],[2,-6],[1,-2],[2,1],[-2,-10],[-5,4],[-2,-5],[2,-3],[2,-12],[7,-12],[0,-9],[-7,-12],[1,-14],[-3,-9],[-4,-2],[3,-5],[0,-6],[-8,-13],[-2,1],[-3,10],[-9,-13],[-6,-1],[-8,14],[-11,7],[-3,8],[-7,1],[-2,5],[-2,-7],[0,-9],[1,-8],[0,-20],[-6,-3],[-5,-12],[-11,-42],[-10,-14],[-1,-13],[-7,-17],[-6,-3],[-3,-15],[-1,-15],[12,-6],[2,-13],[3,-5],[0,-5],[2,-14],[-1,-4],[1,-5],[-3,-4],[1,-8],[-3,0],[1,-20],[-6,-1],[1,-8],[-4,3],[-3,-8],[-3,-4],[-3,1],[-5,-6],[-2,-8],[6,-4],[4,-1],[5,-9],[2,2],[2,11],[7,-4],[3,-6],[-2,-7],[1,-5],[5,-2],[4,-6],[4,1],[4,-12],[6,-1],[5,6],[1,-2],[0,-7],[3,-12],[8,-6],[5,-15],[5,-11],[0,-6],[1,-5],[-3,-8],[4,-5],[-6,-13],[3,-11],[-3,-11],[3,-11],[-2,-15],[-5,-5],[-1,12],[-3,6],[-2,11],[-3,-7],[-4,8],[-3,-1],[-7,-6],[0,-8],[-3,-2],[-6,12],[-8,-9],[-6,4],[-4,-5],[-7,6],[-2,0],[-2,-5],[-6,3],[-3,5],[-12,3],[-2,-7],[-3,-5],[-13,-8],[-3,-14],[0,-9],[-7,-11],[-3,-10],[-7,-1],[-7,8],[-7,2],[-2,7],[-4,6],[-3,0],[-3,-4],[-3,-13],[-9,-1],[-2,-8],[-3,-5],[-4,3],[-5,14],[-3,4],[-6,-4],[-1,-10],[-9,2],[-7,-9],[-17,13],[-13,-2],[-1,-8],[-3,-5],[0,-8],[-8,-17],[-2,-12],[-8,-13],[-1,-5],[0,-5],[-2,-7],[8,-4],[-2,-7],[-3,-3],[-5,3],[-12,-8],[4,-8],[14,-6],[0,-5],[-5,-4],[-9,3],[-4,-2],[-3,-4],[-1,-11],[-6,-7],[-4,-11],[-11,-2],[-20,-16],[-3,-5],[-2,-9],[-4,-3],[0,-13],[9,-8],[3,-18],[6,-4],[8,0],[4,-13],[8,-6],[10,-20],[1,3],[-2,15],[2,7],[7,3],[6,-10],[-2,-12],[1,-6],[3,-1],[5,2],[1,-7],[-2,-5],[0,-6],[2,-16],[-4,-13],[-3,1],[-2,-6],[-2,2],[-8,-6],[-5,1],[-3,-7],[-2,19],[-41,1],[-16,-4],[-5,-4],[0,-18],[-7,-7],[-3,-14],[-14,-1],[-3,4],[-8,-3],[-4,1],[-4,-5],[4,-14],[3,-3],[-1,-11],[3,-6],[0,-10],[3,-8],[0,-21],[3,-5],[0,-4],[-1,-3]],[[3253,3352],[0,-1],[-3,-12],[-4,-1],[-3,14],[-1,-1],[-12,-16],[-10,-3],[-18,5],[-2,13],[0,2],[-11,-21],[-21,-10],[-13,6],[0,-3],[0,-3],[-10,-16],[-1,-1],[-17,9],[-1,-1],[-1,-1],[-4,-2],[-8,-18],[-11,4],[-28,-17],[-9,-8],[-4,1],[-2,0],[-10,-7],[-3,4],[-10,-2],[-18,9],[-20,-13],[-9,-2],[-3,-7],[-8,-2],[-2,6],[-11,-16],[-9,1],[-21,5],[-14,15],[-12,8],[-5,6],[-13,18],[-12,10],[-2,1],[0,1],[-24,43],[-18,53],[-20,16],[-18,14],[-26,29],[-14,14],[-1,2],[-62,90],[-1,1],[-26,25],[-2,3],[-25,52],[-10,7],[-5,4],[-18,13],[-5,4],[-12,11],[-7,7],[-1,1],[-9,9],[-5,-20],[-13,5],[-20,12],[-2,7],[-9,24],[-16,20],[-12,21],[-1,12],[-12,24],[-12,33],[-4,2],[0,-3],[-6,-2],[-22,7],[-24,2],[-42,10],[-28,-1],[-8,-14],[-3,-17],[-10,-15],[-4,-16],[-12,-24],[0,-14],[-10,-13],[-6,-18],[1,-38],[-29,-14],[-6,2],[-15,6],[-6,12],[-8,18],[-16,20],[0,1],[-16,22],[-9,10],[-8,15],[-10,8],[-3,5],[-2,1],[-10,3],[-11,-2],[-3,5],[-49,78],[-6,10],[-3,3],[-65,107],[0,-3],[-4,7],[-7,3],[-22,3],[-33,6],[-6,1],[-5,8],[-4,1],[-11,10],[-4,0],[-7,19],[-1,3],[-23,23],[-2,1],[-12,10],[0,1],[-1,1],[-8,10],[-40,48],[-12,11],[-39,40],[-33,31],[1,67],[5,20],[-13,18],[-7,3],[-6,11],[-15,23],[0,3],[0,21],[0,2],[-5,11],[1,10],[-4,5],[-21,21],[-20,9],[-25,-2],[-15,7],[-3,1],[-2,-4],[0,-5],[-5,-8],[-3,-10],[0,-8],[1,-2],[1,-2],[10,-5],[0,-1],[1,-4],[1,-3],[-2,-15],[-5,-11],[-2,-7],[-36,-6],[-9,1],[-20,-16],[-4,9],[3,15],[1,4],[12,8],[-10,29],[-7,-6],[-4,-5],[-2,12],[-1,1],[-2,1],[-3,3],[-2,1],[-1,7],[0,3],[0,2],[3,1],[12,-2],[9,3],[4,15],[-1,2],[-7,16],[3,36],[-26,56],[-9,7],[-3,5],[-12,24],[-57,129],[0,2],[-1,1],[2,66],[0,21],[-5,14],[-13,36],[-8,32],[-1,3],[-2,3],[-10,3],[-12,5],[-54,18],[-73,26],[-12,7],[-8,12],[0,1],[-3,4],[-4,6]],[[1493,9017],[-4,16],[4,15],[7,22],[3,3],[6,7],[-1,24],[2,6],[-1,12],[2,16],[-5,27],[4,4],[2,15],[-4,4],[-6,22],[-4,3],[-6,13],[-1,8],[-12,10],[0,1],[-8,21],[1,8],[4,5],[13,6],[20,2],[8,8],[13,3],[0,3],[-1,5],[1,0],[3,0],[3,-6],[0,-9],[8,-10],[4,-1],[15,4],[4,17],[21,44],[12,11],[1,1],[6,4],[4,8],[1,7],[2,5],[3,9],[4,4],[18,17],[4,7],[-1,8],[0,1],[1,17],[-3,16],[-4,13],[1,9],[5,13],[0,24],[4,12],[11,15],[10,48],[0,7],[-16,0],[-2,18],[2,7],[6,2],[4,2],[6,13],[8,8],[-4,18],[-5,9],[-2,3],[-7,-1],[-2,0],[-11,16],[2,15],[3,8],[5,11],[0,8],[-3,8],[3,23],[-7,11],[0,16],[-5,13],[4,5],[23,-1],[5,2],[7,25],[-7,8],[-1,8],[-3,1],[-2,1],[-6,11],[-13,5],[0,8],[4,13],[-2,15],[3,6],[0,2],[2,15],[11,1],[13,2],[3,-6],[4,-8],[5,-2],[1,4],[1,3],[4,-2],[2,-1],[11,-12],[3,-6],[3,-6],[14,-9],[4,-7],[5,-26],[16,-19],[5,-1],[4,4],[11,-4],[13,-6],[10,-8],[11,-8],[9,-2],[9,2],[5,-5],[4,4],[1,7],[0,2],[-6,12],[0,53],[0,1],[1,2],[1,5],[9,5],[-2,26],[3,23],[3,5],[14,-6],[10,-10],[3,-3],[4,-8],[2,-4],[22,-10],[4,3],[7,15],[6,10],[-2,20],[-3,30],[3,6],[18,-5],[6,-11],[9,-1],[11,-15],[22,-16],[25,-8],[7,-10],[9,-7],[7,-11],[19,-5],[2,-7],[0,-16],[2,-5],[1,-2],[8,-9],[9,-5],[7,-9],[13,1],[13,-11],[14,3],[8,8],[9,-6],[13,1],[0,-1],[3,-5],[4,-1],[5,-13],[3,-3],[7,-6],[7,1],[11,1],[9,-6],[5,13],[4,1],[9,-5],[5,0],[13,-19],[2,-11],[1,-2],[4,-9],[5,1],[7,-9],[7,-5],[6,-4],[5,1],[8,-10],[4,2],[22,-7],[9,2],[2,6],[2,10],[0,6],[3,0],[2,0],[7,-10],[4,0],[1,-1],[1,-2],[2,-4],[0,-8],[-2,-7],[-4,-5],[3,-6],[7,-4],[5,-4],[5,-13],[8,-4],[7,-9],[2,-7],[3,-5],[4,3],[6,-4],[7,19],[9,3],[2,7],[-2,13],[0,10],[4,4],[8,2],[7,-10],[3,-5],[4,-1],[8,7],[0,1],[1,-1],[19,-17],[2,16],[5,12],[2,1],[2,3],[1,15],[2,7],[4,0],[3,6],[14,2],[7,-8],[5,-13],[4,-2],[9,0],[7,-10],[2,-8],[-1,-15],[1,-6],[2,-8],[7,-9],[2,-8],[-2,-7],[3,-15],[6,-23],[1,-5],[-13,-21],[0,-1],[2,-7],[-1,-7],[-8,-26],[6,-11],[1,-4],[1,-4],[-2,-14],[0,-1],[3,-5],[0,-8],[-13,-8],[-4,-29],[-4,-5],[-2,-7],[1,-5],[1,-2],[8,-13],[1,-8],[4,-3],[18,2],[9,-18],[-1,-7],[-1,-8],[3,-16],[7,-10],[-2,-7],[4,-4],[13,-9],[2,-6],[9,-6],[19,7],[9,-3],[4,-14],[-3,-8],[-1,-8],[3,-6],[0,-7],[-6,-21],[0,-8],[15,-4],[12,-11],[2,-7],[0,-1],[-9,-21],[-1,-8],[1,-8],[-12,-7],[-8,-7],[-4,-7],[-2,-15],[-5,0],[-2,-6],[0,-2],[9,-3],[9,-14],[1,-1],[-1,-1],[-5,-11],[-3,-15],[2,-7],[-2,-7],[-1,-8],[-2,-7],[-4,-4],[-4,0],[-5,-14],[6,-32],[6,-4],[9,5],[5,2],[5,0],[9,-5],[10,1],[4,-3],[10,4],[14,-6],[6,12],[8,9],[9,-3],[20,-24],[4,-2],[13,2],[4,-5],[4,-22],[0,-1],[0,-9],[6,-11],[8,-6],[3,-7],[13,-1],[8,8],[3,6],[1,15],[9,-3],[10,-4],[1,-5],[3,-8],[7,-11],[1,-16],[6,-12],[5,3],[7,-10],[4,-13],[0,-8],[2,-2],[2,-2],[15,20],[-1,6],[-1,9],[4,1],[4,-3],[2,-7],[3,-5],[7,9],[4,-1],[3,-6],[4,-13],[4,-2],[6,-12],[4,-3],[10,-15],[3,-18],[11,-16],[14,-8],[4,-9],[10,-8],[8,5],[15,-14],[2,-4],[1,-1],[1,-9],[-3,-7],[2,-8],[12,-15],[3,-9],[9,-9],[2,-6],[3,-3],[17,15],[7,11],[10,32],[3,3],[16,-15],[7,-4],[4,-9],[9,-8],[4,-3],[0,-13],[2,-8],[-1,-10],[2,-8],[2,-16],[4,-5],[2,-9],[6,-5],[4,-8],[6,0],[7,-30],[5,-9],[2,-14],[7,-15],[1,-11],[5,-9],[2,-2],[13,-12],[11,-4],[3,-1],[9,-7],[6,-11],[0,-7],[-2,-9],[0,-2],[-12,-15],[1,-15],[0,-2],[-12,-6],[-1,0],[-3,-13],[3,-11],[23,-9],[8,6],[2,5],[9,0],[3,7],[3,3],[7,-3],[5,7],[7,-2],[10,10],[2,7],[1,5],[1,1],[4,3],[4,0],[4,4],[4,-6],[4,-19],[9,-16],[5,-2],[7,3],[5,-4],[2,-5],[1,-2],[0,-10],[4,-22],[4,-11],[4,-6],[0,-1],[0,-1],[-2,-3],[-8,-9],[1,-2],[-2,-12],[-3,-2],[-7,-5],[-12,-18],[-6,0],[-5,5],[-9,-9],[3,-23],[-11,-21],[3,-8],[0,-15],[5,-6],[16,9],[2,4],[3,6],[3,-1],[3,0],[4,-6],[6,11],[5,-3],[6,3],[7,-5],[6,2],[2,0],[3,-7],[0,-13],[1,-27],[16,-3],[0,-4],[7,-12],[-1,-21],[-4,-6],[20,-15],[3,1],[14,-13],[5,-3],[13,7],[12,-2],[1,-1],[4,-13],[0,-1],[0,-2],[-2,-8],[-6,-13],[1,-8],[3,-14],[11,-16],[7,-1],[3,2],[4,4],[22,-13],[1,-2],[1,-3],[3,0],[9,4],[11,14],[5,-1],[6,3],[2,17],[4,4],[10,3],[11,-5],[5,7],[3,7],[1,0],[2,0],[3,0],[9,-14],[0,1],[11,8],[0,-2],[8,-19],[8,-10],[-1,-9],[-2,-4],[-1,-1],[-1,-2],[0,-9],[-5,-17],[4,-1],[4,-1],[0,-6],[0,-5],[3,-5],[2,-3],[6,-8],[5,0],[6,0],[6,4],[1,3],[3,5],[8,2],[7,1],[8,-12],[0,-1],[5,4],[6,0],[5,10],[4,9],[3,-11],[4,-7],[0,-4],[0,-7],[9,-7],[0,-17],[3,-2],[11,10],[1,0],[3,-6],[3,-9],[6,-42],[8,-2],[6,-8],[9,2],[5,-4],[0,-1],[0,-19],[-1,-3],[4,-7],[1,-9],[15,-8],[3,-7],[3,-2],[7,6],[-3,8],[0,4],[1,4],[0,1],[13,5],[1,2],[1,3],[3,5],[2,-2],[2,-2],[10,-1],[0,17],[1,3],[3,8],[1,2],[7,-14],[6,-12],[1,0],[5,11],[7,6],[4,-6],[6,3],[19,-19],[-2,-17],[-5,-15],[0,-3],[-1,-13],[4,-3],[3,-2],[5,4],[8,-9],[6,2],[10,11],[1,8],[0,1],[-1,2],[-1,12],[5,3],[2,2],[5,5],[1,-5],[1,-7],[8,3],[16,-5],[0,-10],[-2,-9],[0,-7],[-1,-5],[-2,-8],[12,-12],[7,-7],[3,-9],[12,1],[1,0],[5,-4],[17,2],[1,0],[0,-9],[8,-10],[3,-4],[9,2],[8,-15],[-3,-12],[-4,0],[-5,-7],[-1,-1],[-6,5],[-6,-4],[-6,6],[-4,-1],[4,-15],[-6,-15],[2,-11],[0,-2],[6,-5],[0,-1],[3,-7],[1,-2],[1,-17],[5,-10],[-1,-7],[1,-3],[-1,-4],[0,-2],[-2,-5],[1,-3],[0,-12],[5,1],[5,-12],[8,-10],[1,0],[13,14],[11,-12],[9,8],[2,6],[1,4],[5,5],[6,-11],[10,-2],[3,-9],[15,-12],[1,-1],[3,-6],[-2,-7],[3,-11],[0,-15],[-7,-9],[1,-2],[1,-13],[0,-1],[-2,-6],[12,-17],[3,-19],[3,-1],[5,2],[1,1],[5,-7],[0,-3],[-3,-4],[1,-16],[8,-13],[1,-14],[4,-2],[3,-1],[5,-10],[19,-5],[21,0],[1,-1],[2,-26],[6,-12],[4,-4],[2,-3],[-7,-12],[1,-13],[3,-12],[0,-3],[-14,-14],[4,-10],[0,-12],[-3,-11],[5,-6],[-2,-13],[2,-5],[0,-1],[8,0],[6,-16],[12,0],[8,-23],[0,-1],[-3,-11],[5,-16],[-2,-11],[-2,-9],[-4,-9],[0,-11],[-2,-9],[0,-1],[5,-3],[3,-2],[-1,-16],[6,-2],[3,-4],[0,-9],[6,-8],[-2,-9],[7,-1],[3,-10],[0,-13],[3,-6],[7,-1],[1,0],[4,10],[6,7],[10,-3],[-1,-9],[7,-4],[1,-11],[-3,-9],[3,-8],[5,-2],[0,-30],[22,0],[2,-8],[3,-4],[-2,-11],[6,-5],[-8,-17],[-1,-6],[0,-2],[3,-4],[0,-7],[-1,-5],[2,-6],[0,-2],[1,0],[4,-4],[9,-8],[1,-12],[4,-5],[1,-2],[1,-4],[4,-3],[10,-4],[6,-3],[4,10],[11,3],[1,-2],[8,-4],[1,-9],[-4,-5],[0,-1],[0,-7],[1,-8],[7,-7],[1,-5],[0,-5],[-1,-8],[18,-15],[7,2],[3,2],[7,6],[6,7],[1,-1],[5,-14],[1,0],[0,-8],[7,-6],[3,-2],[3,-5],[2,-2],[3,-12],[5,-5],[10,7],[2,3],[1,3],[1,10],[1,2],[4,-1],[1,0],[9,19],[7,-6],[4,-10],[-5,-11],[1,-23],[12,-8],[5,-12],[-2,-5],[0,-20],[5,-13],[0,-17],[1,-3],[-14,-1],[-10,3],[-11,-13],[-1,-14],[2,-10],[-3,-12],[-4,0],[-13,7],[-9,-1],[-10,-22],[-6,2],[-1,-10],[2,-6],[12,-14],[2,-9],[3,-4],[-1,-23],[2,-21],[-6,-2],[-8,-6],[-2,-11],[1,-22],[-1,-6],[-7,-20],[4,-19],[-2,-13],[3,-8],[-1,-6],[-5,-5],[7,-21],[-4,-18],[2,-9],[-1,-17],[-6,-12],[-1,-7],[-6,0],[-6,13],[-9,-4],[-6,-17],[0,-10],[-2,-12],[-5,-7],[1,-9],[-2,-10],[-2,-5],[-5,-3],[-4,-16],[-6,-10],[-6,5],[-4,-1],[-2,-8],[1,-8],[-2,-11],[-10,-22],[-10,-24],[-8,-13],[-6,-2],[-1,-12],[-6,-15],[-10,-20],[-11,-12],[-8,-18],[8,-29],[1,-20],[-5,-13],[-1,-14],[-4,-6],[0,-2],[-8,9],[-13,-4],[-1,-17],[4,-14],[-5,-19],[1,-18],[6,-12],[0,-12],[3,-8],[-1,-32],[-3,-9],[-1,-10],[-28,-7],[-6,-15],[-12,-12],[-5,2],[-7,-3],[-32,-20],[-13,1],[-14,6],[-6,-17],[-7,-6],[-4,-23],[-15,-25],[-8,-1],[-7,5],[-30,5],[-16,-5],[-5,-8],[-13,-2],[-20,-15],[-6,-9],[-8,8],[-14,3],[-13,9],[-11,12],[-3,12],[-10,7],[-7,-5],[-9,-17],[-7,-5],[-12,9],[-4,6],[-13,14],[-24,4],[-16,6],[-10,-1],[-1,0],[-3,-11],[0,-22],[4,-7],[-2,-13],[2,-6],[-1,-6],[2,-6],[5,-15],[-1,-19],[3,-7],[-3,-13],[-8,-6],[-1,-7],[5,-22],[-9,-15],[-5,-4],[-10,0],[-5,7],[-4,-3],[-1,-13],[7,-15],[-1,-20],[-10,-30],[0,-29],[-2,-2],[-8,3],[-14,7],[-14,-10],[-5,-13],[-7,-4],[-10,-1],[-11,-8],[-8,14],[-10,10],[-9,-11],[-14,2],[-7,-11],[-6,0],[-6,4],[-4,-2],[-9,2],[0,3],[-6,5],[-5,-2],[-7,11],[-8,-4],[-3,-7],[-3,-13],[-6,-13],[-13,-12],[0,-6],[-5,-24],[2,-12],[5,-11],[5,-16],[12,-17],[7,1],[5,-10],[4,-1],[0,-17],[-4,-12],[-2,-20],[-8,-21],[-12,19],[-6,5],[-5,-2],[-4,11],[-11,6],[-3,8],[-6,3],[-3,7],[-8,4],[-7,0],[-4,-7],[-2,0],[-1,-15],[-2,-7],[1,-8],[-3,-23],[2,-12],[-2,-5],[1,-7],[-2,-7],[3,-6],[-23,-30],[-22,0],[14,-21],[2,-16],[5,-14],[14,-26],[6,-5],[2,-5],[-4,-7],[-6,-3],[-21,10],[-9,-8],[-1,-7],[2,-13],[3,-5],[0,-12],[5,-13],[-1,-7],[9,-11],[9,-3],[7,-10],[4,-15],[6,-7],[-3,-16],[8,-25],[1,-20],[-4,-16],[8,-3],[17,2],[2,-9],[7,0],[-2,-11],[5,-6],[2,-12],[3,-6],[-3,-13],[4,-11],[5,-6],[2,-18],[-3,-10],[8,-1],[8,-6],[15,5],[9,-12],[8,-8],[12,-44],[4,-2],[4,3],[4,-2],[3,-4],[4,-14],[8,-2],[10,-7],[8,1],[5,6],[10,-14],[12,-3],[6,-10],[3,-7],[0,-21],[8,-11],[4,-15],[8,-6],[8,-27],[6,-2],[0,-10],[-2,-10],[-2,-29]],[[4755,2688],[-21,-20],[-22,-9],[-19,-8],[-10,-9],[-5,-5],[-1,-8],[5,-32],[5,-16],[-1,-13],[-2,-21],[16,-3],[24,-2],[1,-13],[-4,-20],[-7,-15],[-7,-6],[0,-12],[-5,-11],[-20,-16],[-11,-13],[-7,11],[-5,7],[-26,39],[-24,21],[-18,17],[-2,2],[-1,0],[-43,40],[-18,16],[-45,42],[-2,1],[-17,17],[-1,1],[-9,9],[-23,23],[-33,28],[-30,26],[-9,1],[-69,6],[-54,5],[-21,2],[-12,1],[-91,8],[-21,2],[4,-8],[-4,-8],[-1,-6],[8,-2],[1,0],[0,-7],[0,-1],[3,-3],[4,5],[1,-3],[-3,-6],[0,-9],[3,-6],[-4,-21],[-4,-6],[-2,0],[-3,1],[-2,-5],[-1,0],[-7,-6],[0,-2],[1,-2],[2,-3],[0,-1],[-2,-5],[0,-3],[0,-1],[9,-14],[1,-11],[4,-6],[6,-6],[-1,-3],[7,-1],[2,-8],[3,-1],[0,-3],[0,-2],[-4,-2],[-1,-10],[0,-6],[-8,-18],[-2,0],[-2,-6],[-4,0],[-5,-10],[-5,-3],[1,-11],[1,-2],[2,-3],[-2,-8],[3,-11],[-7,-12],[-10,-3],[-1,-2],[-2,-10],[2,-11],[0,-7],[-5,2],[-2,-6],[-4,0],[-9,-13],[1,-3],[1,-15],[-4,4],[-6,-6],[2,-5],[0,-1],[-11,-4],[-1,-8],[-8,-4],[-2,1],[-3,-2],[-1,-1],[0,1],[-3,4],[-1,-1],[-4,6],[-1,0],[0,1],[-8,1],[1,-2],[0,-2],[-4,-7],[3,-7],[-5,4],[-7,5],[0,-1],[-4,-5],[-5,8],[-1,-1],[-1,1],[-3,0],[-2,-1],[-1,2],[-1,0],[-1,2],[0,1],[-24,41],[-9,31],[2,7],[6,37],[-18,25],[-21,31],[-3,2],[-15,11],[-10,14],[-4,8],[-5,8],[-8,26],[-9,27],[-10,20],[-18,5],[1,-1],[-11,4],[-1,0],[-23,-2],[-16,-2],[-27,-3],[-21,-2],[-23,-2],[-7,-3],[-43,-7],[-13,9],[-9,4],[-22,10],[-46,19],[-8,4],[-6,12],[-6,10],[-6,35],[0,1],[-1,2],[-11,21],[-5,1],[-6,0],[-35,-1],[-27,-6],[-27,2],[0,1],[-17,5],[-41,-13],[-20,9],[-12,1],[-21,2],[-28,5],[0,3],[0,9],[3,1],[-1,1],[1,22],[7,-4],[-2,11],[1,0],[4,0],[1,-2],[0,-2],[3,8],[-1,1],[0,1],[0,1],[1,2],[-1,5],[-1,-1],[-1,-1],[0,3],[0,2],[-2,2],[3,7],[-3,-3],[1,3],[-1,0],[0,1],[-4,0],[1,4],[1,0],[1,1],[-1,4],[-1,0],[-2,2],[0,1],[1,0],[0,4],[0,3],[0,1],[2,2],[-2,1],[-1,3],[1,0],[1,1],[-2,4],[1,3],[-3,-1],[-2,3],[4,8],[-2,0],[-1,1],[-1,4],[3,-2],[2,7],[6,2],[0,1],[-3,14],[4,4],[5,7],[-5,15],[0,1],[2,5],[0,2],[0,2],[2,2],[2,18],[4,6],[0,2],[0,1],[0,2],[-7,12],[0,1],[-6,3],[0,12],[-4,11],[-4,5],[-5,7],[1,2],[1,2],[-1,5],[-1,5],[1,2],[-3,6],[5,7],[-8,6],[5,1],[2,2],[1,2],[-4,6],[5,9],[-3,8],[3,4],[0,9],[-2,6],[-3,-1],[0,8],[-7,-1],[1,3],[2,2],[1,2],[0,1],[-1,9],[0,1],[-6,13],[-1,1],[-1,1],[-2,-2],[-2,-3],[-2,4],[2,7],[-8,2],[-3,6],[4,3],[1,2],[0,2],[-3,7],[3,4],[0,1],[0,7],[-1,2],[0,12],[2,8],[2,7],[-3,10],[-7,9],[-5,18],[-1,21],[3,26]],[[3727,4657],[9,-3],[6,-9],[5,-1],[8,6],[3,6],[7,3],[2,-3],[2,-14],[7,0],[4,6],[14,30],[5,4],[4,9],[7,-9],[2,-10],[3,-4],[3,-9],[20,32],[7,-15],[18,-22],[2,-9],[8,-9],[4,0],[0,-11],[5,-7],[4,-12],[3,-2],[0,-6],[2,-3],[7,-14],[1,-10],[5,-3],[6,-3],[2,-5],[5,-2],[4,-5],[3,-8],[1,-10],[4,-7],[1,-5],[1,-6],[7,0],[4,-6],[2,-5],[0,-8],[4,-10],[5,8],[5,-2],[7,6],[13,1],[4,7],[7,5],[12,-19],[10,1],[7,-4],[9,3],[8,8],[7,2],[3,8],[3,0],[1,-4],[8,-9],[2,-15],[7,-8],[1,-15],[6,-5],[11,-26],[4,5],[3,4],[7,-31],[5,-10],[8,-6],[1,-6],[5,-5],[0,-7],[3,-8],[6,-2],[2,-20],[4,-7],[4,1],[7,8],[5,0],[3,4],[2,-4],[4,-9],[3,-2],[6,3],[9,15],[4,-6],[5,2],[1,3],[9,1],[1,-2],[4,-3],[0,-2],[-2,-17],[-3,-8],[5,-4],[5,-1],[4,-9],[9,4],[8,6],[8,20],[6,3],[8,-14],[5,-3],[5,2],[8,-11],[8,9],[7,2],[12,-8],[1,-4],[1,-23],[6,-5],[6,-9],[0,-5],[-4,-10],[1,-4],[5,-8],[6,-1],[4,-4],[2,-14],[5,-11],[-10,-9],[-5,-19],[-2,-3],[-7,-1],[0,-4],[4,-11],[-2,-5],[-4,-28],[0,-6],[6,-4],[-4,-10],[2,-4],[10,-5],[4,0],[5,3],[6,-17],[2,-3],[7,0],[1,-10],[6,-1],[3,-15],[6,-3],[2,-4],[3,-5],[4,6],[5,-2],[4,-7],[6,-1],[5,-8],[0,15],[3,8],[4,5],[7,4],[3,-6],[9,-8],[9,-2],[10,5],[2,2],[7,0],[2,9],[3,-2],[3,1],[10,11],[4,16],[5,-5],[2,4],[4,10],[-5,3],[-3,-3],[-1,10],[-3,3],[4,4],[1,-1],[2,6],[-1,5],[2,4],[-4,5],[3,12],[10,1],[5,7],[3,10],[5,8],[-2,26],[-3,6],[0,14],[3,3],[-9,17],[10,-2],[7,2],[4,7],[3,12],[5,8],[3,0],[-2,7],[-9,10],[-7,13],[-12,12],[2,2],[2,14],[-1,9],[5,12],[8,5],[15,30],[13,3],[4,-2],[9,-1],[8,-5],[2,1],[0,5],[6,14],[0,10],[-5,13],[2,3],[5,14],[-2,3],[-3,4],[-6,21],[-1,20],[8,4],[11,16],[6,3],[7,-7],[2,6],[3,0],[1,9],[5,3],[10,12],[3,15],[2,15],[1,1],[3,-6],[3,2],[-14,21],[15,31],[7,9],[8,16],[-3,21],[-13,3],[-10,-2],[-7,7],[-5,0],[-2,5],[-9,4],[-5,8],[-3,-6],[-13,14],[2,9],[9,13],[0,6],[-2,5],[-14,12],[4,13],[4,7],[1,6],[7,16],[-2,4],[-6,2],[-8,9],[-5,17],[-13,12],[-9,23],[-1,13],[-15,16],[1,19],[-8,14],[-3,14],[2,10],[4,8],[-7,2],[0,4],[-3,3],[-12,21],[-1,13],[-3,4],[-2,9],[2,3],[4,-2],[9,-8],[21,2],[9,-5],[9,1],[15,-4],[4,3],[-1,23],[-2,4],[-4,2],[-3,-8],[-8,-1],[-7,14],[-3,15],[-6,15],[7,32],[-2,11],[21,49],[1,10],[-2,23],[6,10],[10,8],[5,0],[4,3],[3,11],[6,13],[2,14],[7,9],[-1,1],[2,7],[7,10],[9,20],[6,8],[6,-3],[3,2],[10,27],[9,12],[-2,19],[-21,42],[-4,12],[-2,19],[-5,12],[1,8],[5,14],[4,10],[13,14],[12,0],[18,18],[8,3],[8,12],[17,10],[-2,15],[-6,17],[-12,48],[-7,19],[-9,10],[-8,19],[-17,21],[-11,18],[-19,15],[-10,13],[2,9],[13,14],[14,29],[8,-1],[3,3],[1,7],[10,2],[7,12],[11,8],[12,-2],[4,-5],[7,-4],[3,9],[7,2],[8,26],[7,8],[8,6],[0,18],[3,13],[3,28],[3,9],[14,19],[9,-2],[20,12],[7,12],[0,13],[4,31],[0,6],[-6,9],[0,6],[4,13],[-3,11],[7,15],[9,10],[9,-1],[3,-4],[3,-12],[5,-27],[4,-1],[10,1],[7,-5],[13,-4],[3,-3],[7,-15],[2,-10],[11,-10],[5,9],[6,0],[2,6],[0,14],[3,4],[12,5],[5,10],[3,1],[3,10],[2,1],[-2,19],[6,17],[2,14],[6,-2],[1,-5],[4,-2],[4,4],[9,2],[7,14],[9,5],[1,8],[4,7],[-4,13],[-2,13],[10,18],[-3,14],[5,4],[3,16],[15,-6],[9,-10],[11,8],[2,11],[5,0],[6,-7],[4,-16],[9,2],[12,-19],[5,3],[3,11],[10,9],[9,32],[8,13],[12,-2],[13,-9],[10,-2],[9,-8],[7,6],[4,-4],[8,0],[2,-2],[2,-1],[19,-2],[5,12],[0,1],[9,5],[8,-12],[2,-15],[13,-10],[3,-5],[1,-8],[3,-4],[3,-3],[20,-12],[8,1],[3,-2],[4,-4],[2,-9],[1,-3],[5,0],[7,5],[1,2],[1,2],[0,6],[10,10],[13,-22],[4,-11],[5,1],[6,5],[4,-2],[8,9],[4,-3],[5,-4],[12,-3],[14,-15],[6,-2],[0,-16],[0,-4],[-1,-6],[-11,-14],[2,-17],[9,-3],[2,0],[11,6],[9,-16],[2,-3],[1,-1],[8,-6],[-4,-11],[-3,-7],[3,-29],[1,0],[8,-13],[8,-7],[-2,-16],[3,-10],[-8,-15],[-4,-17],[19,-12],[2,-9],[4,-6],[1,-2],[0,-2],[3,-13],[4,0],[3,1],[12,-12],[6,0],[2,-9],[1,-4],[4,-4],[4,-11],[2,-1],[1,-1],[-9,-25],[0,-1],[-2,-12],[-1,-2],[9,-11],[4,-14],[6,-13],[0,94],[6,7],[9,3],[1,0],[5,8],[6,-8],[6,-7],[11,7],[4,-1],[5,-1],[0,-1],[6,6],[4,6],[3,4],[7,4],[0,-12],[0,-1],[13,-13],[4,-12],[1,-4],[18,-1],[7,5],[3,-1],[14,-7],[13,7],[2,-1],[10,2],[1,-3],[3,-7],[9,-7],[3,-2],[5,-9],[1,-13],[3,-2],[1,-1],[4,-10],[0,-29],[13,-9],[4,-10],[1,-1],[4,-10],[0,-1],[-1,-8],[0,-5],[1,-3],[9,-10],[11,-1],[2,0],[2,0],[10,-17],[11,-2],[-5,-14],[-1,-15],[-1,-3],[-3,-11],[3,-9],[3,-6],[-5,-19],[-4,-7],[7,-5],[9,-2],[7,-2],[10,-13],[4,-17],[4,-1],[3,0],[8,-8],[12,3],[9,-11],[11,-2],[5,-6],[17,-2],[43,-44],[30,-31],[20,-20],[1,5],[5,11],[9,13],[4,-3],[4,-2],[5,5],[8,0],[5,15],[2,1],[9,2],[2,8],[7,-12],[5,1],[11,16],[15,-4],[9,5],[8,-2],[2,-11],[2,-25],[20,16],[8,0],[4,8],[2,0],[7,3],[8,9],[5,13],[-3,5],[-5,9],[3,17],[14,24],[5,18],[1,0],[5,17],[10,6],[1,4],[6,19],[4,4],[6,14],[11,4],[1,26],[14,4],[3,16],[0,1],[-1,8],[6,5],[4,-5],[11,-5],[12,-17],[4,-1],[6,1],[4,11],[3,6],[9,8],[11,4],[5,8],[17,-21],[4,-5],[4,-23],[6,-2],[7,-12],[-1,-11],[11,-18],[4,-12],[0,-2],[7,-1],[6,2],[6,1],[7,3],[12,-10],[0,-1],[-4,-21],[1,-1],[1,-2],[6,0],[8,-9],[-1,-13],[0,-3],[-3,-6],[-1,-12],[-1,-2],[-4,-8],[-1,-10],[-6,-5],[-5,-7],[-2,-3],[-6,-3],[0,-1],[2,-13],[8,-11],[1,-10],[0,-1],[-1,-10],[3,-7],[9,-17],[-5,-14],[-3,-4],[4,-19],[1,-16],[-1,-8],[-2,-9],[0,-1],[0,-15],[-1,0],[0,-2],[-8,-1],[-1,0],[-12,2],[-3,-3],[-1,-14],[1,-12],[-4,-6],[-1,-10],[-5,-10],[-1,-3],[0,-4],[0,-10],[-1,-7],[1,-6],[-4,-16],[-1,-2],[-1,-3],[-10,-11],[-4,2],[-10,-2],[-4,3],[-5,3],[-9,-6],[-2,-10],[-4,-5],[0,-19],[-11,-28],[-6,-7],[0,-11],[4,-12],[4,-5],[11,-6],[-3,-25],[4,-28],[2,-12],[-2,-19],[5,-19],[4,-7],[3,-5],[1,-11],[-5,-14],[-1,-33],[-5,-5],[0,-1],[-3,-7],[-3,-25],[-5,-24]]],"transform":{"scale":[0.0008144681960872095,0.0004099916369810923],"translate":[80.0601425170899,26.347515106201172]}}
