{"type":"Topology","objects":{"type":"GeometryCollection","geometries":[{"type":"Polygon","properties":{"NAME_1":"Anugul","ST_NM":"Odisha","ST_CEN_CD":21,"DT_CEN_CD":15,"CENSUSCODE":384,"iso_a2":"IN_OD_AN"},"arcs":[[0,1,2,3,4,5,6,7,8]]},{"type":"Polygon","properties":{"NAME_1":"Balangir","ST_NM":"Odisha","ST_CEN_CD":21,"DT_CEN_CD":24,"CENSUSCODE":393,"iso_a2":"IN_OD_BL"},"arcs":[[9,10,11,12,13,14]]},{"type":"MultiPolygon","properties":{"NAME_1":"Baleshwar","ST_NM":"Odisha","ST_CEN_CD":21,"DT_CEN_CD":8,"CENSUSCODE":377,"iso_a2":"IN_OD_BW"},"arcs":[[[15,16,17,18]],[[19]],[[20]],[[21]]]},{"type":"Polygon","properties":{"NAME_1":"Bargarh","ST_NM":"Odisha","ST_CEN_CD":21,"DT_CEN_CD":1,"CENSUSCODE":370,"iso_a2":"IN_OD_BR"},"arcs":[[22,23,-15,24,25,26]]},{"type":"Polygon","properties":{"NAME_1":"Bauda","ST_NM":"Odisha","ST_CEN_CD":21,"DT_CEN_CD":22,"CENSUSCODE":391,"iso_a2":"IN_OD_BD"},"arcs":[[-4,27,28,29,30,31,32,-11,33]]},{"type":"Polygon","properties":{"NAME_1":"Bhadrak","ST_NM":"Odisha","ST_CEN_CD":21,"DT_CEN_CD":9,"CENSUSCODE":378,"iso_a2":"IN_OD_BH"},"arcs":[[34,35,36,37,-16]]},{"type":"MultiPolygon","properties":{"NAME_1":"Cuttack","ST_NM":"Odisha","ST_CEN_CD":21,"DT_CEN_CD":12,"CENSUSCODE":381,"iso_a2":"IN_OD_CU"},"arcs":[[[38,39,40,41,42,-2,43,44]],[[45]],[[46]]]},{"type":"Polygon","properties":{"NAME_1":"Debagarh","ST_NM":"Odisha","ST_CEN_CD":21,"DT_CEN_CD":4,"CENSUSCODE":373,"iso_a2":"IN_OD_DE"},"arcs":[[47,-7,48],[49]]},{"type":"MultiPolygon","properties":{"NAME_1":"Dhenkanal","ST_NM":"Odisha","ST_CEN_CD":21,"DT_CEN_CD":14,"CENSUSCODE":383,"iso_a2":"IN_OD_DH"},"arcs":[[[50,-44,-1,51]],[[-50]]]},{"type":"Polygon","properties":{"NAME_1":"Gajapati","ST_NM":"Odisha","ST_CEN_CD":21,"DT_CEN_CD":20,"CENSUSCODE":389,"iso_a2":"IN_OD_GP"},"arcs":[[52,53,54,55,56,57]]},{"type":"Polygon","properties":{"NAME_1":"Ganjam","ST_NM":"Odisha","ST_CEN_CD":21,"DT_CEN_CD":19,"CENSUSCODE":388,"iso_a2":"IN_OD_GN"},"arcs":[[58,59,60,-53,61,62]]},{"type":"Polygon","properties":{"NAME_1":"Jagatsinghapur","ST_NM":"Odisha","ST_CEN_CD":21,"DT_CEN_CD":11,"CENSUSCODE":380,"iso_a2":"IN_OD_JS"},"arcs":[[63,64,65,-40]]},{"type":"Polygon","properties":{"NAME_1":"Jajpur","ST_NM":"Odisha","ST_CEN_CD":21,"DT_CEN_CD":13,"CENSUSCODE":382,"iso_a2":"IN_OD_JP"},"arcs":[[-37,66,-45,-51,67]]},{"type":"Polygon","properties":{"NAME_1":"Jharsuguda","ST_NM":"Odisha","ST_CEN_CD":21,"DT_CEN_CD":2,"CENSUSCODE":371,"iso_a2":"IN_OD_JH"},"arcs":[[-27,68,69,70]]},{"type":"Polygon","properties":{"NAME_1":"Kalahandi","ST_NM":"Odisha","ST_CEN_CD":21,"DT_CEN_CD":26,"CENSUSCODE":395,"iso_a2":"IN_OD_KL"},"arcs":[[71,72,73,74,75,76,77,78,-13]]},{"type":"Polygon","properties":{"NAME_1":"Kandhamal","ST_NM":"Odisha","ST_CEN_CD":21,"DT_CEN_CD":21,"CENSUSCODE":390,"iso_a2":"IN_OD_KN"},"arcs":[[79,-62,-58,80,-56,81,-74,82,-72,-12,-33,83,-31,84,-29]]},{"type":"MultiPolygon","properties":{"NAME_1":"Kendrapara","ST_NM":"Odisha","ST_CEN_CD":21,"DT_CEN_CD":10,"CENSUSCODE":379,"iso_a2":"IN_OD_KP"},"arcs":[[[85,-64,-39,-67,-36]],[[86]],[[87]],[[88]],[[89]],[[90]],[[91]],[[92]],[[93]]]},{"type":"Polygon","properties":{"NAME_1":"Kendujhar","ST_NM":"Odisha","ST_CEN_CD":21,"DT_CEN_CD":6,"CENSUSCODE":375,"iso_a2":"IN_OD_KJ"},"arcs":[[94,-17,-38,-68,-52,-9,95,96]]},{"type":"Polygon","properties":{"NAME_1":"Khordha","ST_NM":"Odisha","ST_CEN_CD":21,"DT_CEN_CD":17,"CENSUSCODE":386,"iso_a2":"IN_OD_KH"},"arcs":[[97,-59,98,-42]]},{"type":"Polygon","properties":{"NAME_1":"Koraput","ST_NM":"Odisha","ST_CEN_CD":21,"DT_CEN_CD":29,"CENSUSCODE":398,"iso_a2":"IN_OD_KO"},"arcs":[[-76,99,100,101,102,103]]},{"type":"Polygon","properties":{"NAME_1":"Malkangiri","ST_NM":"Odisha","ST_CEN_CD":21,"DT_CEN_CD":30,"CENSUSCODE":399,"iso_a2":"IN_OD_ML"},"arcs":[[104,-102]]},{"type":"Polygon","properties":{"NAME_1":"Mayurbhanj","ST_NM":"Odisha","ST_CEN_CD":21,"DT_CEN_CD":7,"CENSUSCODE":376,"iso_a2":"IN_OD_MY"},"arcs":[[-18,-95,105]]},{"type":"Polygon","properties":{"NAME_1":"Nabarangapur","ST_NM":"Odisha","ST_CEN_CD":21,"DT_CEN_CD":28,"CENSUSCODE":397,"iso_a2":"IN_OD_NB"},"arcs":[[-77,-104,106]]},{"type":"Polygon","properties":{"NAME_1":"Nayagarh","ST_NM":"Odisha","ST_CEN_CD":21,"DT_CEN_CD":16,"CENSUSCODE":385,"iso_a2":"IN_OD_NY"},"arcs":[[-43,-99,-63,-80,-28,-3]]},{"type":"Polygon","properties":{"NAME_1":"Nuapada","ST_NM":"Odisha","ST_CEN_CD":21,"DT_CEN_CD":25,"CENSUSCODE":394,"iso_a2":"IN_OD_NU"},"arcs":[[-14,-79,107,-25]]},{"type":"Polygon","properties":{"NAME_1":"Puri","ST_NM":"Odisha","ST_CEN_CD":21,"DT_CEN_CD":18,"CENSUSCODE":387,"iso_a2":"IN_OD_PU"},"arcs":[[-41,-66,108,-60,-98]]},{"type":"Polygon","properties":{"NAME_1":"Rayagada","ST_NM":"Odisha","ST_CEN_CD":21,"DT_CEN_CD":27,"CENSUSCODE":396,"iso_a2":"IN_OD_RA"},"arcs":[[-82,-55,109,-100,-75]]},{"type":"Polygon","properties":{"NAME_1":"Sambalpur","ST_NM":"Odisha","ST_CEN_CD":21,"DT_CEN_CD":3,"CENSUSCODE":372,"iso_a2":"IN_OD_SA"},"arcs":[[-49,-6,110,-23,-71,111]]},{"type":"Polygon","properties":{"NAME_1":"Subarnapur","ST_NM":"Odisha","ST_CEN_CD":21,"DT_CEN_CD":23,"CENSUSCODE":392,"iso_a2":"IN_OD_SO"},"arcs":[[-111,-5,-34,-10,-24]]},{"type":"Polygon","properties":{"NAME_1":"Sundargarh","ST_NM":"Odisha","ST_CEN_CD":21,"DT_CEN_CD":5,"CENSUSCODE":374,"iso_a2":"IN_OD_SU"},"arcs":[[-96,-8,-48,-112,-70,112]]}]},"arcs":[[[6564,7093],[-13,-21],[-5,-10],[-5,-2],[-26,4],[-6,-4],[-16,-1],[-11,4],[-6,19],[-2,-6],[-7,-1],[-24,-33],[-25,26],[-8,8],[-16,9],[-10,-13],[-19,-1],[-8,-9],[-3,-14],[-2,-12],[-4,-11],[-3,-20],[-9,-19],[-19,-20],[11,-21],[-15,-28],[-14,-62],[-21,2],[-41,17],[-15,0],[-11,-10],[-9,-23],[-2,-5],[-6,-10],[-2,-9],[3,-9],[5,-10],[10,-6],[36,-13],[29,-27],[18,-12],[22,-23],[11,-10],[11,-16],[10,-20],[2,-8],[-3,-7],[-5,-6],[-15,-12],[-5,-7],[-3,-10],[3,-21],[2,-15],[-1,-28],[-6,-24],[-2,-23],[1,-8],[4,-7],[7,-5],[14,-5],[4,-2],[12,-8],[-31,-14],[14,-11],[3,-6],[1,-16],[-2,-53],[-7,-16],[0,-7],[-1,-4],[1,-14],[2,-8],[1,-9],[1,-4],[0,-13],[-1,-14],[-1,-4],[2,-5],[-20,-3],[-13,-7],[-10,4],[-9,0],[-8,-2],[-4,-15],[-7,0],[-7,5],[-7,3],[-6,-3],[-4,-9],[3,-11],[12,-16],[3,-12],[-3,-10],[2,-10],[8,-7],[3,-6],[-9,-15],[-7,-12],[-3,-15],[1,-23],[-4,-5],[-7,-16],[-2,-34],[1,-8],[0,-8],[-2,-7],[0,-8],[-17,-11],[-22,-23],[-8,-5],[2,6],[-1,6],[-6,22],[4,8],[-1,9],[6,12],[3,4],[4,13],[1,7],[-6,8],[-9,6],[-7,2],[-5,8],[-9,23],[0,18],[-14,-4],[-7,0],[-7,-22],[-2,-17],[-5,-9],[-11,-14],[-8,-14],[-9,-24],[16,-42],[5,-20],[15,-27],[-5,-12],[-7,-39]],[[6129,5896],[-11,-11],[-5,-2],[-44,4],[-6,-9],[-2,-21],[-11,-13],[-7,-19],[-6,-3],[-5,5],[-4,-3],[-2,-8],[-15,-2],[-13,13],[-37,11],[-29,-6],[-16,-7],[-12,3],[-1,-13],[-4,-12],[-5,-8],[-4,2],[-5,11],[-6,2],[-17,-1],[-14,5],[-12,10],[-11,1],[-29,-3],[-25,2],[-22,-1],[0,-11],[-4,-13],[-8,-10],[-15,-13],[-8,-23],[-14,-22],[-11,-11],[-16,-7]],[[5673,5713],[-8,12],[-35,56],[-41,40],[-10,4]],[[5579,5825],[-19,35],[-7,8],[-24,15],[-20,6],[-8,3],[-8,6],[-12,4],[-23,-12],[-14,-1],[-122,27],[-18,14],[-13,18],[-20,21],[-29,52],[-13,14],[-15,13],[-37,16],[-22,7],[-21,15],[-17,21],[-41,25],[-17,15],[-15,7],[-18,12],[-29,-1],[-21,-3],[-17,9],[-12,5],[-17,11],[-24,6],[-19,14],[-15,19],[-9,20],[-2,19],[7,16],[-3,21],[4,39],[-6,19],[-10,12],[-14,11],[-15,15],[-25,19],[-84,55]],[[4715,6472],[2,14],[-3,7],[1,12],[10,10],[-4,10],[7,9],[13,18]],[[4741,6552],[8,3],[11,8],[9,7],[7,9],[7,-5],[7,-2],[9,18],[14,6],[8,9],[14,1],[8,5],[14,1],[11,6],[8,1],[4,-8],[8,-1],[9,8],[11,21],[12,8],[15,3],[10,11],[7,29],[8,18],[9,9],[13,6],[9,12],[-1,12],[-10,7],[-30,16],[18,13],[14,8],[20,-13],[4,12],[11,2],[11,31],[22,31],[13,17],[9,8],[19,-4],[10,4],[7,12],[12,3],[13,-4],[11,-1],[10,2],[16,-20],[9,-10],[9,-6],[11,1],[15,-13],[14,-3],[15,-1],[17,6],[51,34],[4,-5],[7,5],[23,3],[7,-5],[8,-11],[8,-4],[5,-10],[17,-12],[7,0],[2,16],[-18,16],[-4,15],[0,19],[2,25],[4,18],[3,15],[7,11],[4,27],[4,16],[11,10],[15,4],[16,-3],[12,-7],[11,-3],[4,6],[4,16],[6,10],[18,13]],[[5498,7064],[1,0],[6,-5],[25,-38],[25,-10],[20,-14],[6,-7],[8,-4],[7,7],[3,8],[10,-8],[8,8],[3,9],[-14,23],[-9,0],[-7,6],[-2,8],[0,9],[12,0],[27,12],[46,-8],[11,-5],[12,0],[25,-3],[5,-11],[4,-5],[8,-6],[21,-6],[10,-12],[21,-8],[10,14],[9,8],[3,9],[-5,4],[0,7],[1,9],[-8,9],[6,11],[-5,5],[1,6],[7,-1],[9,-6],[17,-5],[8,-12],[-6,-21],[2,-14],[5,-10],[12,1],[9,12],[9,14],[-9,7],[-4,8],[7,26],[0,9],[0,5],[-3,8],[-31,8],[-10,5],[-5,13],[-2,15],[-4,16],[-6,14],[-4,14],[-19,22],[-25,24],[-4,12],[6,9],[27,30],[68,44],[10,-7],[22,-11],[16,-4],[12,3],[13,1],[5,13],[30,-6],[8,-5],[6,7],[-7,15],[-9,14],[-15,4],[-3,11],[-6,5],[-3,16],[5,12],[0,12],[-10,29],[4,5],[1,6],[-4,7],[-2,10],[0,8],[3,12],[-3,7],[-1,8],[1,6],[-3,7],[-3,11],[-7,18],[-6,21],[-1,10],[6,24],[8,27],[5,7],[12,-2],[11,3],[5,7],[2,6],[-3,13],[1,3],[8,-5],[16,-5],[35,-21],[5,3],[6,15],[13,9],[4,4],[25,-2],[6,-3],[15,2],[5,2],[28,-6],[10,6],[15,12],[12,-10],[15,6],[4,5],[5,15],[23,27],[14,40],[24,24],[11,15],[-1,19],[2,4],[3,0],[4,3],[1,24],[6,21],[0,3],[-3,5],[-10,5],[-5,5],[4,8],[-10,21],[0,5],[-9,7],[-5,5],[-2,6],[-8,3],[-18,0],[-15,5],[-6,-6],[-20,12]],[[6163,7954],[8,14],[-1,8],[20,19],[3,5],[0,10],[3,3],[10,-4],[18,7],[6,1],[1,11],[-2,12],[3,4],[5,3],[3,4],[-4,6],[-18,8],[2,3],[0,6],[-3,7],[13,10],[5,8]],[[6235,8099],[5,-6],[11,2],[6,10],[6,19],[16,0],[6,2],[38,3],[5,-3],[11,-45],[12,-23],[2,-7],[-2,-18],[1,-7],[4,-10],[15,-15],[3,-8],[0,-9],[12,-14],[8,4],[2,-3],[1,-7],[-6,-5],[-5,-8],[2,-12],[10,-20],[19,-22],[5,-2],[4,2],[4,-1],[1,-4],[-8,-11],[-1,-4],[0,-4],[-9,-3],[-2,-31],[3,-5],[1,-11],[7,-2],[6,7],[9,4],[6,-4],[5,-6],[0,-6],[-3,-5],[11,-34],[2,-26],[3,-10],[-1,-9],[1,-10],[3,-5],[-1,-4],[-4,-6],[-6,-16],[-4,-5],[-20,-14],[-6,-23],[-9,-5],[-6,-2],[-3,1],[-6,4],[-6,-1],[-7,10],[-10,-6],[-19,11],[-9,0],[-7,-8],[3,-12],[3,-6],[13,-7],[8,-25],[13,-6],[11,-9],[25,-13],[6,-21],[-3,-19],[14,-5],[24,-20],[1,-11],[14,-16],[4,-10],[3,-14],[-4,-8],[-7,-8],[-4,-11],[-2,-16],[-7,-30],[-4,-9],[-6,6],[-5,11],[-7,2],[-5,-15],[-6,-7],[-19,-9],[-1,-14],[-6,-4],[-5,-2],[-8,-10],[-4,-1],[-7,4],[-6,1],[-2,-5],[8,-13],[0,-11],[0,-6],[-6,-4],[-1,-17],[11,-12],[10,-8],[5,2],[1,6],[16,14],[21,-25],[12,-7],[36,-7],[12,-14],[26,-16],[5,-5],[24,-52],[-1,-14],[1,-22],[19,-29],[0,-1]],[[3390,6821],[0,-1],[0,-11],[-15,-55],[1,-9],[10,-11],[5,-7],[2,-3],[11,-17],[5,-7],[7,-3],[23,2],[6,-3],[5,-3],[14,-17],[8,-7],[7,-2],[9,0],[23,7],[6,-1],[18,-9],[45,-11],[8,0],[19,11],[10,2],[27,5],[19,4],[17,-2],[8,-5],[1,-5],[-6,-15],[0,-8],[-11,-16],[-7,-16],[-11,-14],[-5,-23],[-10,-6],[5,-7],[5,-4],[1,-6],[-4,-16],[4,-7],[5,-4],[2,-8],[-2,-10],[-6,-8],[-22,-15],[-15,-17],[-13,-11],[-11,-13],[-7,-19],[-3,-24],[2,-6],[1,-6],[22,-9],[11,-4],[18,-10],[21,-8],[10,-12],[0,-9],[1,-4],[-4,-10],[-13,4],[-8,1],[-23,9],[2,-14],[5,-15],[-1,-6],[-5,-7],[3,-3],[9,0],[21,5],[4,-6],[9,-4],[9,1],[8,-5],[4,-27],[-1,-26],[5,-2],[15,8],[10,-3],[4,-7],[1,-18],[-11,-10],[1,-9],[9,-13],[19,2],[9,-2],[3,-8],[-6,-20],[-6,-12],[1,-10],[-3,-22],[-5,-12],[-7,-5],[-6,-7],[-8,-23],[-4,-5],[-7,-4],[-10,-11],[1,-9],[-1,-10],[-5,-11],[-8,-7],[-4,-9],[-3,-17],[2,-11],[-5,-7],[-4,-4],[-2,-19],[-19,-24],[-6,-1],[-6,-17],[-9,-8],[-4,-6],[4,-10],[5,-20],[1,-12],[-2,-12],[1,-5],[3,-5],[-1,-8],[-4,-6],[-5,-21],[-2,-14],[-1,-17],[5,-14],[13,-11]],[[3631,5717],[-6,-4],[-24,-4],[-8,-5],[-4,-12],[1,-13],[-2,-17],[-10,-29],[-3,-12],[5,-6],[6,1],[5,7],[5,2],[20,-20],[6,-16],[13,-3],[8,-6],[10,-12],[2,-6],[2,-14],[6,-1],[10,-7],[33,-24],[10,-4],[-2,-8],[4,-6],[11,-6]],[[3729,5492],[1,0],[-2,-6],[-3,-5],[-6,-2],[-2,-8],[4,-11],[-1,-9],[-10,-27],[-3,-3]],[[3707,5421],[-4,-2],[-2,-5],[6,-13],[0,-8],[1,-6],[5,-6],[-1,-5],[-7,-5],[-9,7],[-7,-5],[-7,7],[-12,-2],[-4,-10],[-1,-24],[-3,-4],[-27,10],[-25,16],[-10,0],[-9,5],[-7,-1],[-4,6],[-5,21],[-1,22],[-5,2],[-4,11],[-12,5],[-3,7],[-11,4],[-9,-8],[-7,2],[-16,10],[-12,4],[-4,5],[-3,10],[-6,1],[-11,4],[-10,1],[-4,-4],[-5,-14],[-4,-5],[-4,3],[-2,7],[0,13],[5,29],[4,9],[0,13],[-2,15],[-5,13],[-3,-1],[-4,2],[-25,-30],[-22,-21],[-12,-17],[-3,-5],[-34,-24],[-9,-9],[-9,-19],[-6,-34],[-4,-12],[-12,-20],[-15,-13],[-7,-13],[-10,-12],[-24,-5],[-8,-11],[-4,-39],[-5,-8],[-8,0],[-10,3],[-9,1],[-31,-19],[-17,-5],[-16,0],[-7,-4],[-17,-34],[-8,-14],[-25,-23],[-12,-7],[-22,-7],[-10,-6],[-7,-8],[-4,-9],[-1,-13],[7,-33],[-14,-24],[-9,-29],[-7,-8],[-20,-8],[-9,-7],[-14,-27],[-9,-10],[-11,-8],[-16,-4],[-25,3],[-21,-4],[-10,17],[-6,5],[-12,28],[-12,1],[-32,-7],[-11,11],[-7,5],[-6,-4],[-1,-6],[-4,-9],[-6,3],[-7,-1],[-12,-2],[-16,-10],[-7,3],[-6,0],[-7,-4],[-8,-8],[-5,1],[-8,8],[-6,-14],[-10,-8],[-11,-8],[-7,-1],[-22,8],[-6,-2],[-5,4],[-4,-2],[-12,-1],[-4,3],[-5,6],[-8,0],[-7,2],[-14,-6],[-8,1],[-15,-6],[-23,12],[-9,-4],[-6,-11],[-14,-12],[-4,-10],[-1,-28],[-4,-1],[-13,2],[-27,20],[-12,0],[-14,2],[-12,7],[-13,-1],[-23,10],[-13,0],[-11,-3]],[[2350,4951],[-12,8],[-7,7],[0,7],[2,10],[6,16],[5,0],[10,-4],[8,1],[18,10],[10,10],[6,26],[7,11],[2,8],[7,36],[-7,6],[-6,2],[0,25],[3,9],[7,2],[3,30],[-4,14],[-6,11],[-10,11],[-6,1],[-7,-13],[-4,-1],[-12,-1],[-12,4],[-8,7],[-6,10],[-4,9],[10,15],[3,9],[0,8],[-4,12],[5,12],[23,-2],[2,-12],[-1,-12],[1,-6],[8,-9],[-5,-15],[5,-5],[7,-1],[5,2],[3,5],[1,4],[-1,41],[5,24],[-1,18],[-3,8],[-5,3],[-8,-5],[-5,-6],[-25,16],[-4,4],[-4,16],[-7,10],[-5,-9],[-2,-15],[-3,-6],[-4,-4],[1,-6],[6,-7],[2,-17],[-7,-9],[-8,-7],[-11,3],[-7,4],[-3,4],[5,29],[-4,15],[3,7],[10,6],[7,9],[16,14],[1,18],[3,22],[-8,0],[-11,2],[-5,-6],[-7,-15],[-5,-5],[-8,1],[-10,-6],[-8,-21],[-5,-6],[-9,-3],[-10,-1],[-11,10],[-9,4],[-12,2],[-17,-9],[-8,-2],[-9,-1],[-8,2],[-5,10],[0,10],[8,8],[11,16],[1,7],[5,6],[-11,14],[0,5],[-2,4],[-13,14],[-5,16],[-4,7],[-7,10],[-13,12],[0,8],[6,21],[-7,17],[-6,8],[-12,2],[0,9],[8,22],[-3,8],[3,9],[10,7],[7,21],[2,18],[7,11],[4,44],[-3,14],[-1,16],[5,13],[1,13],[3,21],[0,20],[4,7],[24,22],[0,14],[4,21],[17,54],[-2,12],[-15,5],[-2,9],[0,13],[3,19],[-10,7],[0,25],[-5,12],[-6,8],[-26,10],[-14,1],[-1,43],[11,39],[1,12]],[[2150,6128],[5,9],[11,2],[28,-10],[13,-1],[1,14],[7,42],[8,20],[2,24],[10,2],[5,3],[5,5],[6,8],[10,21],[9,33],[15,18],[16,21],[15,25],[11,4],[11,12],[28,40],[10,11],[9,7],[23,12],[13,15],[18,28],[8,4],[12,19],[8,-6],[11,0],[5,-5],[15,3],[7,-5],[8,-10],[6,-12],[3,-12],[25,0],[6,9],[11,12],[12,2],[10,-4],[-5,-22],[3,-8],[13,8],[2,-14],[13,-26],[-2,-26],[4,-10],[12,-2],[12,4],[1,-1],[4,3],[4,7],[13,12],[7,0],[12,-8],[9,-1],[26,0],[6,5],[17,2],[36,-1],[13,3],[8,14],[7,10],[8,7],[15,-15],[12,-10],[14,-2],[4,1],[13,23],[12,18],[10,5],[20,2],[11,11],[16,5],[16,11],[4,-1],[43,61],[1,7],[-3,4],[0,5],[9,-3],[13,-6],[35,-24],[-2,-13],[9,-20],[-6,-10],[13,-12],[6,-13],[12,-14],[5,-13],[1,-8],[-3,-5],[5,-13],[5,-17],[-3,-19],[5,-2],[4,4],[6,12],[0,6],[4,3],[11,-1],[9,-5],[7,15],[7,-3],[4,0],[9,10],[4,5],[6,17],[4,5],[4,13],[3,4],[11,1],[7,-6],[11,-12],[8,2],[8,3],[22,11],[32,9],[33,17],[4,4],[3,8],[-2,16],[-15,21],[-17,15],[-13,29],[-9,6],[0,11],[6,14],[-5,5],[2,7],[5,5],[6,16],[-2,7],[-4,3],[-1,9],[0,22],[-3,6],[-15,7],[-2,2],[-1,8],[-1,1],[-1,1],[0,1],[-1,1],[-1,0],[-1,1],[-1,1],[-1,1],[-1,0],[-1,1],[-1,0],[-1,0],[-1,1],[-1,0],[-1,0],[-1,0],[-1,0],[-1,0],[-1,0],[-1,-1],[-1,0],[-1,0],[-1,-1],[-1,-1],[-1,0],[-1,-1],[-1,-1],[-1,0],[0,-1],[-1,-1],[-1,-2],[-6,-6],[-17,-23],[-8,-5],[-5,-2],[-9,1],[-4,5],[-7,17],[-6,6],[-12,5],[-16,17],[-9,15],[9,16],[5,4],[7,12],[6,2],[11,16],[0,14],[8,20],[7,1],[7,-1],[8,6],[10,0],[7,3],[10,7],[4,6],[2,7],[7,-4],[6,-1],[15,-7],[10,-1],[14,13],[7,0],[6,-4],[12,-11],[4,-6],[1,-25],[5,-12],[10,-11],[17,-10],[8,0],[6,7],[10,25],[16,7],[11,10]],[[8968,7144],[-33,0],[-12,-3],[-16,15],[-3,5],[-7,20],[-6,-2],[-8,10],[-7,1],[-15,-10],[-17,-7],[-21,3],[-5,-7],[-1,-25],[-4,-11],[-11,-11],[3,-12],[-1,-12],[2,-8],[12,-1],[11,-14],[-1,-10],[-19,0],[-14,10],[-14,9],[-12,2],[-17,-10],[-33,13],[-9,-3],[-8,-12],[-4,-4],[-5,-15],[-15,4],[-13,-1],[-7,-8],[-7,-14],[-4,-12],[1,-5],[3,-8],[1,-11],[-6,-10],[-8,-8],[-5,-8],[5,-10],[0,-8],[-7,-22],[1,-12],[3,-5],[8,-6],[9,-3],[-8,-27],[-8,0],[-7,6],[-8,-3],[-5,-7],[4,-9],[3,-22],[-3,-8],[-10,-5],[-10,5],[-9,11],[-5,14],[2,12],[4,9],[0,10],[-6,7],[-8,5],[-24,7],[-13,-3],[-10,-4],[-4,5],[0,9],[1,14],[-5,9],[-9,7],[-36,65],[2,7],[-2,8],[-6,5],[-14,5],[-17,2],[-13,-9],[-14,-18],[-20,-21],[-37,19],[-41,27],[-9,0],[-10,-12],[-14,10],[-13,3],[12,20],[2,17],[-4,8],[-8,-5],[-7,1],[0,9],[14,18],[9,4],[3,7],[2,8],[-14,11],[1,10],[-3,3],[-3,17],[-7,3],[-14,1],[-4,-18],[-3,-9],[-6,-1],[-4,4],[-3,9],[-7,9],[-21,8],[-27,7],[-8,9],[-5,16]],[[8165,7207],[6,22],[0,13],[-3,11],[-13,8],[-1,8],[-9,17],[-3,11],[0,11],[7,28]],[[8149,7336],[19,15],[8,-1],[9,4],[12,11],[9,12],[51,25],[4,10],[10,5],[4,13],[2,16],[6,7],[8,4],[26,23],[21,12],[11,3],[10,10],[14,19],[9,16],[21,23],[21,29],[9,12],[10,25],[13,22],[6,18],[8,14],[20,60],[7,15],[11,28],[8,14],[13,-3],[9,-5],[14,2],[11,4],[11,6],[14,20],[13,-7],[5,10],[2,28],[12,24],[4,13],[-3,13],[1,10],[4,7],[10,-3],[10,-1],[20,16],[18,20],[7,-7],[-4,-6],[8,-7],[11,3],[8,-3],[8,7],[5,11],[4,6],[7,-1],[9,4],[18,2],[5,8],[23,7],[17,-9],[12,1],[17,-2],[10,-3],[6,-3],[11,2],[-1,9],[9,6],[14,1],[16,-2],[12,-5],[4,6],[16,-12],[6,1],[6,9],[10,-3],[4,-10],[13,-4],[3,-10],[10,20],[6,-2],[2,9],[4,6],[13,6],[0,4],[-11,5],[-6,7],[-6,24],[6,11],[5,-1],[-1,-11],[4,-5],[1,-8],[11,-1],[5,-23],[6,-6],[8,1],[10,-25],[1,-10],[8,-7],[-3,-13],[1,-8],[11,2],[4,14],[5,11],[6,-11],[19,-19],[19,-11],[12,-1],[1,6],[-4,4],[-4,-1],[-2,7],[1,5],[6,3],[1,20],[4,5],[2,-5],[1,-11],[-3,-6],[0,-6],[6,-1],[6,9],[5,5],[4,-8],[20,9],[8,10],[2,-1],[0,-3],[13,6],[13,8],[-11,14],[1,4],[-3,3],[4,10],[-4,5],[-6,2],[-4,-1],[-4,2],[4,8],[-4,7],[-5,3],[3,7],[5,4],[11,-20],[2,0],[2,8],[6,1],[4,8],[6,5],[-1,5],[3,19],[-1,10],[-7,2],[-2,4],[-12,-1],[-10,-3],[-5,5],[1,26],[-3,7],[6,9],[5,0],[6,8],[15,-6],[5,4],[6,0],[6,-3],[0,-10],[7,7],[3,-1],[-2,-11],[2,-9],[4,-3],[6,1],[1,3],[1,20],[2,1],[8,-4],[4,13],[4,3],[7,-7],[3,3],[7,16],[-25,27],[-1,9],[1,39],[-2,2],[-10,1],[-1,21],[-8,18],[2,4],[34,-3],[-5,-13],[-1,-16],[1,-17],[6,-14],[11,-7],[16,-4],[12,2],[1,2],[-2,7],[2,1],[7,-3],[4,4],[2,3],[-3,9],[9,16],[3,0],[7,-6],[1,13],[5,-4],[-1,6],[-5,5],[-2,-2],[-2,3],[-3,5],[2,6],[6,-4],[3,-5],[4,-2],[2,2],[1,3],[-4,9],[0,7],[11,19],[33,4],[2,4],[-14,12],[-12,14],[-6,12],[1,12],[3,9],[4,-1],[6,0],[1,8],[5,2],[6,-3],[-2,-4],[-5,0],[0,-3],[5,-1],[7,-10],[3,-12],[3,-2],[3,1],[-3,7],[1,3],[4,0],[4,-14],[11,-7],[13,-5],[9,3],[13,7],[4,8],[5,24],[-5,4],[2,5],[3,0],[7,-4],[3,6],[0,8],[-2,12],[2,11],[-3,5],[8,10],[4,-6],[2,-26],[3,-9],[8,-2],[-6,23],[-1,15],[-3,8],[-12,12],[-9,2],[-45,32],[-8,3],[-6,4],[-15,33],[-25,8],[-10,18]],[[9358,8524],[-3,29],[6,16],[0,9],[-5,8],[-6,5],[-2,5],[1,7],[3,2],[4,18],[10,7],[4,11],[5,3],[5,-1],[4,2],[3,6],[3,2],[3,-3],[12,-1],[13,-4],[9,0],[7,3],[11,13],[7,5],[7,2],[3,3],[3,7],[0,32],[2,10],[-1,18],[8,11],[3,12],[6,-2],[7,-13],[22,-19],[11,-8],[12,6],[11,2],[19,-8],[4,0],[2,1],[2,7],[5,-2],[10,-4],[0,-3],[-4,-14],[-1,-12],[6,-14],[27,-27],[1,-7],[-3,-5],[-19,-18],[-4,-8],[-3,-15],[20,-50],[3,-11],[0,-6],[-7,-16],[5,-17],[12,-9],[3,-5],[3,-14],[5,-3],[1,-7],[2,-6],[0,-4],[6,-8],[1,-4],[-8,-7],[-1,-5],[5,-2],[10,0],[4,-2],[-2,-13],[-2,-2],[0,-3],[3,1],[0,-4],[12,-6],[10,10],[10,3],[3,-3],[-1,-11],[4,-7],[3,-2],[12,-1],[3,-2],[2,-8],[15,3],[-2,-4],[1,-6],[9,1],[2,-2],[3,1],[7,4],[4,-1],[4,-7],[1,-5],[-1,-3],[3,-2],[4,4],[2,6],[6,5],[13,-1],[5,-13],[3,-5],[17,-5],[5,-14],[-3,-11],[2,-6],[3,1],[2,3],[1,10],[3,3],[13,6],[12,-1],[3,-3],[-4,-5],[5,-1],[1,-5],[2,-3],[8,0],[2,5],[3,2],[15,-4],[21,4],[11,-3],[13,0],[7,-7],[-2,-12],[1,-27],[4,-9],[9,-6],[0,-6],[-11,0],[-2,-7],[18,1],[14,-6],[4,-1],[1,-2],[0,-3],[-6,-3],[-2,-4],[3,-7],[13,-21],[-2,-18],[-3,-6],[3,-9],[-2,-16],[0,-14],[-5,-4],[0,-9],[-3,-4],[2,-22],[-7,-3],[-3,-25],[4,-1],[11,2],[5,-5],[11,-24],[2,-8],[6,-4],[1,-17],[-2,-9],[0,-9],[3,-11],[4,-14],[-3,0],[-5,-3],[-18,-3],[-9,-4],[-13,-9],[-6,-5],[-16,-9],[-16,-13],[0,-1],[-5,-6],[-2,0],[-1,-1],[0,-1],[-1,-1],[0,-1],[-2,-1],[-4,-5],[-2,-2],[-9,-23],[-7,-18],[-2,-7],[-1,-2],[-1,0],[-3,-3],[-1,-2],[-4,-1],[-3,0],[-9,6],[-5,14],[-1,0],[-1,1],[0,4],[-4,10],[-2,3],[0,3],[-2,1],[0,1],[-1,1],[-5,6],[-9,8],[-2,-1],[-5,2],[-11,5],[-14,-1],[-3,1],[-10,2],[-16,8],[-3,0],[-8,-5],[-4,-3],[0,-9],[9,-6],[4,-1],[18,-3],[1,1],[2,0],[6,-3],[17,-8],[1,0],[0,-3],[2,-4],[2,-7],[3,-2],[5,-1],[0,-2],[2,-3],[10,-10],[4,-5],[0,-1],[8,-5],[1,-2],[0,-1],[1,-2],[1,-1],[1,-1],[1,-10],[-1,-2],[-3,-2],[-4,-1],[-1,0],[-9,1],[-11,5],[-3,1],[-9,5],[-4,1],[0,2],[-16,5],[-11,-2],[-9,2],[-7,-1],[-27,-1],[-4,0],[-7,0],[-3,2],[-25,-4],[-13,0],[-4,1],[-21,-2],[-3,0],[-7,-1],[-13,2],[-22,-3],[-2,1],[-7,0],[-2,-1],[-16,-1],[-23,-5],[-1,0],[-30,-10],[-7,-4],[-17,-10],[-6,-3],[-28,-14],[-6,-3],[-8,-4],[-17,-9],[-25,-20],[-11,-8],[-2,-2],[-9,-9],[-2,-2],[-13,-10],[-14,-19],[-11,-20],[-10,-10],[-5,-3],[-11,1],[-13,6],[-6,-1],[-1,-1],[-1,-14],[-1,-19],[-5,-10],[-1,0],[0,-1],[-3,-5],[-13,-13],[-3,-7],[-19,-19],[-6,-3],[-4,-5],[-20,-15],[-15,-10],[-28,-18],[-17,-14],[-1,-1],[-6,-7],[-17,-17],[-8,-7],[-10,-13],[-6,-6],[-3,-7],[-2,-3],[-4,-4],[-6,-11],[-1,-1],[-13,-29],[-3,-8],[-3,-7],[-7,-17],[-2,-6],[-1,0],[-2,-8],[-8,-20],[-16,-29],[-3,-8],[-4,-8],[-13,-33],[-4,-7],[-7,-18],[-2,-4],[-1,-3],[-5,-6],[0,-2],[-3,-4],[-1,-1],[-6,-6],[-11,-15],[-19,-35],[-5,-19],[-2,-8]],[[9014,6257],[5,-1],[2,0],[18,-6],[5,0],[6,-2],[4,2],[6,0],[3,1],[2,-1],[1,1],[1,0],[2,-1],[7,1],[2,0],[1,0],[17,1],[10,-2],[5,-3],[6,-3],[1,0],[1,-1],[0,-1],[2,-2],[0,-3],[-1,-4],[-2,-1],[-8,1],[-30,-2],[-20,4],[-2,0],[-1,0],[-2,0],[-7,0],[-2,-1],[-15,3],[-8,-2],[-16,6],[-7,2],[-2,3],[1,3],[1,4],[14,4]],[[9188,6385],[-3,-2],[-5,3],[0,2],[-3,6],[-1,1],[0,6],[-1,5],[1,7],[1,3],[9,5],[1,-1],[2,-5],[1,-1],[1,-12],[0,-7],[-3,-10]],[[9194,6274],[-5,-6],[-9,9],[0,13],[8,10],[10,-5],[-3,-12],[-1,-9]],[[3949,7895],[2,-3],[23,-52],[9,-10],[22,-11],[21,-5],[6,-18],[5,-12],[17,-41],[2,-13],[12,-25],[8,-45],[15,-32],[-4,-12],[-1,-12],[-20,-6],[-7,-6],[-20,1],[-9,-13],[0,-13],[4,-11],[19,-12],[15,-4],[14,-15],[-1,-10],[0,-10],[3,-36],[1,-29],[-8,-19],[0,-36],[-11,-27],[7,-14],[4,-21],[10,-2],[12,8],[-1,-15],[1,-18],[4,-12],[7,-8],[5,-15],[6,-15],[14,-24],[1,-13],[-2,-20],[-3,-14],[-11,-40],[-14,-55]],[[4106,7080],[-1,0],[-13,-3],[-22,-40],[-19,-49],[-4,-22],[-13,-38],[-12,-18],[-5,-1],[-6,4],[-18,5],[-7,4],[-11,11],[-13,3],[-14,13],[-5,8],[-7,17],[-9,15],[2,24],[-4,12],[-5,5],[-20,1],[-10,-23],[-17,-6],[-8,-1],[-13,-18],[-10,1],[-12,-8],[-3,-7],[-6,-6],[-6,-3],[-20,2],[-19,-9],[-10,-2],[-7,7],[-5,9],[-24,4],[-19,8],[-23,1],[-45,-4],[-9,-5],[-14,-33],[-8,-9],[-42,-39],[-8,-6],[-12,-4],[-8,-13],[-14,-11],[-9,-4],[-10,0],[-6,-7],[-6,-3],[-7,-2],[-8,-8],[-20,7],[-5,-1],[-4,-3],[0,-22],[3,-8],[1,-8],[-2,-4],[-5,-1],[-4,1],[-15,16],[-5,-2],[-13,17],[-12,7],[-6,-7],[-5,-3]],[[2150,6128],[-20,8],[-2,12],[1,9],[13,28],[1,10],[-3,18],[-8,14],[-1,28],[-7,73],[5,24],[-4,36],[1,18],[-4,32],[1,22],[14,26],[3,13],[1,37],[5,25],[2,19],[-20,67],[3,59],[4,45],[-18,29],[-15,52],[-8,18],[-12,16],[-16,5],[-7,5],[-7,13],[-6,5]],[[2046,6894],[5,11],[13,12],[3,9],[-11,9],[-2,11],[4,12],[10,7],[4,9],[-5,8],[-11,6],[-7,10],[-2,13],[5,15],[17,4],[26,-2],[37,16],[12,-3],[4,-8],[10,1],[8,3],[10,2],[16,7],[10,0],[13,-3],[28,4],[9,-2],[40,-37],[11,-3],[5,12],[6,11],[14,6],[5,7],[9,4],[45,10],[12,-1],[-1,-10],[12,-2],[9,1],[7,-4],[8,9],[7,-18],[10,-5],[14,10],[12,13],[12,7],[9,-6],[11,1],[12,-5],[10,6],[15,0],[9,4],[11,14],[11,12],[6,-3],[7,-26],[2,-12],[11,1],[13,2],[6,-19],[16,13],[10,-13],[10,-5],[4,1],[4,-2],[9,-12],[5,-3],[18,-15],[-1,-11],[6,-3],[6,-7],[7,-5],[10,3],[7,-6],[14,-3],[8,-10],[11,-6],[17,-3],[12,1],[5,-3],[5,-3],[22,7],[19,-14],[23,9],[6,10],[18,21],[8,12],[13,12],[14,0],[11,-2],[10,3],[12,8],[4,8],[2,38],[9,9],[1,15],[-1,10],[4,8],[6,13],[7,9],[2,6],[-6,22],[13,29],[-1,11],[1,7],[6,0],[-7,35],[-1,22],[7,19],[11,14],[11,-3],[18,23],[9,2],[15,-3],[9,-7],[8,-8],[6,25],[5,11],[1,10],[-4,12],[-23,12],[-7,22],[0,15],[11,15],[-9,5],[-1,6],[9,11],[9,17],[8,29],[-2,17],[1,16],[10,2],[8,-1],[10,-8],[24,-8],[13,-7],[16,-13],[25,-5],[66,-33],[2,7],[19,-9],[10,6],[14,14],[3,14],[-4,7],[-13,5],[-1,9],[5,9],[0,6],[-6,23],[2,34],[-7,4],[-14,17],[-12,27],[-4,12],[-2,17],[-7,8],[-8,4],[-18,4],[-5,24],[-6,20],[-2,19],[0,24],[-11,14],[-1,7],[2,9],[3,6],[13,12],[5,16],[9,41],[19,30],[2,7],[-1,13],[-5,18],[-2,10],[10,52],[14,16],[6,16],[10,6],[5,11],[9,8],[11,5],[5,10],[6,6],[8,4],[17,5],[4,10],[24,12],[11,-10],[-10,-25],[-2,-12],[2,-4],[-1,-14],[15,-3],[0,-7],[-2,-11],[6,-2],[0,-4],[17,0],[11,45],[11,1],[13,-3],[3,16],[-5,8],[0,5]],[[3441,8056],[25,22],[7,6],[18,23],[10,12],[11,26],[7,15],[4,23],[3,19],[4,29],[25,36],[36,-10],[28,-7],[41,-16],[53,-15],[17,-15],[29,-10],[18,-14],[17,-27],[10,-47],[19,-45],[6,-30],[75,-82],[34,-37],[11,-17]],[[5579,5825],[-1,-11],[4,-33],[-9,-8],[-4,-15],[-10,-2],[-8,-27],[-10,-9],[-11,2],[-32,17],[-9,-3],[-4,-10],[-12,-10],[-15,-8],[-7,-10],[-6,-27],[-13,-10],[-8,-9],[-10,-62],[-10,-8],[-5,-6],[14,-12],[-1,-10],[-5,-4],[0,-4],[5,-8],[0,-5],[-10,-7],[-4,-4],[-9,-5],[-5,-10],[-8,-5],[-11,-4],[-27,-1],[-11,3],[-10,8],[-20,8],[-27,-25],[-7,-1],[-11,6],[-41,-22],[-13,-3],[-8,8],[-3,8],[-5,5],[-9,-2],[-5,-6],[-1,-8],[-4,-6],[-8,0],[-7,-3],[-6,-3],[-5,-8],[-6,-1],[-4,2],[-9,-16],[0,-1]],[[5118,5440],[-7,1],[-8,1],[-10,-4],[-14,-11],[-3,-11],[-30,11],[-10,10],[-4,12],[0,16],[0,6],[0,18],[-4,17],[12,25],[-17,55],[-8,-1],[-17,21],[-18,13],[-3,10],[8,15],[6,15],[-1,13],[-7,13],[-13,12],[-9,2],[-14,4],[-18,9],[-8,8],[-3,11],[-1,17],[-11,25],[0,7],[3,19],[-5,15],[3,18],[-7,22],[8,10],[1,5],[-24,75],[6,14],[-24,51],[1,10],[-3,5],[-5,-7],[-21,4]],[[4839,6021],[-5,17],[-9,14]],[[4825,6052],[-12,7],[-13,4],[-26,-4],[-14,-8],[-15,-15],[-12,-15]],[[4733,6021],[6,-37],[-2,-15]],[[4737,5969],[4,-10],[-1,-5],[-13,-5],[-15,-34],[-2,-16],[-4,-9],[-7,-2],[-2,-13],[-11,-8],[-7,-4],[-15,-9],[-10,-10],[-14,-7],[-19,7],[-25,3],[-10,-2],[-17,29],[-16,-7],[-14,-9],[-9,-8],[-2,-8],[-9,-10],[-3,-1],[-19,12],[-27,-4],[-23,24],[-11,-3],[-20,-13],[-17,13],[-30,-5],[-19,-11],[-14,-11],[-6,-12],[-27,-18],[-4,-1],[-11,-2],[-10,2],[-8,4],[-10,12],[-7,7],[-11,7],[-10,3],[-38,-11],[-10,4],[-9,6],[-6,8],[-3,10],[4,12],[5,7],[-5,3],[-11,6],[-6,6],[-8,13],[-4,0],[1,-6],[1,-9],[1,-2],[2,-5],[-5,-7],[-3,-8],[-3,-15],[-1,-10],[3,-14],[-5,-4],[-28,3],[-23,0],[-13,-2],[-23,-14],[-5,-8],[1,-11],[-3,-9],[-5,-5],[-14,-26],[-5,-2],[-16,8],[-10,1],[-2,-9],[5,-18],[-11,-23],[-7,-6],[-14,-21],[-16,-3],[2,-6],[5,-7],[12,-17],[3,-9],[-1,-4],[0,-7],[4,-13],[4,-35],[7,-7],[10,-7],[8,-10],[-4,-3],[-13,4],[-7,0],[-5,-5],[-1,-8],[7,-20],[-4,-6],[-5,-3],[-14,2],[-11,5],[-2,8],[-9,8],[-8,-38],[-1,-24],[-6,-3],[-14,5],[-7,8],[-9,15],[-9,6],[-7,1],[1,-10],[-8,-4],[-17,8],[-11,15],[-12,4],[-11,-9],[-3,-5],[-6,-7],[-24,-18],[-9,0],[-6,7],[-4,10],[-6,10],[-8,-1],[-8,-8],[-7,-4]],[[3631,5717],[9,-4],[19,7],[11,6],[20,3],[9,4],[8,5],[34,31],[7,4],[11,3],[8,5],[5,13],[28,34],[6,14],[10,13],[9,9],[11,13],[6,13],[0,21],[-3,6],[-23,18],[0,14],[9,17],[6,17],[18,39],[4,13],[4,34],[6,14],[12,13],[3,2],[4,9],[4,29],[-2,5],[0,22],[3,12],[5,12],[1,13],[0,13],[-4,19],[20,40],[9,10],[11,8],[30,12],[27,12],[11,9],[12,7],[14,5],[11,-1],[29,-19],[21,-1],[14,0],[13,4],[10,7],[29,28],[20,13],[9,5],[11,1],[12,-3],[26,1],[34,3],[16,-4],[22,-3],[21,-5],[19,-19],[14,-1],[13,3],[9,14],[32,11],[27,3],[27,9],[28,17],[18,19],[17,15],[14,10],[36,20],[23,19],[17,10],[19,7],[20,2],[15,-4],[14,-5],[14,-7],[18,-12]],[[8968,7144],[-1,-1],[-3,-5],[-6,-14],[-2,-5],[-1,-1],[-1,-3],[-4,-12],[-2,-4],[-6,-30],[-3,-24],[-1,-10],[0,-1],[1,-1],[1,-10],[1,-33],[1,-2],[2,-21],[3,-13],[8,-33],[1,-14],[1,-1],[0,-4],[7,-10],[0,-1],[1,-1],[1,-14],[6,-24],[3,-4],[3,-7],[0,-3],[2,-3],[1,0],[5,-16],[1,-7],[1,-2],[2,-11],[1,-2],[1,-2],[4,-5],[0,-2],[0,-3],[3,-4],[1,-3],[3,-6],[3,-4],[1,-3],[1,-1],[0,-1],[5,-5],[1,-8],[3,-4],[2,-6],[3,-4],[3,-9],[4,-4],[5,-16],[1,-1],[2,-7],[1,-1],[2,-2],[0,-3],[3,-8],[5,-17],[2,-9],[1,-1],[1,-1],[3,-6],[1,-2],[7,-23],[1,-3],[3,-3],[5,-16],[2,-2],[2,-8],[1,-1],[4,-11],[1,-1],[3,-7],[1,-2],[2,-3],[0,-3],[1,-1],[1,-5],[1,-2],[1,-1],[2,-7],[2,-2],[1,-3],[0,-3],[13,-18],[4,-12],[1,-3],[4,-20],[6,-7],[2,-3],[1,-3],[8,-10],[2,-8],[7,-9],[5,-13],[1,-1],[1,0],[3,-15],[5,-7],[0,-2],[1,0],[3,-14],[1,-9],[-1,-21],[-1,-35],[-4,-22],[0,-4],[-4,-21],[-1,-4],[-1,-11],[-6,-4],[-4,2],[-3,-2],[-2,-3],[-10,-5],[-6,2],[-4,0],[-5,1],[-13,7],[-22,-3],[-4,1],[-18,5],[-10,-1],[-9,-2],[-11,0],[-8,1],[-11,3],[-3,2],[1,3],[-1,10],[-2,15],[0,1],[-4,-1],[-6,-6],[-2,-17],[-5,-8],[-3,-1],[-6,-3],[-8,-2],[-7,-4],[-12,-12],[-1,-2],[-28,-14],[-11,-9],[-4,-4],[-4,-10],[-1,-17],[-2,-7],[-2,-2],[-3,-1],[-15,7],[-3,1],[-4,-1],[-6,-1],[-4,-4],[-2,-3],[-1,-3],[0,-9],[3,-2],[1,-2],[-1,-2],[1,0],[1,-7],[1,-1],[0,-1]],[[8864,6155],[-22,11],[-4,0],[-5,-2],[-7,-9],[-9,-7],[-6,2],[-5,3],[-5,6],[-2,6],[-2,9],[3,13],[7,12],[2,11],[-2,10],[-4,3],[-12,4],[-12,0],[-17,-4],[-10,-13],[-26,-4],[-3,4],[1,21],[-3,5],[-7,3],[-13,3],[-9,10],[-15,5],[-6,10],[-23,-2],[-1,7],[-8,10],[-4,0],[-10,-1],[-10,-12],[0,-6],[-7,3],[-1,6],[0,5],[-1,6],[-7,-12],[-3,0],[-8,11],[-6,-4],[-1,0]],[[8581,6278],[-5,-1],[-9,3],[-3,7],[4,11],[12,-2],[2,4],[-1,5],[-8,8],[0,3],[-4,-2],[-4,5],[-3,9],[-3,18],[-13,3],[-2,9],[0,24],[-4,7],[-6,16],[-20,4],[-6,5],[-17,9],[-34,-6],[-53,18],[-19,-10],[-12,4],[-4,-2],[-20,-24],[-5,10],[-8,-3],[-10,2],[-9,-14],[-4,-12],[-7,-6],[-8,-1],[-7,2],[-11,6],[-19,1],[-4,4],[-2,5],[-5,6],[-5,2],[-8,0],[-14,5],[-9,9],[-13,3],[-37,-12],[-5,-3],[-4,-6],[-11,-5],[-6,0],[-11,5],[-12,8],[-4,5],[-6,2],[-9,6],[1,8],[10,11],[2,4],[-4,6],[-11,-1],[-10,0],[-12,15],[-3,21],[-22,14],[-12,-3],[-6,2],[-10,9],[1,7],[-3,8],[-2,19],[3,13],[12,33],[4,38],[0,14],[-8,19],[1,24],[2,4],[4,22],[1,27],[-3,8]],[[8031,6744],[10,1],[14,-7],[4,3],[0,8],[-3,5],[13,37],[4,33],[10,-8],[8,14],[-2,14],[-5,1],[-2,15],[-3,10],[-4,5],[-16,14],[1,11],[3,7],[-5,4],[-1,10],[3,8],[5,10],[-8,7],[-18,9],[-6,-2],[-1,1],[0,2],[4,5],[-3,14],[-6,11],[-7,8],[-12,1],[-3,10],[1,9],[2,8],[16,23],[0,9],[3,6],[9,5],[0,9],[11,1],[11,-5],[2,-7],[6,-1],[5,2],[4,6],[7,3],[3,12],[6,-2],[0,-8],[3,2],[4,5],[5,1],[11,0],[7,15],[-2,5],[2,2],[10,3],[3,29],[5,10],[0,7],[-1,8],[1,7],[-1,16],[-3,13],[2,3],[28,6]],[[8021,5830],[-3,-9],[-3,-11],[-4,-15],[-6,-1],[-8,-2],[-9,0],[-6,-6],[21,-2],[1,-5],[-9,-12],[-10,-11],[-2,-2],[-12,-19],[1,-17],[13,1],[7,-6],[5,-10],[13,-4],[1,-9],[-3,-9],[-4,-3],[-1,-5],[11,-28],[-9,-13],[-2,-3],[-6,-11],[-1,-7],[5,-22],[0,-14],[2,-11],[4,-6],[-1,-2],[-5,-1],[-5,-4],[15,-7],[2,-4],[-6,-4],[-3,0],[-4,-5],[6,-12],[-1,-20],[5,0],[4,-3],[1,-7],[-1,-7],[-4,-5],[-9,-37],[6,1],[4,6],[5,1],[1,-10],[-6,-4],[-5,-2],[-4,-8],[-11,-4],[-3,-15],[-7,-4],[-5,0],[-4,-3],[-4,-10],[6,-15]],[[7974,5373],[-11,-4],[-19,-1],[-13,-5],[-21,2],[-10,1],[-5,1],[-8,-1],[-12,19],[-7,6],[-24,6],[-12,-3],[-16,-13],[-19,-16],[-8,-9],[-8,-3],[-40,10],[-32,8],[-10,4],[-52,51],[-8,3],[-24,3],[-14,15],[-16,-30],[-4,-13],[17,-50],[2,-17],[12,-13],[3,-6],[-9,-16],[1,-15],[6,-29],[-3,-14],[-4,-10],[4,-7],[16,-7],[3,-12],[4,-8],[2,1],[4,-16],[4,-5],[4,1],[6,-5],[9,2],[8,-4],[4,-9],[0,-1],[3,-8],[2,-8],[2,-18],[5,-11],[10,-4],[3,-1],[13,-3],[9,-12],[43,-21],[4,-8],[17,-3],[19,3],[7,-23],[-7,-17],[-10,-7],[-5,-5],[1,-5],[9,-3],[4,-4],[3,-5],[2,-15],[-2,-10],[-12,-20],[5,-3],[-2,-8],[9,-2],[-9,-26],[0,-7],[19,-19],[3,-5],[0,-8],[0,-1],[-2,-10],[4,-9],[6,-7],[3,-13],[-7,-13],[-9,-25],[2,-6],[7,-4],[9,-11],[4,-14],[0,-7],[19,-27],[11,-16]],[[7866,4715],[-10,-5],[-9,2],[-10,-6],[-2,-3],[1,-14],[-17,10],[-11,-7],[-10,6],[-21,-12],[-10,1],[-11,5],[-4,7],[1,6],[3,5],[12,11],[-2,8],[-6,4],[-11,10],[-23,2],[-11,-5],[-11,-11],[-2,6],[-5,9],[-7,3],[-7,20],[0,9],[8,5],[11,2],[4,13],[-11,26],[-4,4]],[[7691,4826],[-7,12],[-6,4],[-2,4],[-1,7],[-3,7],[-5,6],[-4,1],[-3,2],[-7,-3],[-11,18],[-14,1],[-7,2],[1,6],[-7,11],[14,-2],[7,2],[3,7],[-3,23],[11,11],[-1,5],[-10,9],[1,6],[-5,4],[-1,6],[-5,7],[-9,-5],[3,-2],[0,-4],[-3,-6],[-4,-5],[-5,0],[-7,2],[-2,10],[7,15],[0,5],[-3,1],[-6,-2],[-6,4],[-10,46],[-6,1],[-6,32],[-13,3],[-10,7],[-19,22],[-11,3],[-5,7],[-19,17],[-12,17],[-3,17],[-10,1],[-5,4],[-7,-7],[-7,11],[8,17],[-3,13],[-11,4],[-5,7],[-9,30],[-10,7],[-3,15],[4,8],[2,8],[5,-2],[2,-15],[12,-13],[4,3],[0,8],[-2,16],[-3,11],[-10,7],[-5,6],[-1,14],[-4,10],[-11,6],[-13,5],[-2,7],[0,28],[-2,0],[-6,-12],[-2,-11],[-7,0],[-8,1],[-6,-17],[-9,-13],[-7,-7],[-3,-8],[2,-7],[12,-2],[-3,-5],[0,-7],[12,-1],[-6,-15],[7,-5],[7,-3],[5,-4],[-3,-11],[-10,-10],[1,-21],[0,-12],[-12,-3],[-6,2],[-4,6],[-4,19],[-7,4],[-12,1],[-20,13],[-19,10],[-23,8],[-9,8],[-12,4],[-7,-1],[0,10],[-5,23],[10,35],[15,11],[8,19],[-2,44],[6,6],[8,4],[6,23],[-12,8],[-11,39],[-10,2],[-5,14],[-9,0],[-5,-11],[-5,-5],[-2,0],[-12,14],[-7,-23],[3,-12],[6,1],[-2,-15],[-18,-7],[-4,-7],[-10,19],[-13,-16],[-21,4],[-8,-3],[-8,7],[-7,2],[-28,-21],[-2,-5],[0,-11],[-10,-9],[-4,-24],[-7,-20],[0,-10],[-14,-32],[-15,-13],[-4,-10],[-5,-23],[-5,6],[-11,7],[-10,1],[-7,-4],[-11,-11],[-7,3],[-6,-5],[-6,-8],[-10,-20],[-1,-11],[1,-14],[-12,-12],[-13,10],[-15,-2],[-5,5],[-7,-1],[-9,1],[-20,5],[-18,-2],[-11,2],[-13,19],[-10,7],[-5,-12],[5,-4],[-5,-3],[1,-3],[-26,0],[-8,5],[-8,-3],[-5,-8],[2,-13],[-6,1],[-15,-7],[-13,7],[-14,4],[-15,3],[-19,-4],[-19,-2],[-4,-17],[-4,-10],[-2,-13],[2,-12],[-3,-7],[-7,-6],[-6,1],[-15,9],[-11,10],[-15,-2],[-22,-34],[-8,3],[-8,5],[-4,23],[-1,14],[-7,3],[-8,7],[-6,7],[-5,-8],[-14,-12],[-15,-2],[-12,-4],[-8,-2],[-10,2],[-11,-2],[-3,17]],[[6466,5192],[1,4],[16,4],[2,6],[4,6],[4,7],[3,11],[4,7],[-2,11],[0,16],[-4,5],[-2,6],[3,9],[1,9],[5,4],[-3,6],[0,5],[7,1],[0,12],[3,8],[12,7],[6,-1],[3,5],[2,10],[-4,1],[-2,22],[-15,-4],[-12,-7],[-10,0],[-11,-8],[-105,1],[-12,1],[-24,16],[-15,2],[-19,4],[-16,6],[-22,4],[-7,6],[-9,4],[-13,-1],[-14,-5],[-21,6],[-21,0],[-19,15],[-19,6],[-5,8],[-20,21],[-6,9],[-23,9],[-17,3],[-18,7],[-10,1],[-6,8],[-34,18],[-18,13],[-8,12],[-12,9],[-24,11],[-24,23],[-89,67],[-21,10],[-63,-1],[-15,5],[-34,31],[-21,30]],[[6129,5896],[15,-11],[12,-1],[8,-4],[9,3],[7,-1],[6,-10],[7,-5],[10,-2],[8,-4],[26,-34],[8,-7],[15,-8],[-1,-3],[-14,-13],[2,-8],[5,-8],[13,-12],[1,-13],[9,-7],[12,-12],[23,-29],[11,-10],[9,-5],[42,-8],[8,-11],[9,5],[8,9],[12,-8],[11,-14],[8,-1],[13,-6],[25,3],[12,-10],[7,-4],[39,-4],[14,0],[12,8],[5,-9],[13,-6],[5,-8],[4,-3],[7,1],[5,8],[-7,24],[1,17],[20,-9],[32,-12],[15,-13],[18,-18],[8,15],[10,12],[23,19],[6,20],[-3,8],[9,0],[4,4],[11,3],[6,18],[13,7],[5,-5],[8,0],[12,-5],[10,-6],[10,-1],[20,-8],[12,0],[5,-8],[8,1],[8,-10],[6,-4],[5,1],[19,-4],[3,11],[3,1],[2,3],[-3,10],[4,13],[6,7],[2,5],[2,1],[5,-3],[13,7],[5,7],[24,-4],[9,1],[10,5],[6,8],[6,-2],[1,7],[2,3],[3,-5],[6,3],[5,1],[3,9],[1,11],[6,14],[18,15],[14,31],[7,11],[8,8],[22,12],[6,5],[1,8],[7,10],[-1,5],[-5,-1],[-8,16],[3,7],[5,-12],[10,15],[2,7],[0,10],[14,10],[3,9],[6,-2],[8,1],[9,-13],[12,-1],[10,-6],[-2,12],[-2,4],[1,4],[5,3],[7,-8],[4,15],[-2,5],[2,12],[3,6],[11,0],[15,3],[3,3],[7,15],[5,5],[9,-6],[5,-9],[9,-5],[5,-6],[7,0],[9,3],[11,0],[12,11],[20,2],[35,-1],[13,-10],[9,-10],[7,0],[5,3],[11,16],[4,10],[6,9],[10,5],[7,9],[3,22],[0,10],[-1,1]],[[7411,6071],[9,2],[8,0],[10,-3],[9,-5],[14,-11],[6,-2],[20,-12],[8,-8],[4,-14],[3,-13],[8,1],[9,-1],[7,-5],[7,-10],[8,-27],[4,-6],[4,-4],[19,-5],[6,-32],[21,-14],[16,-16],[5,-5],[7,-16],[11,-2],[-2,-11],[4,-9],[9,-1],[21,10],[13,12],[8,-5],[5,2],[1,22],[4,9],[11,10],[17,-5],[27,4],[11,19],[7,7],[8,4],[17,4],[6,20],[8,1],[23,14],[2,-10],[11,-2],[5,4],[-3,15],[1,6],[5,5],[4,-1],[3,-11],[4,-6],[3,5],[0,6],[5,1],[7,-10],[-1,-11],[-5,-8],[-7,-1],[-7,-6],[-9,-1],[-6,3],[-5,-1],[-6,3],[-2,-4],[3,-4],[7,-2],[6,2],[12,-2],[6,-8],[1,-18],[10,7],[10,11],[15,2],[3,-8],[3,-25],[5,1],[7,-11],[15,-5],[11,1],[13,0],[16,-7],[10,-19],[-2,-10],[5,-10],[19,-3],[-1,-8],[16,0]],[[8194,4526],[-1,-1],[-4,2],[-6,5],[-3,4],[-2,7],[2,4],[6,11],[5,4],[0,2],[2,0],[6,6],[11,9],[15,13],[1,2],[7,7],[9,11],[0,3],[2,2],[6,7],[5,1],[2,-2],[0,-2],[1,-7],[-3,-7],[-1,-1],[-2,-2],[-5,-8],[-9,-9],[-8,-10],[-1,-2],[-4,-3],[-5,-3],[-13,-8],[-4,-4],[-2,-3],[-3,-9],[-2,-15],[-2,-4]],[[8264,4652],[-7,-6],[-4,1],[-2,2],[0,4],[0,3],[2,9],[1,3],[7,14],[3,1],[2,1],[2,-10],[1,-5],[-1,-6],[-1,-8],[-2,-3],[-1,0]],[[5391,8249],[9,-13],[11,-31],[10,-14],[14,1],[12,6],[11,10],[5,-10],[4,-15],[8,-17],[15,-17],[10,-6],[5,-5],[-7,-19],[-1,-13],[8,5],[4,-3],[0,-13],[7,-30],[0,-40],[6,-7],[11,-3],[27,4],[9,9],[9,5],[2,10],[-5,5],[-8,3],[-2,11],[2,15],[10,33],[12,-6],[18,-5],[17,-2],[19,-6],[19,-3],[22,3],[2,-14],[10,0],[31,10],[28,4],[12,20],[14,3],[14,-3],[27,-19],[21,10],[3,11],[0,17],[5,10],[6,0],[11,-4],[6,-11],[10,-5],[5,6],[7,11],[10,-8],[11,10],[15,-11],[30,-11],[5,-18],[-1,-33],[5,-14],[-4,-12],[-1,-7],[2,-6],[3,-7],[6,-5],[5,-3],[0,-8],[-5,-24],[24,-37],[7,2],[21,16],[13,9],[13,1],[6,3],[11,-5],[7,-5],[6,-7],[8,-6],[10,1],[10,6],[18,4],[11,-2],[21,-6]],[[5498,7064],[-1,5],[7,17],[-7,11],[-5,22],[-10,-2],[-8,4],[-6,7],[0,8],[-7,2],[4,24],[6,14],[5,4],[11,5],[10,8],[9,-1],[19,-15],[0,18],[5,16],[8,8],[5,16],[-18,5],[-5,7],[4,13],[9,17],[-6,8],[-16,13],[-11,9],[-8,8],[-9,21],[-20,17],[-10,14],[-14,6],[-13,4],[-15,1],[-32,-10],[-11,-8],[-1,-5],[5,-6],[-1,-6],[-21,-7],[-8,-9],[-3,-12],[-7,-2],[-7,-7],[-3,-10],[-3,-5],[-5,-7],[-28,-7],[-2,-2],[-6,-5],[-7,-15],[-8,-6],[-9,-1],[-14,-1],[-18,-13],[-9,-1],[-5,7],[3,8],[6,7],[-1,36],[-2,42],[-4,22],[2,16],[0,8],[-8,11],[-5,14],[-7,22],[-5,19],[-12,16],[2,26],[-19,18],[-25,-4],[-6,-15],[-5,0],[-5,-1],[-17,10],[2,-9],[4,-7],[-1,-9],[-8,-2],[-9,5],[-6,5],[5,9],[2,7],[2,17],[-5,9],[-11,5],[-7,6],[12,23],[5,18],[-9,11],[-9,14],[5,17],[12,13],[3,14],[-7,19],[-2,17],[4,23],[-10,5],[-9,9],[21,13],[7,14],[9,6],[-4,12],[-12,8],[-14,1],[2,12],[9,11],[6,17],[17,26],[6,18],[6,29],[10,2],[10,5],[9,12],[15,-5],[10,8],[-12,9],[4,9],[12,3],[8,0],[37,-16],[-3,15],[-5,12],[-13,8],[-14,6],[-11,14],[-9,7],[-4,6],[5,8],[-8,12],[-8,8],[-7,10],[-17,-7],[-26,18],[-16,21],[1,18],[8,13],[7,41],[7,15],[13,9],[39,-17],[12,3],[20,10],[4,2],[6,19],[12,15],[14,3],[28,-6],[37,-6],[15,1],[19,20],[6,42],[-8,18],[1,8],[11,5],[11,1],[13,-7],[7,0],[17,-2],[4,-3],[4,1]],[[5723,7072],[1,7],[-4,8],[-4,3],[-1,1],[-5,-15],[2,-5],[7,-2],[4,3]],[[7111,7006],[-22,-5],[-12,1],[-12,-5],[-20,-17],[2,-15],[-6,-8],[-2,-4],[4,-25],[15,-39],[6,-7],[2,-9],[5,-5],[3,-7],[4,-2],[11,-12],[3,-2],[12,2],[5,-1],[5,-8],[-1,-23],[7,-28],[1,-18],[-7,-15],[-2,-19],[-7,-11],[-2,-17],[-5,-15],[5,-10],[1,-12],[23,16],[7,2],[25,-2],[10,-4],[25,-16],[2,-9],[11,-14],[6,-2],[7,3],[14,-9],[1,-9],[11,-13],[5,-12],[11,-9],[7,-13],[-3,-15],[8,-14],[10,-1],[11,6],[4,7],[20,-2],[11,-4],[13,-4],[44,5],[20,-1],[18,-4],[0,-15],[3,-46],[-18,-38],[-9,-33],[-10,-17],[3,-20],[24,-9],[16,-8],[29,1],[19,-10],[7,6],[14,-7],[6,-6],[-1,-17],[10,-3],[5,-6],[32,-1],[28,-10],[7,-10],[21,0],[-1,-30],[-17,-37],[0,-24],[9,-8],[-1,-8],[-2,-8],[1,-22],[8,-5],[1,-3],[-5,-12],[-4,-2],[-2,-15],[-11,5],[-9,-8],[-6,-1],[-8,5],[-9,8],[-8,0],[-8,6],[-7,4],[-8,-1],[-17,-9],[-6,-6],[-9,-14],[-8,1],[-15,-6],[-10,-1],[-28,-9],[-25,-3],[-2,-10],[0,-7],[5,-6],[2,-6]],[[6564,7093],[15,-18],[13,-7],[7,-2],[4,-6],[9,-4],[4,-11],[24,-25],[32,-37],[4,-11],[18,-9],[7,-2],[31,-18],[7,1],[53,72],[16,31],[8,8],[4,-4],[3,-5],[9,-3],[68,-49],[18,-1],[11,10],[22,40],[11,10],[22,-2],[23,3],[13,12],[11,14],[5,9],[2,6],[5,0],[11,-11],[20,6],[7,-3],[-6,-7],[0,-15],[5,-7],[7,-5],[9,-4],[6,-6],[9,-37]],[[4672,3710],[17,-8],[0,-40],[3,-33],[6,-41],[5,-5],[-9,-21],[-2,-9],[6,-8],[79,-3],[5,8],[12,29],[2,8],[3,16],[-2,19],[1,10],[9,13],[2,24],[13,-15],[18,-9],[20,-2],[8,-3],[7,-7],[12,15],[-1,-13],[4,-27],[5,-13],[-3,-31],[4,-14],[6,-10],[-7,-13],[-4,-10],[4,-7],[9,-5],[5,-4],[2,-20],[8,-1],[5,2],[1,-39],[19,-7],[-2,-15],[-8,-22],[-11,-2],[14,-23],[0,-4],[-7,-1],[-14,-46],[-12,-15],[0,-7],[21,-25],[11,-2],[35,-7],[28,-4],[-16,-12],[-11,-14],[-7,-15],[-6,-21],[5,-21],[1,-4],[-1,-27],[3,-8],[12,-13],[-10,-28],[-1,-12],[6,-27],[0,-10],[-11,-25],[-14,-21],[-1,-5],[2,-26],[-3,-6],[-15,-11],[-6,-11],[-1,-9],[5,-15],[-13,-2],[-5,-5],[-3,-10],[-3,8],[-21,-2],[-12,-6],[-5,-14],[5,-10],[11,-2],[-4,-37],[10,-16],[7,-18],[20,-12],[-21,0],[-2,-11],[3,-8],[15,-9],[1,-4],[-2,-9],[3,-10],[-15,-31],[5,-21],[0,-6],[-4,-8],[-7,-6],[-6,-7],[-11,-25],[-5,-22],[-7,-7],[5,-9],[1,-12],[-2,-11],[-6,-13],[-8,-10],[-2,-10],[5,-10],[12,-13],[7,-5],[7,3],[6,-3],[0,-17],[3,-7],[5,-9],[7,-6],[6,2],[12,20],[4,3],[3,5],[6,1],[6,-9],[1,-5],[3,-4],[13,-2],[5,-11],[5,-9],[7,-4],[6,0],[4,4],[5,12]],[[4990,2483],[11,-12],[10,-21],[-5,-3],[-5,-5],[-23,-29],[-8,-24],[3,-10],[4,-7],[16,-34],[-15,-18],[-4,-9],[-14,16],[-5,-5],[2,-10],[5,-6],[2,-9],[-3,-7],[-20,-10],[-6,0],[-12,8],[-14,7],[-7,2],[-7,4],[-7,1],[-1,-7],[5,-8],[10,-1],[8,-7],[12,-5],[2,-11],[-2,-13],[-5,-5],[-8,10],[-7,5],[-4,-2],[-28,16],[-5,0],[1,-11],[3,-6],[9,-7],[3,2],[8,-2],[9,-9],[0,-8],[-4,-10],[-11,-16],[-7,0],[-5,3],[-2,-2],[-4,-2],[-7,19],[-4,6],[-8,7],[-6,2],[-3,-6],[0,-13],[0,-13],[3,-22],[3,-10],[10,-8],[2,-12],[-2,-9],[-3,-2],[-2,-7],[5,-13],[-24,-7],[0,-9],[7,-20],[-2,-6],[-9,-5],[-18,-7],[-5,-9],[-1,-6],[-6,-2],[-2,7],[-5,-2],[-7,2],[-27,19],[-8,-2],[-6,-5],[-3,-10],[-8,-5],[-7,1],[-8,-12],[-11,-5],[-11,2],[-24,14],[-1,11],[-6,3],[-4,-6],[-5,5],[-8,2],[-21,-10],[-22,-12],[-6,6],[-8,-5],[-3,-18],[-21,3],[-7,-4],[-8,2],[4,6],[-2,6],[-7,2],[-6,-1],[-5,-8],[-13,-9],[-9,-1],[-5,-5],[-6,-7],[2,-18],[-10,-9],[-7,10],[-8,4],[-10,-1],[-12,-4],[-15,-16],[-4,4],[-5,-4],[-7,-1],[-4,3],[-2,6],[-13,2],[-7,4],[-9,23],[-3,11],[-8,1],[-7,4],[-2,8],[3,6],[-4,6],[1,7],[-15,9],[-8,5],[-5,11],[0,11],[-6,4],[-6,-3],[-2,-5],[-5,-2],[-6,8],[-5,-2],[-9,8],[-12,1],[-14,0],[-15,-10],[-21,8],[-9,0],[-13,-2],[-8,-6],[-3,-6],[-9,-2],[-6,1],[-6,5],[-1,8],[-4,8],[-11,0],[-7,4],[-3,6],[-21,10],[-9,1],[-6,-1],[-5,-3],[-8,-17],[-6,-3],[-3,10],[-1,16],[-2,4],[-15,-4],[-6,1],[-6,11],[-4,33],[-9,8],[-18,10],[-7,7],[-11,28],[-2,10],[2,7],[9,33],[-1,19],[-3,14],[-4,9],[-4,2],[-20,-8],[-7,3],[-3,5],[7,26],[-4,9],[-6,8],[-3,8],[5,31],[-2,10],[-7,24],[-4,8],[-9,28],[-19,22],[-4,13],[-1,19]],[[3942,2534],[10,25],[10,7],[10,1],[6,-5],[7,-11],[3,-11],[7,-13],[6,-8],[7,-5],[11,4],[7,-4],[6,-6],[3,-6],[12,-35],[5,-10],[20,8],[9,0],[11,-3],[10,0],[7,4],[7,36],[12,25],[7,10],[15,-8],[8,1],[9,-4],[10,-9],[11,-15],[5,-16],[5,-8],[11,-7],[7,2],[7,4],[4,16],[0,9],[8,8],[8,6],[7,9],[7,19],[-3,9],[-9,11],[-24,26],[-1,4],[4,7],[-7,7],[0,7],[3,10],[10,13],[9,7],[10,5],[12,-4],[14,-7],[5,-4],[6,-11],[6,-13],[16,-4],[6,3],[4,4],[8,0],[1,8],[-3,24],[-12,2],[-5,7],[-2,8],[3,13],[-9,21],[4,38],[-2,34],[9,-8],[8,3],[8,6],[4,6],[-3,12],[-10,10],[-15,2],[-5,-2],[-2,5],[-6,4],[-5,-1],[-9,9],[-5,3],[-14,17],[-5,5],[-1,5],[10,8],[2,14],[0,22],[3,4],[6,1],[3,2],[-1,5],[-7,8],[-9,14],[-6,9],[-2,8],[1,8],[7,9],[4,12],[0,4],[4,13],[3,19],[4,10],[4,4],[10,3],[9,7],[7,30],[1,13],[6,10],[3,17],[-5,9],[-4,15],[-2,18],[3,13],[4,9],[13,20],[2,6],[-2,7],[1,11],[2,7],[2,13],[-6,18],[-6,14],[-5,20],[-4,8],[-29,23],[-5,-4],[-12,-6],[-7,2],[-26,10],[-4,5],[-4,12],[-6,3],[-17,1],[-5,3],[-2,29],[-3,18],[15,32],[15,29],[4,11],[8,13],[0,15],[2,10],[9,17],[4,11],[-10,13],[-8,5],[-12,13],[2,12],[13,24],[3,13],[9,14],[-2,7],[-16,19],[-11,8],[-20,2],[-5,6],[-13,34],[-3,11],[0,20],[1,28],[-7,30],[-5,26],[-1,20],[27,10]],[[4184,3836],[11,-3],[9,0],[8,-6]],[[4212,3827],[12,-15],[14,-7]],[[4238,3805],[14,2],[24,9],[7,2],[12,-19],[2,7],[4,5],[7,3],[6,0],[10,16],[8,-1],[9,-4],[5,-7],[9,-3],[22,10],[12,-1],[12,-13],[5,3],[11,-16],[8,-1],[7,2],[-5,16],[0,5],[2,3],[35,-4],[9,6],[13,6],[6,-4],[6,-7],[7,-23],[5,-27],[7,-22],[7,-14],[8,-5],[3,-6],[7,-4],[5,3],[4,11],[5,3],[20,-2],[29,9],[8,-1],[6,-4],[12,-15],[10,-11],[9,-6],[12,-4],[6,1],[4,7]],[[5819,4386],[1,-9],[0,-9],[-2,-10],[-4,-11],[-2,-12],[5,-5],[11,-1],[9,-3],[7,-13],[27,-20],[11,-27],[3,-22],[6,-11],[9,-3],[16,-12],[16,-30],[9,5],[17,6],[9,-8],[12,6],[10,-1],[15,-11],[19,-9],[20,-11],[3,-14],[14,-39],[24,-14],[22,-9],[21,-14],[29,-43],[0,-11],[5,-12],[21,-37],[0,-8],[14,-12],[8,-17],[15,-11],[0,-3]],[[6219,3921],[0,-9],[-6,-125],[-6,-65],[0,-49],[-21,-22],[-42,-49],[-3,-6],[6,-16],[15,-33],[15,-31],[31,-40]],[[6208,3476],[-1,-2],[-7,-6],[-17,-15],[-47,-44],[-11,-10],[-45,-50],[-5,-12],[-2,-5],[-1,-16],[-2,-10],[-2,-7],[-4,-5],[-8,-7],[-1,-1],[-6,0],[-3,-3],[-5,-2],[-16,-12],[-5,-5],[-7,-3],[-17,-15],[-17,-11],[-7,-7],[0,-2],[-11,-8],[-6,-6],[-6,-4],[-13,-11],[-25,-22],[-39,-28],[-10,-7],[-1,-2],[-2,-1],[-2,-3],[-14,-11],[-1,-1],[-3,-3],[-4,-3],[-14,-13],[-6,-5],[-9,-11],[-2,-2],[-6,-4],[-1,-3],[-20,-19],[-6,-8],[-34,-37],[-1,-1],[-6,-11],[-7,-8],[-2,-4],[-12,-13],[-3,-5],[-1,-1],[-2,-3],[-1,-1],[-5,-6],[-7,-8],[-20,-27],[-3,-4],[-14,-19],[-7,-12],[-3,-4],[-13,-19],[-1,-1],[-3,-6],[-11,-21],[-12,-17],[-15,-32],[-8,-24],[-2,-11],[-1,-2],[-4,-13],[-4,-7],[-9,-26],[-2,-3],[-2,-2],[-1,-2],[-5,-15],[-13,-17],[-82,61],[-23,18],[1,3],[-1,11],[-6,9],[0,4],[6,7],[15,39],[-2,11],[-6,5],[-7,-2],[-9,3],[-17,-4],[-6,8],[-8,7],[-6,-3],[-7,3],[-3,-20],[3,-6],[1,-19],[-2,-15],[-6,-14],[-6,-1],[-6,4],[-10,-6],[-10,9],[-2,-5],[-18,-3],[-6,-5],[-26,-2],[-25,13],[-4,0],[0,-5],[6,-13],[12,-39],[4,-8],[7,-4],[8,3],[4,-5],[-1,-10],[6,-18],[7,-4],[12,-4],[3,4],[2,9],[16,12],[7,-1],[9,-6],[9,-21],[8,-10],[-2,-4],[-7,-2],[-7,-24],[-12,8],[-17,3],[-4,-4],[-8,-12],[-6,1],[-1,5],[-4,6],[-17,-1],[-2,-3],[1,-8],[3,-6],[-7,0],[-3,-3],[-12,-26],[-6,-28],[-11,-13],[-4,-1],[-16,12],[-4,18],[-3,16],[2,5],[5,52],[-2,5],[-10,-9],[-3,1],[-1,6],[-3,3],[-11,-11],[-10,-26],[-9,-3],[-22,-1],[-5,-3],[-7,-11],[-28,-3],[-5,-4],[-7,-13],[-8,-9],[-14,-9],[-12,-23],[-7,-4],[-4,-25],[1,-9],[-5,-19],[-2,-3],[-15,4],[-17,11],[-7,7],[-6,6],[-11,6],[-7,9],[-6,-1],[-12,15],[-4,9],[-8,2],[0,-3],[1,-9],[4,-6],[3,-9],[9,-11],[1,-8],[-1,-5],[2,-11],[2,-3]],[[4672,3710],[-11,46],[2,25],[-11,15],[-3,20],[2,4],[13,-1],[2,2],[-1,13],[2,4],[11,7],[4,5],[-10,39],[-3,5],[-19,7],[-9,17],[-5,-4],[-11,17],[-19,6],[2,14],[-20,27],[22,58],[-19,9],[-11,3],[-16,-5],[-11,-6],[-17,-17],[-2,5],[5,7],[3,12],[-9,24],[-10,22],[-27,42],[-1,8],[55,13],[10,8],[3,5],[-10,24],[10,16],[-1,18],[20,3],[8,6],[18,22],[-28,53],[3,2],[14,-2],[31,10],[34,7],[30,8],[41,14],[20,32],[29,25],[15,-39],[7,-21],[25,-25],[12,-9],[8,0],[12,5],[10,-20],[17,-14],[17,-11],[67,-14],[15,5],[14,-15],[7,0],[8,10],[-9,12],[1,6],[13,8],[11,12],[4,12],[-2,16],[-7,9],[8,14],[-1,18],[-6,39],[1,7],[8,13],[-3,29],[13,24],[-7,28],[-14,-4],[-6,-1],[-32,17],[-20,-7],[-10,8],[-6,-4],[-9,7],[-8,1],[-5,-10],[-9,-1],[-7,8],[-11,7],[-8,7],[-7,15],[-22,31],[-6,3],[-7,-2],[-9,-15],[-10,-6],[-6,-2],[-7,5],[-12,17],[10,25],[2,2],[-2,12],[4,9],[7,6],[6,-3],[0,6],[9,22],[16,23],[10,-12],[15,6],[45,30],[10,1],[10,6],[7,6],[-6,9],[-1,15],[-15,15],[-2,9],[4,22],[12,7],[2,7],[-1,11],[6,11],[0,33],[5,6],[13,4],[5,13],[-2,16],[0,14],[8,-2],[13,13],[-8,12],[2,19],[-6,8],[-1,16],[-6,19],[4,11],[7,10],[0,14],[3,8],[14,2],[13,-17],[7,-15],[1,-7],[-12,-14],[3,-10],[-1,-7],[1,-8],[42,-49],[12,-8],[18,4],[9,-4],[6,-5],[3,5],[1,13],[3,9],[12,4],[6,-1],[5,-10],[2,-8],[7,-6],[22,-1],[14,1],[20,-5],[0,11],[-3,10],[-5,10],[-1,12],[28,18],[18,8],[-2,21],[-2,15]],[[5235,5004],[9,-16],[7,-7],[10,-5],[11,4],[44,30],[11,12],[12,16],[4,35],[3,14],[6,11],[13,16],[6,13],[0,20],[4,17],[6,14],[24,8],[14,9],[18,-6],[12,-12],[27,-44],[20,-15],[15,-4],[12,0],[7,7],[8,2],[14,-9],[5,-17],[19,-12],[46,-13],[14,-1],[9,-12],[1,-18],[-14,-52],[-1,-28],[3,-18],[-3,-42],[-6,-40],[-3,-11],[-9,-4],[-9,0],[-9,-3],[2,-8],[6,-10],[-4,-10],[-10,-7],[-2,-6],[19,-53],[11,-14],[17,-8],[19,-17],[29,-43],[5,-24],[1,-23],[4,-16],[12,-4],[29,2],[5,-7],[6,-3],[12,-4],[8,-24],[5,-24],[8,-24],[6,-19],[9,-17],[-10,-29],[-19,-28],[0,-7],[8,-12],[25,-2],[9,1],[4,-7],[10,-9],[0,-1]],[[7974,5373],[16,1],[4,6],[10,5],[7,1],[-3,-10],[1,-8],[3,-6],[7,-3],[1,5],[16,4],[9,-7],[4,-8],[4,-2],[7,1],[5,3],[2,7],[5,5],[7,1],[-2,-12],[8,-5],[4,1],[4,3],[6,2],[3,18],[4,6],[14,0],[11,-15],[3,-10],[1,-10],[20,2],[-1,13],[9,-3],[8,0],[18,-5],[8,0],[3,3],[2,17],[7,5],[16,-16],[5,0],[7,2],[2,-16],[15,-14],[2,-7],[7,1],[4,1],[6,11],[2,-8],[-4,-16],[16,1],[9,-9],[9,-4],[7,0],[9,4],[4,7],[9,4],[5,-1],[33,-15],[7,-1],[9,2],[7,4],[12,12],[17,5],[13,-8],[13,-16],[4,-5],[6,-5],[17,0],[29,24],[5,2],[4,-3],[21,13],[24,-1],[7,-5],[16,-8],[17,-4],[17,0],[10,0],[10,-3],[11,-7],[12,-10],[8,-7],[10,-4],[14,-34],[4,-6],[6,-4],[21,1],[2,1],[18,9],[24,16],[5,3],[4,3],[10,9],[14,9],[6,4],[12,10],[6,9],[2,3],[5,15]],[[8831,5326],[8,-13],[2,-12],[3,-3],[0,-4],[-3,-6],[-23,-20],[-10,-9],[-11,-9],[-8,-5],[-5,-4],[-17,-12],[-40,-26],[-10,-6],[-6,-6],[-8,-5],[-12,-7],[-6,-2],[-17,-6],[-9,-5],[-1,-6],[5,-7],[-3,-7],[-12,-8],[-17,-10],[-4,-2],[-12,-6],[-11,-8],[-10,-7],[-3,-1],[-11,-6],[-1,0],[-4,-4],[-5,-3],[-1,-1],[-16,-9],[-18,-16],[-18,-11],[-6,-9],[-1,-3],[-11,-6],[-3,-5],[-9,-8],[-15,-12],[-4,-2],[-2,-2],[-21,-18],[0,-1],[-1,-1],[-4,-4],[-2,-2],[-2,-4],[-2,-1],[-5,-7],[-1,-3],[-1,-1],[-3,-5],[-4,-5],[-6,-14],[-1,-1],[-2,-4],[-6,-9],[-9,-20],[-3,-7],[-1,0],[-2,-5],[-8,-21],[-10,-15],[-13,-31],[0,-1],[-3,-3],[-3,-4],[0,-3],[-11,-21],[-9,-12],[-1,0],[-1,-1],[-3,-5],[-7,-5],[-1,-1],[-1,-1],[-5,-5],[-1,-2],[-3,-3],[-5,-8],[-3,-6],[-6,-8],[-1,-2],[-1,0],[-5,-16],[-7,-8],[-2,0],[-3,-2],[-2,1],[0,6],[0,2],[0,3],[-3,1],[-6,-3],[-7,-7],[-1,-3],[-2,-3],[-2,-10],[-14,-29],[-3,-7],[-8,-23],[-3,-15],[-3,-8],[-5,-9],[-5,-5],[-2,-2],[-1,2],[-12,3],[0,2],[-5,4],[-9,-4],[-2,-2],[-4,-12],[-1,-20],[-1,-7],[-7,-9],[-6,-3],[-4,-4]],[[8159,4550],[-18,-1],[-20,20],[-13,35],[-11,29],[-4,9],[-11,10],[-6,10],[-6,-2],[-15,7],[-7,1],[-8,10],[-12,8],[-8,10],[-10,-2],[-6,2],[12,12],[3,11],[-6,4],[-5,1],[-10,-9],[-21,2],[-9,-24],[-5,-9],[-23,9],[-6,-1],[-4,-9],[-4,0],[-12,6],[-3,3],[-5,3],[-6,-9],[-4,5],[1,6],[4,2],[-7,7],[-1,7],[-9,2],[-2,-3],[-4,-1],[-12,4]],[[8581,6278],[1,-7],[0,-6],[-5,-10],[-4,-7],[-8,-12],[-4,4],[-1,-5],[-4,-7],[-7,2],[-14,7],[-11,1],[-10,6],[-19,-10],[-7,0],[-3,-2],[-5,-13],[-1,-9],[-7,-1],[-5,-13],[-6,-5],[-12,-3],[-3,-28],[5,-4],[-5,-10],[12,-7],[10,17],[7,3],[3,-1],[-1,-7],[-2,-6],[0,-12],[-5,4],[-4,1],[-10,-14],[0,-8],[8,-16],[7,-12],[-10,-2],[-8,-21],[-5,-4],[-14,4],[-5,-1],[-2,-11],[-8,8],[-6,8],[-5,5],[-4,-5],[1,-11],[-2,-7],[-4,-5],[-12,0],[-9,-2],[-9,-9],[-9,-3],[-5,-1],[-16,12],[-5,6],[-6,0],[-6,-16],[-4,-2],[-5,2],[-11,-8],[3,-9],[3,-5],[-3,-19],[3,-16],[-3,-6],[-7,-3],[-25,-6],[-12,-6],[-8,-14],[-5,-3],[1,-9],[6,-10],[-5,-1],[-12,6],[-6,-1],[-3,0],[-7,-4],[-7,-7],[-11,-18],[5,-5],[-3,-9],[-7,-6],[-7,-8],[-5,-5],[-16,-8],[-5,1],[-10,2],[-9,17],[-18,5],[-1,7],[-15,-3],[-10,3],[-6,26],[-6,19],[-5,-3],[-8,-23],[3,-6],[1,-10],[-3,-29],[2,-8],[4,-6],[1,-9],[-6,-6],[-5,-3],[-13,-3],[-7,-4],[-4,3],[-4,9],[-7,4],[-4,1],[-15,-7]],[[7111,7006],[13,-9],[8,-1],[11,11],[6,9],[10,2],[10,-6],[3,-6],[2,-25],[4,-7],[1,-5],[-2,-8],[2,-11],[7,-9],[0,-13],[2,-5],[7,1],[3,-5],[4,-2],[6,0],[9,7],[8,-1],[18,2],[11,-21],[12,-8],[11,-1],[10,4],[5,8],[8,-2],[10,0],[16,-7],[8,-6],[19,-7],[10,3],[9,-2],[27,8],[10,0],[14,9],[5,7],[2,10],[14,40],[0,21],[2,7],[3,3],[4,0],[6,-5],[-1,-10],[4,-2],[4,9],[2,3],[4,-9],[19,0],[3,9],[3,-2],[3,1],[-3,10],[2,3],[3,-1],[2,-4],[7,1],[5,5],[5,9],[9,-10],[4,-3],[4,2],[9,-4],[1,10],[8,-1],[9,-1],[7,4],[9,-4],[10,0],[1,-6],[3,-1],[15,8],[-2,6],[-3,2],[1,4],[7,4],[6,16],[12,-5],[17,13],[7,-3],[5,0],[7,8],[10,3],[7,7],[7,2],[8,-1],[3,-4],[-2,-5],[-11,-1],[-6,-15],[-1,-17],[1,-18],[-7,-24],[-12,-13],[-7,-4],[-9,-7],[-7,-16],[-6,-21],[-18,-12],[-3,-6],[-5,-22],[-6,-14],[0,-6],[5,-3],[3,-8],[0,-5],[7,-8],[-4,-12],[0,-14],[4,-8],[1,-8],[8,-12],[2,-9],[6,-10],[8,-6],[11,1],[18,-10],[19,-6],[4,5],[8,3],[4,12],[-4,7],[3,8],[4,29],[3,13],[24,15],[11,13],[5,5],[5,0],[10,-3],[5,6],[4,13],[11,-1],[12,-6],[22,-15],[26,-5],[23,-10],[9,-2],[18,1],[8,-3],[8,-4],[9,-8],[5,-8],[15,-12],[19,-3],[23,2],[8,-5],[20,-22],[3,-5],[15,-11]],[[3441,8056],[-14,3],[-14,6],[-41,24],[-9,16],[-11,12],[-15,13],[2,24],[7,6],[5,7],[6,3],[15,-1],[14,-5],[11,7],[2,11],[7,14],[8,9],[19,36],[3,13],[7,16],[-11,9],[-6,8],[2,8],[6,11],[-2,12],[-3,20],[-14,18],[12,8],[16,17],[2,18],[9,12],[0,12],[11,-17],[14,-12],[13,-6],[13,-8],[24,0],[-2,11],[5,3],[-6,13],[2,24],[-14,10],[6,19],[16,5],[12,2],[15,-2],[11,-8],[15,-2]],[[3589,8455],[7,-6],[13,-8],[12,12],[14,2],[6,6],[2,8],[-1,14],[11,1],[16,4],[0,-10],[3,-12],[20,-44],[7,-3],[6,-5],[10,-1],[19,-8],[12,0],[10,-5],[7,-5],[7,-11],[1,-11],[7,-5],[31,-5],[8,-4],[4,-1],[5,8],[11,10],[4,20],[19,33],[25,34],[13,6],[22,36],[10,4],[20,23],[22,-29],[-5,13],[7,19],[2,27],[10,4],[12,-15],[8,38],[9,-3],[14,16],[11,2],[9,11],[6,4],[-17,26],[43,2],[24,36],[2,11],[20,-5],[16,1],[15,-4],[16,5],[33,-4],[6,-3],[9,-32],[10,-27],[9,-13],[5,-2],[32,27],[10,10],[15,24],[7,17],[15,20],[13,-6],[20,-3],[4,-10],[7,-10],[6,-3],[5,3],[7,-7],[19,3],[2,12],[0,16],[3,13],[11,9],[1,13],[-2,9],[-3,20],[-21,3],[-1,16],[3,3],[26,-2],[5,18],[2,0],[6,-3],[6,-2],[5,2],[8,-9],[4,11],[1,4],[0,7],[5,11],[9,5],[5,-11],[6,-4],[7,-2],[21,-6],[3,-3],[3,-1],[9,2],[3,-3],[6,0],[8,3],[11,-1],[11,-8],[34,-17],[7,-6],[7,-14],[24,-1],[8,-4],[10,0],[15,9],[7,7],[13,20],[2,10],[5,7],[6,13],[5,2],[6,0],[1,14]],[[4719,8837],[8,-1],[25,7],[3,5],[8,26],[5,4],[24,7],[13,0],[26,-13],[13,9],[7,-5],[12,8],[19,-19],[12,0],[15,-4],[6,-3],[2,-5],[-3,-45],[8,-17],[-9,-11],[-11,-12],[-9,-14],[2,-42],[-20,-28],[0,-19],[-10,-8],[-5,-10],[0,-5],[-2,-15],[-3,-10],[-9,-28],[-21,-45],[-7,-19],[-5,-19],[5,-32],[-7,-15],[-10,-8],[-7,-9],[-1,-11],[-1,-7],[-5,-16],[-11,-11],[-6,-11],[-7,-8],[-3,-22],[2,-16],[-7,-7],[-1,-17],[-8,-9],[-22,-6],[-7,2],[-4,8],[-8,4],[-10,-3],[-13,9],[-4,-5],[-6,-5],[-6,-2],[-5,0],[-6,5],[-16,2],[-8,-10],[-7,-5],[-9,4],[-13,-13],[-14,-1],[-10,6],[-5,3],[-7,4],[-13,9],[-10,8],[-15,22],[-13,-1],[-11,8],[-12,6],[-16,2],[-10,6],[-22,-12],[-20,-16],[-11,-4],[-14,-2],[-9,3],[-9,0],[-24,-18],[-8,-9],[-9,-5],[-6,6],[-4,12],[-3,7],[-1,11],[-4,10],[-8,1],[-6,6],[-7,4],[-15,-30],[-8,-7],[-2,-5],[-7,-22],[-7,-8],[-6,0],[-5,11],[-11,6],[-8,13],[-5,-1],[-1,-22],[-4,-7],[-7,-8],[-11,-6],[-4,-5],[-1,-16],[-14,-16],[8,-16],[8,-6],[12,-8],[20,-10],[0,-12],[-8,-25],[9,-77],[12,-124],[-12,-38],[-16,-13],[-38,11],[-16,1],[-18,-1],[-16,-3],[-15,-3],[-12,0],[-13,3],[-12,5],[-9,6],[-9,9],[-13,5],[-22,-3],[-38,18],[-14,-6],[-7,-22],[-6,-13],[-11,-17],[0,-1]],[[3707,5421],[3,-4],[6,-5],[10,-3],[37,-17],[8,-5],[16,0],[7,-6],[0,-8],[-3,-17],[1,-17],[5,-30],[5,-12],[3,-11],[-1,-21],[2,-14],[1,-9],[6,-17],[4,-16],[-1,-70],[7,-4],[4,-17],[-1,-4],[-8,-9],[12,-14],[14,-8]],[[3844,5083],[9,-8],[-4,-8]],[[3849,5067],[-11,-16],[13,-4],[21,-1],[30,-5],[9,4],[6,6],[9,-1],[9,-36],[-2,-14],[1,-10],[0,-7],[-14,-11],[-7,-4],[-4,-20],[-3,-6],[-10,7],[-8,2],[-17,-9],[-14,-15],[-16,-10],[-8,-13],[3,-12],[-1,-10],[-5,-10],[-6,6],[-7,3],[-3,-5],[3,-18],[-1,-12],[-5,-9],[-2,-9],[-6,-10],[-11,0],[-13,-2],[-6,2],[-8,6],[-16,16],[-23,-8],[-9,-7],[-17,-17],[-14,-12],[-7,-4],[-3,3],[-7,7],[-19,8],[-3,9],[-4,3],[-19,-1],[-4,3],[-11,14],[-6,4],[-8,2],[1,-11],[3,-10],[4,-9],[-4,-4],[-5,-1],[-3,-3],[4,-7],[-16,-12],[-2,-5],[5,-8],[-4,-7],[-6,-4],[-2,-6],[1,-9],[5,-8],[-7,-18],[-4,-8],[-6,-5],[-12,2],[-4,-8],[-3,-14],[3,-6],[-3,-8],[-5,-7],[-5,-19],[-8,-6],[-19,-5],[-9,-6],[-17,-20],[-4,-8],[-6,-8],[-5,-10],[0,-8],[2,-10],[-1,-21],[-6,-16],[-6,-13]],[[3451,4518],[-4,0],[-14,3],[-6,5],[-12,1],[-4,3],[-14,6],[-12,8],[-6,1],[-6,-8],[-3,-12],[0,-14],[1,-10],[-2,-6],[-4,-5],[1,-12],[-3,-16],[-17,-5],[-9,-7],[-8,14],[-7,-4],[-15,-18],[-2,-6],[4,-4],[-1,-12],[7,-8],[0,-13],[3,-8],[10,-19],[2,-7],[8,-13],[0,-7],[3,-6],[2,-10],[-6,-26],[-1,-20],[2,-7],[14,-12],[6,-11],[-2,-8],[-4,-6],[-1,-6],[4,-20],[1,-2],[1,-15],[3,-9],[3,-4],[14,-9],[9,2],[4,0],[1,-6],[-6,-5],[-3,-7],[4,-45],[-2,-29],[1,-12],[-1,-16],[-11,-15],[-3,-27],[-16,-12],[-5,-13],[-1,-8],[-4,-13],[-18,-23],[-8,-7],[-19,-4],[-5,-4],[-11,-15],[-13,-12],[-11,-33],[0,-22],[-7,-23],[0,-8],[-3,-5],[2,1],[-2,-9],[4,-13],[0,-22],[-4,-11],[-3,-1],[-6,4],[-2,7],[-6,7],[-12,-2],[-23,-13],[-14,-6],[-49,-10],[-19,11],[-3,-1],[-1,-4],[-3,-3],[-5,6],[-18,14],[-4,0],[-5,-3],[-1,-5],[4,-27],[1,-13],[-5,-5],[-15,-4],[-3,-7],[1,-10],[12,-8],[2,-11],[-2,-13],[-6,-8],[-13,-9],[-2,-5],[7,-14],[2,-12],[-9,-22],[-3,-4],[-2,-18],[-5,-5],[-9,2],[-8,-1],[-5,-2],[-5,-4],[-31,-57],[-7,-27],[1,-17],[3,-9],[8,-12],[3,-4],[6,1],[1,-9],[-1,-9],[-3,-3],[-6,8],[-15,5],[0,19],[-4,14],[-7,12],[-7,4],[-7,1],[-3,-17],[-2,-15],[-1,-28],[1,-19],[-4,-5],[-9,9],[-8,2],[-7,6],[-5,24],[-16,29],[-8,24],[-1,11],[13,15],[2,9],[-5,6],[-4,10],[-10,15],[-20,19],[-8,-1],[-4,-6],[-2,-9],[-9,-1],[-7,9],[-12,8],[8,13],[-11,21],[-7,3],[6,21],[0,6],[-4,6],[-2,1],[-6,-8],[-9,6],[-3,-5],[-6,1],[-6,19],[-4,6],[-5,5],[-4,12],[-6,4],[-5,1],[-8,-2],[-26,-7],[-5,-2],[-7,-9],[-6,-1],[-3,-5],[-2,-19],[-10,-16],[-6,-14],[0,-9],[2,-12],[-1,-9],[-6,-8],[-38,-22],[-3,-6],[-7,-11],[-5,-32],[5,-4],[3,-6],[2,-1],[1,-6],[-2,-10],[-7,-20],[0,-11],[-30,2],[-3,-11],[-6,0],[-7,-13],[-6,1],[-5,1],[-1,16],[-3,4],[-10,1],[-10,-3],[-5,7],[-3,-1],[-5,-8],[-6,-4],[-4,-4],[-6,-13],[0,-7],[4,-6],[10,-1],[5,-26],[1,-18],[2,-6],[4,-6],[12,-5],[8,-19],[-2,-22],[-3,-2],[-4,-11],[1,-22],[3,-8],[10,-6],[3,-12],[0,-14],[-3,-20],[3,-21],[-21,-20],[-12,-9],[5,-8],[-2,-9],[-7,-10],[-11,-1],[-9,12],[-7,2],[-23,-41],[7,-5],[-4,-15],[-11,-12],[4,-9],[-3,-9],[-2,-3],[-12,-2],[-2,-10],[7,-16],[7,-14],[3,-7],[2,-15],[-3,-8],[-9,-17],[3,-5],[-2,-11],[-6,-19],[-5,-10],[-4,-13],[-7,-4],[-5,-8]],[[2439,2888],[-6,15],[-4,5],[0,8],[-1,4],[-15,14],[-11,-5]],[[2402,2929],[-1,4],[-6,-2],[-3,3],[-4,5],[1,11],[-3,21],[-6,13],[-7,11],[-5,2],[-8,-1],[-4,1],[-4,4],[-3,-7],[-4,-3],[-6,-5],[-8,-2],[-5,1],[-8,14],[20,31],[1,9],[12,-1],[3,2],[-1,4],[6,21],[1,12],[-2,16],[5,12],[1,8],[7,5],[2,8],[3,5],[6,5],[-5,10],[18,5],[-9,15],[0,4],[5,5],[-1,5],[-9,0],[-5,-2],[-5,6],[-5,-7],[-5,5],[-8,-5],[-22,14],[-9,4],[-13,-3],[-14,10],[-3,6],[-4,12],[-10,3],[-2,-5],[-10,0],[-5,-8],[4,-7],[-12,-10],[-14,-3],[-4,21],[-6,2],[-6,11],[-7,11],[-13,-6],[-13,0],[-1,8],[0,8],[-9,-2],[-10,11],[-1,22],[5,5],[-1,5],[-4,9],[-7,5],[-3,7],[-1,10],[8,8],[-1,8],[-4,8],[3,4],[7,3],[-1,9],[-3,12],[-4,0],[-4,4],[2,8],[-16,-8],[-10,4],[-6,8],[-1,9],[-12,24],[-4,-5],[-6,-2],[-3,16],[-15,4],[-4,6],[-1,7],[0,13],[-9,2],[-7,4],[-3,6],[-2,34],[-11,12],[-9,-4],[-5,4],[2,15],[4,3],[13,34],[-4,7],[-14,5],[-11,0],[-8,10],[-7,3],[-5,-3],[-12,5],[2,10],[7,1],[3,8],[3,9],[-1,10],[-9,-1],[-6,3],[-9,3],[-8,-3],[-6,2],[-8,-1],[-6,13],[-12,-9],[-14,3],[-2,9],[0,22],[2,15],[-3,7],[-5,6],[-9,3],[0,15],[-16,0],[-2,-6],[-5,-2],[-14,1],[-7,11],[-1,6],[3,5],[6,5],[3,10],[6,1],[12,33],[-3,3],[-11,4],[0,7],[-5,5],[-7,12],[-10,5],[0,6],[13,7],[21,17],[15,6],[0,4],[24,56],[5,7],[5,8],[-16,7],[-2,13],[1,14],[4,13],[-2,11],[7,6],[1,6],[-8,3],[-2,11],[-5,1],[-2,13],[8,16],[5,-2],[4,1],[13,8],[9,12],[10,5],[16,2],[-4,13],[0,10],[-5,8],[1,14],[-10,18]],[[1969,4133],[17,4],[5,5],[1,13],[7,4],[8,4],[18,2],[7,6],[7,15],[2,16],[12,9],[9,12],[7,24],[14,1],[9,-4],[15,3],[23,-3],[12,4],[13,2],[7,9],[5,15],[-1,14],[10,8],[5,28],[5,19],[-13,-2],[-5,18],[-6,15],[-3,16],[1,15],[-2,13],[9,9],[-2,15],[3,18],[0,14],[7,13],[2,10],[-4,5],[3,77],[-6,14],[-11,6],[-4,-1],[-2,0]],[[2153,4598],[6,10],[24,40],[13,0],[13,6],[15,37],[-13,15],[-1,7],[28,7],[20,41],[21,25],[14,30],[35,-4],[6,5],[5,14],[5,10],[-6,32],[6,50],[0,7],[6,21]],[[5118,5440],[-1,-8],[5,-19],[6,-4],[3,-4],[-2,-19],[-26,-16],[-20,-21],[-10,-8],[3,-18],[3,-8],[28,-8],[6,10],[5,1],[0,-16],[-2,-9],[7,-16],[10,16],[7,1],[10,-9],[11,2],[8,3],[4,-11],[11,-72],[-2,-8],[-10,-18],[2,-13],[1,-21],[-4,-13],[3,-17],[11,-23],[37,-58],[13,-32]],[[4238,3805],[-14,7],[-12,15]],[[4184,3836],[-6,17],[-7,27],[-12,8],[-3,6],[7,6],[12,6],[-1,5],[-8,12],[-11,0],[-9,5],[-7,-3],[-6,-7],[-13,-4],[-39,0],[-11,4],[-16,13],[-9,9],[-6,8],[-10,20],[-5,18],[-4,6],[-10,-1],[-11,1],[-16,7],[-11,9],[-9,0],[-26,-11],[-19,0],[-14,5],[-6,-3],[-2,-9],[-3,-30],[1,-5],[-5,-26],[-4,-10],[-17,-18],[-11,-17],[-6,-7],[-10,0],[-4,3],[-5,5],[-8,21],[-6,8],[-16,11],[-16,18],[-10,5],[-8,-2],[-24,-15],[-6,-8],[-3,-9],[-10,-17],[-9,-4],[-5,-6],[-9,-3],[-14,18],[-6,12],[1,13],[9,25],[4,16],[-2,12],[-17,30],[-2,27],[-8,25],[-4,3],[-11,4],[-9,5],[-4,7],[-2,7],[1,6],[4,8],[9,11],[4,9],[3,14],[-6,35],[0,9],[4,14],[-3,20],[-5,4],[-14,2],[-3,20],[-3,8],[-3,4],[-7,-10],[-15,-12],[-15,12],[-20,10],[-14,10],[-18,7],[-5,3],[-5,9],[-5,22],[-3,1],[-10,-5],[-3,5],[1,11],[-3,24],[1,5],[9,16],[12,30],[5,5],[13,9],[7,13],[4,11],[5,17],[1,8],[-8,2],[-7,6],[-5,9],[-11,11],[-22,16],[-31,13],[-10,2],[-15,6]],[[3849,5067],[4,8],[-9,8]],[[4737,5969],[2,15],[-6,37]],[[4825,6052],[9,-14],[5,-17]],[[8864,6155],[0,-1],[7,-7],[15,-8],[3,-2],[1,1],[10,2],[1,0],[2,0],[2,3],[4,17],[0,2],[2,2],[0,5],[4,14],[0,2],[3,5],[2,2],[1,0],[1,2],[5,6],[16,15],[5,5],[3,1],[10,6],[10,3],[13,0],[17,-2],[7,-3],[0,-3],[8,-8],[1,-1],[0,-1],[7,-4],[3,-1],[12,-3],[28,9],[16,2],[11,-3],[1,0],[4,0],[1,2],[1,0],[1,-1],[13,-6],[8,3],[26,9],[12,5],[10,2],[3,0],[11,-6],[9,-13],[2,-14],[0,-22],[1,-3],[1,-2],[6,-10],[1,-2],[1,-1],[5,-21],[1,-16],[-3,-11],[-1,-1],[-2,-2],[-10,-6],[-4,-1],[-21,2],[-6,4],[-1,-1],[-8,1],[-4,-1],[-3,1],[-2,2],[-1,-1],[-3,0],[-2,0],[-6,2],[-17,4],[-7,0],[-7,3],[-17,-2],[-9,-5],[-2,0],[-4,1],[-17,1],[-4,-1],[-7,-4],[-1,0],[-1,-1],[-5,-2],[0,-3],[10,-7],[26,-6],[6,-1],[18,5],[18,1],[1,0],[2,-1],[26,1],[3,-1],[5,-5],[0,-3],[-2,-5],[-11,-7],[-6,-9],[0,-5],[6,-2],[13,12],[3,3],[3,2],[1,1],[3,0],[3,-1],[6,1],[2,0],[1,1],[13,2],[5,1],[6,-2],[9,-7],[8,-2],[4,2],[14,8],[17,13],[15,12],[4,2],[15,9],[5,0],[-2,-10],[-27,-19],[-3,-2],[-11,-10],[-3,-5],[-2,-2],[-1,0],[-1,-2],[-3,-3],[-9,-9],[-7,-6],[-47,-35],[-19,-18],[-2,-2],[-33,-25],[-11,-12],[-3,-1],[0,-1],[-3,-1],[-1,1],[-1,0],[-5,-5],[-11,-9],[-22,-23],[-7,-5],[-9,-11],[-1,0],[-2,-2],[-2,-3],[-7,-8],[-16,-13],[-8,-8],[-9,-9],[-1,0],[-1,-1],[0,-1],[-1,-1],[-1,-2],[-9,-8],[0,-1],[-29,-26],[-54,-36],[-21,-23],[-3,-2],[-13,-13],[-2,-1],[-4,-5],[-1,-2],[0,-1],[-5,-3],[-2,-1],[-5,-5],[-3,-3],[-4,-6],[-2,-3],[-1,0],[-1,-1],[-7,-11],[-13,-28],[-2,-1],[-2,1],[-8,4],[-1,8],[-1,1],[-1,7],[-1,1],[-2,2],[-1,3],[-1,1],[-5,-2],[-1,-4],[3,-20],[2,-8],[3,-3],[2,-11],[0,-4],[0,-1],[-6,-11],[-8,-30],[-2,-2],[-1,-1],[-2,0],[-5,2],[-6,5],[-3,3],[0,2],[-1,2],[-2,3],[-5,4],[-13,0],[-2,-5],[0,-6],[2,-4],[6,-4],[8,-11],[1,-2],[1,-2],[1,-1],[2,-10],[-4,-20],[-2,-4],[-4,-18],[0,-13],[2,-22],[-1,-23],[0,-5],[-6,-20],[-2,-2],[-6,-6],[-3,-2],[-2,1],[-6,5],[-2,2],[-2,1],[-3,-1],[-1,0],[-2,-2],[0,-8],[1,-1],[1,-1],[2,-1],[0,-2],[1,-2],[7,-3],[4,-6],[3,-14],[6,-8],[5,5],[2,3],[2,3],[0,9],[1,4],[1,2],[2,9],[6,5],[3,-1],[9,-9],[0,-1],[2,-2],[0,-8],[-4,-13],[2,-5],[9,4],[7,6],[14,12],[3,2],[12,3],[5,-2],[7,-10],[0,-9],[-4,-8],[-8,-6],[-1,-4],[0,-3],[0,-1],[2,-2],[11,5],[1,0],[1,-1],[1,-4],[0,-8],[-5,-14],[0,-8],[1,-4],[2,-12],[-6,-7]],[[8859,5436],[-2,-3],[-6,3],[-2,8],[-1,11],[0,21],[4,21],[8,21],[4,5],[4,12],[-1,9],[0,26],[1,12],[1,6],[-2,1],[0,2],[-7,10],[-2,11],[0,13],[1,1],[1,5],[5,3],[3,1],[3,-4],[6,-12],[1,0],[6,-26],[3,-36],[-1,-18],[0,-6],[-5,-13],[-5,-10],[-6,-23],[-6,-40],[-2,-6],[-3,-5]],[[8880,5380],[-2,-1],[-4,2],[0,14],[-3,14],[-2,15],[0,3],[1,4],[1,1],[3,3],[4,4],[3,1],[2,-3],[0,-1],[3,-27],[0,-6],[0,-14],[-4,-8],[-2,-1]],[[9320,6232],[-2,-1],[-2,0],[-4,3],[0,3],[0,2],[-1,2],[-1,0],[-1,4],[0,7],[1,5],[0,3],[3,7],[1,2],[2,2],[4,2],[2,-2],[3,-16],[0,-4],[-1,-7],[-3,-11],[-1,-1]],[[9320,6173],[2,-2],[1,1],[3,-4],[2,-10],[0,-4],[-1,-7],[-1,-4],[-2,-2],[-3,-2],[-2,0],[-5,1],[-1,6],[0,1],[1,9],[0,7],[3,9],[0,1],[3,0]],[[8852,5357],[-2,-1],[-3,2],[0,4],[2,12],[4,9],[6,5],[2,0],[2,-1],[1,-4],[-1,-12],[-2,-5],[-9,-9]],[[9351,6195],[-6,-3],[-5,2],[-2,1],[0,6],[0,4],[1,1],[7,3],[0,1],[4,1],[1,-1],[1,-6],[-1,-4],[0,-5]],[[9291,6145],[-4,-1],[-5,1],[-2,2],[0,6],[2,5],[5,3],[2,0],[6,-5],[-1,-8],[-3,-3]],[[9183,6240],[-3,-5],[-6,6],[-2,8],[10,1],[2,-4],[-1,-6]],[[7028,8924],[-5,-18],[2,-9],[-18,-15],[-2,-6],[5,-22],[8,-19],[8,1],[7,-8],[10,-4],[10,3],[9,0],[8,-4],[2,-13],[-1,-6],[-4,-13],[3,-5],[3,-9],[16,-2],[25,9],[5,3],[4,5],[6,1],[11,-10],[3,-22],[12,-2],[5,-6],[6,-3],[8,0],[3,-12],[7,-3],[5,-5],[2,-7],[1,-5],[8,2],[8,7],[2,-11],[9,-5],[2,-6],[-1,-32],[2,-18],[-3,-10],[-1,-13],[-5,-16],[0,-6],[24,-40],[0,-7],[-4,-13],[0,-7],[6,-26],[10,-29],[0,-11],[-3,-12],[-5,-13],[6,-19],[-1,-21],[19,-10],[12,-3],[10,6],[6,2],[28,-17],[8,-1],[3,-3],[1,-6],[9,-2],[5,4],[17,-8],[7,-13],[3,-7],[12,-6],[11,-18],[5,-12],[12,7],[10,-16],[9,3],[10,-3],[16,-2],[5,-8],[12,-9],[6,-12],[7,-2],[15,-13],[6,-3],[6,5],[4,-4],[3,0],[4,5],[14,2],[8,3],[0,-9],[7,7],[9,3],[5,-5],[5,1],[4,5],[7,-2],[2,-6],[1,-12],[2,-15],[5,-9],[5,-4],[1,-26],[-5,-25],[5,-14],[9,-7],[8,4],[3,12],[0,8],[4,8],[6,2],[8,19],[4,-10],[7,-32],[5,-12],[9,-5],[7,1],[3,3],[2,7],[7,2],[7,-5],[2,-10],[-3,-15],[-13,-25],[4,-44],[7,-20],[0,-14],[-16,-30],[-5,-20],[-9,-17],[-12,-17],[-5,-18],[-6,-14],[-9,-2],[-8,-7],[-11,-5],[-7,-9],[-13,-9],[4,-20],[-18,-35],[40,-28],[32,-16],[11,-9],[26,-12],[25,-15],[14,-8],[34,-28],[13,-13],[9,-11],[6,-9],[1,-15],[5,-8],[7,-7],[12,-17],[10,-20],[3,-10],[3,-10],[-9,-17],[-11,-10],[-15,-8],[-17,-32],[-3,-11],[-14,-29],[4,-8],[-1,-10],[-23,-23],[1,-5],[2,-6],[-3,-22],[-7,-16],[-9,-11],[-9,-20],[5,-12],[8,-4],[11,-1],[2,-23],[5,-12],[7,-10],[1,-13],[5,-8],[16,-12],[8,-2],[5,1],[2,7],[-2,25],[9,-4],[6,1],[2,7],[4,8],[14,11],[5,-3],[-1,-13],[5,-7],[12,-6],[29,-10],[9,2],[6,8],[9,8],[9,2],[0,6],[2,8],[6,8],[7,27],[2,13],[6,9],[3,12],[6,12],[9,-2],[27,38],[-1,9],[6,4],[27,32],[1,9],[-3,17],[14,2],[12,-10],[13,-29],[9,-14],[33,-18],[16,-13],[31,-32],[17,-11],[4,-10],[1,-31]],[[6235,8099],[-7,13],[-2,20],[7,17],[2,12],[-12,33],[1,5],[4,14],[19,22],[11,16],[9,6],[3,6],[0,6],[-2,3],[-8,1],[-3,9],[-5,38],[4,8],[6,1],[2,6],[0,17],[3,15],[22,40],[4,23],[2,3],[10,-16],[5,-6],[1,-10],[1,-6],[4,-1],[22,18],[13,4],[15,11],[4,14],[4,8],[5,9],[6,4],[10,2],[4,-7],[2,-11],[3,-2],[10,-2],[9,-11],[5,-2],[9,-3],[9,4],[20,13],[6,-4],[8,5],[3,6],[5,8],[6,21],[7,6],[6,11],[-2,25],[3,24],[-1,8],[11,6],[6,24],[-4,9],[13,20],[2,6],[-5,50],[-4,8],[-5,5],[-22,6],[-13,16],[-13,2],[-24,5],[-14,10],[-7,0],[-8,-3],[-13,-10],[-25,6],[-7,4],[-8,6],[-4,4],[-11,22],[-5,7],[-16,15],[-12,15],[-15,14],[-5,9],[6,7]],[[6305,8816],[17,26],[9,27],[15,35],[7,22],[9,16],[7,18],[7,23],[11,16],[11,12],[20,29],[16,13],[10,5],[12,20],[25,-1],[12,5],[13,-14],[8,-2],[5,4],[0,7],[-5,17],[-1,11],[8,18],[0,7],[1,10],[10,1],[5,-6],[11,-1],[10,1],[8,6],[7,7],[13,-4],[13,-1],[12,-6],[30,-19],[35,-18],[13,-9],[11,-15],[12,-5],[11,-11],[32,-11],[15,-6],[16,-11],[7,-9],[8,-4],[4,-5],[2,-9],[4,-8],[15,4],[9,5],[10,-12],[10,4],[8,-2],[18,-10],[7,-9],[7,-5],[9,0],[9,4],[3,6],[6,5],[2,-6],[4,-4],[14,2],[11,4],[8,4],[8,9],[6,9],[8,0],[6,-7],[3,-12],[8,-7],[4,-7],[12,-17],[5,-11],[7,-3],[0,-17]],[[7691,4826],[-5,1],[-10,7],[-16,-2],[-7,-3],[-4,-4],[-6,2],[-7,-1],[-10,4],[-16,-2],[-20,-12],[-9,8],[-4,20],[-8,3],[-8,-13],[-5,1],[-8,-8],[-10,9],[-33,11],[-14,9],[-9,-19],[-6,17],[-5,0],[-5,-5],[2,-8],[-7,0],[-10,4],[-6,-3],[-8,1],[-10,7],[-9,7],[-8,4],[-10,11],[-1,-10],[-7,-22],[-14,-2],[-10,-4],[-16,26],[6,13],[13,5],[5,8],[14,12],[5,9],[-12,32],[-9,35],[-20,17],[-11,6],[-4,6],[-11,2],[-12,5],[6,-31],[-2,-7],[-18,-2],[-2,16],[-6,28],[-7,-16],[-4,-18],[-5,-9],[-2,-10],[0,-3],[-1,-15],[-3,-7],[-11,0],[-12,2],[-3,-1],[-7,-1],[-4,-9],[-4,-6],[-3,-2],[-5,1],[-22,13],[-1,8],[4,2],[1,4],[-4,6],[-4,2],[-4,0],[-12,1],[-10,-3],[-2,-3],[-2,-8],[0,-8],[2,-6],[-1,-6],[-20,-3],[-7,-7],[-23,9],[-13,-18],[-1,-9],[2,-9],[-2,-6],[-3,-4],[-4,8],[-2,10],[2,5],[0,4],[-21,5],[-12,14],[-10,1],[-7,-6],[-10,-20],[-1,-16],[-8,-19],[0,-13],[-1,-9],[11,-13],[5,-17],[9,-6],[-16,-6],[-9,-12],[-2,-10],[2,-5],[7,-4],[0,-7],[-2,-6],[-8,-5],[-10,-2],[-9,-6],[-9,-2],[-8,3],[-6,9],[-3,10],[4,34],[3,11],[-9,4],[-22,4],[0,-6],[19,-19],[2,-11],[-5,1],[-1,-8],[-3,-7],[-2,-5],[-19,-11],[-6,-5],[-6,-16],[-3,-21],[-3,-14],[5,-12],[3,0],[3,-13],[12,-11],[-12,-25],[0,-7],[-7,-19],[-3,-19],[-5,9],[-5,10],[6,28],[4,9],[-5,3],[-9,-6],[-7,-9],[-3,-11],[-10,-15],[-4,-11],[-5,6],[-1,6],[-1,5],[-14,12],[-4,21],[-3,6],[-7,5],[-5,-8],[-2,-4],[-5,-13],[-3,-11],[4,-6],[0,-7],[1,-17],[4,-17],[0,-17],[-8,9],[-5,-5],[-2,-9],[7,-7],[8,-4],[-3,-32],[-4,-8],[-6,0],[-10,6],[-1,19],[-3,2],[-9,-14],[-21,23],[2,17],[-7,5],[-10,-4],[-10,-13],[-7,-30],[-13,-10],[-8,-10],[3,-5],[9,6],[16,-8],[1,-11],[-18,-8],[2,-15],[21,8],[9,24],[8,-2],[6,-7],[-2,-19],[25,-11],[26,-12],[-5,-21],[10,-5],[-1,-22],[-2,-34],[-2,-17],[0,-2],[-1,-6],[-3,-24],[-18,6],[0,1],[-2,2],[0,5],[0,4],[0,6],[3,5],[4,2],[2,1],[2,0],[3,7],[-7,6],[-9,0],[-3,0],[-8,4],[-1,1],[-1,4],[-3,4],[-1,2],[-9,7],[-7,2],[-4,2],[-6,-3],[-10,2],[-8,-1],[-5,1],[-5,-2],[-7,4],[-2,-1],[-7,-2],[-5,-2],[-7,1],[-4,-2],[-1,-2],[-3,-1],[-1,-1],[-2,0],[-8,4],[0,2],[-1,0],[0,3],[-1,2],[-4,5],[-8,-1],[0,-2],[-5,-4],[-9,0],[-1,1],[-19,-5],[-10,2],[-1,1],[-5,3],[0,1],[-7,6],[-6,1],[-6,1],[-2,-1],[-1,-2],[-1,-2],[-8,-5],[-3,-6],[-5,-3],[-4,1],[-6,3],[-6,-1],[0,-2],[0,-8],[0,-11],[-4,-8],[-2,-1],[-1,-2],[-7,-7],[-2,-2],[-2,-5],[0,-6],[1,0],[0,-2],[-1,-3],[-11,-10],[-1,-2],[-3,-4],[-3,-12],[-2,-3],[-3,-4],[-8,-7],[-3,0],[-12,-3],[-5,-1],[-4,-1],[-3,-1],[-1,-1],[-1,0],[-9,-6],[-15,-10],[-6,-17],[0,-20],[-3,-3],[-9,-4],[0,-1],[-3,-2],[-6,-10],[-3,-1],[-20,-7],[-4,1],[-4,2],[-13,-2],[-10,-8],[-8,-6],[-3,-1],[-14,0],[-3,0],[-1,-1],[-4,-2],[-2,-2],[-3,-3],[-5,-3],[-4,-4],[-2,-1],[-8,5],[-7,-2],[-2,-1],[-2,-6],[0,-3],[0,-3],[1,-1],[1,-2],[1,-1],[2,-1],[0,-6],[0,-3],[-2,-3],[-10,-7],[-6,-4],[-2,-2],[-3,-3],[-1,-3],[0,-3],[-1,-10],[4,-14],[0,-5],[-2,-6],[-1,-3],[-5,6],[-10,6],[0,2],[-6,4],[-16,-9],[0,-1],[-1,-2],[-3,-5],[-2,-2],[-1,-5],[-2,-13],[-1,-3],[-3,-3],[-2,-7],[-2,-2],[-9,-4],[-5,-2],[-8,-10],[-2,-3],[-2,-8],[-3,-9],[0,-14],[1,-3],[0,-1],[1,-3],[3,-9],[10,-8],[6,-2],[2,-2],[1,-1],[0,-2],[0,-5],[0,-2],[-2,-1],[-4,-2],[-13,-7],[-9,-3],[-7,-3]],[[5819,4386],[9,3],[7,3],[4,3],[11,-3],[26,11],[15,1],[15,-4],[10,-1],[17,-7],[11,4],[10,7],[10,-3],[44,24],[30,11],[27,8],[13,14],[48,6],[17,-21],[27,-16],[21,-24],[15,5],[7,5],[8,-5],[18,1],[22,10],[23,-1],[16,-5],[19,-8],[21,7],[15,8],[7,9],[9,-9],[26,17],[46,12],[17,-1],[5,19],[14,13],[11,3],[12,23],[10,10],[20,-14],[15,-3],[0,-21],[9,-2],[8,1],[4,-1],[2,-13],[8,-7],[29,-6],[2,15],[4,8],[10,1],[9,4],[7,12],[9,20],[13,18],[5,19],[-6,17],[-9,14],[-11,6],[-1,8],[-13,-3],[-15,1],[-11,3],[0,12],[2,7],[6,-1],[6,6],[1,11],[5,5],[4,10],[6,18],[-7,1],[-8,-1],[-7,-6],[-7,6],[-4,-4],[0,-10],[-3,3],[0,5],[0,8],[1,7],[-3,4],[-8,-3],[-6,3],[-6,0],[-5,6],[2,8],[-4,2],[-2,8],[0,6],[-4,0],[-8,17],[-2,12],[-8,21],[4,16],[-4,4],[0,7],[7,12],[9,0],[9,-3],[6,7],[4,9],[4,35],[3,6],[13,15],[0,10],[-14,17],[-10,9],[-5,-6],[-2,-6],[-5,3],[-4,6],[-3,10],[3,10],[-4,5],[-1,9],[-4,2],[-2,-6],[0,-6],[-6,0],[-7,-9],[-21,0],[-11,-1],[3,17],[7,8],[3,19],[6,6],[4,8],[0,11],[-2,6],[-5,5],[-4,5],[-8,4],[-11,2],[-5,-8],[-2,-6],[-23,-3],[-15,-15],[-6,-4],[-13,-10],[3,-17],[0,-5],[-4,-4],[-17,-1],[-6,-4],[-5,4],[-6,-6],[-33,-9],[-6,-7],[-14,-22],[-5,0],[-7,-4],[-5,-5],[-6,-9],[-7,-20],[-14,8],[-4,8],[-4,8],[-16,4],[-5,9],[1,10],[-1,8],[2,8],[-8,11],[-6,3],[-2,7],[10,8],[4,13],[-2,8],[-6,5],[-9,3],[0,17],[-3,7],[-1,14],[17,18],[2,6],[1,17],[4,8],[4,7],[13,13],[6,-6],[9,-22],[7,-4],[7,0],[12,6],[8,8],[-1,14],[1,11],[29,1],[9,-1],[28,4],[19,2],[9,7],[9,-3],[8,-1],[3,24],[5,6],[9,-2],[10,2],[4,13],[-1,5],[-6,1],[-14,2],[-5,-3],[0,13],[6,10],[-1,21],[2,8],[6,4]],[[2439,2888],[0,-1],[9,3],[4,-7],[12,-9],[4,-8],[4,2],[1,-15],[8,-12],[0,-7],[9,3],[5,0],[1,-1],[4,2],[4,4],[8,3],[13,-7],[5,2],[9,1],[6,-2],[6,-4],[5,-9],[29,14],[7,7],[8,15],[4,4],[4,-5],[-2,-19],[0,-6],[0,-14],[5,-41],[4,1],[4,-4],[2,-5],[16,-10],[11,-12],[5,-9],[1,-9],[0,-13],[0,-13],[7,-8],[18,-8],[4,-8],[5,-13],[-1,-6],[-11,-9],[-4,-8],[0,-5],[3,-6],[9,-11],[5,-4],[15,-5],[12,-2],[10,-5],[16,-15],[8,5],[4,5],[3,19],[-5,14],[6,10],[4,24],[18,12],[7,9],[2,4],[13,33],[6,7],[9,-4],[6,-15],[10,-21],[3,-4],[9,0],[7,6],[3,9],[2,31],[3,18],[0,19],[3,13],[9,-1],[8,-3],[8,-18],[6,-4],[7,-2],[4,5],[6,16],[9,15],[14,10],[5,-2],[1,-7],[-4,-16],[-3,-8],[-9,-9],[-10,-8],[3,-8],[7,-8],[10,-3],[9,4],[13,28],[10,11],[2,11],[-2,2],[-13,5],[-5,10],[4,5],[6,1],[9,-1],[6,2],[2,5],[-2,6],[-9,20],[5,6],[7,-1],[23,-10],[6,3],[5,9],[7,7],[7,-2],[15,-11],[8,-4],[16,3],[-2,-12],[-4,-8],[-7,-11],[-13,-16],[-2,-10],[4,-18],[-2,-4],[-15,-8],[-10,0],[-5,3],[-3,9],[0,14],[-6,0],[-20,-10],[-4,-6],[0,-11],[-11,-10],[-4,-9],[-5,-5],[-26,-41],[5,-3],[6,4],[8,2],[3,-5],[-1,-17],[8,-16],[1,-8],[-3,-15],[-4,-8],[0,-8],[4,-9],[0,-7],[-1,-11],[-5,-21],[0,-39],[8,-20],[10,-11],[2,-13],[3,-34],[4,-4],[54,-13],[3,6],[-1,32],[-2,10],[2,16],[-2,29],[-1,20],[2,2],[16,6],[12,10],[5,7],[8,22],[3,8],[4,14],[-3,11],[-7,8],[-1,10],[8,27],[3,8],[8,37],[5,21],[6,16],[3,3],[3,1],[1,1],[1,-10],[0,-4],[2,-7],[2,0],[7,4],[11,11],[5,-15],[13,4],[15,-6],[7,-6],[8,-20],[6,-1],[7,2],[7,0],[0,-35],[8,-12],[1,-8],[0,-8],[-5,-22],[2,-13],[3,-7],[13,0],[11,-2],[4,-2],[2,-7],[-4,-10],[-14,-15],[-5,-11],[-2,-11],[-2,-15]],[[3208,2536],[-9,-5],[-3,-14],[-4,-3],[-1,-3],[1,-10],[1,-5],[-3,-4],[-6,2],[-15,3],[-14,1],[-4,-3],[-2,-5],[6,-8],[2,-6],[1,-8],[6,-21],[10,-11],[10,-5],[2,-3],[-2,-10],[1,-5],[1,-5],[3,-2],[4,-3],[2,-5],[1,-8],[-3,-4],[-16,-3],[-5,-5],[1,-11],[2,-6],[3,-5],[12,-13],[9,-3],[7,1],[4,5],[-3,16],[0,12],[0,3],[6,4],[2,21],[1,23],[1,2],[14,-5],[7,0],[4,-3],[0,-11],[5,-21],[5,-9],[21,-22],[0,-3],[-6,-8],[-4,-2],[-5,0],[-11,12],[-2,15],[-13,7],[-10,1],[-2,-3],[-2,-11],[2,-13],[4,-10],[11,-24],[6,-7],[11,-2],[16,5],[7,-2],[4,-4],[-1,-5],[-14,-12],[-3,-4],[2,-8],[8,-12],[11,-10],[0,-5],[4,-4],[11,-6],[12,-3],[6,-3],[9,-13],[0,-5],[-4,-5],[-3,-2],[-11,0],[-4,-2],[-1,-7],[3,-33],[-4,-6],[-16,-10],[-6,0],[-11,-8],[-6,-2],[-17,23],[-5,0],[-9,-10],[-6,-12],[-11,-8],[-25,-15],[-5,-6],[-3,-7],[-1,-6],[1,-7],[-8,-5],[-7,0],[-16,6],[-6,-2],[-14,-11],[-21,-6],[-6,-9],[-9,-21],[-1,-10],[3,-7],[1,-9],[-3,-7],[-6,-6],[-12,1],[-6,3],[-17,-2],[-9,2],[-17,11],[-11,4],[-5,0],[-4,-5],[1,-10],[7,-14],[1,-8],[1,-1],[-1,-6],[-3,-6],[-10,-11],[-3,-5],[-10,-36],[-2,-3],[-3,7],[-5,-1],[-3,1],[-2,11],[-2,1],[-7,-5],[-4,1],[-5,4],[-4,1],[-28,-20],[-5,-5],[5,-14],[1,-11],[0,-7],[-4,-12],[-14,8],[-10,-4],[-6,-4],[-7,-54],[-6,-13],[-11,0],[-15,-15],[-10,-5],[-16,8],[-15,-5],[-16,9],[-7,-3],[-5,-8],[-4,-10],[0,-16],[3,-14],[10,-23],[-2,-6],[-9,-23],[-6,-9],[-8,-4],[-3,8],[0,7],[-4,8],[-4,3],[-19,2],[-5,-3],[-9,-15],[-3,-9],[-2,-12],[13,-3],[5,-4],[3,-14],[-5,-7],[-10,-11],[-5,-1],[-9,0],[-4,-4],[-4,-8],[-7,-8],[-3,-8],[14,-12],[-2,-22],[12,-6],[9,-12],[9,-9],[11,-1],[23,17],[25,-3],[4,-7],[-1,-11],[-11,-11],[-15,-27],[-7,-26],[-6,-10],[-7,-6],[-9,-13],[-5,-23],[-13,-11],[-12,-19],[-4,-5],[-13,-8],[-3,-7],[-13,-12],[-2,-7],[4,-9],[11,-7],[13,-1],[8,-3],[3,-6],[-2,-11],[-8,-7],[4,-7],[3,-3],[9,-1],[9,14],[16,9],[3,-1],[3,-17],[-2,-3],[0,-12],[-9,-11],[1,-8],[5,-11],[8,-7],[4,-6],[1,-2],[-1,-6],[-16,-25],[-5,-4],[-23,-11],[-4,-1],[-8,8],[-13,6],[-6,15],[-5,2],[-9,-13],[-14,-3],[-10,-4],[-7,0],[-1,0],[-8,-11],[-2,-8],[-8,0],[-5,-10],[-3,-13],[-12,5],[-15,0],[-13,-6],[-11,-9],[-21,2],[-8,21],[-12,-3],[-8,-7],[-6,2],[-5,4],[-10,-7],[-7,7],[-11,16],[-11,24],[10,29],[0,13],[-4,16],[-6,14],[-9,4],[-4,-6],[-11,-12],[-12,4],[-11,6],[-12,9],[-7,-11],[-8,4],[-5,5],[-2,21],[-9,4],[-18,15],[-1,11],[-32,2],[-11,-13],[-8,-14],[-18,-15],[0,-8],[4,-13],[5,-11],[-1,-10],[10,1],[10,-11],[-10,-10],[-1,-11],[2,-14],[-11,-12],[-5,-3],[10,-35],[-21,-31],[-7,-18],[-9,-7],[-5,-1],[-7,6],[-5,-3],[-1,-11],[-7,-7],[-14,0],[-8,-4],[2,-10],[-15,-4],[-13,7],[-10,-4],[-14,-9],[-3,-18],[-4,-8],[-7,2],[-6,0],[-14,-9],[-15,-1],[-12,-4],[-10,-8],[-4,-17],[-7,-14],[-5,-17],[-7,-14],[4,-26],[-4,-9],[-13,-12],[-9,-13],[-8,0],[-10,16],[-12,7],[-4,9],[1,6],[-3,5],[-15,6],[-4,5],[-15,5],[0,11],[-3,8],[-6,1],[-4,8],[5,6],[7,4],[0,7],[-5,6],[4,8],[4,6],[1,9],[-5,21],[-8,-3],[-5,1],[-6,12],[3,5],[9,5],[4,9],[6,8],[10,-8],[11,3],[2,6],[-5,22],[-5,6],[-2,15],[5,4],[14,-2],[6,10],[-5,10],[-5,4],[-11,2],[-2,5],[3,8],[-3,5],[5,7],[0,6],[-3,6],[-8,-2],[-8,13],[-13,4],[-6,-3],[-3,5],[-8,9],[-9,0],[-15,9],[-7,-3],[-4,-7],[-12,11],[-11,1],[-5,9],[0,7],[13,10],[1,4],[-6,1],[-2,9],[6,18],[9,1],[1,14],[7,5],[2,15],[4,8],[-6,3],[-4,6],[-6,-1],[-9,4],[1,-11],[-6,-3],[-4,-5],[-5,0],[-2,13],[1,5],[-4,10],[-6,-4],[-3,3],[-2,7],[5,5],[-12,7],[3,7],[7,5],[9,13],[-3,5],[-8,4],[11,11],[-5,11],[-8,-1],[1,10],[7,6],[-4,15],[3,5],[-1,9],[-9,4],[-6,-4],[-11,9],[-5,-5],[-4,-8],[-4,0],[-2,9],[-27,19],[-10,30],[4,4],[12,5],[-6,10],[-13,-4],[-33,-41],[-6,-12],[-21,-30],[-13,-25],[0,-1]],[[1715,1434],[-11,3],[-6,3],[-9,7],[-8,10],[-16,29],[-4,21],[9,56],[7,8],[4,14],[13,-7],[11,-8],[6,6],[-1,9],[10,0],[6,10],[5,63],[-9,3],[-9,4],[-11,2],[-9,5],[-8,-2],[-15,-21],[-16,29],[-8,9],[-19,3],[-10,5],[-10,9],[-10,5],[-11,-2],[-34,-46],[-13,-2],[-7,-10],[-11,-27],[-7,-8],[-13,-1],[-10,3],[-14,7],[-18,10],[-10,-1],[-10,0],[-7,2],[-11,18],[-2,13],[-4,0],[2,23],[-14,-9],[-7,4],[-2,21],[-6,1],[-8,7],[-4,21],[6,14],[-3,6],[2,12],[-14,40],[-5,-4],[-7,-16],[-10,-17],[-13,4],[-5,-5],[-15,-43],[-26,5],[0,13],[-16,17],[1,8],[-6,30],[-3,8],[-12,-19],[-9,-1],[-8,23],[-6,7],[-7,4],[2,7],[10,6],[7,21],[-5,12],[-2,10],[-15,4],[-11,7],[5,7],[1,6],[-1,19],[-22,8],[-9,-1],[-11,9],[-13,13],[-6,6]],[[1150,1953],[3,30],[-9,19],[6,5],[11,-5],[23,5],[14,5],[25,-6],[-2,14],[4,12],[14,-1],[10,7],[8,12],[3,11],[12,9],[3,6],[-4,8],[-7,3],[3,7],[8,8],[1,3],[-5,9],[-1,5],[11,39],[-5,16],[1,15],[-7,15],[5,12],[3,16],[-8,8],[8,5],[12,12],[1,30],[3,8],[7,3],[14,0],[22,18],[24,14],[19,-6],[4,-5],[6,-3],[5,0],[9,11],[-22,175],[-2,43],[-5,14],[-46,82],[4,16],[20,22],[4,15],[1,10],[-2,4],[-18,0],[-2,4],[2,12],[-5,2],[8,31],[-3,4],[-14,-3],[-24,19],[-11,-26],[-8,4],[-8,25],[2,6],[9,5],[2,4],[-5,12],[2,8],[6,1],[4,-3],[4,6],[-4,5],[-12,6],[-1,9],[5,4],[7,-6],[5,-2],[4,4],[3,9],[-1,5],[-9,7],[-3,7],[7,3],[-1,8],[-9,7],[7,16],[-14,6],[-11,13],[-4,7],[9,24],[0,1]],[[1275,2952],[6,-3],[12,3],[-1,17],[45,14],[2,8],[8,10],[6,3],[5,-1],[4,-6],[-1,-12],[8,-18],[0,-6],[3,0],[2,5],[13,4],[5,3],[2,4],[10,-7],[4,-6],[5,-9],[1,-3],[8,-8],[14,-2],[9,-12],[11,-7],[6,7],[10,-12],[9,-15],[5,2],[5,12],[15,5],[7,1],[14,-8],[0,12],[1,5],[0,14],[2,7],[5,6],[3,0],[5,-2],[8,-7],[2,-13],[4,-5],[7,0],[9,1],[12,-9],[9,0],[6,6],[11,-12],[7,1],[3,9],[14,6],[6,5],[7,1],[5,-2],[4,-4],[2,-4],[3,-7],[-1,-18],[0,-8],[7,-9],[9,1],[6,-10],[8,-7],[13,-9],[3,-2],[6,-1],[9,2],[9,11],[14,-2],[4,5],[3,8],[3,2],[7,-2],[2,-5],[5,-5],[7,-1],[7,5],[10,-1],[8,3],[7,4],[12,12],[25,30],[6,1],[4,-3],[3,-4],[4,-2],[2,4],[3,6],[3,2],[4,-2],[10,-11],[6,-3],[10,-2],[5,3],[-8,18],[5,0],[6,-4],[7,-4],[13,-4],[8,2],[2,5],[0,17],[5,-2],[2,-21],[1,-5],[6,-5],[5,2],[7,10],[4,-2],[2,-17],[12,-4],[5,-5],[5,-12],[4,-1],[8,3],[4,-1],[2,-16],[-1,-27],[2,-9],[6,-9],[6,-8],[10,2],[10,-5],[4,1],[4,5],[1,17],[-6,27],[0,6],[9,5],[16,21],[13,-3],[7,-4],[4,1],[17,24],[3,-3],[3,-15],[6,-2],[5,2],[6,5],[5,0],[8,-2],[4,-1],[5,-5],[2,-17],[7,-1],[18,-9],[4,-4],[-4,-3],[0,-5],[5,-7],[-5,-9],[13,-1],[9,-4],[8,5],[0,23],[2,9],[5,8],[9,7],[8,2],[2,-5],[2,-16],[14,-4],[11,-11],[11,2],[10,9],[4,-2],[6,-6],[4,-9],[-1,-6],[-4,-4],[1,-5],[14,-14],[15,21],[2,13],[10,10],[6,-7],[-4,-20],[8,-12],[9,-8],[3,5],[-2,22],[-1,7],[-4,6],[-1,8],[2,11],[1,8],[11,-2],[3,9],[1,5],[-2,8],[1,3],[6,3],[3,16],[18,-12],[5,2],[0,18]],[[1715,1434],[-4,-16],[-11,-15],[-13,-11],[-24,-28],[-25,-42],[-3,-11],[-5,-9],[-9,-4],[-8,-6],[-2,-9],[-7,-6],[7,-14],[11,-11],[4,-11],[1,-21],[5,-10],[10,-12],[0,-7],[-6,-5],[-4,-11],[2,-8],[-6,-9],[-11,-6],[-15,-14],[-6,-22],[-10,-9],[-8,-15],[-15,-4],[-3,-6],[10,-14],[4,-7],[9,-2],[10,6],[5,-2],[12,18],[7,2],[9,1],[9,3],[7,-2],[6,-15],[8,-10],[-10,-13],[-3,-24],[-5,-10],[-17,-21],[-8,-7],[-38,2],[-11,-12],[-5,-29],[-4,-12],[1,-14],[-2,-14],[-1,-4],[-13,-7],[-2,-12],[9,-13],[10,-1],[-21,-31],[-23,-11],[6,-13],[-2,-17],[3,-14],[15,-7],[9,-10],[14,-7],[14,0],[11,-3],[17,-26],[10,-20],[-1,-10],[-4,-12],[-7,-9],[-21,20],[-11,7],[-8,9],[3,-31],[-8,-18],[4,-25],[-1,-27],[4,-9],[10,-6],[4,-9],[1,-16],[-3,-8],[2,-7],[-10,-39],[-1,-4],[-11,-15],[-8,5],[2,8],[-7,8],[-3,-4],[-4,0],[-3,-4],[-4,-3],[6,-19],[-6,-3],[-6,8],[-6,-1],[-2,4],[3,11],[-9,-2],[-7,4],[-6,17],[6,7],[2,9],[-17,-2],[-4,-3],[-3,-8],[-7,-1],[-20,-14],[-3,-11],[-1,-9],[-3,-5],[-7,-3],[13,-20],[5,-12],[3,-19],[-1,-27],[-2,-12],[-3,-12],[-10,-9],[-13,-4],[-19,-1],[-6,9],[-2,17],[-10,3],[-13,-2],[-8,3],[-17,14],[-17,16],[-10,1],[-10,-3],[-12,6],[-6,11],[5,11],[-6,10],[-16,33],[-5,5],[-22,-7],[-8,6],[-16,-16],[-4,11],[-1,16],[-4,5],[-13,0],[-10,14],[-4,0],[-4,-8],[-26,-2],[-5,9],[-15,7],[-13,11],[-4,-11],[-9,-5],[-9,0],[4,-9],[7,-6],[0,-5],[-9,-8],[-15,-1],[-9,2],[-21,13],[-4,10],[-9,3],[-13,-6],[-17,-12],[-8,-9],[5,-22],[-4,-13],[-1,-10],[-16,-4],[-5,-3],[-5,-12],[-8,-7],[-13,-12],[-14,-12],[-12,-6],[-8,-10],[-26,-17],[-19,-7],[-18,-2],[-15,-13],[-8,-11],[-24,-5],[-18,-13],[-44,-19],[-12,-2],[-11,2],[-22,-11],[-31,-20],[-11,-14],[-8,-17],[-5,-16],[-6,-8],[-11,-11],[-22,-17],[-7,-7],[-52,-40],[-38,-28],[-6,18],[-3,13],[-15,19],[-9,-11],[-9,-4],[-16,2],[-8,-4],[-10,-8],[-7,-10],[-6,-12],[-5,-13],[1,-20],[-6,-16],[-10,-6],[-9,-12],[-12,-13],[-13,-5],[-8,-14],[-19,0],[-9,8],[-31,17],[-10,1],[-7,-4],[-18,-20],[-46,-12],[-24,-9],[-24,0],[-17,-8],[-8,0],[-4,4],[-7,11],[-3,17],[-4,11],[-5,4],[-13,-1],[-35,-20],[-7,1],[-13,12],[-10,-1],[-9,-9],[1,-13],[-9,-12],[-11,1],[-13,6],[-16,-3],[-3,16],[0,13],[2,11],[15,21],[7,17],[1,6],[-14,27],[0,6],[1,25],[6,23],[3,5],[5,2],[8,0],[13,-7],[19,-16],[11,-6],[7,1],[5,2],[5,6],[4,13],[1,17],[8,21],[0,8],[-3,7],[-1,14],[-2,11],[1,8],[16,43],[20,17],[10,22],[5,5],[2,5],[-2,8],[-5,20],[2,11],[5,11],[2,21],[-2,34],[-6,18],[12,45],[22,17],[1,22],[2,9],[20,41],[3,24],[2,53],[6,23],[10,17],[2,19],[-13,31],[-10,4],[-6,8],[-1,13],[7,18],[4,20],[19,53],[5,20],[-4,25],[7,22],[19,6],[14,0],[32,24],[11,16],[20,23],[7,3],[5,17],[5,1],[15,-5],[16,3],[9,6],[11,2],[7,7],[24,7],[20,-1],[2,10],[-13,19],[-5,13],[6,12],[9,6],[37,3],[30,6],[30,-1],[32,2],[13,3],[3,21],[14,64],[8,29],[3,24],[9,7],[49,53],[52,61],[25,27],[9,15],[-2,25],[7,14],[8,12],[8,9],[13,0],[8,8],[5,11],[7,6],[23,-2],[6,9],[-4,11],[-1,10],[4,13],[1,17],[13,15],[13,-11],[6,-3],[16,1],[11,0],[11,-5],[6,8],[-5,14],[3,19],[15,25],[-10,5],[-17,5],[-14,10],[-6,14],[-22,20],[-21,14],[-19,3],[-2,7],[2,28],[3,12],[-8,15],[13,7],[3,-4],[16,-11],[7,-12],[11,-11],[32,-6],[20,-8],[1,8],[-3,16],[-1,13],[3,19],[7,11],[14,14],[-9,27],[4,6],[6,6],[5,4],[6,6],[14,9],[26,5],[9,6],[20,22],[10,6],[29,11],[10,-4],[16,1],[4,-12],[10,2],[2,11],[3,0],[10,-2],[11,-8],[8,-2],[3,22],[7,21]],[[7028,8924],[15,-6],[11,15],[13,2],[14,-5],[5,4],[9,0],[7,3],[8,1],[19,13],[20,11],[7,10],[3,10],[9,12],[12,7],[14,4],[9,7],[9,12],[11,3],[5,10],[5,2],[8,9],[21,-18],[0,-6],[-10,-15],[11,2],[6,-7],[9,-5],[6,-10],[4,-12],[-27,-14],[-19,4],[-10,5],[-14,6],[-5,-11],[-24,-44],[1,-8],[4,-8],[9,-15],[-5,-17],[-6,-7],[-17,-14],[-5,-7],[-4,-14],[7,-24],[0,-15],[18,-12],[15,-6],[2,-3],[4,-2],[27,6],[7,-3],[12,2],[5,-2],[1,-10],[-1,-8],[5,-3],[6,0],[10,6],[20,8],[10,1],[40,-5],[17,0],[8,1],[8,7],[5,-1],[14,-24],[4,0],[1,3],[-2,10],[7,6],[1,4],[-4,8],[3,18],[7,14],[-2,17],[12,11],[7,9],[2,6],[6,5],[8,-4],[8,-2],[7,5],[4,9],[11,17],[3,10],[7,13],[9,25],[7,12],[6,14],[7,11],[3,10],[0,7],[3,7],[16,21],[6,14],[13,19],[3,8],[-10,16],[-2,6],[-1,18],[8,11],[1,11],[-1,5],[7,13],[13,14],[3,12],[-1,9],[3,10],[20,27],[-2,8],[-13,20],[-41,35],[-12,18],[-12,24],[-11,6],[-2,11],[19,18],[6,11],[0,21],[13,13],[7,4],[5,8],[3,5],[-3,6],[13,17],[13,8],[6,3],[6,0],[6,4],[3,2],[2,5],[16,1],[5,6],[-2,4],[-4,1],[-9,-2],[-3,-5],[-7,5],[-5,-7],[-7,2],[-5,-2],[-10,10],[0,3],[-5,-1],[0,7],[-4,5],[12,17],[10,7],[2,4],[-11,11],[-15,3],[-10,-10],[-5,4],[-4,11],[21,22],[18,28],[-3,8],[1,15],[4,-3],[1,7],[4,0],[-3,7],[3,7],[-1,5],[-5,4],[2,10],[-1,5],[-4,1],[-2,7],[-4,4],[3,11],[-3,23],[-4,8],[0,6],[-1,6],[-5,2],[-5,-1],[-5,-5],[-5,-2],[-6,1],[-18,14],[-25,26],[-6,8],[-3,16],[-13,7],[8,21],[2,9],[-2,12],[4,6],[10,7],[0,8],[-2,9],[1,7],[5,13],[19,21],[5,2],[15,-4],[5,0],[6,13],[3,0],[12,7],[11,13],[10,-8],[11,29],[-17,19],[33,42],[14,-12],[11,-7],[8,-2],[6,-11],[12,-11],[15,-27],[21,-44],[3,-2],[8,-27],[5,-11],[10,-11],[8,-4],[13,5],[43,-13],[-2,-9],[17,9],[17,-5],[13,-1],[37,-18],[10,5],[11,-15],[12,4],[2,7],[1,0],[-2,-9],[-9,-9],[14,-22],[1,3],[13,-2],[23,-11],[27,-7],[10,-3],[10,7],[14,5],[13,-42],[8,-11],[13,-10],[2,-21],[13,-17],[13,-14],[3,-21],[9,-16],[23,-14],[13,-15],[9,-16],[0,-13],[17,-12],[20,-5],[25,-25],[18,-12],[16,-8],[17,-4],[5,-10],[-1,-6],[15,-10],[10,9],[1,12],[-2,11],[-1,14],[6,4],[13,-5],[14,-2],[3,10],[6,1],[5,4],[3,7],[10,4],[6,0],[5,16],[4,5],[26,-7],[2,-20],[11,-15],[19,-8],[7,-4],[2,-13],[-7,-2],[4,-7],[2,-11],[13,-10],[13,12],[9,-10],[11,-8],[15,4],[10,0],[5,-9],[6,2],[1,5],[6,4],[4,-6],[2,-9],[5,0],[1,-9],[7,-9],[1,-16],[13,-1],[6,9],[10,1],[12,-6],[19,-19],[5,4],[7,0],[4,-6],[1,-6],[6,2],[1,-5],[6,-1],[0,-8],[4,-9],[-2,-7],[2,-30],[5,-5],[15,2],[4,7],[4,2],[8,-3],[0,-15],[6,-10],[14,-12],[15,-4],[33,1],[15,-2],[3,-4],[-4,-10],[-4,-26],[-3,-9],[2,-17],[-6,-9],[-1,-6],[4,-8],[2,-23],[-2,-10],[0,-32],[12,-2],[16,5],[12,0],[20,-2],[8,2],[24,4],[9,4],[10,3],[6,7],[6,1],[16,-17],[-2,-14],[2,-19],[-1,-4],[-4,-5],[1,-1],[10,1],[4,-1],[3,-3],[-6,-15],[3,-6],[10,-1],[4,-2],[10,2],[4,-1],[3,-9],[10,-17],[1,-12],[16,-7],[7,7],[3,7],[100,-25],[22,-1],[11,-3],[5,3],[20,-8],[12,-2],[9,5],[16,-12],[6,-8],[2,-16],[26,-24],[5,-12],[7,-7],[10,-2],[6,-4],[8,-3],[13,-1],[12,-18],[2,-8],[-4,-16],[-2,-19],[4,-17],[5,-12],[6,-5],[4,-14],[-3,-6],[-2,-16],[-18,-22],[-8,-31],[-16,-27],[-2,-11],[-3,-27],[-5,-9],[2,-8],[-4,-14],[5,-4],[6,-22],[16,-12],[4,-5],[5,-3],[8,-32],[9,-11],[38,-9],[14,-2],[25,-1],[28,2]],[[1275,2952],[-12,15],[-4,16],[1,32],[-2,41],[1,15],[5,20],[6,14],[17,19],[2,11],[0,14],[6,29],[16,7],[-5,26],[-4,1],[-8,3],[-7,7],[-9,1],[-10,11],[-12,3],[-12,8],[0,14],[-3,15],[1,8],[5,9],[11,0],[25,-9],[13,23],[6,60],[9,15],[0,10],[-7,4],[-14,21],[-5,1],[-11,-1],[-44,-10],[-24,-1],[-21,40],[1,20],[-17,17],[5,11],[3,16],[-4,33],[-13,10],[1,33],[-6,1],[-28,11],[-7,-10],[-12,-15],[-61,-4],[13,26],[4,15],[14,9],[2,12],[6,15],[-5,12],[-4,17],[3,12],[3,14],[-3,13],[-8,13],[-4,13],[-2,15],[5,15],[13,8],[0,19],[6,11],[4,18],[0,15],[-6,14],[-2,12],[3,11],[-3,9],[2,19],[-1,14],[-14,49],[-1,24],[6,9],[4,12],[-2,19],[3,13],[-1,18],[5,11],[17,22],[-3,16],[6,29],[1,17],[-12,17],[-7,-6],[-6,2],[-5,6],[-11,1],[-9,-1],[-8,2],[-26,7],[-9,4],[-6,0],[-11,-8],[-8,-6],[-12,8],[-17,36],[-14,25],[-7,24],[5,39],[-34,21],[-25,8],[-43,21],[-47,30],[-18,14],[-14,18],[-7,14],[0,17],[5,33],[-4,6],[-12,8],[-3,10],[5,11],[11,31],[6,26],[2,28],[0,3],[6,13],[4,12],[4,30],[7,11],[1,11],[2,4],[12,22],[4,-4],[8,-4],[7,-2],[7,4],[8,10],[11,23],[15,17],[8,14],[11,27],[6,7],[14,19],[5,4],[7,2],[5,-1],[17,-21],[13,-12],[18,-21],[8,-14],[8,-25],[5,-11],[10,-9],[5,0],[9,3],[9,-4],[5,-5],[5,-8],[3,-9],[0,-13],[1,-8],[-1,-15],[16,-20],[10,11],[2,3],[-1,13],[13,13],[16,13],[15,31],[20,-4],[10,-8],[11,-24],[11,4],[6,-4],[3,-12],[4,-8],[9,-5],[4,-6],[17,-16],[9,-1],[12,6],[5,0],[27,-20],[12,-2],[17,-8],[0,-5],[16,-22],[5,-16],[9,7],[16,0],[17,-2],[10,22],[6,6],[9,0],[8,5],[10,5],[5,-5],[31,-41],[10,-10],[5,0],[12,-29],[1,-26],[23,-57],[19,-40],[5,-33],[32,-51],[6,-15],[6,-24],[3,-4],[21,-18],[27,35],[2,6],[-2,12],[4,4],[16,-5],[15,17],[1,12],[13,18],[5,10],[13,6],[6,9],[16,9],[6,7],[11,4],[7,-2],[12,4],[12,7],[4,1],[27,-18],[11,4],[5,6],[12,2],[18,-8],[12,2],[6,-5],[1,-21],[7,-5],[16,3],[9,-16],[9,-8],[11,20],[11,-11],[13,-16],[4,9],[6,2],[7,-10],[19,4],[18,-17],[22,6],[4,-4],[7,-8],[-10,-17],[-3,-9],[-7,-4],[-6,-12],[3,-5],[-8,-3],[-7,-10],[-4,-9],[-1,-11],[4,3],[-3,-34],[2,-5],[-3,-7],[13,-10],[-2,-10],[0,-10],[2,-6],[-2,-11],[1,-8],[4,-7],[6,-3]],[[2153,4598],[-8,0],[-9,4],[-9,2],[-50,8],[-15,-3],[-9,1],[-7,4],[-14,-5],[-4,-5],[-3,-8],[-8,-10],[-26,-3],[-26,9],[-6,12],[-5,7],[-53,28],[-19,0],[-12,-4],[-37,7],[-19,10],[-14,13],[-10,11],[-8,4],[-11,-1],[-9,5],[-12,3],[-16,0],[-16,8],[-11,9],[-13,4],[-18,2],[-17,6],[-8,22],[-1,10],[4,19],[3,33],[-3,40],[-3,23],[-5,16],[-2,14],[-7,10],[-6,13],[14,9],[-7,25],[12,14],[25,25],[3,31],[10,17],[-1,12],[1,12],[-1,8],[-8,7],[-1,15],[-5,25],[7,4],[9,0],[-14,30],[-1,16],[12,13],[14,6],[12,13],[2,9],[-2,14],[-7,14],[-2,28],[-11,15],[-14,11],[-11,5],[-1,10],[-2,5],[-8,8],[1,10],[5,14],[0,19],[8,11],[1,8],[12,26],[0,11],[4,12],[-5,30],[13,6],[11,10],[-3,17],[11,15],[-3,14],[-3,9],[-13,4],[2,15],[0,25],[-5,18],[-10,15],[-6,-15],[-15,-30],[-15,2],[3,14],[0,12],[-8,11],[2,11],[-4,15],[-4,40],[0,12],[-1,5],[-18,8],[-18,5],[-16,14],[-11,31],[-10,12],[-14,12],[-6,10],[1,6],[3,0],[2,3],[0,8],[8,1],[8,6],[5,9],[3,12],[-8,20],[2,13],[0,7],[11,8],[4,7],[13,4],[4,12],[-2,5],[2,8],[13,10],[4,8],[-2,12],[-6,21],[-2,23],[6,22],[-1,6],[-8,17],[-10,6],[-5,7],[-10,35],[-3,8],[1,23],[5,10],[-13,24],[11,6],[-9,38],[-9,25],[3,43],[3,23],[-5,15],[-4,47],[4,17],[-3,27],[5,18],[7,39],[1,5],[8,29],[21,-3],[-5,-13],[-1,-14],[5,-7],[15,-5],[14,6],[10,6],[31,-15],[2,-10],[-1,-9],[9,-11],[0,-10],[-3,-13],[13,-16],[3,-7],[12,-1],[22,8],[5,-5],[3,-7],[6,0],[6,-4],[8,-2],[9,6],[6,8],[0,6],[-4,11],[6,8],[7,6],[16,9],[7,18],[-1,13],[5,24],[0,14],[-2,42],[4,8],[13,12],[16,10],[17,7],[9,16],[12,6],[15,4],[16,11],[12,14],[23,54],[19,25],[6,16],[21,22],[16,18],[5,13],[2,13],[22,39],[-4,16],[-18,41],[1,15],[9,9],[11,0],[7,3],[10,21]],[[8159,4550],[5,-34],[9,-5],[2,-2],[-2,-4],[-2,-4],[-14,-8],[-5,-1],[-21,-3],[-4,-2],[-2,0],[-6,-4],[-2,1],[-6,-2],[-2,-1],[-1,0],[-7,0],[-15,-4],[-40,-12],[-14,-7],[-6,-2],[-9,-4],[-18,-10],[-11,-9],[-6,-9],[-2,-2],[-4,-4],[-17,-8],[-5,1],[-2,1],[0,1],[0,3],[6,13],[2,11],[-2,2],[-21,20],[-2,1],[-5,-1],[-4,-3],[-5,-13],[-1,-21],[-2,-14],[2,-3],[1,-1],[0,-1],[13,-8],[1,-1],[3,-3],[-1,-5],[-1,-1],[-5,-7],[-26,-12],[-2,-2],[-16,-5],[-9,-4],[-49,-11],[-26,-10],[-7,-3],[-8,-3],[-18,-9],[-24,-8],[-5,-2],[-13,-2],[-16,-12],[-5,-2],[-15,-4],[-7,2],[-4,1],[-13,-2],[-7,-5],[-7,-7],[-3,-2],[-21,-9],[-29,-6],[-6,-1],[-24,-2],[-11,-1],[-15,-4],[-31,-3],[-1,-1],[-33,-9],[-1,1],[-33,-10],[-8,-2],[-5,-1],[-21,-6],[-6,-1],[-3,-1],[-4,-1],[-11,-4],[-19,-13],[-33,-14],[-10,-4],[-2,0],[-7,-3],[-8,-2],[-6,-3],[-12,-6],[-29,-9],[-26,-10],[-13,-5],[-2,-1],[-7,-3],[-18,-8],[-16,-7],[-20,-10],[-19,-7],[-10,-2],[-3,-1],[-11,-5],[-30,-15],[-19,-6],[-10,-4],[-8,-5],[-15,-12],[-17,-9],[-9,-6],[-24,-20],[-13,-5],[-24,-21],[-98,-55],[-10,-12],[-20,-11],[-10,-5],[-5,-2],[-4,-2],[-5,-3],[-9,-6],[-2,-1],[-3,-3],[-1,0],[-10,-4],[-9,-6],[-20,-11],[-8,-4],[-7,-3],[-9,-4],[-3,-1],[-2,-1],[-11,-6],[-19,-14],[-37,-18],[-31,-21],[-17,-11],[-5,-2],[-27,-18],[-1,-1],[0,-1],[-29,-22],[-16,-9],[-4,-3],[-24,-14],[-24,-18],[-2,-2],[-1,-1],[-8,-7],[-44,-38],[-18,-14],[-22,-19],[-38,-31],[-10,-10],[-1,-1],[-2,-3],[-10,-6],[-6,-7],[-1,-1],[-14,-10],[-1,-2],[-23,-19],[-15,-15],[-1,0],[0,-1],[-7,-7],[-1,0],[0,-2],[-22,-22],[-13,-16]],[[3942,2534],[-2,2],[-2,1],[-1,0],[-2,1],[-2,0],[-2,1],[-2,0],[-2,0],[-2,0],[-2,-1],[-2,-1],[-1,-2],[-1,-1],[-2,-2],[-1,-2],[0,-2],[-1,-2],[-1,-2],[-1,-3],[0,-2],[-2,-1],[-1,-2],[-2,-1],[-2,-1],[-2,-1],[-2,-1],[-1,0],[-2,-1],[-2,0],[-2,-1],[-2,-1],[-1,-2],[-1,-2],[-2,0],[-2,-1],[-2,0],[-2,0],[-2,0],[-1,-2],[-2,-4],[-13,-14],[-3,-11],[4,-24],[7,-8],[5,-10],[-1,-15],[3,-15],[8,-5],[10,6],[6,-17],[8,-8],[12,-29],[5,-23],[-5,-8],[-10,-6],[-1,1],[-5,1],[-7,9],[-11,21],[-17,3],[-6,11],[-2,15],[-2,8],[-6,10],[-10,44],[-5,13],[-1,20],[-16,14],[-9,5],[-4,-2],[-5,3],[-2,14],[0,1],[0,6],[1,9],[7,5],[9,0],[8,5],[6,16],[-4,3],[-7,2],[-28,1],[-4,3],[-5,10],[-16,48],[-13,18],[-16,25],[-7,4],[-5,7],[-4,11],[2,15],[-1,12],[-12,26],[-4,4],[0,8],[-3,6],[-2,9],[2,3],[6,1],[2,7],[-2,7],[-7,3],[-20,3],[-6,5],[-2,10],[3,28],[-3,10],[-8,8],[-4,-4],[-1,-6],[4,-9],[-6,-6],[-8,-17],[-6,-6],[-9,1],[-8,-7],[-10,-16],[-1,-10],[1,-10],[4,-12],[13,-25],[0,-10],[-8,-7],[-11,0],[-9,-4],[-5,-7],[-4,-9],[0,-27],[-2,-16],[-3,-11],[-19,5],[-10,-4],[-6,2],[-2,10],[1,8],[6,9],[0,5],[-9,24],[-6,0],[-8,-9],[-3,-9],[0,-15],[11,-25],[1,-6],[-7,-5],[-8,-17],[-12,-14],[-1,-3],[-3,-20],[0,-14],[-3,-15],[-26,-1],[-18,11],[-15,2],[-4,14],[0,13],[1,6],[10,0],[7,-2],[7,-8],[9,5],[-1,12],[-5,12],[0,9],[1,16],[-3,4],[-4,9],[-2,22],[-4,0],[-4,-5],[-6,-14],[-5,-5],[-2,4],[-19,24],[-4,8],[-2,10],[-6,6],[-2,-11],[-3,-5],[-5,-1],[-6,3],[-7,-3],[-2,-6],[2,-7],[-3,-8],[-1,-8],[10,-7],[0,-18],[4,-17],[20,-22],[1,-9],[-5,-20],[2,-16],[-3,-8],[-4,-3],[-8,0],[-14,7],[-9,1],[-5,-2],[-3,-4],[0,-8],[1,-7],[2,-22],[12,1],[5,-4],[-4,-17],[1,-5],[5,-5],[1,-9],[0,-9],[-11,-29],[-7,-2],[-7,2],[-7,5],[-5,5],[-5,16],[-6,7],[-30,35],[-10,4],[5,19],[-2,8],[-3,7],[-3,-2],[-4,-4],[-3,4],[-2,3],[-9,-2],[-5,7],[-7,2],[-6,-6],[-13,-5],[-15,-2],[-9,2],[-7,24],[-5,7],[-14,1],[-9,-2],[-1,0]],[[4741,6552],[-13,-7],[-16,3],[-39,2],[-9,6],[-14,14],[-12,17],[-9,21],[-3,21],[-30,27],[-34,-6],[-8,5],[-13,-1],[-3,9],[-5,7],[-1,4],[5,15],[-5,19],[-14,25],[2,30],[-1,17],[-20,1],[-35,6],[-39,17],[-15,5],[-17,3],[-26,-3],[-11,-11],[-10,12],[-11,10],[-13,2],[-12,-1],[-4,11],[-28,21],[-3,2],[-5,11],[-4,4],[-4,2],[1,8],[3,7],[-2,8],[2,15],[2,9],[-5,24],[-6,4],[-4,7],[2,24],[-1,10],[-19,8],[-11,10],[-11,6],[-15,4],[-2,9],[-14,7],[-12,8],[-45,37],[-19,3]],[[4719,8837],[-3,60],[9,32],[-6,9],[-5,30],[5,12],[2,22],[-5,25],[3,3],[4,0],[11,4],[1,12],[-2,16],[34,-10],[7,3],[20,13],[17,1],[24,14],[11,9],[31,29],[29,-4],[5,2],[31,30],[6,2],[5,6],[14,12],[35,15],[59,20],[7,-49],[5,-18],[5,-9],[4,-19],[9,-17],[7,-47],[1,-15],[-8,-16],[5,-9],[4,-14],[18,-2],[2,-4],[0,-8],[-8,-26],[7,-32],[27,-18],[-9,-28],[-15,-11],[-8,-14],[-4,-18],[4,-22],[-2,-19],[-9,-28],[-1,-16],[8,-21],[4,1],[4,8],[5,3],[4,15],[10,-3],[7,4],[2,-17],[0,-15],[-13,-5],[-3,-23],[3,-19],[13,-18],[-13,-10],[-16,-4],[-11,-6],[-9,1],[-6,-7],[-1,-16],[3,-8],[28,-8],[13,-11],[9,-13],[5,-14],[-7,-18],[17,-20],[2,-7],[-12,-22],[-3,-17],[-5,-31],[6,-11],[-3,-18],[8,-5],[24,-21],[29,-20],[6,-9],[0,-12],[-4,-13],[-16,-13],[3,-4],[16,1],[8,-2],[12,-9],[21,-10],[7,5],[26,10],[10,-2],[24,-7],[8,12],[11,2],[14,-1],[16,-7],[12,-9],[10,-11],[5,-15],[-4,-22],[2,-4]],[[3589,8455],[2,6],[8,10],[8,13],[2,9],[-3,11],[-20,40],[3,9],[8,7],[-3,14],[6,6],[5,4],[0,6],[-3,7],[3,3],[16,4],[10,11],[2,10],[-20,33],[-57,12],[1,9],[6,16],[-13,13],[-24,28],[-1,27],[2,7],[7,12],[2,16],[4,3],[5,8],[-3,2],[3,9],[3,7],[-16,16],[-8,16],[-2,14],[0,11],[3,20],[7,25],[7,8],[13,-8],[24,3],[30,-4],[4,1],[7,8],[16,13],[-18,23],[-10,8],[-16,18],[-14,11],[-10,3],[-2,9],[3,8],[10,19],[3,2],[41,55],[16,25],[6,12],[10,41],[12,41],[12,20],[32,39],[14,-1],[5,1],[12,16],[13,11],[10,7],[23,10],[12,1],[31,-6],[43,-4],[12,4],[7,15],[8,8],[6,4],[9,3],[6,21],[6,15],[17,12],[3,9],[5,7],[6,4],[1,0],[0,1],[11,-1],[19,3],[5,3],[2,7],[-1,19],[1,11],[3,11],[5,9],[7,9],[22,5],[7,9],[10,17],[12,11],[6,-1],[4,-5],[8,-5],[41,2],[14,27],[17,15],[6,0],[8,-5],[9,-2],[22,5],[15,5],[7,0],[17,-7],[18,16],[12,2],[13,6],[7,-1],[6,2],[5,-4],[-4,17],[0,10],[12,23],[2,10],[4,6],[3,10],[7,6],[6,7],[6,19],[-3,6],[14,9],[12,14],[2,11],[-3,22],[3,32],[-4,10],[-7,3],[-18,1],[-3,3],[-10,22],[-4,6],[-27,11],[-6,7],[-4,1],[-16,9],[-8,7],[-4,15],[1,10],[4,9],[6,8],[9,7],[12,4],[2,3],[13,-16],[12,-2],[10,3],[6,-1],[9,-10],[13,-9],[29,1],[12,-5],[4,-11],[11,-5],[3,-6],[-3,-3],[8,-8],[12,-12],[14,-8],[20,-9],[5,2],[1,-4],[-2,-5],[6,-7],[19,-5],[13,5],[6,-1],[2,-7],[7,2],[4,-8],[1,-21],[-4,-17],[-4,-8],[5,-52],[10,-11],[17,-30],[37,-25],[14,-11],[17,-25],[53,5],[23,1],[10,-2],[8,-7],[16,-35],[8,-12],[12,-6],[19,-6],[7,-10],[42,3],[7,3],[8,-3],[17,9],[7,-2],[11,4],[13,2],[10,0],[4,7],[9,3],[8,-1],[9,-7],[17,1],[11,-5],[40,14],[11,-4],[0,7],[9,17],[-7,4],[0,5],[25,18],[9,13],[13,-8],[28,15],[8,2],[4,8],[-7,6],[0,7],[-2,17],[3,9],[8,0],[33,20],[7,2],[25,-3],[9,11],[23,1],[5,-7],[47,12],[28,5],[8,7],[2,-8],[30,6],[19,0],[11,2],[48,-31],[13,5],[6,-3],[14,0],[16,-5],[33,3],[24,6],[29,-4],[15,57],[41,3],[22,-1],[16,2],[11,6],[4,-11],[0,-13],[4,-8],[26,-5],[5,2],[2,-7],[5,2],[6,14],[3,1],[10,-1],[13,-5],[14,6],[12,7],[7,7],[2,4],[2,-2],[2,-21],[4,-6],[1,-7],[-3,-18],[22,1],[23,4],[14,7],[6,6],[-3,5],[-1,12],[13,5],[9,7],[16,16],[10,8],[9,3],[1,-15],[-1,-13],[3,-1],[5,6],[5,4],[29,15],[26,16],[11,0],[34,18],[11,3],[6,3],[2,15],[4,1],[3,-5],[8,4],[7,1],[8,4],[18,-2],[18,-12],[1,-13],[-5,-11],[0,-11],[-17,-14],[-6,-10],[2,-10],[8,-8],[1,-27],[7,-11],[11,-9],[4,-11],[0,-11],[6,-16],[4,-36],[-9,-19],[-4,-17],[1,-11],[-3,-15],[10,-9],[4,-7],[17,0],[-4,-34],[-7,-17],[3,-6],[12,-3],[10,4],[10,2],[11,-2],[-3,-20],[4,-10],[-1,-20],[-10,-2],[-5,3],[-11,-7],[-26,-21],[-20,-12],[-1,-9],[0,-16],[8,-19],[-4,-11],[-7,-5],[3,-27],[-12,-30],[-6,-22],[-19,-42],[4,-14],[-3,-10],[-10,-8],[-14,-20],[-8,-8],[-5,-7],[2,-11],[6,-13],[2,-11],[-6,-31],[-5,-10],[-1,-12],[-7,-8],[-43,-22],[-12,-11],[-4,-2],[-5,-1],[-1,-13],[2,-5],[10,-12],[10,1],[15,6],[8,6],[3,16],[8,7],[10,20],[11,-5],[7,3],[6,12],[15,5],[42,-7],[11,-9],[13,-5],[18,-2],[6,-7],[1,-25],[8,-3],[7,-6],[2,-9],[5,-10],[10,-9],[10,5],[16,4],[10,5],[13,-1],[11,-5],[3,-7],[2,-11],[8,-19],[6,-9],[6,-1],[-2,11],[-9,25],[9,2],[4,4],[7,-3],[4,-4],[7,-21],[6,-4],[9,-3],[30,-17],[6,-13],[-1,-21],[0,-23],[2,-11],[6,-9],[6,-7],[14,-6]]],"transform":{"scale":[0.0006099309864320407,0.0004756877499614148],"translate":[81.39150221074128,17.810452019812807]}}