{"type":"Topology","objects":{"type":"GeometryCollection","geometries":[{"type":"Polygon","properties":{"NAME_1":"Karaikal","ST_NM":"Puducherry","ST_CEN_CD":34,"DT_CEN_CD":4,"CENSUSCODE":637,"iso_a2":"IN_PY_KA"},"arcs":[[0]]},{"type":"Polygon","properties":{"NAME_1":"Yanam","ST_NM":"Puducherry","ST_CEN_CD":34,"DT_CEN_CD":1,"CENSUSCODE":634,"iso_a2":"IN_PY_YA"},"arcs":[[1]]},{"type":"MultiPolygon","properties":{"NAME_1":"Mahe","ST_NM":"Puducherry","ST_CEN_CD":34,"DT_CEN_CD":3,"CENSUSCODE":636,"iso_a2":"IN_PY_MA"},"arcs":[[[2]],[[3]]]},{"type":"MultiPolygon","properties":{"NAME_1":"Puducherry","ST_NM":"Puducherry","ST_CEN_CD":34,"DT_CEN_CD":2,"CENSUSCODE":635,"iso_a2":"IN_PY_PO"},"arcs":[[[4],[5]],[[6]],[[7]],[[8]],[[9]],[[10]],[[11]],[[12]],[[13]],[[14]]]}]},"arcs":[[[6245,287],[7,-3],[11,1],[7,-2],[11,0],[3,-4],[-1,-10],[5,-5],[9,-1],[5,4],[4,6],[1,9],[3,4],[6,3],[2,3],[6,3],[1,-3],[3,-3],[8,-1],[3,1],[2,3],[1,4],[16,-1],[0,-3],[0,-9],[14,-4],[2,-7],[0,-30],[0,-5],[-1,-68],[0,-19],[-1,-10],[-1,-2],[-9,-4],[-1,-1],[1,-2],[1,-1],[0,-1],[5,-3],[0,-36],[-2,-4],[-4,1],[-3,-1],[-7,-2],[-3,-5],[0,-4],[3,0],[3,0],[5,2],[3,2],[4,-2],[1,-3],[2,-38],[-2,-21],[0,-5],[1,-9],[-18,-1],[-9,5],[-3,3],[3,4],[0,18],[-2,7],[-6,-3],[-3,-6],[-5,10],[-9,4],[-5,6],[-3,10],[2,5],[4,-8],[6,1],[6,5],[7,3],[-1,6],[-6,8],[-9,1],[-12,6],[4,4],[20,-1],[9,2],[-4,5],[-9,6],[-15,-2],[-6,5],[-5,1],[-7,-4],[-7,8],[-5,-5],[-8,0],[1,4],[4,4],[7,2],[2,5],[-5,13],[-17,3],[-2,-14],[-5,-5],[-7,1],[3,10],[-7,5],[-2,9],[-4,-3],[1,-10],[-4,-9],[-3,2],[2,12],[-1,7],[4,4],[-2,4],[-24,-3],[2,8],[-4,2],[0,6],[-3,2],[-4,-5],[-2,1],[2,8],[-17,4],[-2,4],[3,3],[1,3],[-10,0],[1,4],[6,0],[-2,4],[2,5],[6,2],[4,5],[7,2],[1,6],[-3,8],[-5,-3],[-1,-7],[-8,2],[-7,-1],[-2,6],[-1,12],[2,3],[-1,7],[12,1],[6,2],[8,-5],[8,3],[8,-7],[1,-11],[11,4],[8,-1],[1,10],[-2,9],[-7,2],[-3,5],[2,5],[3,3],[4,6],[-7,-1],[-2,5],[-11,3],[2,7],[-3,10],[0,7],[3,3],[8,3],[8,-7],[8,-5]],[[9864,9959],[5,-5],[9,-11],[9,-2],[27,3],[27,1],[25,6],[7,19],[6,11],[7,4],[6,-5],[4,-12],[3,-17],[-5,-15],[-7,-14],[-14,-14],[-13,-7],[-17,-5],[-17,-1],[-10,3],[-28,22],[-18,9],[-19,-4],[-13,1],[-21,13],[-7,15],[8,5],[13,-1],[12,15],[15,13],[6,7],[9,6],[7,-2],[-3,-9],[-15,-23],[2,-6]],[[25,1528],[15,-8],[6,-7],[0,-6],[-2,-5],[-4,-1],[-2,1],[-7,-5],[-3,1],[-4,-1],[-5,-2],[-8,6],[-3,-1],[-3,2],[-4,3],[-1,3],[2,9],[2,3],[-1,5],[4,3],[8,-1],[3,3],[1,3],[0,12],[-2,4],[-4,2],[-5,9],[0,5],[4,4],[11,2],[2,-1],[2,-2],[0,-2],[-1,-4],[1,-5],[-1,-13],[2,-3],[-1,-4],[-2,-9]],[[19,1465],[-6,-6],[-3,7],[-4,7],[-1,3],[0,1],[-3,3],[11,7],[5,0],[3,-4],[3,-6],[-1,-4],[-1,-4],[-3,-4]],[[6157,2002],[0,-8],[7,-6],[9,-11],[3,-10],[4,-5],[5,-2],[4,-1],[7,0],[4,2],[8,2],[3,4],[2,10],[1,0],[8,14],[22,-14],[4,-11],[0,-6],[-5,-6],[-6,-3],[-4,-6],[-6,0],[-4,-6],[-12,-2],[-7,9],[-7,2],[-3,-2],[-2,-21],[29,-13],[0,-17],[4,-17],[0,-29],[1,-5],[5,0],[0,4],[10,10],[0,4],[1,19],[15,2],[9,8],[2,7],[5,4],[4,8],[1,1],[5,-1],[4,0],[7,-4],[6,-9],[4,7],[2,9],[1,15],[4,9],[4,2],[3,2],[7,-2],[2,-7],[1,-6],[2,-15],[5,-7],[4,-3],[6,0],[11,-1],[0,-4],[-1,-2],[-8,-29],[-8,-29],[-8,-30],[-8,-39],[-5,-29],[-8,-34],[-2,-7],[-1,13],[3,5],[-4,3],[-5,5],[-3,6],[-6,3],[-5,-3],[-17,3],[-2,-12],[-3,-1],[-4,-16],[-4,-2],[-9,4],[-7,14],[2,5],[2,1],[2,9],[4,1],[2,14],[-1,12],[-6,2],[-1,3],[-9,-2],[-1,-10],[-6,-6],[-1,-25],[-16,-5],[4,25],[-18,2],[0,-1],[-17,-1],[-4,-15],[-9,24],[-6,2],[3,33],[-8,1],[-12,-1],[-3,-4],[-3,-2],[-7,0],[-4,0],[1,-5],[-18,-2],[0,11],[2,9],[11,-2],[1,-3],[11,8],[5,0],[2,5],[-1,7],[5,2],[-2,7],[-4,3],[5,19],[29,-4],[0,-7],[-16,-1],[0,-32],[15,-3],[4,-4],[5,-1],[11,2],[2,3],[-1,17],[2,4],[11,4],[-31,36],[3,26],[-14,7],[-3,-2],[0,-9],[2,-10],[3,-6],[-8,8],[-1,5],[-2,3],[-9,2],[-9,15],[-1,5],[6,7],[2,5],[3,-2],[2,4],[10,6],[12,2],[1,7],[-10,8],[6,15],[-1,3],[-6,5],[-7,1],[-4,-2],[-4,1],[-5,-3],[-5,1],[-6,-2],[-4,4],[-8,-12],[-6,9],[-3,7],[-12,-9],[-10,2],[-3,4],[3,18],[0,11],[4,1],[0,6],[8,2],[10,-2],[6,16],[8,1],[4,8],[7,2],[4,11],[18,-3],[2,-11],[-3,-17]],[[6253,1798],[3,-12],[-1,-7],[3,0],[-1,-11],[8,3],[2,0],[1,-8],[-2,-8],[-2,-4],[2,-6],[7,-1],[8,23],[10,23],[2,7],[0,7],[-11,-4],[-9,5],[-4,6],[-10,3],[-5,-5],[2,-3],[-3,-8]],[[6206,1712],[24,-9],[12,-9],[2,-2],[0,-14],[13,-1],[1,6],[9,10],[3,1],[5,-2],[5,-5],[6,-4],[2,1],[2,2],[1,-1],[1,-7],[7,10],[-2,2],[-7,3],[-3,0],[0,2],[6,2],[1,5],[2,1],[2,-6],[7,-5],[2,2],[-14,-59],[-4,-21],[-16,4],[-1,-5],[-4,-3],[0,-4],[-10,2],[-6,0],[1,9],[-1,6],[-10,0],[-1,-1],[-7,-12],[-1,-8],[-3,-6],[-19,8],[-20,3],[-6,3],[-2,5],[-3,-2],[-13,8],[2,8],[7,4],[7,1],[1,3],[-1,5],[4,1],[-1,5],[2,7],[10,-2],[5,1],[-5,8],[0,14],[-3,4],[2,16],[-5,5],[1,2],[6,3],[7,0],[0,6]],[[6042,2028],[12,-3],[6,2],[16,-4],[6,-7],[-2,-5],[-3,-5],[-4,-20],[-6,0],[-2,-9],[-1,-5],[-9,-2],[0,-6],[6,-4],[-4,-22],[6,-7],[0,-6],[6,0],[4,-5],[1,-10],[-3,-6],[2,-6],[-5,-2],[-2,2],[-1,-12],[1,-3],[2,-4],[11,2],[2,5],[6,3],[-1,-5],[3,-2],[0,-4],[3,-2],[0,-5],[6,-2],[2,2],[3,0],[3,-5],[1,-3],[-3,-16],[4,-2],[0,-12],[-3,-1],[0,5],[-13,-2],[2,-3],[0,-5],[-9,3],[-1,-10],[-9,-1],[-8,2],[-4,-5],[0,-6],[-13,-1],[-9,3],[2,3],[2,20],[0,6],[-3,3],[-11,5],[0,26],[1,7],[6,-1],[7,1],[0,7],[-1,9],[2,5],[-2,20],[-15,3],[13,9],[-2,9],[-10,3],[0,8],[8,1],[4,17],[-8,0],[-3,4],[1,8],[0,7],[2,8],[11,11],[-3,17]],[[6045,1778],[10,-3],[1,11],[8,-2],[0,-8],[11,-1],[-2,-5],[1,-5],[0,-7],[11,1],[5,-7],[4,0],[2,-11],[-9,-8],[-3,-7],[-4,-2],[-5,-2],[-6,0],[-9,2],[-9,5],[-10,-1],[3,25],[-14,0],[2,-7],[-1,-5],[-11,4],[0,-4],[-15,-6],[1,16],[-3,7],[0,4],[-1,4],[2,4],[-3,4],[3,5],[10,-9],[16,11],[5,10],[13,-3],[-3,-10]],[[6383,1989],[-1,-5],[-23,10],[-2,5],[5,22],[0,9],[2,11],[6,20],[37,-12],[-4,-11],[-6,-10],[-5,-15],[-5,-11],[-2,-3],[0,-5],[-2,-5]],[[6133,1929],[-1,-8],[-4,-8],[-1,-4],[-1,4],[1,-16],[-14,-8],[-6,-1],[-11,5],[-6,-3],[-7,8],[-1,9],[10,-2],[0,8],[2,-1],[0,11],[23,-2],[3,9],[13,-1]],[[6105,1665],[-17,-3],[-18,5],[1,6],[-9,5],[4,4],[3,15],[1,14],[3,2],[4,-1],[10,-3],[5,-4],[-3,-12],[0,-6],[1,-3],[16,-6],[-1,-13]],[[6135,1644],[-22,-2],[0,8],[1,13],[10,-3],[8,-1],[3,-7],[0,-8]],[[6302,2011],[-1,-6],[-15,0],[-3,3],[1,14],[9,-3],[9,0],[5,-2],[-1,-4],[-4,-2]],[[6151,1674],[4,-14],[-16,1],[1,14],[11,-1]]],"transform":{"scale":[0.0006785206745798104,0.0005936584985265747],"translate":[75.52783037164828,10.82669658218335]}}