{"type":"Topology","objects":{"type":"GeometryCollection","geometries":[{"type":"Polygon","properties":{"NAME_1":"Amritsar","ST_NM":"Punjab","ST_CEN_CD":3,"DT_CEN_CD":15,"CENSUSCODE":49,"iso_a2":"IN_PB_AM"},"arcs":[[0,1,2,3]]},{"type":"Polygon","properties":{"NAME_1":"Barnala","ST_NM":"Punjab","ST_CEN_CD":3,"DT_CEN_CD":20,"CENSUSCODE":54,"iso_a2":"IN_PB_BNL"},"arcs":[[4,5,6,7,8,9]]},{"type":"Polygon","properties":{"NAME_1":"Bathinda","ST_NM":"Punjab","ST_CEN_CD":3,"DT_CEN_CD":12,"CENSUSCODE":46,"iso_a2":"IN_PB_BA"},"arcs":[[-8,10,11,12,13,14]]},{"type":"Polygon","properties":{"NAME_1":"Faridkot","ST_NM":"Punjab","ST_CEN_CD":3,"DT_CEN_CD":11,"CENSUSCODE":45,"iso_a2":"IN_PB_FR"},"arcs":[[15,-14,16,17]]},{"type":"Polygon","properties":{"NAME_1":"Fatehgarh Sahib","ST_NM":"Punjab","ST_CEN_CD":3,"DT_CEN_CD":6,"CENSUSCODE":40,"iso_a2":"IN_PB_FT"},"arcs":[[18,19,20,21,22]]},{"type":"Polygon","properties":{"NAME_1":"Firozpur","ST_NM":"Punjab","ST_CEN_CD":3,"DT_CEN_CD":9,"CENSUSCODE":43,"iso_a2":"IN_PB_FI"},"arcs":[[23,24,25,26,27,-18,28,29,30,31]]},{"type":"Polygon","properties":{"NAME_1":"Gurdaspur","ST_NM":"Punjab","ST_CEN_CD":3,"DT_CEN_CD":1,"CENSUSCODE":35,"iso_a2":"IN_PB_GU"},"arcs":[[32,33,-1,34]]},{"type":"Polygon","properties":{"NAME_1":"Hoshiarpur","ST_NM":"Punjab","ST_CEN_CD":3,"DT_CEN_CD":4,"CENSUSCODE":38,"iso_a2":"IN_PB_HO"},"arcs":[[35,36,37,38,39,-33,40]]},{"type":"Polygon","properties":{"NAME_1":"Jalandhar","ST_NM":"Punjab","ST_CEN_CD":3,"DT_CEN_CD":3,"CENSUSCODE":37,"iso_a2":"IN_PB_JA"},"arcs":[[41,42,43,44,45,-24,46,-39]]},{"type":"MultiPolygon","properties":{"NAME_1":"Kapurthala","ST_NM":"Punjab","ST_CEN_CD":3,"DT_CEN_CD":2,"CENSUSCODE":36,"iso_a2":"IN_PB_KA"},"arcs":[[[-47,-32,47,-2,-34,-40]],[[48,-42,-38]]]},{"type":"Polygon","properties":{"NAME_1":"Ludhiana","ST_NM":"Punjab","ST_CEN_CD":3,"DT_CEN_CD":7,"CENSUSCODE":41,"iso_a2":"IN_PB_LU"},"arcs":[[49,50,-20,51,-10,52,-44]]},{"type":"Polygon","properties":{"NAME_1":"Mansa","ST_NM":"Punjab","ST_CEN_CD":3,"DT_CEN_CD":13,"CENSUSCODE":47,"iso_a2":"IN_PB_MA"},"arcs":[[53,-11,-7,54,55]]},{"type":"Polygon","properties":{"NAME_1":"Moga","ST_NM":"Punjab","ST_CEN_CD":3,"DT_CEN_CD":8,"CENSUSCODE":42,"iso_a2":"IN_PB_MO"},"arcs":[[-53,-9,-15,-16,-28,56,-26,57,-45]]},{"type":"Polygon","properties":{"NAME_1":"Muktsar","ST_NM":"Punjab","ST_CEN_CD":3,"DT_CEN_CD":10,"CENSUSCODE":44,"iso_a2":"IN_PB_MU"},"arcs":[[-13,58,-29,-17]]},{"type":"MultiPolygon","properties":{"NAME_1":"Patiala","ST_NM":"Punjab","ST_CEN_CD":3,"DT_CEN_CD":14,"CENSUSCODE":48,"iso_a2":"IN_PB_PA"},"arcs":[[[59,60,-23,61]],[[62]]]},{"type":"Polygon","properties":{"NAME_1":"Rupnagar","ST_NM":"Punjab","ST_CEN_CD":3,"DT_CEN_CD":17,"CENSUSCODE":51,"iso_a2":"IN_PB_RU"},"arcs":[[-51,63,-36,64,65,66,67,68,69,-21]]},{"type":"Polygon","properties":{"NAME_1":"Sahibzada Ajit Singh Nagar","ST_NM":"Punjab","ST_CEN_CD":3,"DT_CEN_CD":18,"CENSUSCODE":52,"iso_a2":"IN_PB_SAS"},"arcs":[[-62,-22,-70,70,-68,71,-66,72]]},{"type":"Polygon","properties":{"NAME_1":"Sangrur","ST_NM":"Punjab","ST_CEN_CD":3,"DT_CEN_CD":19,"CENSUSCODE":53,"iso_a2":"IN_PB_SA"},"arcs":[[-19,-61,73,-56,74,-5,-52],[-63]]},{"type":"Polygon","properties":{"NAME_1":"Shahid Bhagat Singh Nagar","ST_NM":"Punjab","ST_CEN_CD":3,"DT_CEN_CD":5,"CENSUSCODE":39,"iso_a2":"IN_PB_PB"},"arcs":[[-37,-64,-50,-43,-49]]},{"type":"Polygon","properties":{"NAME_1":"Tarn Taran","ST_NM":"Punjab","ST_CEN_CD":3,"DT_CEN_CD":16,"CENSUSCODE":50,"iso_a2":"IN_PB_TT"},"arcs":[[-3,-48,-31,75]]}]},"arcs":[[[3357,8268],[2,-2],[26,-17],[10,-13],[20,-47],[4,-24],[11,-7],[6,-8],[0,-7],[-11,-3],[-5,-8],[20,-4],[-7,-12],[-11,2],[-14,-18],[-32,-47],[-9,-29],[31,-12],[17,-20],[26,-13],[38,5],[-5,22],[44,6],[41,11],[-5,-28],[3,-22],[-49,-22],[-64,-24],[6,-15],[-25,-4],[-12,-4],[-27,12],[-37,-14],[-27,-21],[-20,7],[-22,-10],[54,-92],[3,-26],[17,-6],[27,-2],[-6,-41],[30,-15],[36,-27],[13,12],[15,-4],[-5,-20],[1,-15],[27,-7],[33,-15],[12,-28],[-1,-16],[6,-23],[48,-2],[34,-19],[15,-3],[34,-8],[12,-23],[43,18],[4,-18],[-4,-12],[15,-11],[13,1],[15,-22],[22,-4],[32,16],[70,-6],[13,-17],[8,-20],[12,-13],[24,-2],[28,-23],[33,-11],[4,-19],[-13,-19],[-13,-7],[-20,3],[-5,-22],[23,-16],[18,-5],[21,-13],[8,25],[21,-15],[24,-1],[12,4],[13,10],[11,3],[5,-13],[17,-19],[43,-10],[15,7],[21,1],[18,-24],[16,6],[15,-4],[-6,-18],[14,-3],[32,-23],[0,-19],[-13,-13],[-18,-3],[1,-16],[30,-16],[32,-7],[14,-15],[-9,-18],[34,-9],[7,-24],[31,4],[14,-12],[6,23],[19,-8],[11,19],[28,4],[17,-3],[30,5],[25,13],[11,-5],[3,-8],[-6,-45],[11,-15],[12,15],[23,-6],[5,-12],[27,2],[14,-26],[-12,-23],[-17,-9],[-10,-24],[28,-11],[40,-24],[22,-20],[18,15],[13,4],[18,-15],[15,-5],[9,-11],[36,-17],[28,-9],[15,1],[11,-17],[23,-15],[20,-26],[7,-14],[37,-25]],[[4967,6762],[-12,-19],[-8,-22],[-13,-2],[-20,3],[-25,-3],[-17,-6],[-100,-75],[-11,1],[-19,-17],[-55,-41],[4,-16],[-6,-7],[3,-12],[-69,-85],[-41,-66],[-6,-2],[-1,0],[-13,2]],[[4558,6395],[-25,19],[-27,17],[-19,2],[-7,11],[-13,13],[-52,-30],[-21,-6],[-62,19],[-7,5],[-9,17],[-21,-12],[-42,20],[-6,13],[11,1],[14,31],[-15,9],[-20,21],[-38,-16],[-1,-15],[-21,-25],[-32,-15],[-23,-4],[-23,1],[-15,-3],[-15,-17],[-21,-17],[-34,52],[-18,38],[-74,-11],[-33,22],[4,20],[-20,0],[-17,22],[-26,15],[-29,2],[-17,-6],[-8,-24],[-16,-14],[-7,-13],[-20,-4],[-1,5],[-12,3],[-6,-4],[3,-7],[-15,-6],[-14,13],[-18,0],[-6,-10],[3,-13],[-28,-2],[-10,-14],[6,-11],[-18,-8],[-14,10],[2,15],[-2,14],[9,10],[-13,6],[5,9],[-22,4],[-8,-21],[-1,-25],[-47,4],[-8,-16],[-4,-20],[-27,-24],[-7,17],[-24,11],[-8,23],[4,28],[-37,14],[-31,7],[-25,-5],[-29,-9],[-20,15],[0,25],[11,16],[-18,19],[0,22],[-25,-5],[-22,-22],[-6,-25],[-18,-1],[-21,9],[-12,-20],[-64,-14],[-5,14],[-20,8],[-15,11],[-24,-13],[-8,16],[-20,28],[3,30],[-37,-4],[-22,24],[-1,18],[-20,1],[-27,-27],[-23,7],[-14,-20],[-28,10],[-32,9],[-19,-15],[-33,18],[1,0],[-12,-1],[-13,-4],[-16,-10],[-19,-16],[-20,-29],[-2,-16],[-7,-17],[-11,-10],[-14,-2],[-16,-4],[-7,-7],[-21,-14],[-12,-5],[-28,2],[-12,1],[-9,6],[-6,7],[-2,4],[-11,6],[-14,8],[-16,0],[-19,-2],[-10,-12],[-12,-17],[-14,-18],[-16,-12],[-16,-9],[-9,-8],[-13,-14],[-25,-15],[-10,-13]],[[2379,6444],[-9,5],[-1,2],[-7,5],[-6,-1],[-10,-5],[-6,1],[-7,0],[-12,-1],[-9,-9],[-15,3],[-29,14],[-2,3],[1,4],[6,1],[3,0],[10,7],[2,1],[3,12],[0,2],[-3,1],[-3,4],[0,15],[5,12],[6,4],[0,1],[15,9],[10,3],[19,1],[17,1],[18,7],[7,7],[5,12],[4,3],[2,5],[1,15],[3,5],[0,10],[1,3],[-3,2],[-1,1],[0,2],[1,10],[7,12],[1,9],[-11,5],[-12,5],[-1,11],[19,2],[5,5],[-5,13],[-10,3],[-12,-2],[-20,11],[-16,7],[-13,3],[-12,6],[-8,20],[-5,4],[-5,3],[-10,3],[-1,2],[-5,1],[-2,2],[-8,29],[2,19],[-1,1],[-2,2],[-7,5],[-47,8],[-18,9],[-3,4],[-9,18],[-1,8],[1,31],[-2,3],[-6,5],[-9,10],[-1,6],[-2,19],[0,1],[-3,6],[-15,8],[-1,3],[1,27],[-3,8],[-1,1],[0,2],[-2,1],[-21,15],[-2,5],[-1,14],[10,12],[2,5],[-1,12],[-2,4],[-9,6],[-1,2],[-2,2],[0,2],[-4,7],[-6,5],[-4,3],[-4,2],[-19,5],[-12,6],[-1,5],[-9,6],[-18,6],[-5,3],[-5,18],[-10,7],[0,3],[-19,16],[-9,7],[-14,8],[-5,4],[-7,14],[9,4],[12,10],[27,9],[2,0],[5,3],[2,3],[6,26],[4,8],[6,3],[11,2],[20,-7],[3,1],[5,3],[4,1],[11,7],[56,23],[25,5],[18,-2],[12,0],[18,6],[2,3],[2,3],[-1,11],[-8,6],[-7,13],[-8,7],[-3,36],[1,5],[9,21],[25,20],[1,4],[-1,10],[-4,3],[-13,4],[0,6],[0,2],[27,29],[8,25],[-2,11],[-11,9],[-1,3],[0,17],[2,4],[27,12],[26,31],[26,6],[0,4],[2,1],[4,33],[3,6],[8,6],[34,20],[1,9],[-1,32],[1,6],[6,15],[3,5],[4,3],[7,1],[4,-3],[2,-5],[25,-9],[11,-1],[24,1],[13,5],[10,9],[4,5],[9,9],[6,15],[8,8],[3,1],[18,0],[9,-4],[5,1],[7,6],[3,9],[-1,13],[1,15],[1,2],[15,5],[8,7],[3,16],[7,1],[15,-6],[4,-1],[5,1],[3,4],[1,2],[11,8],[7,2],[28,5],[9,-1],[7,-1],[12,-6],[4,-3],[3,-4],[2,-4],[4,-2],[13,-2],[26,10],[2,2],[-1,16],[-8,9],[-2,5],[0,11],[4,10],[4,3],[13,5],[15,1],[9,-1],[4,0],[12,17],[14,-8],[15,-13],[19,6],[20,10],[0,13],[-2,12],[3,9],[6,1],[8,-7],[5,-8],[11,-2],[14,-3],[12,7],[5,5],[2,1],[2,2],[9,4],[49,11],[16,6],[17,7],[25,8],[5,-3],[1,-11],[10,-7],[2,-5],[8,4],[4,4],[6,19],[9,32],[16,16],[0,5],[1,21],[-8,31],[2,12],[2,1],[4,0],[1,8],[3,2],[21,14],[35,6],[19,4],[2,2],[3,2],[1,5],[-2,8],[-16,13],[-1,3],[0,7],[39,5],[9,5],[5,9],[10,2],[3,-2],[2,0],[2,-4],[8,-4],[3,1],[8,24],[1,7],[-1,4],[-9,8],[-8,21],[-1,4],[1,2],[21,9],[12,9],[23,4],[59,-8],[2,1]],[[5787,3599],[22,-15],[12,-12],[6,-15],[-9,-31],[30,-5],[21,11],[16,-21],[-6,-19],[-9,-12],[8,-27],[-12,-29],[-25,-46],[-24,-15],[-5,-12],[14,-18],[-3,-13],[-20,-9],[-12,-14],[5,-32],[35,-18],[0,-12],[15,-17],[26,-1],[8,-14],[-5,-15],[-31,-36],[-32,-14],[-13,-55],[5,-10],[60,-10],[-13,-15],[1,-23],[-3,-11],[-15,-24],[-10,-9],[-36,-11],[-17,-15],[10,-16],[23,-26],[23,-2],[8,-16],[-5,-34],[7,-13],[2,-9],[-12,-2],[-13,3],[-2,-19],[3,-12],[19,-1],[10,2],[7,-11],[-7,-8],[-21,-14],[8,-13],[-3,-14],[37,-16],[1,-15],[-5,-38],[14,-12],[14,-6],[-12,-21],[-15,-9],[-29,-30],[-20,-2],[-11,11],[-22,-13],[2,-16],[8,-24],[7,-28],[15,-33],[18,-24],[17,-15],[27,-11],[18,-4],[26,0],[30,0],[34,0],[17,-3],[19,-17],[-1,-18],[-8,-11],[5,-12],[-28,-34],[-25,-6],[-26,-20],[-19,-35],[2,-20],[-11,-6],[-32,25],[-115,2],[-11,-17],[-46,-19],[-35,-23],[-24,-10],[-52,13],[-37,24],[-6,-13],[14,-25],[0,-5],[-8,-2],[-10,-11],[-16,-11],[-10,-2],[-24,-14],[-19,-15],[-4,-14],[8,-24],[-8,-27],[30,-52],[26,-38],[8,-27]],[[5536,1977],[-41,15]],[[5495,1992],[-15,-6],[-15,-11],[-13,-16],[-10,-2],[-11,5],[-27,31],[-12,-7],[-8,-13],[-15,-8],[-53,13],[-13,6],[-23,15],[-17,23],[-8,11],[-7,30],[-29,42],[-12,15],[-46,32],[-52,-8],[-67,-24],[-33,4],[-27,18],[-22,8],[-22,16],[5,13],[-7,13],[-16,5],[-52,-38],[-8,0],[1,6]],[[4861,2165],[-7,13],[-14,-6],[-11,5],[-1,10],[6,7],[24,5],[5,7],[-1,11],[17,29],[1,32],[-8,9],[-12,0],[-19,10],[-3,9],[5,9],[7,4],[5,0],[0,14],[-3,5],[-2,21],[10,5],[5,6],[0,4],[-30,17],[-4,10],[6,22],[-2,16],[-22,13],[-7,0],[-18,-11],[-18,17],[14,17],[-4,29],[-3,2],[-50,9],[-12,-2],[-16,-10],[-5,4],[2,16],[8,16],[-6,28],[-8,20],[2,10],[4,5],[32,6],[31,-7],[9,3],[7,11],[3,13],[-7,9],[-23,3],[-6,3],[-28,6],[-8,9],[29,67],[7,25],[-13,1],[-12,6],[-17,-11],[-44,8],[-5,18],[-1,16],[-16,42],[9,32],[-14,39],[-24,16],[-23,26],[-22,12],[-23,-8],[-20,-4],[-4,26],[12,7],[1,6],[-38,41],[-2,15],[13,19],[18,19],[22,19],[25,34],[2,19],[35,37]],[[4601,3185],[4,-1],[0,6],[3,17],[35,31],[15,6],[14,23],[21,3],[25,-1],[10,-14],[8,-25],[18,-23],[29,-5],[10,2],[41,-3],[49,19],[42,22],[28,7],[14,8],[34,31],[11,14],[9,19],[-4,12],[-16,6],[-17,12],[0,12],[-8,16],[1,46]],[[4977,3425],[37,8],[17,-1],[10,-4],[11,5],[1,14],[25,8],[9,8],[6,-4],[14,-1],[8,7],[9,13],[10,8],[20,-6],[6,5],[4,11],[9,4],[7,-6],[29,-4],[26,-8],[28,-5],[21,8],[31,-8],[23,1],[6,27],[28,19],[10,-5],[6,-16],[3,-20],[18,-20],[23,6],[23,23],[14,33],[-6,20],[-17,-5],[-19,-2],[0,18],[8,22],[10,14],[22,0],[9,-6],[29,-8],[11,-11],[18,-10],[22,6],[34,-26],[19,3],[25,12],[14,3],[21,-4],[5,-3],[17,-20],[22,8],[6,13],[21,9],[6,7],[3,12],[0,8],[4,7],[5,4],[27,0],[2,3]],[[4861,2165],[-27,-34],[-15,-10],[-1,-11],[8,-13],[12,-10],[4,-11],[-19,-19],[-32,-24],[-8,-12],[3,-45],[26,-9],[-38,-35],[-6,4],[-17,-7],[-13,-16],[-18,-9],[-10,2],[-30,-30],[-16,-3],[-27,-12],[-8,0],[-11,15],[-17,4],[2,3],[-24,-15],[-13,-11],[-18,-1],[-18,8],[-22,-10],[-12,-24],[4,-48],[4,-19],[-6,-64],[4,-10],[8,-5],[10,-1],[13,16],[13,3],[6,-8],[-6,-21],[-11,-7],[-42,-17],[-18,-13],[-1,-13],[15,-27],[7,-38],[11,-5],[35,0],[18,-3],[13,2],[11,7],[9,19],[14,-12],[27,9],[1,-23],[-15,-4],[-15,-11],[-8,-10],[-40,-22],[-9,-36],[15,-24],[-2,-16],[-20,-24],[-45,16],[-24,17],[-7,-4],[-10,-32],[-44,-40],[-42,30],[-31,-9],[-10,18],[-13,5],[-1,19],[-25,1],[-9,-11],[-9,15],[-25,-30],[-11,-66],[5,-8],[-15,-12],[5,-19],[-32,-41],[38,-45],[12,-90],[48,13],[44,-27],[9,-51],[0,-20],[-67,-22],[-27,-18],[-1,-12],[7,-22]],[[4261,960],[-9,-6],[-2,-18],[-27,-15],[-23,-5],[-15,-12],[-14,-60],[-7,-19],[1,-14],[18,-9],[14,-16],[-17,-10],[-40,-14],[-21,12],[-13,14],[-21,69],[-74,-10],[-22,6],[-18,8],[-3,20],[14,21],[45,24],[-10,38],[-17,11],[-43,12],[-15,15],[0,15],[12,15],[52,31],[12,17],[-4,12],[-1,67],[-26,26],[-16,22],[-17,12],[-23,-10],[-25,-62],[-15,-47],[-17,-10],[-28,-4],[-47,23],[-46,-29],[-30,-27],[-28,9],[-38,-14],[-13,-22],[-67,80],[1,30],[-39,26],[-48,16],[-25,43],[-12,24],[-11,21],[-14,41],[-28,25],[-70,-32],[-30,-1],[15,20],[11,7],[4,19],[-15,20],[-14,11],[-13,20],[-13,-19],[-18,-12],[-20,0],[-21,7],[-32,-6],[-43,16],[-24,18],[-25,12],[-6,21],[-10,17],[-25,19],[-25,7],[-22,-9],[-34,-31],[-27,-19],[-28,-6],[-28,3],[-27,-8],[-44,-7],[-43,-23],[-58,23],[-29,7]],[[2687,1406],[6,17],[-10,22],[-5,17],[15,17],[12,30],[2,4],[12,38],[-24,24],[-10,14],[-34,25],[6,14],[-13,25],[37,66],[-17,11],[-27,12],[-26,1],[-25,51],[23,46],[5,17],[-4,14],[-16,0],[-11,-9],[-14,-5],[-45,7],[-25,7],[-12,8],[-46,45],[0,8],[16,28],[13,9],[4,22],[23,29],[30,23],[36,5],[12,-3],[6,6],[43,1],[17,-21],[22,-2],[16,4],[49,22],[20,13],[26,23],[10,9],[3,14],[-2,12],[-23,26],[-16,2],[-16,-3],[-19,2],[12,69],[12,11],[-2,17],[19,12],[-1,5],[-11,8],[-6,15],[-3,45],[7,19],[33,36],[15,20],[-1,9],[2,6],[25,0],[9,6],[13,16],[-27,22],[-11,15],[-20,21],[-19,4],[-10,11],[55,27],[14,16],[48,-6],[29,13],[49,40],[-4,2],[-12,0],[-103,24],[-49,15],[-32,6],[-27,8],[-23,5],[-22,1],[0,6],[32,6],[14,7],[26,19],[51,-29],[49,-18],[28,-15],[57,-25],[6,2],[12,-1],[70,100],[30,57],[18,21],[0,-1]],[[3063,2800],[27,-12],[24,-7],[32,-18],[21,-17],[67,43],[64,-26],[57,-18],[23,-13],[-4,-9],[18,-10],[30,5],[44,53],[17,-8],[21,9],[22,4],[10,15],[19,16],[10,-7],[27,-9],[12,7],[24,1],[15,-14],[10,-3],[54,-21],[23,-6],[11,4],[41,-11],[14,6],[31,31],[-7,8],[-6,23],[5,24],[-3,12],[-10,14],[-25,19],[-58,25],[10,18],[2,14],[-23,10],[4,19],[20,11],[16,29],[21,7],[29,-16],[21,-5],[-6,19],[-13,3],[-16,17],[6,27],[-45,-2],[-21,38],[-57,15]],[[3671,3114],[-1,0],[41,6],[32,24],[16,22],[24,-6],[9,-10],[28,0],[23,11],[34,35],[28,37],[15,14],[30,-8],[52,-19],[38,6],[28,1],[7,28],[-10,28],[-25,44],[6,30],[56,56],[18,6],[13,1],[43,-13],[17,-18],[22,-30],[13,-29],[12,-54],[0,-65],[5,-30],[11,-7],[19,3],[12,10],[27,-12],[16,29],[38,-23],[41,7],[40,13],[15,1],[25,9],[6,9],[21,-4],[11,-12],[40,-26],[10,-1],[24,8]],[[3353,3930],[7,-35],[-23,-61],[-1,-16],[11,-19],[19,-52],[8,0],[17,19],[4,-9],[0,-19],[47,-7],[20,2],[14,-2],[10,-5],[12,2],[8,-58],[-4,-15],[-17,-29],[8,-30],[-8,-33],[-7,-18],[-1,-5],[-1,-22],[0,-20],[2,-10],[1,-3],[10,-16],[6,-7],[3,-3],[-5,-11],[-42,-3],[-17,-2],[-63,-10],[-16,-15],[-21,-53],[-6,-50],[31,-11],[7,-3],[40,-18],[17,18],[-17,12],[11,18],[50,52],[38,-30],[12,2],[8,-7],[2,-16],[49,-38],[41,2],[8,-17],[9,-14],[-17,-30],[-3,-19],[6,-18],[-3,-56],[8,-15],[18,-14],[27,1],[1,0]],[[3063,2800],[0,1],[-21,10],[-15,14],[-9,-7],[-26,3],[-16,-1],[-26,-8],[-48,0],[-50,-17],[-14,8],[5,15],[-1,17],[11,51],[-2,15],[-14,12],[8,20],[-63,44],[-12,21],[-1,21],[6,16],[28,31],[18,1],[32,20],[16,18],[-3,19],[-9,17],[-28,-20],[-11,9],[-34,0],[-30,24],[-12,8],[-13,3],[-3,18],[-39,19],[-27,6],[-29,9],[-8,5],[-4,14],[2,12],[28,17],[16,15],[12,17],[10,7],[10,39],[-19,7],[-12,12],[-17,7],[-18,4],[-17,8],[-17,14],[-38,17],[-7,15],[-23,25],[-21,4],[-17,6],[-41,43],[2,19],[-25,5],[-7,15],[-5,16],[-12,39],[-5,8],[-20,-3],[-11,14],[-15,9],[-15,4],[-4,6],[-4,4],[-24,20],[-23,7],[-19,8],[-55,15],[-34,5],[-14,-4],[-24,1],[-20,5],[-38,0],[-55,7],[-7,0]],[[2016,3705],[2,1],[-20,8],[-45,11],[-14,22],[-4,26],[-10,31],[-2,54],[-12,96],[17,22],[104,40],[32,10],[25,13],[1,7],[25,31],[43,27],[64,24],[13,10],[31,15],[35,1],[22,3],[8,3],[46,61],[21,6],[21,18],[70,-54],[21,9],[13,31],[8,8],[17,1],[60,-27],[10,14],[22,2],[20,-11],[30,4],[15,-5],[20,-3],[31,-11],[39,9],[17,-4],[14,-10],[19,-20],[35,0],[17,4],[-1,-11],[10,3],[14,-10],[10,-13],[9,-35],[47,-13],[27,-9],[8,-44],[10,-14],[15,-9],[19,-5],[14,10],[14,4],[13,-1],[13,-6],[7,-12],[21,-24],[28,-13],[-1,-13],[4,-8],[9,-7],[48,7],[18,-1],[12,-10],[13,-6],[30,-3],[15,2],[30,-11]],[[7184,3221],[16,22],[4,11],[-13,15],[-1,9],[-26,23],[0,6],[12,18],[0,14],[10,18]],[[7186,3357],[17,17],[10,-1],[13,-16],[17,-6],[20,7],[1,43],[13,6],[5,6],[-5,19],[5,16],[23,10],[13,13],[-13,10],[7,14],[-23,32],[36,28],[-3,9],[14,18],[21,9],[50,17],[2,5],[2,45],[4,3],[27,9],[18,11],[12,17],[2,13],[-2,16],[9,13],[18,4],[10,-7],[-2,-20],[12,-16],[41,26],[10,-1],[24,2],[19,7],[7,4],[9,21],[21,15],[30,0],[3,-2],[6,-14],[13,-12],[19,-4],[24,3],[15,-11],[21,-6],[23,2],[18,8],[12,10],[54,-5],[3,-1],[5,-3],[2,0],[5,-3],[-2,-9],[13,-24],[37,-16],[20,1],[1,0],[19,12],[23,27],[12,5],[14,12],[3,17],[12,25],[2,3],[-5,29],[5,11],[-9,20],[-10,8],[-14,2],[-21,-3],[-9,-4],[-12,-12],[-29,40],[-16,16],[-38,-21],[-15,-13],[-20,-8],[-29,24],[-24,26],[-12,15],[-6,13],[-15,94],[-40,114],[32,72],[-25,49],[91,126],[4,2],[4,4],[21,-4],[15,-4],[8,-6],[20,-4],[7,5],[15,0],[5,-4],[10,-8],[23,-14],[18,-15],[29,-4]],[[8015,4336],[-12,-7],[-10,-17],[-6,-6],[21,-19],[3,-6],[-3,-6],[1,-4],[25,-6],[13,-12],[5,-12],[25,1],[33,0],[19,-12],[25,23],[34,-5],[7,-5],[1,-34],[-6,-26],[6,-13],[8,-2],[44,1],[38,-33],[-14,-24],[4,-37],[-25,-21],[-4,-7],[7,-42],[10,-3],[19,11],[9,-1],[27,-9],[41,8],[11,-2],[45,-24],[5,0],[7,7],[4,-2],[21,-27],[38,15],[28,-13],[12,-2],[41,13],[63,37],[1,0],[20,14]],[[8656,4027],[24,-23],[13,-36],[-2,-10],[-19,-16],[-2,-6],[19,-20],[4,-13],[-15,-13],[-16,-2],[-13,1],[-1,-10],[-12,-10],[-38,-18],[6,-16],[20,7],[63,0],[13,5],[11,-8],[14,-20],[-3,-18],[4,-17],[23,-3],[8,-7],[19,-31],[3,-16],[-9,-5],[-20,-4],[-15,-23],[-15,-10],[-4,-9],[-12,-15],[-46,-20],[-11,-9],[-7,-19],[3,-8],[5,-6],[11,16],[8,2],[24,-19],[42,-23],[7,4],[-2,11],[-8,19],[-1,8],[21,12],[30,-3],[29,13]],[[8809,3639],[16,-20],[25,-22],[-19,-8],[8,-49],[16,-17],[-6,-27],[-13,-2],[-27,9],[-30,17],[-7,0],[2,-9],[-32,-11],[-7,-26],[12,-12],[26,-16],[25,-17],[15,-13],[5,-14],[-4,-15],[-7,3],[-3,-11],[-9,-5],[-18,-12],[-4,8],[-9,5],[-19,-5],[-34,-18],[-10,1],[-21,-12],[-14,4],[-12,-2],[-4,12],[-13,0],[-31,9],[-18,12],[-8,-8],[-13,2],[-5,-9],[-11,-6],[3,-12],[11,-14],[-9,-4],[-8,-15],[-1,-18],[0,-20],[7,-8],[1,-12],[-27,-36],[-6,-15],[12,-26],[-12,-20],[-11,-5],[26,-16],[2,-14],[-6,-19],[17,-17],[10,-19],[-8,-10],[-6,-17],[-10,-17],[7,-9],[-8,-9],[-3,-15],[-12,-3],[2,-10],[-9,-15],[-21,-18],[-14,-18],[-35,21],[-20,-10],[-31,32],[-18,15],[-36,-21],[-44,7],[-12,-14],[-11,6],[-7,-6],[-8,7],[-8,-9],[4,-13],[19,-19],[2,-17],[-21,-1],[-16,-1],[-22,-7],[-37,-34],[-9,37],[-10,14],[-28,20],[-11,0],[-34,15],[-7,-1],[-14,-12],[-30,-16],[-11,8],[-5,19],[-11,-4],[-33,13],[3,14],[10,0],[6,11],[12,-2],[16,14],[1,15],[-13,1],[0,20],[-21,17],[-1,10],[23,30],[-53,7],[53,57],[-3,14],[-22,59],[-17,26],[7,26],[-7,24],[-31,10],[-3,28],[-21,8],[-17,-3],[-7,6],[-5,35],[-14,18],[-27,-10],[-21,-37],[5,-17],[-15,-3],[-7,26],[-15,6],[-52,-17],[-26,0],[-19,0],[-21,6],[-27,-7],[-13,-14],[-7,-11],[-23,-9],[-22,4],[-32,-7],[-15,-9],[-26,8],[-24,6],[-11,-5],[-11,-12],[-41,-21],[-16,-16],[-13,-8],[-39,5],[-15,-1],[-36,-14],[-54,-22],[-63,2]],[[3886,5278],[1,-34],[-5,-22],[8,-11],[14,-3],[13,5],[53,-21],[27,-6],[-11,-38],[-7,-13],[13,1],[5,-22],[17,-8]],[[4014,5106],[2,0]],[[4016,5106],[-5,-15],[-29,-47],[-44,-34],[-5,-56],[-15,-11],[-28,39],[-42,2],[-6,-50],[-29,-27],[-35,22],[-34,-8],[-17,-56],[47,-28],[50,-2],[24,-49],[-10,-116],[-44,-41],[-67,-41],[-82,-26],[-26,-24],[-21,-34],[-44,-37],[-54,-24],[-3,0]],[[3497,4443],[-1,-2],[-3,-8],[-6,-13]],[[3487,4420],[-22,-24],[3,-31],[5,-21],[10,-19],[-10,-30],[-6,-35],[12,-21],[-7,-19],[-23,-25],[-34,-44],[-5,-35],[5,-15],[-13,-14],[-8,3],[-21,-17],[-2,-19],[-13,-6],[7,-16],[-11,-18],[-5,-18],[6,-13],[13,-15],[-9,-1],[4,-12],[-2,-11],[-8,-14]],[[2016,3705],[-8,-6],[-18,-1],[-18,2],[-30,-25],[-2,-16],[6,-22],[31,-18],[9,-9],[-21,-8],[-51,-14],[-24,-16],[-8,-11],[2,-29],[-4,-19],[-6,-14],[-19,-20],[-11,-8],[-20,-8],[0,-74],[-25,-5],[-23,-69],[-29,12],[-23,25],[-30,-11],[-6,-56],[-3,-12],[-2,-19],[-4,-10],[-34,-1],[-28,-21],[-21,-21],[8,-22],[16,-32],[-17,-48],[-34,-10],[-20,-1],[-15,2],[-26,7],[5,-27],[-7,-31],[-29,-47],[-28,-17],[-25,-4],[-15,2],[-23,-1],[-24,-10],[-57,-33],[-17,-7],[-13,0],[-18,-8],[-46,-7],[-13,-6],[34,-12],[44,-1],[30,-9],[21,-12],[62,-13],[112,-16],[32,-8],[11,-14],[2,-24],[-11,-32],[-58,12],[-66,10],[-17,-34],[-9,-28],[9,-36],[23,-11],[9,-33],[0,-51],[-13,-23],[-20,-20],[-23,-34],[4,-19],[-10,-33],[-6,-35],[-8,-14],[2,-18],[-2,-20],[-50,31],[-19,-21],[-3,-2],[-25,-25],[-23,-40],[83,-49],[23,6],[31,16],[40,11],[30,2],[105,-8],[-18,-90],[-20,-51],[6,-23],[-4,-22],[-30,-71],[32,-18],[29,-9],[62,-9],[3,-23],[7,-17],[11,-20],[3,-15],[46,-41],[16,-9],[5,-13],[10,-15],[32,-30],[-18,-6],[-12,14],[-36,26],[-36,15],[-22,-4],[-13,-4],[-1,-19],[-5,-20],[-8,-13],[-7,-23],[72,-39],[-2,-18],[1,-18],[10,-17],[37,-45],[25,-20],[-7,-36],[29,-10],[30,-1],[78,14],[15,-19],[5,-22],[9,-17],[17,-22],[-29,-7],[-95,-13],[82,-165]],[[1851,1329],[-46,8],[-79,-7],[-103,9],[-54,2],[-44,4],[-68,8],[-103,8],[-36,-4],[-62,2],[-27,-1],[-37,3],[-55,12],[-36,2],[-88,0],[-103,10],[-233,14],[-46,5],[-217,5],[-22,3],[-17,1],[-47,-7],[-64,1],[-79,5],[-137,-2],[-5,25],[-3,14],[-18,31],[-6,16],[2,50],[12,20],[24,70],[7,27],[12,23],[33,21],[32,26],[43,52],[38,50],[4,17],[19,19],[26,32],[28,5],[-8,11],[-5,10],[-4,22],[-1,30],[8,94],[10,17],[6,24],[-6,36],[-5,97],[-3,21],[0,2],[-9,32],[-4,46],[-2,2],[-4,20],[-7,4],[-4,11],[-8,6],[-2,6],[-3,2],[-4,3],[-2,8],[-3,2],[-2,1],[-9,24],[-2,0],[-2,10],[-3,4],[-3,2],[0,2],[-3,2],[-11,28],[-2,1],[-7,21],[-4,2],[-3,5],[-3,4],[-14,10],[-1,2],[-2,0],[-2,2],[-4,11],[-4,3],[-2,1],[-7,16],[-2,1],[-2,1],[-2,9],[-7,5],[-1,8],[-5,3],[-1,1],[-3,8],[-3,1],[-3,2],[-9,16],[-4,2],[-3,1],[0,2],[-2,5],[-3,2],[-1,2],[-4,2],[-8,5],[-4,6],[-1,3],[-2,2],[-3,2],[-2,7],[-38,18],[-16,9],[-1,2],[-6,4],[-10,6],[0,9],[3,0],[25,19],[47,24],[16,11],[15,12],[3,3],[8,13],[4,8],[4,4],[3,3],[0,1],[2,0],[12,10],[33,13],[2,2],[5,5],[6,7],[18,17],[17,13],[37,21],[8,8],[15,31],[2,24],[-3,5],[-4,1],[-5,1],[-33,-9],[-52,-8],[-6,0],[-8,-1],[-11,0],[-15,5],[1,8],[21,12],[2,2],[4,9],[1,4],[1,21],[-1,6],[0,1],[-2,6],[-3,2],[-2,0],[-8,23],[1,18],[1,35],[-2,5],[1,14],[5,4],[14,3],[5,-2],[1,-4],[0,-5],[16,-7],[4,-6],[5,-10],[2,-4],[-5,-38],[1,-22],[24,-7],[7,-1],[22,8],[4,4],[1,16],[9,16],[3,9],[0,1],[-3,26],[-2,1],[-1,2],[2,8],[2,3],[2,3],[14,15],[3,3],[4,4],[23,19],[13,30],[9,7],[9,5],[14,1],[16,1],[20,-5],[0,-1],[21,-4],[14,6],[-15,13],[-3,3],[-7,6],[-3,2],[-3,5],[-1,15],[4,13],[3,4],[11,3],[19,-3],[22,-2],[4,1],[2,1],[12,-3],[5,1],[18,9],[7,8],[9,12],[10,3],[3,-1],[3,-2],[3,-19],[14,-39],[15,-4],[3,1],[7,2],[13,-5],[2,2],[20,11],[10,7],[2,1],[12,12],[6,8],[1,3],[14,12],[11,15],[4,14],[0,13],[0,5],[-2,2],[-3,1],[-28,-7],[-13,6],[-2,9],[1,4],[5,4],[5,3],[1,2],[15,11],[27,17],[3,4],[16,14],[2,1],[2,3],[5,8],[1,15],[1,5],[-4,24],[0,32],[8,21],[0,4],[0,1],[-14,8],[0,6],[3,8],[16,7],[8,2],[3,-2],[1,-5],[3,-6],[2,-1],[3,-5],[0,-2],[9,-6],[0,-3],[13,-3],[2,1],[4,4],[4,32],[17,21],[0,4],[1,0],[4,26],[8,0],[3,0],[6,-11],[20,-3],[9,4],[25,6],[4,3],[7,11],[22,15],[21,14],[4,5],[0,3],[23,9],[4,3],[11,13],[8,15],[11,12],[5,2],[16,3],[4,1],[4,3],[10,6],[4,1],[34,44],[4,8],[9,6],[23,21],[3,10],[5,34],[12,11],[12,34],[5,10],[3,2],[7,1],[3,0],[16,-3],[14,10],[12,2],[16,-4],[14,-3],[9,2],[6,-1],[9,2],[8,5],[19,20],[24,3],[6,-1],[14,7],[2,4],[0,13],[-4,3],[-1,1],[-7,6],[-1,5],[-20,10],[-2,25],[-3,9],[-8,7],[-3,2],[-3,5],[-20,11],[0,5],[-3,2],[-3,1],[-1,12],[2,4],[10,8],[15,5],[5,-1],[3,-2],[1,-2],[7,-4],[4,-2],[18,-3],[23,14],[16,3],[5,0],[18,5],[17,10],[3,4],[6,11],[0,9],[-3,4],[-2,1],[-3,7],[-1,2],[-19,4],[-12,5],[-3,3],[-1,10],[22,9],[3,3],[4,23],[3,4],[10,10],[13,6],[17,16],[3,9],[7,36],[3,19],[8,10],[7,13],[13,7],[1,1],[10,1],[19,-5],[6,1],[1,4],[0,2],[0,5],[4,2],[16,4],[11,-1],[6,2],[11,-1],[0,-2],[2,-1],[2,-2],[0,-12],[11,-3],[2,-1],[10,3],[8,6],[1,6],[9,22],[5,3],[12,2],[3,-2],[3,1],[9,-1],[3,0],[7,3],[2,2],[4,9],[-1,2],[-4,2],[-11,6],[-2,0],[-24,5],[-4,3],[1,4],[-2,5],[-12,4],[-12,13],[8,4],[7,7],[4,8],[1,8],[7,26],[4,3],[20,3],[11,2],[23,8],[12,7],[5,6],[1,3],[4,1],[36,25],[6,1],[5,1],[26,0],[21,-5],[1,1],[3,1],[6,6],[1,6],[-3,8],[-13,11],[-35,16],[15,1],[13,2],[19,-3],[4,2],[-4,15],[-10,7],[-13,7],[1,4],[11,10],[3,10],[8,5],[39,10],[5,2],[15,14],[7,4],[5,1],[17,0],[19,-3],[3,3],[0,7],[-2,4],[0,5],[6,2],[13,-1],[1,0],[6,3],[2,3],[0,3],[-11,11],[-21,15],[11,1],[15,7],[40,12],[30,3],[12,1],[19,-6],[3,-6],[2,-1],[0,-2],[2,-5],[2,0],[2,-2],[1,-4],[15,-9],[7,7],[9,5],[15,29],[15,7],[2,1],[16,15],[27,13],[33,5],[12,6],[6,4],[1,13],[-2,0],[-3,9],[-3,2],[-3,5],[-5,9],[-6,14],[0,11],[13,14],[7,49],[9,10],[18,13],[12,15],[10,7],[1,4],[-1,19],[3,4],[18,3],[39,10],[16,1],[12,-1],[16,-10],[10,-38],[21,-8],[28,14],[9,1],[29,3],[27,3],[36,19],[29,1],[12,-1],[10,1],[23,4],[34,15],[19,9],[5,6],[14,11],[17,18],[6,14],[-1,11],[-2,5],[0,16],[7,11],[15,8],[12,11],[0,9],[-12,20],[-1,34]],[[2672,5181],[10,-1],[16,-17],[6,-16],[48,-3],[56,2],[5,17],[-3,21],[21,-12],[27,-2],[9,24],[7,33],[86,6],[4,-17],[34,-38],[17,15],[8,14],[1,36],[28,6],[44,-7],[58,2],[36,17],[72,41],[45,30],[34,-15],[24,-1],[22,17],[38,-17],[53,-20]],[[3478,5296],[114,-46],[47,-38],[7,5],[15,-15],[10,-5],[12,9],[9,19],[-3,20],[-21,34],[3,4],[24,0],[4,13],[20,-6],[4,28],[38,2],[3,8],[8,7],[17,-2],[20,-6],[2,-6],[-4,-15],[12,-2],[18,2],[27,-21],[22,-7]],[[5584,8368],[-19,-9],[-33,-16],[-20,-46],[-10,-31],[-21,-47],[-12,-8],[-33,-1],[-28,5],[-12,-11],[11,-30],[14,-2],[9,-16],[3,-16],[11,-17],[21,-7],[7,-15],[-3,-14],[-35,-38],[-19,-7],[4,-14],[-11,-31],[-14,-12],[-8,-29],[0,-20],[-8,-23],[17,-2],[9,-9],[-2,-38],[8,-7],[39,-20],[8,-66],[-6,-25],[3,-21],[12,-7],[10,-11],[15,-25],[18,-33],[7,-26],[-6,-16],[-20,-29],[0,-12],[3,-11],[-1,-21],[5,-9],[13,-6],[-6,-54],[-9,-15],[-2,-12],[15,-13],[11,-21],[4,-12],[-4,-15],[0,-8],[-16,-10],[-63,-2],[-37,-8],[5,-41],[-3,-25],[3,-17],[-10,-33],[-12,-7],[-21,-21],[-25,-26],[-7,-14],[-32,-29],[-31,-21],[-4,-5],[-10,-32],[-4,-34],[-29,-16],[-7,-8],[12,-5],[-10,-19],[-18,-21],[-4,-25],[3,0]],[[5199,6950],[-18,-18],[-7,-37],[-113,-24],[-12,8],[-15,-9],[-13,-14],[-10,-18],[4,-17],[-10,0],[-3,-22],[-7,-20],[-17,-13],[-11,-4]],[[3357,8268],[3,0],[3,2],[11,22],[3,2],[4,9],[5,7],[21,8],[3,1],[39,1],[43,-12],[29,-16],[11,-5],[34,-10],[8,-2],[6,-3],[2,-12],[-2,-2],[-7,-7],[-1,-3],[0,-3],[15,-3],[7,-1],[1,1],[5,0],[3,0],[42,3],[9,1],[4,-1],[2,-1],[6,2],[2,-2],[0,-4],[2,-1],[4,-13],[6,-3],[4,-2],[4,-6],[9,9],[3,4],[6,10],[9,6],[6,5],[3,3],[40,12],[6,1],[2,-6],[1,-13],[11,-3],[5,1],[17,17],[5,3],[10,4],[25,5],[10,10],[24,25],[6,-5],[7,0],[2,-1],[4,-4],[15,-4],[2,1],[12,4],[6,1],[3,2],[7,2],[4,1],[2,2],[22,3],[1,-3],[12,-7],[7,-2],[7,5],[2,2],[2,17],[7,12],[4,3],[30,12],[5,4],[3,2],[10,15],[9,5],[6,1],[7,0],[10,-3],[22,-5],[5,2],[22,6],[12,1],[8,-2],[25,-8],[3,-4],[2,-1],[2,-10],[2,-1],[8,-11],[1,-1],[3,-11],[15,-3],[5,1],[7,7],[5,4],[11,25],[11,8],[20,3],[2,-1],[7,2],[2,2],[3,2],[1,11],[-1,27],[8,13],[5,3],[8,2],[5,-2],[2,2],[-2,46],[1,2],[6,4],[12,3],[18,-5],[3,-2],[12,-40],[3,-2],[6,-2],[7,2],[-4,-4],[12,3],[8,-4],[4,-27],[16,-9],[25,19],[4,8],[5,3],[8,4],[4,2],[16,2],[9,-1],[4,2],[10,-8],[3,24],[5,3],[22,19],[6,6],[0,1],[21,11],[0,14],[4,5],[9,8],[1,13],[-7,6],[-3,0],[-9,8],[0,12],[5,10],[7,6],[16,14],[3,2],[1,2],[10,4],[24,3],[2,2],[3,2],[8,27],[10,21],[3,6],[18,15],[11,1],[2,0],[5,-1],[3,1],[2,17],[-1,4],[-2,1],[-3,7],[-1,27],[-3,3],[-7,-2],[-3,-1],[-8,3],[1,12],[7,11],[3,2],[35,47],[5,4],[2,2],[5,5],[4,4],[18,2],[23,0],[11,1],[22,-5],[10,3],[3,-1],[7,-1],[11,5],[9,11],[18,10],[4,4],[4,15],[3,2],[5,5],[1,3],[2,12],[-1,3],[-3,2],[-3,2],[-4,12],[-3,2],[-4,4],[-4,10],[0,10],[5,22],[3,3],[12,7],[6,3],[3,5],[1,3],[3,12],[-9,10],[-10,9],[-1,2],[-15,12],[-14,-2],[-31,-9],[-6,1],[-22,6],[10,29],[-4,3],[-29,13],[-32,7],[-14,7],[-2,5],[-1,9],[3,5],[12,10],[9,20],[3,3],[12,10],[1,4],[4,7],[3,2],[0,5],[-1,2],[-11,8],[-1,3],[-1,2],[-3,2],[-5,4],[-3,4],[-3,2],[22,47],[3,3],[21,6],[40,-14],[4,-4],[46,-14],[46,-15],[17,-5],[24,-4],[38,-5],[57,-7],[53,8],[5,0],[52,15],[11,2],[15,6],[33,17],[19,4],[4,-3],[-19,-71],[12,-10],[28,-14],[15,0],[18,-1],[1,-4],[2,-7],[3,-13],[-7,-49],[16,-37],[14,-5],[7,2],[11,12],[3,6],[34,55],[28,139],[16,29],[52,39],[40,20],[32,16],[84,33],[145,18],[36,5],[48,15],[73,23],[43,30],[44,28],[12,19],[15,21],[18,27],[15,22],[18,32],[28,47],[4,17],[3,7],[23,-4],[64,0],[21,0],[36,12],[47,27],[37,40],[26,28],[5,5],[13,36],[5,15],[24,43],[61,68],[50,56],[3,3],[9,-18],[-17,-40],[-46,-69],[-16,-54],[-1,-44],[14,-28],[44,-36],[60,-55],[27,-34],[65,-43],[30,-32],[22,-28],[11,-19],[-8,-27],[-21,-16],[-34,-5],[-14,-4],[-128,-35],[-19,-13],[-73,-50],[-22,-21],[-60,-59],[-17,-15],[-48,-43],[-18,-17],[-27,-28],[-7,-5],[-65,-66],[-5,-20],[-24,-33],[-9,-7],[-51,-34],[-103,-21],[-65,-7],[-30,-4],[-68,-26],[-8,-2],[-38,-26],[-23,-9],[-37,-33],[-3,-15],[-5,-33],[-6,-76],[3,-24],[3,-16],[96,-18],[21,-10],[19,-40],[-21,-61],[-25,-28],[-55,-59],[-67,-66],[-105,-59]],[[7865,5816],[2,-25],[8,-14],[16,-10],[30,0],[5,-11],[3,-35],[7,-12],[19,-15],[26,-12],[17,-12],[16,-39],[11,-14],[37,-30],[-14,-19],[-27,-7],[-12,-12],[11,-3]],[[8020,5546],[-10,-1],[-14,-1],[-74,-43],[-24,15],[-31,18],[-29,38],[-29,17],[-56,0],[-33,22],[-27,-23],[-36,-83],[-15,-38],[-40,-22],[-43,-24],[0,-11],[33,-61],[-26,-36],[25,-28],[4,-18],[-6,-11],[-45,-25],[5,10],[-26,2],[-14,6],[-30,0],[-10,16],[-41,13],[2,21],[-9,11],[-22,0],[-23,-18],[-9,10],[-18,53],[-25,-2],[-19,2],[-26,16],[-13,12],[-16,7],[-12,19],[-14,41],[-22,9],[10,24],[-2,24],[-5,13],[0,22],[-22,5],[-17,10],[-39,-12],[4,-23],[-17,-7],[-26,1],[-13,-7],[-11,10],[15,18],[10,5],[-2,10],[-17,16],[-56,28],[-8,19],[1,24],[-10,17],[-15,-8],[-38,-40],[-19,0],[-12,12],[-20,25],[4,13],[-75,-19],[-11,11],[-21,-5],[-27,1],[2,11],[-3,16],[-16,6],[-13,23],[-20,3],[-15,-8],[-10,-8],[-12,8],[-7,13],[-18,10],[-23,-1],[-38,9],[-30,-17]],[[6560,5711],[-12,3],[-4,25],[-7,9],[-1,15],[-15,2],[-8,-19],[-35,-13],[-4,26],[-19,0],[-13,6],[-6,12],[8,13],[21,20],[17,22],[-4,20],[32,32],[4,-5],[-2,-9],[5,-6],[6,0],[6,22],[8,8],[3,13],[10,6],[16,3],[40,-1],[7,27],[-13,-4],[-26,-14],[-16,4],[-6,20],[-36,28],[-12,-4],[-13,1],[-42,-13],[-4,9],[-5,36],[-12,14],[-19,11],[-24,-2],[-20,0],[3,-18],[-7,-16],[-26,-8],[-21,8],[-17,30],[-13,-1],[-11,12],[-13,0],[-19,-11],[-20,-2]],[[6221,6022],[-12,20],[-5,19],[2,7],[71,27],[16,31],[32,9],[9,5],[-2,11],[-11,15],[-10,28],[15,11],[-5,10],[-26,22],[-16,18],[-9,21],[-6,26],[-11,2],[-12,-18],[-14,0],[-27,58],[-11,17],[-18,4],[-9,-1],[-9,13],[-18,-2],[-7,-3],[-25,31],[-10,-1],[-22,25],[-6,2],[-14,14],[8,21],[-11,11],[-5,18],[-11,16],[-10,-2],[-6,9],[-12,2],[-15,5],[-4,11],[-14,18],[-24,-7],[-13,34],[15,8],[3,18],[-3,14],[-7,15],[-29,0],[0,13],[-19,36],[-14,9],[-8,21],[8,8],[-4,10],[-2,24],[-21,6],[-19,11],[9,18],[-6,15],[-12,0],[-18,-6],[-36,2],[-10,11],[-6,16],[-6,5],[-10,3],[-7,-2],[6,-15],[-12,2],[-10,6],[-16,-19],[-18,-12],[-18,3],[-28,17],[-20,6],[-14,-4],[-13,-22]],[[5589,6796],[-61,16],[-5,26],[-7,-2],[-4,-21],[-9,3],[-1,16],[6,14],[-1,24],[10,28],[-8,6],[-24,6],[-21,2],[-2,-8],[-15,-11],[-11,6],[0,14],[-10,26],[-11,8],[-29,-4],[-4,-9],[1,-12],[-4,-13],[4,-11],[-4,-3],[-17,-2],[2,7],[-4,8],[-8,7],[-25,0],[-12,8],[-30,-2],[-12,-4],[-33,22],[-16,8],[-25,1]],[[5584,8368],[65,-52],[36,11],[52,11],[48,13],[30,2],[78,-34],[55,-18],[8,-7],[26,-53],[33,-25],[42,1],[35,3],[13,-5],[7,-4],[27,-24],[18,-24],[25,-20],[16,-21],[26,-22],[32,-22],[36,-19],[34,-12],[27,-5],[73,-6],[18,-27],[31,-3],[18,-10],[31,-3],[8,-6],[3,-3],[27,-13],[55,-41],[4,-31],[22,-41],[33,-37],[44,-89],[17,-20],[22,-52],[20,-35],[17,-31],[13,-27],[7,-25],[39,-29],[11,-14],[1,-16],[-14,1],[-22,12],[-24,19],[-14,-3],[-41,-16],[-10,-11],[-13,1],[-8,4],[-16,2],[18,-39],[18,-27],[10,-24],[2,-18],[28,-10],[22,-61],[25,-44],[1,-18],[-8,-12],[12,-12],[16,-11],[11,-46],[10,-15],[16,-33],[-5,-32],[32,-33],[16,-2],[1,3],[4,-4],[8,-10],[9,-18],[0,-24],[24,-19],[-2,-20],[7,-18],[-11,-16],[48,-83],[18,-20],[27,-20],[17,-9],[11,5],[13,-17],[-4,-24],[1,-13],[28,-34],[43,-66],[4,-4],[18,-21],[17,-27],[24,-29],[16,-32],[5,-28],[13,-16],[31,-39],[13,-24],[0,-43],[22,-28],[2,-27],[19,-15],[4,-24],[19,-33],[22,-20],[28,-18],[11,-22],[0,-22],[21,-16],[11,-32],[-12,-24],[-20,-17],[-28,-17],[-14,-14],[3,-69],[14,-28],[27,-17],[34,-4],[27,-18],[-1,-50],[8,-40],[14,-24],[42,-7],[68,1],[28,8],[27,18],[68,2],[38,4],[18,-30],[24,3],[29,11]],[[6221,6022],[-2,-22],[-43,-28],[-19,0],[-10,-8],[-9,-19],[0,-17],[-8,-12],[-3,-25],[-11,-6],[-25,4],[-11,-8],[-19,-6],[-2,14],[-7,11],[-12,12],[-5,13],[-9,10],[-18,10],[-21,2],[-16,6],[-36,-6],[12,-12],[24,-33],[20,-17],[16,-20],[-9,-21],[-14,3],[-97,8],[-8,-22],[7,-18],[17,-15],[19,-11],[19,-35],[-10,-1],[-6,-9],[-15,5],[-28,16],[-19,7],[1,-12],[-12,-10],[2,-8],[-7,-46],[22,-16],[-11,-26],[7,-13],[-18,-8],[-3,-5],[19,-16],[-21,1],[-3,-18],[2,-7],[11,-15],[26,-5],[31,16],[12,30],[10,3],[19,-23],[23,-58],[-9,-22],[-15,1],[-15,-12],[-28,-1],[-6,-35],[-9,-15],[33,-29],[1,-19],[-4,-20],[18,-14],[2,-12],[13,-8],[49,-5],[16,7],[38,-12],[19,3],[33,-5],[23,4],[14,-8],[20,-2],[24,16],[-2,39],[-6,18],[3,21],[11,22],[23,9]],[[6219,5457],[64,-20],[14,-11],[52,-13],[47,-2],[36,-10],[1,-20],[45,-22],[13,-14],[37,3],[-22,-11],[28,-35],[30,15],[17,-29],[5,-24],[1,-26],[39,-72],[0,-41],[50,-14],[9,-52],[3,-33],[37,-47],[18,-71],[18,-67]],[[6761,4841],[-38,-12],[-27,8],[-53,28],[-28,-2],[-27,-9],[-8,-12],[1,-18],[-9,-3],[-9,7],[-20,-2],[-11,7],[-40,3],[-13,-12],[-25,-3],[-45,15],[-60,-20],[-6,-12],[-63,-20],[-24,-2],[-21,3],[-24,8],[-11,11],[-11,7],[-5,6],[-20,-2],[1,21],[-31,1],[-6,14],[-72,-12],[-6,-18],[-18,-5],[-40,2],[1,-13],[-38,-7],[-15,-13],[-8,1],[-29,-6],[-34,-10],[-22,-15],[-35,-4],[-17,-6],[-17,-2],[-29,-3],[-39,-16],[-58,-8],[-12,-10],[-26,-7],[-21,1],[-16,10],[-25,-3],[-8,8],[-22,13],[-36,3],[-4,-8],[-43,-4],[-33,-7],[-67,-2],[-27,6],[-52,-11],[-62,21],[-34,7],[-40,3],[-37,7],[-43,-2],[-23,17],[-38,-24],[-62,21],[-62,10],[-53,0]],[[4806,4765],[-159,39],[-3,10],[10,38],[-15,3],[-23,-5],[-10,30],[3,34],[-40,27],[-18,-11],[-15,2],[-12,13],[-39,6],[-26,0],[-1,-6],[-26,9],[-7,9],[-2,16],[-7,11],[-12,4],[-10,24],[-41,-3],[-4,9],[-8,-2],[-7,7],[-30,8],[-10,1],[-2,13],[-12,12],[-18,-3],[-17,0],[-13,8],[-17,-6],[-5,9],[14,0],[3,9],[-22,10],[-3,21],[-11,1],[-9,-17],[-35,-23],[-18,19],[-20,5],[-21,-1],[-12,10],[1,17],[-25,-2],[-26,-12]],[[4026,5108],[-12,-2]],[[3886,5278],[23,27],[14,-5],[11,1],[9,-4],[44,2],[32,22],[17,0],[16,31],[18,8],[44,-3],[10,-9],[37,4],[26,-6],[38,-1],[33,7],[2,18],[9,15],[13,17],[27,10],[30,2],[25,-18],[18,-19],[10,-21],[1,-42],[13,-8],[24,-1],[45,3],[33,-13],[19,-4],[7,5],[11,19],[2,14],[-12,4],[0,13],[9,12],[-9,16],[0,17],[13,29],[33,-8],[15,7],[9,21],[17,2],[11,41],[13,0],[7,6],[34,-3],[15,6],[5,10],[12,14],[22,2],[11,14],[3,13],[9,3],[-1,6],[13,14],[66,-20],[0,12],[-7,9],[-3,13],[16,11],[14,-5],[3,-13],[33,-3],[5,16],[23,25],[23,1],[19,5],[11,-5],[18,1],[14,7],[16,1],[6,-10],[-12,-13],[5,-14],[9,-8],[-1,-14],[3,-7],[28,3],[2,14],[9,17],[13,11],[15,1],[23,-15],[4,-7],[24,6],[95,109],[-60,25],[-57,21],[15,41],[1,17],[-31,41],[64,21],[62,5],[13,16],[20,59],[10,72],[-7,9],[-28,-16],[-31,2],[-21,27],[113,10],[11,42],[-74,39],[-11,-33],[-40,-15],[-77,5],[-17,26],[30,41],[-48,29],[7,38],[29,28],[27,-10],[8,8],[-27,46],[39,-5],[21,2],[-9,19],[-57,81],[-24,34],[3,33],[48,12],[66,-7],[3,-8],[12,-12],[34,-2],[20,-38],[58,-37],[22,21],[-31,32],[28,16],[-11,38],[3,36],[-6,49],[47,1],[13,-16],[31,13],[1,15],[-27,38],[-22,16],[11,14],[27,2],[36,-13],[12,-15],[24,9],[45,8],[-6,12],[6,36],[12,14],[45,-17],[8,10],[5,22],[3,0],[-24,31],[5,25],[-13,37]],[[3478,5296],[68,13],[62,17],[25,24],[6,16],[28,6],[17,0],[32,24],[43,25],[51,14],[11,18],[-6,6],[1,10],[14,17],[15,12],[6,19],[-1,26],[-15,-1],[38,45],[37,33],[0,25],[-2,17],[10,18],[-6,4],[7,16],[18,8],[27,4],[19,7],[-33,18],[19,36],[37,51],[-9,21],[25,8],[15,2],[44,-27],[41,36],[-7,30],[6,10],[69,72],[18,23],[-29,-7],[-11,10],[10,58],[9,-1],[14,-9],[43,59],[-6,8],[0,6],[8,9],[18,14],[10,-8],[7,10],[-8,12],[-11,8],[-5,12],[15,46],[10,12],[26,9],[24,-1],[20,-49],[35,3],[11,62],[22,58],[17,-11],[12,-3],[13,22],[40,44],[33,19],[23,4]],[[6560,5711],[15,-20],[4,-11],[31,-2],[11,-11],[-17,-15],[-11,-6],[-34,-3],[-11,-17],[-19,-7],[-24,-13],[-17,5],[5,15],[-1,31],[13,7],[2,19],[-13,22],[-16,8],[-17,0],[-20,10],[-5,13],[-39,1],[-7,-22],[19,-46],[19,-12],[3,-21],[9,-16],[10,-10],[-3,-33],[-11,-5],[-12,4],[-21,-10],[-49,-14],[-17,-15],[-39,-3],[-23,-9],[-24,-16],[-10,-14],[-31,-18],[9,-20]],[[6761,4841],[12,24],[4,-1],[38,-11],[41,-14],[29,-4],[4,-18],[-6,-14],[14,-18],[16,-20],[23,23],[28,-3],[72,4],[34,-1],[27,5],[68,-6],[32,-6],[28,-10],[12,-9],[11,-3],[38,2],[67,-4],[21,3],[28,11],[53,8],[32,12],[15,-10],[17,-3],[7,12],[-13,14],[32,6],[45,12],[21,1],[15,-19],[0,-6],[41,-3],[36,1],[29,-12],[10,1],[12,-10],[31,-26],[16,-14],[59,0],[1,0],[0,1],[7,23],[1,1],[52,14]],[[7921,4774],[14,-16],[11,-12],[2,-34],[1,-3],[-2,-2],[2,0],[3,-36],[2,-30],[14,-37],[5,-30],[-8,-9],[-19,-10],[3,-18],[12,-15],[1,-38],[2,-84],[21,3],[-1,22],[17,37],[11,6],[10,27],[31,18],[39,-14],[15,-11],[13,-19],[11,-30],[7,-40],[-2,-9],[-13,-9],[-36,-11],[-6,-9],[-25,-6],[-19,-17],[-22,-2]],[[7186,3357],[-23,8],[-17,-2],[-9,7],[-9,12],[6,35],[-8,7],[-9,-7],[-11,-4],[-44,25],[-26,2],[-7,7],[-11,35],[2,15],[-2,10],[-6,6],[0,14],[-8,5],[-56,-9],[-12,-4],[-11,-29],[-12,-6],[-26,-8],[-16,1],[-12,-5],[-28,-16],[-40,-14],[-8,-8],[-9,-30],[-23,-14],[-26,-8],[-16,-2],[-29,23],[-6,35],[-11,7],[5,9],[19,15],[-17,32],[-23,12],[-22,-2],[-21,-14],[-32,4],[-18,15],[0,34],[-31,16],[-16,16],[2,27],[66,27],[3,25],[-9,20],[-28,12],[-7,14],[0,12],[-11,11],[-28,5],[-42,-21],[-19,1],[-34,52],[-23,5],[-6,-8],[-28,-21],[-8,-32],[-19,-16],[-32,1],[-32,-7],[-22,-10],[-18,-1],[5,16],[-8,24],[-23,2],[-24,1],[-15,-22],[0,-31],[32,5],[12,-38],[6,-10],[62,-39],[-10,-8],[-24,-19],[-12,2],[-15,18],[-50,19],[-11,9],[-8,-10],[-27,-13],[-38,-6],[-6,-7],[-15,-29],[-9,-7],[-13,8],[-14,24],[-2,4],[-37,45],[-26,-11],[-22,0],[-5,3],[-16,27],[-8,12],[-56,0],[-48,-48]],[[4977,3425],[-28,28],[6,26],[11,25],[0,21],[-9,13],[-17,15],[-5,16],[-45,-13],[-11,2],[-2,13],[6,26],[-18,47],[19,28],[7,20],[-6,38],[-8,10],[-15,13],[-4,23],[5,28],[-6,28],[5,11],[26,-1],[9,4],[7,10],[4,9],[1,20],[-16,4],[-16,23],[-1,16],[12,11],[-9,33],[11,14],[9,23],[0,30],[15,23],[12,25],[3,29],[13,39],[-1,17],[-14,8],[-21,8],[-27,23],[-21,62],[4,23],[6,14],[-2,19],[40,14],[7,8],[33,25],[7,28],[7,16],[14,15],[1,17],[-22,14],[-19,33],[-4,3],[-50,9],[11,30],[-1,14],[-5,14],[-12,0],[-7,-6],[-9,5],[-3,36],[-14,2],[-2,40],[-9,14],[2,14],[12,20],[-4,19],[-33,52]],[[6052,873],[-53,2],[-13,-12],[-28,-176],[-33,-11],[-30,17],[-39,52],[-32,11],[-22,-5],[-29,-11],[-51,7],[-6,-21],[-3,-44],[-31,-23],[-41,3],[-26,6],[-78,-22],[-19,6],[-21,71],[-40,20],[-46,3],[-20,-18],[-41,-24],[-17,46],[-26,13],[-177,99],[-29,-29],[25,-16],[2,-26],[-30,-20],[-24,-7],[-24,-12],[-32,3],[-42,-47],[-2,-41],[-19,-33],[-24,-15],[-5,-23],[5,-22],[-16,-30],[-29,6],[-26,-1],[-11,-23],[-19,-4],[-38,-31],[-19,-4],[-5,-19],[40,-55],[10,-19],[4,-21],[-6,-1],[-6,-1],[-17,11],[-37,34],[-25,0],[-16,-6],[-5,-32],[-15,-40],[-14,-53],[-21,-18],[-43,-24],[-24,-32],[-1,-23],[44,-18],[27,-19],[8,-12],[1,-16],[-6,-15],[-22,-36],[-18,-21],[-51,-2],[-25,-6],[-42,-17],[-54,-8],[-48,-18],[3,13],[12,28],[-21,39],[-12,27],[-22,13],[27,33],[12,21],[-6,25],[-72,54],[-47,-1],[-38,25],[-3,29],[3,35],[-15,16],[-19,13],[-16,15],[3,22],[30,13],[24,16],[15,0],[30,9],[20,23],[8,28],[-17,10],[-13,14],[-4,27],[21,44],[15,19],[26,14],[15,-14],[20,-3],[15,10],[32,63],[-12,13],[-13,24],[-22,27],[-2,28],[-12,21],[-23,12],[-24,21],[-5,29],[4,27],[16,26],[-5,29],[-40,15],[-21,14],[-12,-6]],[[5495,1992],[41,-15]],[[5536,1977],[2,-6],[49,-11],[20,0],[17,-12],[47,22],[13,5],[8,-1],[10,-16],[-7,-19],[36,-52],[23,-15],[19,2],[7,7],[10,-12],[-15,-20],[-22,-6],[-29,-38],[-16,-7],[-7,-27],[33,-23],[-6,-11],[1,-10],[12,-4],[4,-4],[-4,-46],[-7,-10],[0,-10],[11,-10],[5,-10],[-6,-16],[-1,-13],[16,-16],[13,-7],[7,6],[3,12],[7,13],[8,7],[8,3],[27,-3],[8,1],[7,9],[12,6],[16,-3],[-1,-8],[-11,-14],[0,-6],[15,-19],[6,-3],[16,-1],[1,-19],[5,-11],[-2,-22],[-6,1],[-10,-4],[-10,-20],[-11,-16],[-8,10],[-34,-26],[-38,-20],[-9,-9],[21,-17],[-17,-37],[-25,-45],[-18,-56],[30,8],[16,-29],[13,8],[27,-14],[5,-8],[0,-15],[9,-9],[-2,-15],[8,-13],[48,5],[55,27],[9,26],[4,25],[34,-9],[44,7],[16,-28],[30,-22],[34,-15],[31,16],[-2,-35],[15,-36],[-35,-16],[6,-31],[10,-31],[-23,-42],[54,-20],[7,-7],[-17,-17],[7,-19],[4,-22],[-24,-21],[-36,-6],[-17,-6],[-17,-17],[-30,-36]],[[3487,4420],[10,23]],[[4016,5106],[10,2]],[[2687,1406],[-6,2],[-16,-8],[-25,-27],[-7,-39],[-50,-25],[-55,-35],[-30,-28],[-3,-26],[26,-33],[-24,-2],[-22,6],[-21,1],[-14,6],[-119,23],[-16,12],[-26,25],[-36,11],[-32,0],[-10,13],[-61,39],[-19,22],[-18,-27],[-171,5],[-74,7],[-7,1]],[[9429,2935],[-9,-17],[-18,-20],[-36,-6],[-42,-15],[5,-50],[-45,-23],[-42,-15],[5,-29],[11,-13],[35,-2],[8,-11],[-30,-29],[8,-10],[62,8],[15,-9],[12,-17],[-13,-19],[-18,-18],[-17,-14],[-29,-14],[0,-23],[-14,-10],[-20,6],[-15,-6],[-8,-17],[-30,4],[-30,-15],[-15,15],[-13,-22],[7,-22],[-35,-43],[-36,-1],[-82,-51],[-11,25],[-10,-12],[-18,-41],[-15,-16],[-17,6],[-77,-8],[-76,-18],[-33,2],[-6,-21],[3,-30],[-3,-20],[-12,-23],[-31,-14],[-1,-17],[39,13],[11,11],[70,56],[22,15],[27,2],[20,-8],[19,-33],[11,-12],[32,-18],[9,-13],[0,-18],[-19,-18],[-6,-16],[17,-8],[24,-6],[52,-4],[20,-13],[-6,-30],[16,-11],[-1,-14],[-8,-13],[-54,-50],[16,-50],[-14,-19],[-27,-12],[-25,-16],[-39,-39],[-21,-18],[-30,-15],[-83,-66],[-69,-53],[-27,-6],[-54,-5],[-26,-9],[-13,16],[-6,18],[0,18],[-14,16],[-24,8],[-72,-2],[-22,4],[-9,1],[-10,14],[-8,21],[-7,39],[6,20],[1,27],[-18,-4],[-15,3],[-16,13],[-18,22],[-4,24],[-8,13],[1,16],[13,13],[8,18],[-1,23],[-28,59],[-32,15],[-37,-11],[-26,-22],[-14,-17],[-19,-13],[7,-14],[18,-16],[42,-54],[-6,-9],[-23,-16],[-21,-6],[-5,-8],[12,-25],[0,-14],[5,-22],[-18,-12],[-32,0],[-36,12],[-18,19],[-32,57],[-17,10],[-56,-14],[9,-15],[23,-18],[41,-25],[2,-13],[-36,-39],[-31,-21],[-18,-4],[-34,1],[-64,33],[-22,-6],[-21,-10],[-26,2],[-21,11],[-47,5],[-22,9],[-5,19],[-6,4],[-10,7],[-4,6],[-5,5],[-5,5],[-6,4],[-6,3],[-7,4],[-5,4],[-5,5],[-5,6],[-4,5],[-5,5],[-5,5],[-6,5],[-5,6],[-6,5],[-5,5],[-6,5],[-5,5],[-6,3],[-5,3],[-6,-1],[-5,-8],[-1,-7],[2,-5],[4,-6],[4,-6],[4,-6],[3,-7],[1,-6],[4,-6],[4,-5],[5,-6],[4,-5],[-2,-6],[-6,-5],[-7,-1],[-7,2],[-7,3],[-7,4],[-6,4],[-7,5],[-6,4],[-6,3],[-6,-1],[-5,-6],[-3,-7],[3,-5],[6,-5],[6,-4],[7,-3],[6,-4],[7,-3],[7,-2],[7,-3],[6,-4],[4,-5],[5,-6],[4,-5],[5,-6],[5,-5],[5,-4],[7,-4],[6,-3],[7,-3],[6,-4],[6,-4],[6,-4],[6,-4],[7,-3],[8,-1],[7,0],[8,0],[8,0],[7,0],[8,-1],[8,-1],[7,-1],[8,-2],[6,-2],[4,-5],[-1,-7],[-3,-6],[-4,-6],[-5,-6],[-6,-3],[-8,1],[-7,-1],[-5,-4],[-6,-4],[-5,-5],[-5,-5],[-5,-6],[-5,-5],[-4,-5],[-4,-6],[-5,-5],[-4,-6],[-4,-6],[-4,-5],[-4,-6],[-4,-6],[-3,-5],[-4,-6],[-4,-6],[-4,-5],[-4,-6],[-4,-6],[-4,-6],[-4,-5],[-3,-6],[-4,-6],[-4,-6],[-4,-5],[-4,-6],[-4,-6],[-4,-5],[-5,-5],[-6,-5],[-5,-5],[-4,-5],[-5,-6],[-4,-7],[-2,-5],[3,-5],[8,-4],[7,-3],[8,-2],[8,-2],[9,-2],[8,-2],[6,-2],[3,-3],[-2,-5],[-7,-6],[-7,-5],[-6,-4],[-7,-2],[-8,-1],[-7,-2],[-8,-1],[-7,-1],[-8,-1],[-7,-3],[-7,-4],[-2,-5],[-1,-7],[-1,-6],[-1,-7],[0,-7],[-1,-7],[-1,-7],[12,-25],[9,-20],[4,-18],[2,-17],[4,-22],[-14,-25],[29,-45],[5,-15],[-4,-11],[-42,1],[-20,6],[-19,0],[-31,-32],[-11,-26],[17,-18],[35,0],[5,-25],[-3,-72],[6,-17],[42,-15],[35,8],[29,-9],[27,4],[23,-12],[21,-18],[11,-23],[-14,-12],[-9,-18],[-11,-12],[-11,-6],[-18,4],[-23,-3],[-14,-5],[-6,-10],[4,-23],[-5,-2],[-24,9],[-26,-1],[-16,-15],[-12,-31],[-62,-42],[-45,-7],[-45,2],[-23,-16],[-17,-21],[-18,-20],[-17,-10],[-20,23],[-23,17],[-29,10],[-12,-2]],[[7245,869],[4,12],[14,11],[10,13],[9,19],[18,20],[12,19],[6,15],[0,17],[6,15],[0,14],[-9,7],[-15,2],[-14,-6],[-12,-13],[-16,-14],[-16,-4],[-35,-1],[-34,-15],[-38,6],[-28,40],[-2,13],[4,31],[-11,5],[-8,-3],[-12,17],[-13,-4],[-10,3],[-8,7],[-45,-27],[-9,11],[-4,10],[-5,20],[0,26],[-7,10],[-64,20],[-13,-1],[-44,33],[10,21],[7,26],[-8,46],[19,41],[29,-1],[23,-7],[29,-3],[30,24],[12,18],[9,25],[-8,22],[-21,13],[-3,20],[-37,46],[-5,16],[-2,2],[-2,1],[-1,2],[-2,1],[-2,1],[-1,2],[-2,1],[-1,2],[1,2],[2,2],[2,1],[2,1],[2,1],[2,1],[2,1],[2,1],[3,0],[2,1],[2,1],[2,1],[2,1],[2,1],[2,1],[2,1],[2,1],[2,2],[2,1],[1,2],[2,1],[1,2],[1,2],[0,2],[-1,2],[-1,2],[-1,1],[-1,2],[-1,2],[-1,2],[-2,1],[-3,1],[-2,1],[-2,0],[-2,1],[-2,2],[0,2],[1,2],[2,1],[1,2],[2,2],[1,1],[-1,2],[-2,1],[2,2],[1,2],[2,1],[1,2],[2,1],[2,1],[3,0],[2,0],[2,-1],[3,-1],[2,-1],[2,0],[2,-1],[3,1],[2,0],[2,1],[2,1],[2,1],[2,2],[1,1],[2,2],[2,1],[1,2],[2,1],[2,1],[1,2],[2,1],[2,2],[1,1],[2,2],[2,1],[1,2],[2,2],[1,1],[2,2],[1,1],[2,2],[1,1],[2,2],[1,2],[2,1],[1,2],[2,2],[1,1],[1,2],[1,2],[0,2],[0,2],[-1,2],[-1,2],[-2,1],[-1,2],[-2,1],[-2,1],[-2,2],[-1,1],[-2,2],[0,2],[0,2],[0,2],[1,2],[2,2],[2,1],[2,1],[2,0],[2,1],[3,0],[2,1],[2,1],[1,2],[1,2],[-1,2],[-1,2],[1,2],[1,2],[1,1],[1,2],[1,2],[1,2],[1,2],[2,1],[2,2],[1,1],[3,1],[2,1],[2,0],[3,0],[2,0],[2,0],[3,0],[2,0],[3,0],[2,0],[2,0],[2,1],[2,1],[1,2],[0,2],[-2,2],[-2,1],[-2,0],[-3,1],[-2,0],[-2,1],[-2,1],[-2,2],[-1,1],[-1,2],[1,2],[2,2],[1,1],[2,2],[2,1],[2,2],[2,1],[1,1],[2,1],[2,2],[2,1],[2,1],[2,2],[1,1],[2,2],[2,1],[1,2],[1,2],[0,2],[1,2],[0,2],[0,2],[1,2],[1,2],[1,1],[2,2],[2,1],[3,0],[2,0],[2,0],[3,-1],[2,-1],[2,-1],[2,-1],[2,-1],[2,-1],[2,-1],[2,-1],[2,-2],[1,-1],[1,-2],[1,-2],[1,-2],[0,-2],[0,-2],[0,-2],[-1,-2],[0,-2],[0,-2],[0,-2],[0,-3],[0,-1],[2,-2],[2,0],[2,1],[2,1],[2,2],[1,1],[2,2],[1,2],[2,1],[2,1],[2,2],[2,0],[2,0],[3,0],[2,0],[2,-1],[2,-1],[3,-1],[2,0],[2,-1],[2,-1],[2,-1],[2,-1],[3,-1],[2,-1],[2,0],[2,-1],[3,0],[2,0],[2,1],[3,0],[2,0],[2,0],[3,-1],[2,-1],[2,-1],[1,2],[0,2],[-1,1],[-1,2],[-1,2],[-2,2],[-1,2],[-1,2],[-1,1],[-1,2],[-2,2],[-1,2],[-1,2],[-1,2],[-1,2],[0,2],[-1,2],[0,2],[2,1],[2,1],[2,1],[2,1],[2,1],[2,1],[2,1],[2,2],[1,1],[2,2],[1,2],[2,1],[1,2],[1,2],[1,2],[1,2],[1,1],[1,2],[1,2],[0,2],[1,2],[0,3],[0,2],[1,2],[0,2],[0,2],[0,2],[0,2],[-1,2],[0,2],[0,2],[1,2],[2,2],[1,2],[1,1],[2,2],[1,2],[1,2],[1,1],[2,2],[1,2],[1,2],[2,1],[1,2],[1,2],[1,2],[2,1],[1,2],[1,2],[1,2],[1,2],[1,2],[1,1],[1,2],[1,2],[0,2],[1,3],[0,2],[0,2],[1,2],[0,2],[1,2],[0,2],[1,2],[0,2],[2,2],[1,1],[1,2],[2,2],[1,1],[1,2],[0,2],[-1,2],[-1,2],[-2,2],[-1,1],[-2,2],[-1,1],[-2,2],[-2,1],[-1,2],[-2,1],[-2,2],[-1,1],[-2,2],[-2,1],[-2,2],[-1,1],[-2,1],[-2,2],[-2,1],[-2,1],[-2,0],[-3,1],[-2,-1],[-2,0],[-2,-1],[-3,-1],[-2,0],[-2,-1],[-2,-1],[-3,-1],[-2,-1],[-2,-1],[-2,0],[-2,-1],[-2,-1],[-3,-1],[-2,-1],[-2,-1],[-2,-1],[-2,0],[-2,-1],[-3,-1],[-2,-1],[-2,0],[-2,0],[-4,1],[2,1],[1,2],[2,1],[2,1],[1,2],[2,1],[2,2],[2,1],[1,2],[1,2],[2,1],[1,2],[0,2],[0,2],[-1,2],[-1,2],[-1,2],[-2,0],[-3,1],[-2,-1],[-2,0],[-3,0],[-2,-1],[-2,0],[-3,-1],[-2,0],[-2,-1],[-3,0],[-2,0],[-2,0],[-3,0],[-2,1],[-2,1],[-2,1],[-1,2],[-1,2],[1,2],[0,2],[1,2],[1,2],[1,2],[1,2],[1,2],[1,1],[1,2],[2,2],[2,1],[2,1],[2,1],[2,0],[3,0],[2,0],[2,0],[3,1],[1,1],[1,2],[0,2],[-1,2],[0,2],[-1,3],[0,1],[-2,2],[-1,2],[-2,1],[-3,0],[-2,1],[-2,0],[-3,1],[-2,0],[-2,0],[-3,1],[-2,0],[-2,0],[-3,1],[-2,1],[-1,2],[-2,1],[-2,2],[-1,1],[-2,2],[-2,1],[-1,1],[-3,1],[-2,0],[-2,-1],[-2,-1],[-3,-1],[-2,-1],[-2,-1],[-3,10],[4,9],[23,-2],[6,6],[2,4],[2,3],[-1,8],[-16,7],[-37,39],[0,23],[-3,10],[-17,34],[12,7],[4,8],[21,17],[7,15],[9,8],[-10,25],[19,25],[11,3],[15,26],[9,4],[5,-2],[7,-14],[14,6],[27,-2],[14,-4],[50,15],[2,28],[12,-1],[18,17],[10,-3],[9,1],[18,14],[8,-18],[5,-3],[4,8],[15,9],[-3,10],[8,6],[23,11],[36,-10],[6,-19],[-2,-18],[18,19],[6,18],[12,7],[5,8],[-8,27],[18,32],[10,4],[9,-1],[3,-5],[27,6],[13,17],[5,14],[-4,8],[-9,12],[-5,15],[-32,9],[-17,28],[-9,1],[-19,-5],[-24,-11],[-2,6],[-1,19],[1,5],[11,10],[0,6],[-9,13],[-11,-9],[-11,-2],[-13,-7],[-17,12],[-10,3],[-9,-5],[-7,-9],[-20,-4],[-23,-1],[-44,18],[-24,1],[-31,-6],[-27,-12],[-14,-13],[-15,3],[-17,10],[-35,11],[-16,13],[-14,28],[-30,27],[-18,-7],[-34,6],[-15,-13],[-14,-3],[-10,-12],[-16,8],[-9,-1],[-11,3],[-6,14],[-25,1],[-32,7],[1,18],[-18,58],[11,7],[14,25],[24,-16],[17,-5],[12,0],[4,5],[-6,9],[3,11],[19,21],[1,12],[26,-9],[4,20],[0,14],[20,12],[17,23],[-14,26],[26,11],[13,2],[6,4],[2,12],[6,7],[11,3],[6,5],[-1,9],[-13,32],[14,7],[26,19],[20,24],[7,5],[19,-11],[12,2],[10,5],[25,22],[-28,10],[-3,7],[1,36],[-7,6],[-44,17],[-5,12],[1,18],[7,16],[41,23],[6,7],[-2,5],[-3,11],[8,17],[7,29]],[[8809,3639],[2,0],[22,13],[2,5],[-15,13],[-16,9],[-5,7],[2,8],[5,5],[27,1],[17,-12],[8,-3],[16,7],[8,7],[14,1],[20,12],[10,1],[51,25],[11,1],[6,-9],[10,-25],[2,-11],[-4,-8],[1,-14],[-32,-38],[-11,-5],[0,-5],[7,-7],[8,-14],[-6,-26],[2,-8],[7,-6],[5,-13],[9,1],[2,5],[11,10],[16,6],[18,-4],[12,-15],[14,-32],[6,-2],[8,2],[6,-2],[-1,-37],[12,-18],[-1,-6],[-16,-18],[2,-13],[15,2],[66,31],[2,-12],[-13,-26],[-1,-13],[5,-10],[19,-18],[22,2],[9,9],[10,3],[5,8],[-1,8],[-7,19],[0,9],[27,-2],[11,2],[5,6],[6,1],[9,-11],[1,-12],[0,-5],[4,-60],[38,-62],[37,-39],[146,-83],[48,-94],[-43,-95],[-71,-41],[-1,-9]],[[6811,1223],[10,-2],[6,-5],[-1,-13],[20,-9],[-8,-8],[-9,-26],[-17,-11],[-18,4],[-10,-8],[-31,11],[-37,23],[-16,4],[-6,17],[-6,7],[2,8],[17,18],[24,8],[25,2],[20,-12],[9,-7],[16,-2],[-10,14],[13,16],[5,10],[-5,11],[11,4],[5,-5],[-3,-31],[-7,-11],[1,-7]],[[7921,4774],[26,14],[2,0],[34,-9],[0,-1],[4,-42],[54,-7],[57,-24],[19,6],[56,13],[66,-3],[32,-5],[109,-5],[85,20],[57,-5],[30,4],[34,5],[6,6],[2,1],[19,44],[-1,0],[-57,42],[-39,29],[-1,1],[-77,75],[-1,1],[-10,27],[-28,27],[-1,0],[-42,57],[-16,22],[-25,55],[0,1],[2,58],[0,1],[-10,30],[-82,48],[-46,33],[-37,78],[-1,1],[-32,55],[0,1],[-29,52],[-49,33],[0,1],[-9,27],[-2,5]],[[7865,5816],[23,11],[20,7],[18,12],[20,24],[-20,52],[13,5],[52,12],[6,16],[22,-17],[19,-6],[21,25],[-17,21],[-5,28],[-1,39],[-37,5],[2,24],[-10,47],[45,-5],[17,9],[40,6],[20,23],[20,10],[-8,46],[21,39],[20,-44],[20,-19],[-8,-29],[29,-10],[28,-44],[-36,-20],[38,-41],[27,-44],[31,-39],[13,-20],[18,-34],[32,-40],[31,-26],[35,-37],[-9,-19],[-32,-19],[-24,-18],[9,-21],[48,23],[17,21],[36,35],[15,11],[19,-11],[9,-26],[1,-22],[14,-10],[11,-16],[18,-36],[31,-1],[17,16],[25,15],[11,2],[7,-19],[-7,-43],[12,-7],[32,25],[11,45],[20,1],[-8,-38],[-7,-19],[7,-37],[36,2],[21,29],[60,51],[101,-97],[-29,-16],[-26,-21],[-7,-29],[-22,-17],[11,-17],[4,-14],[20,-1],[97,44],[32,-8],[-5,-20],[31,-19],[5,-7],[-51,-21],[-4,-9],[-21,-4],[-22,-19],[-16,-20],[-8,-15],[-26,-12],[7,-34],[-10,-25],[7,-15],[-5,-10],[15,-20],[13,0],[-16,-49],[-15,-29],[27,-5],[32,-21],[27,6],[27,-12],[6,-25],[-45,-46],[-13,-43],[-10,-16],[15,-59],[-35,-23],[9,-33],[12,-34],[27,-38],[-12,-58],[8,-7],[28,-13],[16,-19],[24,-6],[65,-29],[31,-36],[18,-4],[86,9],[6,-3],[7,-9],[22,-19],[25,1],[37,-43],[4,-21],[1,-5]],[[9329,4601],[-26,-14],[-10,-4],[-45,-16],[-36,7],[-14,-1],[-19,-14],[-1,-1]],[[9178,4558],[-8,-8],[-16,-17]],[[9154,4533],[-5,-9],[-14,-5],[-13,0],[-27,0],[-62,-18],[-1,-1],[-4,-1],[-15,-13],[-44,-18],[-41,-24],[-25,-9],[-4,-11],[2,-13],[-22,-9],[1,-6],[-16,-2],[-1,-26],[-8,-5],[-16,-8],[-12,10],[-14,4],[-41,0],[-3,-1]],[[8769,4368],[-1,-1],[-25,-10]],[[8743,4357],[-6,-9],[-10,-32],[-12,-6],[-47,-2],[-9,0],[-2,-9],[2,-8],[0,-2],[4,-18],[-1,-7],[8,0],[4,0],[16,-19],[7,-11],[0,-1],[15,-24],[-10,-4],[5,-29],[24,-13],[5,0],[2,0],[3,0],[7,-20],[-8,-7],[-2,-5],[0,-1],[-2,-4],[6,-26],[-5,-9],[-10,-10],[-12,-4],[-17,4],[-10,-4],[-22,-21],[-10,-29]],[[8743,4357],[26,11]],[[9154,4533],[24,25]],[[9329,4601],[1,-11],[41,-31],[17,-3],[16,0],[0,-17],[18,-3],[-1,-17],[53,-38],[-25,-43],[22,-55],[14,-18],[38,-33],[53,-62],[17,-7],[41,-11],[28,-15],[15,-23],[4,-32],[0,-37],[26,-18],[18,-22],[-53,-81],[-9,-14],[-53,10],[-34,-13],[-27,12],[-6,10],[40,27],[1,5],[-6,9],[-14,11],[-5,2],[-25,-16],[-25,-23],[-18,7],[-20,3],[11,20],[12,3],[3,5],[-13,8],[-19,24],[-26,13],[-28,-7],[-17,-8],[-9,-10],[-10,-1],[-6,-4],[4,-13],[-14,-10],[-15,-7],[2,-13],[-6,-2],[-21,-18],[-15,-6],[-34,4],[-57,-33],[8,-9],[1,-16],[-8,-20],[6,-6],[9,-2],[19,4],[28,-33],[4,-10],[17,-12],[6,-27],[-2,-10],[-7,-8],[0,-6],[20,-4],[13,-7],[5,-8],[-3,-9],[-5,-3],[6,-26],[4,-1],[9,6],[8,-1],[19,-27],[21,5],[84,-42],[61,-24],[16,-4],[28,20],[10,16],[15,15],[31,3],[-5,-43],[1,-40],[17,-2],[10,11],[10,5],[16,-3],[-1,-27],[17,3],[33,27],[18,27],[22,20],[3,-26],[-4,-38],[-9,-27],[-2,-36],[11,-2],[20,5],[15,-5],[15,-10],[11,-13],[10,-20],[36,-13],[16,-11],[6,-38],[30,-8],[9,-21],[-20,-27],[-28,-10],[19,-26],[-2,-18],[-16,-27],[0,-9],[16,-8],[7,-11],[-13,-24],[-32,-22],[-24,-13],[9,-8],[34,-11],[30,-16],[23,-11],[19,-6],[0,-22],[-6,-36],[-8,-26],[-12,-19],[-15,-9],[-21,-6],[-24,2],[-17,-16],[4,-18],[22,-13],[4,-25],[-9,-40],[-15,-15],[-6,-33],[4,-15],[38,-27],[7,-12],[-1,-22],[5,-16],[-4,-11],[0,-11],[4,-6],[14,-5],[33,-1],[21,-5],[10,-5],[8,-9],[-4,-15],[-10,-13],[-21,-13],[-12,-7],[-45,-50],[-18,-16],[-18,-10],[-17,-4],[-23,4],[-12,12],[-2,21],[15,44],[0,11],[-20,17],[-26,11],[4,22],[-9,24],[-57,21],[-25,19],[-24,43],[-14,-11],[-16,-26],[-48,-35],[-37,11],[-54,-1],[-32,11],[-21,22],[8,37],[-12,12],[-17,-3],[-3,-3]],[[7245,869],[-15,-3],[-28,-14],[-6,-29],[-1,-30],[-4,-22],[-14,-17],[-22,5],[-16,-15],[-55,-80],[-19,-7],[-13,14],[-25,16],[-21,1],[-21,-10],[-24,-7],[-48,-28],[-31,-20],[-24,-13],[-25,-3],[-24,3],[-24,5],[-26,2],[-12,-3],[-15,-3],[-36,8],[-30,13],[-35,25],[-19,30],[-22,-8],[-37,-20],[-24,10],[-27,8],[-30,57],[-36,21],[-7,16],[-26,32],[-13,34],[-1,38],[-30,10],[-78,-27],[-42,27],[-38,33],[-27,-11],[-9,-11],[-40,-21],[-51,-3],[-22,1]],[[5536,1977],[0,0]],[[2672,5181],[0,2],[0,2],[-2,5],[-12,7],[-14,3],[-4,17],[-5,12],[-4,2],[-2,1],[0,3],[-3,1],[-25,-2],[-17,-12],[-15,2],[-5,17],[-4,3],[-12,6],[-5,-1],[-4,-4],[-33,-12],[-7,-5],[-6,-14],[-15,-10],[-21,4],[0,16],[4,17],[1,11],[0,2],[-4,3],[-3,-2],[-4,0],[-1,0],[-4,1],[-22,-3],[-2,-1],[-10,-6],[-3,-2],[-7,-2],[-5,1],[-17,8],[-20,-1],[-9,-6],[-2,-4],[0,-12],[1,-4],[4,-1],[3,-1],[5,-6],[3,-2],[2,-5],[2,-24],[4,-10],[4,-3],[1,-9],[-2,-18],[-6,-12],[-6,-7],[0,-22],[-12,-11],[-4,5],[-7,2],[-1,3],[-1,3],[-2,6],[-9,6],[-9,-1],[-3,-6],[-2,-4],[-10,-5],[-7,-1],[-4,1],[-6,-2],[-5,-3],[-3,-1],[-15,-13],[-27,9],[-14,-3],[-5,-2],[-15,6],[-1,3],[-2,1],[-2,33],[-2,2],[-4,14],[-1,6],[1,19],[2,4],[0,11],[0,5],[-2,11],[-1,4],[-3,2],[-1,2],[-19,7],[-7,-1],[-14,-5],[-6,-4],[-6,2],[-4,9],[-2,1],[-1,5],[-2,1],[-1,7],[-19,9],[-5,0],[-32,12],[-3,2],[-2,7],[3,37],[0,3],[-2,1],[-3,25],[-1,22],[3,7],[-3,12],[-1,1],[-7,29],[0,4],[0,1],[4,9],[0,3],[6,2],[11,-2],[4,2],[2,4],[0,5],[-5,15],[1,15],[9,10],[3,8],[9,21],[-2,27],[-3,2],[-7,16],[1,27],[8,18],[20,17],[8,19],[0,4],[-3,9],[-2,0],[0,3],[-6,4],[-4,10],[-5,22],[-2,1],[-3,9],[-9,6],[-2,14],[6,10],[11,7],[2,2],[5,19],[2,5],[18,31],[19,13],[5,12],[1,2],[-1,7],[-6,4],[0,3],[-33,7],[-6,2],[-2,5],[1,12],[6,1],[15,5],[14,12],[1,3],[-3,18],[3,12],[3,2],[27,3],[8,6],[-1,12],[-14,13],[0,14],[9,13],[7,18],[1,35],[13,6],[22,3],[3,4],[11,8],[8,3],[4,0],[13,2],[6,4],[1,2],[15,8],[17,16],[4,10],[2,3],[0,34],[1,5],[6,9],[1,1],[2,6],[4,7],[4,8],[3,1],[4,4],[-1,4],[-2,1],[0,6],[3,6],[4,1],[13,5],[1,3],[0,8],[-3,2],[1,4],[7,1],[14,0],[2,-1],[11,6],[16,3],[16,-5],[4,-1],[4,1],[5,13],[10,3],[5,4],[14,-15],[3,-4],[2,-2],[2,-5],[2,-1],[1,-2],[1,-3],[5,-2],[1,-4],[23,-9],[14,5],[-5,5],[0,8],[-1,0],[-2,1],[0,7],[0,3],[3,3],[14,4],[1,0],[4,4],[1,7],[-3,3],[-8,5],[-1,6],[-12,10],[-4,8],[-17,12],[-2,8],[1,7],[37,30],[4,13],[0,6],[-6,9],[-26,17],[-1,6],[-4,3],[-8,4],[-25,15],[0,2],[-1,1],[1,4],[10,8],[9,14],[-15,1],[-26,-4],[-3,1],[-13,4],[-15,8],[-6,17],[-3,3],[-5,3]]],"transform":{"scale":[0.00030590525077301756,0.0003032451963248861],"translate":[73.88537465195778,29.543881678849925]}}