{"type":"Topology","objects":{"type":"GeometryCollection","geometries":[{"type":"Polygon","properties":{"NAME_1":"Adilabad","ST_NM":"Telangana","ST_CEN_CD":28,"DT_CEN_CD":1,"CENSUSCODE":532,"iso_a2":"IN_TS_AD"},"arcs":[[0,1,2]]},{"type":"Polygon","properties":{"NAME_1":"Hyderabad","ST_NM":"Telangana","ST_CEN_CD":28,"DT_CEN_CD":5,"CENSUSCODE":536,"iso_a2":"IN_TS_HY"},"arcs":[[3]]},{"type":"Polygon","properties":{"NAME_1":"Karimnagar","ST_NM":"Telangana","ST_CEN_CD":28,"DT_CEN_CD":3,"CENSUSCODE":534,"iso_a2":"IN_TS_KA"},"arcs":[[4,5,6,7,-1]]},{"type":"Polygon","properties":{"NAME_1":"Khammam","ST_NM":"Telangana","ST_CEN_CD":28,"DT_CEN_CD":10,"CENSUSCODE":541,"iso_a2":"IN_TS_KH"},"arcs":[[8,9,10],[11]]},{"type":"Polygon","properties":{"NAME_1":"Mahbubnagar","ST_NM":"Telangana","ST_CEN_CD":28,"DT_CEN_CD":7,"CENSUSCODE":538,"iso_a2":"IN_TS_MA"},"arcs":[[12,13,14]]},{"type":"Polygon","properties":{"NAME_1":"Medak","ST_NM":"Telangana","ST_CEN_CD":28,"DT_CEN_CD":4,"CENSUSCODE":535,"iso_a2":"IN_TS_ME"},"arcs":[[-7,15,16,17,18,19]]},{"type":"Polygon","properties":{"NAME_1":"Nalgonda","ST_NM":"Telangana","ST_CEN_CD":28,"DT_CEN_CD":8,"CENSUSCODE":539,"iso_a2":"IN_TS_NA"},"arcs":[[-9,20,-13,21,-17,22]]},{"type":"Polygon","properties":{"NAME_1":"Nizamabad","ST_NM":"Telangana","ST_CEN_CD":28,"DT_CEN_CD":2,"CENSUSCODE":533,"iso_a2":"IN_TS_NI"},"arcs":[[-8,-20,23,-2]]},{"type":"Polygon","properties":{"NAME_1":"Rangareddy","ST_NM":"Telangana","ST_CEN_CD":28,"DT_CEN_CD":6,"CENSUSCODE":537,"iso_a2":"IN_TS_RA"},"arcs":[[-22,-15,24,-18],[-4]]},{"type":"MultiPolygon","properties":{"NAME_1":"Warangal","ST_NM":"Telangana","ST_CEN_CD":28,"DT_CEN_CD":9,"CENSUSCODE":540,"iso_a2":"IN_TS_WA"},"arcs":[[[-10,-23,-16,-6,25]],[[-12]]]}]},"arcs":[[[5832,7350],[-7,-4],[-15,-3],[-24,2],[-22,9],[-10,30],[-1,21],[-7,36],[-30,26],[-12,-10],[-14,-23],[-8,-33],[-3,-36],[4,-24],[22,-34],[17,-18],[7,-21],[-7,-28],[-17,-12],[-15,-13],[-23,-34],[-25,-55],[-9,-42],[-19,-20],[-52,-36],[-33,-19],[-28,-8],[-29,2],[-23,5],[-24,-3],[-9,-9],[-22,-11],[-22,-4],[-18,10],[-20,34],[-12,13],[-18,44],[-10,14],[-26,15],[-16,14],[-23,0],[-6,10],[-18,11],[-31,27],[-16,8],[-52,40],[-22,11],[-28,10],[-24,14],[-22,-4],[-14,-4],[-16,10],[-13,23],[-4,5],[-19,23],[-17,16],[-18,14],[-37,21],[-13,18],[-15,16],[-16,10],[-20,8],[-46,24],[-21,7],[-18,1],[-12,-5],[-13,-30],[-9,-20],[-17,-24],[-22,-19],[-13,-8],[-19,-5],[-22,-5],[-38,-7],[-22,8],[-17,3],[-17,4],[-14,8],[-14,12],[-31,41],[-20,21],[-29,26],[-24,5],[-61,-4],[-32,7],[-57,75],[-22,25],[-48,37],[-27,25],[-20,28],[-7,27],[-4,30],[-21,30],[-11,6],[-8,18],[-1,5],[-22,57],[-18,24],[-29,24],[-26,18],[-21,11],[-33,15],[-34,12],[-6,2],[-7,2],[-17,6],[-32,5],[-45,-4],[-24,-11],[-24,-20],[-15,-18],[-13,-20],[-22,-24],[-19,-7],[-27,8],[-28,11],[-58,36],[-32,12],[-22,-6],[-62,-46],[-84,-55],[-38,-8],[-79,36],[-41,4],[-36,-15],[-19,-18],[-17,-32],[-9,-14],[-30,-35],[-13,-5],[-16,-3],[-23,5],[-47,20],[-20,-2],[-25,-17],[-18,-14],[-41,-54],[-22,-21]],[[2837,7617],[-6,3],[-16,7],[-29,31],[-26,12],[-73,-15],[-30,0],[-19,3],[-19,12],[-39,39],[-25,20],[-26,6],[-23,-5],[-29,-8],[-23,-15],[-62,-52],[-27,-16],[-32,-16],[-32,-9],[-17,7],[-9,33],[1,28],[-11,32],[-17,21],[-27,18],[-7,2],[-26,10],[-33,-3],[-35,-7],[-28,-15],[-33,-12],[-37,-18],[-61,-53],[-27,-15],[-44,-20],[-17,-6],[-17,-9],[-28,-7],[-6,-5],[-12,-9],[-28,-26],[-2,-2],[-18,-33],[-11,-26],[-10,-35],[-10,-8],[-14,-3],[-50,15],[-60,-15],[-18,-16],[-16,-37],[-19,-28]],[[1554,7372],[-32,10],[6,11],[-17,8],[2,13],[-43,19],[-15,2],[-1,38],[-24,4],[-11,27],[-2,30],[-27,4],[-28,-10],[-36,13],[2,25],[7,21],[9,3],[11,51],[-51,-5],[-6,-11],[-33,9],[6,24],[-5,2],[9,54],[-66,5],[-12,-19],[-31,12],[2,44],[-6,20],[-1,19],[-2,10],[-5,3],[-4,5],[-6,14],[8,56],[-3,19],[4,7],[21,-14],[15,-5],[11,2],[18,-11],[8,-1],[5,3],[-3,24],[3,9],[-8,16],[2,5],[6,3],[9,24],[-3,25],[1,10],[5,8],[7,3],[21,1],[16,-18],[6,-11],[7,-17],[12,4],[18,1],[10,4],[3,4],[0,6],[-9,9],[3,44],[-15,11],[-10,34],[-6,7],[14,7],[25,41],[-1,11],[4,7],[0,13],[8,4],[0,7],[-2,11],[12,10],[-31,18],[5,21],[13,19],[-1,13],[14,21],[6,19],[2,19],[7,10],[6,20],[-2,22],[38,12],[16,-7],[19,-3],[11,27],[-11,25],[-16,3],[-39,3],[-30,10],[-2,9],[4,19],[-4,17],[22,8],[9,8],[29,9],[11,21],[14,-8],[14,-5],[14,5],[21,20],[10,15],[24,9],[7,16],[18,-2],[30,-24],[9,-11],[23,-15],[19,-29],[22,-8],[35,-12],[14,-11],[20,-43],[12,-12],[29,-7],[8,-20],[-4,-18],[1,-20],[7,-14],[14,-5],[38,17],[16,20],[28,-12],[9,-10],[60,2],[28,-17],[23,-23],[45,15],[29,13],[6,19],[-6,29],[-1,44],[22,58],[5,28],[-1,26],[5,17],[-22,17],[-11,16],[-6,19],[4,19],[7,18],[1,20],[5,20],[1,27],[-12,39],[35,-10],[16,17],[21,31],[20,17],[21,-3],[27,-9],[13,2],[22,25],[11,19],[14,15],[19,-3],[20,-10],[14,0],[25,19],[7,23],[0,33],[-4,17],[-14,18],[-10,26],[-1,23],[-7,42],[-1,16],[-8,14],[-15,18],[-12,19],[13,5],[25,-5],[6,7],[1,14],[14,1],[11,11],[2,17],[-4,20],[2,42],[-5,18],[-22,29],[-7,21],[-7,30],[-11,25],[-32,14],[-7,7],[8,17],[27,48],[42,-3],[25,5],[9,16],[5,16],[22,12],[28,13],[-2,26],[2,25],[17,8],[17,40],[9,32],[6,34],[-1,33],[-15,27],[-19,11],[-27,8],[-8,13],[12,35],[-5,15],[-79,16],[-19,9],[0,15],[7,43],[22,86],[6,11],[20,6],[20,2],[15,-15],[-2,-14],[-17,-12],[-8,-11],[5,-11],[24,-17],[23,-5],[42,4],[19,-9],[21,0],[2,-13],[-2,-25],[4,-20],[0,-7],[7,-16],[19,-24],[25,-16],[43,-16],[35,-10],[44,-7],[25,0],[18,-22],[11,-21],[10,-13],[21,-2],[13,21],[7,32],[15,14],[15,5],[69,-15],[35,-5],[25,-5],[15,9],[7,5],[19,1],[23,-11],[11,-11],[35,-12],[29,-6],[83,-28],[21,0],[13,-10],[16,-32],[16,-14],[18,5],[16,10],[14,16],[11,0],[20,-5],[24,-4],[22,9],[25,-2],[27,-25],[14,-20],[9,-5],[21,5],[18,0],[29,5],[13,-8],[3,-1],[17,-50],[7,-17],[2,-28],[9,-34],[4,-22],[1,-25],[-2,-17],[-9,-26],[0,-31],[42,1],[28,-3],[28,22],[27,8],[42,-13],[19,7],[23,-4],[16,-12],[16,-23],[-2,-24],[-7,-24],[-4,-30],[6,-31],[13,-18],[15,-17],[5,-13],[-6,-12],[-20,-16],[-9,-8],[-22,-19],[-11,-12],[11,-14],[22,-4],[19,-1],[11,3],[18,15],[14,12],[6,-3],[10,-4],[26,-38],[14,-9],[45,12],[27,1],[19,-16],[7,-18],[23,-7],[50,5],[14,-6],[-1,-21],[5,-16],[18,-8],[30,-8],[30,-13],[37,-38],[26,-43],[20,-17],[24,-5],[65,14],[10,8],[-5,19],[-27,23],[-4,16],[3,17],[17,30],[17,15],[18,10],[11,14],[3,15],[2,23],[-2,21],[3,21],[23,45],[-3,22],[-11,16],[-13,15],[-1,25],[14,7],[25,-3],[28,-11],[56,-24],[25,-17],[11,-19],[10,-41],[16,16],[18,4],[24,1],[62,-7],[5,-23],[21,-14],[18,-17],[28,-22],[26,-16],[21,-1],[15,5],[24,-4],[37,-35],[16,-24],[11,-29],[21,16],[30,3],[44,32],[5,10],[0,36],[-2,9],[0,3],[25,10],[19,5],[17,1],[4,-14],[1,-21],[6,-19],[10,-15],[29,-23],[17,-10],[21,-9],[19,-3],[14,5],[6,10],[4,16],[1,16],[9,45],[8,24],[11,23],[12,16],[41,24],[28,5],[27,1],[29,-2],[14,7],[24,4],[21,1],[17,5],[37,32],[23,16],[31,-1],[26,-6],[25,-6],[17,-10],[2,-9],[15,-24],[27,-8],[12,-7],[12,-12],[7,-18],[2,-23],[6,-19],[11,-18],[61,-49],[17,-8],[14,-21],[18,-11],[52,-10],[20,-10],[14,-17],[13,-19],[21,-21],[9,-5],[7,-6],[10,-14],[3,-19],[-1,-25],[29,-36],[24,-40],[7,-21],[-1,-23],[-4,-23],[-8,-19],[-2,-33],[-4,-25],[-16,-40],[0,-24],[14,-44],[-4,-22],[-28,-21],[-8,-12],[-29,-61],[-26,-80],[-2,-28],[7,-28],[28,-48],[16,-19],[1,-13],[-5,-16],[-32,-8],[-8,-9],[-36,-38],[-76,-47],[-18,-17],[-11,-28],[4,-32],[2,-76],[-8,-44],[5,-18],[25,2],[22,15],[22,9],[26,7],[29,-2],[22,-12],[15,-31],[3,-19],[-3,-64],[-3,-51],[1,-8],[9,-34],[11,-49],[1,-53],[-3,-47],[2,-47],[-5,-45],[-12,-34],[-17,-19],[-10,-3],[-37,-3],[-22,-10]],[[2788,3970],[9,-4],[20,12],[19,15],[15,-3],[0,-19],[-8,-37],[-21,-46],[-11,-54],[-1,-22],[17,-47],[-8,-24],[-23,-26],[-2,-23],[2,-27],[-32,-24],[-40,-40],[-13,-6],[-10,6],[-9,9],[-25,23],[-13,18],[-6,25],[6,28],[-22,-3],[-39,4],[-25,6],[-22,20],[-22,78],[-3,26],[6,32],[17,28],[25,23],[21,1],[13,-12],[19,-31],[19,-26],[12,-10],[-3,64],[11,20],[22,25],[33,67],[27,7],[17,-13],[28,-40]],[[5832,7350],[33,-59],[16,-23],[34,-31],[18,-7],[22,-4],[69,-14],[25,-2],[35,-12],[7,-4],[5,-17],[5,-7],[4,-15],[24,-6],[7,-5],[30,-62],[15,-8],[19,-3],[8,-8],[5,-11],[15,-15],[9,-3],[7,3],[6,-4],[5,-8],[30,-31],[13,-18],[9,-4],[12,0],[5,8],[6,5],[21,10],[13,4],[12,-2],[15,17],[7,5],[13,2],[9,-5],[5,-9],[7,-25],[7,-7],[11,-3],[29,-1],[4,9],[2,11],[5,12],[17,22],[13,7],[14,2],[13,-5],[12,-7],[10,3],[12,7],[13,0],[11,2],[30,32],[16,9],[7,-11],[16,-6],[24,-39],[16,-23],[7,-16],[18,-65],[16,-39],[10,-36],[26,-61],[12,-15]],[[6803,6764],[-21,-1],[-28,-8],[-33,-7],[-19,2],[-58,-2],[-5,-1],[-52,-50],[-8,-10],[-13,-11],[-15,-17],[0,-69],[-4,-104],[2,-47],[-4,-63],[1,-22],[-4,-19],[-6,-15],[-5,-20],[-3,-38],[-32,-30],[-12,-16],[-43,-44],[-9,-12],[1,-18],[-46,52],[-15,26],[3,25],[9,36],[0,37],[-21,12],[-14,3],[-18,8],[-35,10],[-16,9],[-15,3],[-32,-23],[-7,-26],[-3,-34],[7,-13],[-13,-13],[-37,34],[-34,7],[-29,-7],[-7,15],[-7,25],[13,62],[10,-17],[10,-11],[23,-8],[25,-5],[38,5],[13,13],[29,35],[15,25],[25,-2],[6,24],[-24,3],[-39,0],[-4,5],[-8,17],[-17,-3],[-23,9],[-31,6],[30,41],[16,10],[26,22],[2,16],[-100,-5],[-3,-19],[-7,-18],[-2,-16],[-9,-13],[0,-10],[1,-12],[-14,-28],[-21,11],[-15,3],[-19,26],[-7,3],[-9,10],[-12,-4],[-20,-13],[-5,-17],[-12,2],[-11,20],[-7,31],[-7,22],[-9,4],[-9,-3],[-13,3],[-11,9],[-56,4],[-44,-2],[-18,-7],[5,-29],[27,-48],[15,-22],[17,-14],[23,-12],[-2,-59],[-1,-16],[-3,-11],[-56,23],[-36,27],[-31,46],[-16,42],[-5,11],[-36,32],[-17,6],[-18,-2],[-17,-10],[-10,-17],[1,-31],[7,-26],[13,-35],[12,-38],[3,-38],[-14,-7],[-19,3],[-24,14],[-24,16],[-16,18],[-20,31],[-18,36],[-10,16],[-10,11],[-13,12],[-20,14],[-50,20],[-38,6],[-22,0],[-16,-3],[-9,-7],[-15,-19],[-20,-22],[-13,-10],[-4,0],[-43,11],[-23,-3],[-38,-11],[-29,-3],[-1,-19],[2,-20],[-4,-18],[-21,-34],[-14,-19],[13,-40],[-5,-16],[-2,-20],[-4,-22],[0,-24],[12,-46],[1,-13],[-1,-28],[-3,-9],[-10,-13],[10,-21],[-4,-20],[-20,-7],[-3,-28],[3,-29],[5,-21],[15,-41],[22,-33],[6,-12],[14,-36],[4,-17],[16,-26],[4,-20],[7,-17],[9,-10],[5,-17],[2,-9],[-13,-15],[-7,-18],[-1,-19],[4,-16],[-13,-24],[-14,0],[-16,5],[-13,-1],[-7,-4],[2,-26],[4,-11],[9,-14],[-14,-1],[-23,6],[-11,-13],[-5,-8],[-13,-29],[-41,0],[-15,-4],[-15,-1],[-17,10],[-23,-16],[-20,2],[-17,6],[-21,17],[-17,7],[-12,-32],[-15,-29],[-4,-15],[-7,-13],[-16,-14],[-25,-14],[-11,-9],[-37,-33],[-69,-44],[-14,-13],[-10,-12],[-7,-3],[-18,5],[-19,8],[-24,0],[-80,-9],[-22,-4],[-20,-7],[-18,-11],[-58,-30],[2,-48],[-7,-4],[-22,3],[-23,0],[-21,6],[-14,14],[-29,11],[-25,4],[-42,-14],[-33,-6],[-18,-1],[-4,13],[-1,21],[0,9],[-13,6],[-32,7],[-56,24],[-14,15]],[[4069,5367],[11,5],[9,3],[22,-4],[12,18],[-1,15],[-18,32],[4,10],[14,25],[8,9],[15,9],[10,13],[-19,6],[-14,-1],[-32,-5],[-50,6],[-21,1],[-18,5],[-43,18],[-19,11],[9,31],[4,42],[-25,17],[-19,8],[-15,15],[9,35],[3,20],[-1,21],[-6,16],[4,15],[-10,26],[-13,16],[-19,8],[-20,6],[-25,7],[-32,10],[-8,16],[-1,21],[8,51],[-10,5],[-40,7],[-25,-3],[-31,-6],[-17,-7],[-13,-11],[-12,-17],[-45,13],[-62,10],[-28,11],[-7,6],[-16,6],[-46,1],[-26,4],[-29,11],[-14,-11],[-8,-24],[-24,-53],[-28,-25],[-33,1],[-7,34],[-19,3],[-19,-1],[-26,-6],[-12,8],[-13,13],[-23,12],[-28,11],[-28,4],[-44,1],[-62,-3],[-19,-8],[-20,-38],[-15,-16],[-20,13]],[[2913,5869],[-10,28],[-9,32],[-7,16],[-16,20],[-59,39],[11,17],[21,16],[11,10],[1,36],[19,52],[-4,16],[-10,17],[-17,39],[-7,43],[8,13],[27,1],[22,-2],[14,1],[-7,16],[-26,23],[-9,11],[-5,20],[6,14],[11,14],[3,17],[-6,21],[-19,29],[-21,12],[-19,18],[5,17],[23,48],[26,49],[21,48],[12,15],[20,12],[15,-2],[19,-5],[13,6],[12,59],[9,17],[17,14],[19,8],[55,14],[28,17],[36,46],[9,16],[-8,10],[-16,11],[-7,4],[-12,19],[-16,41],[-12,49],[-8,27],[-1,13],[5,37],[-4,20],[-2,20],[-11,12],[-25,10],[-26,0],[-21,-5],[-23,2],[-19,7],[-22,17],[-31,45],[1,21],[15,32],[-19,29],[-7,46],[-5,12],[-6,8],[-2,22],[-1,33],[-5,28],[-4,44],[-12,38],[-11,15],[-26,29],[-2,14],[11,36],[14,34]],[[6168,2790],[-4,36],[-2,32],[9,19],[14,23],[-10,22],[-20,9],[-25,31],[-35,35],[-25,14],[-21,16],[-26,47],[-19,29],[-22,19],[-35,42],[-14,12],[-13,7],[-30,-2],[-15,2],[-15,6],[0,14],[3,16],[-3,14],[-10,10],[-39,22],[-18,16],[-12,13],[-5,20],[5,36],[6,20],[9,10],[33,12],[-6,43],[3,28],[-2,14],[-14,24],[-24,12],[-63,10],[-27,7],[-28,4],[-14,11],[-10,15],[-40,62],[-9,18]],[[5595,3640],[21,20],[20,14],[17,8],[28,-7],[19,-13],[25,17],[28,-4],[16,-1],[13,21],[3,19],[0,23],[9,1],[18,-12],[10,42],[21,11],[37,-4],[19,1],[15,10],[-6,29],[10,8],[19,1],[15,6],[31,18],[37,-10],[7,-24],[0,-41],[22,-27],[86,-23],[20,-2],[13,-13],[21,10],[11,11],[16,11],[10,17],[18,-6],[14,-10],[17,-3],[18,11],[5,18],[9,9],[7,15],[15,8],[7,14],[12,5],[15,2],[26,-16],[9,-18],[6,-2],[0,20],[-3,19],[3,33],[14,62],[3,24],[-1,29],[-89,-20],[-1,41],[4,20],[-5,26],[-20,11],[-26,10],[-14,15],[-23,41],[-13,35],[2,23],[5,27],[-16,18],[11,26],[5,23],[-22,20],[-18,11],[-14,1],[-6,10],[-12,8],[6,29],[16,43],[21,42],[-1,12],[5,11],[28,11],[3,7],[-11,34],[-21,21],[-68,37],[5,24],[11,20],[18,-6],[12,-7],[24,4],[34,16],[75,28],[23,12],[16,28],[24,7],[21,11],[3,-19],[6,-14],[5,-29],[7,-5],[8,-3],[-12,-19],[2,-11],[90,67],[25,17],[29,14],[8,-25],[7,-13],[14,7],[0,7],[10,3],[7,15],[6,46],[-9,36],[-10,109],[42,80],[10,27],[5,27],[0,34],[9,31],[-19,28],[-5,32],[8,38],[3,28],[-1,19],[37,-3],[11,2],[20,12],[3,2],[8,9],[32,59],[8,11],[30,28],[2,28],[5,20],[8,10],[10,8],[41,50],[43,43],[21,-9],[16,-11],[18,-16],[33,-20],[8,2],[20,13],[7,-2],[19,-11],[-8,17],[1,29],[11,11],[4,7],[23,61],[13,27],[-1,9],[-25,22],[48,19],[22,-8],[13,-24],[25,-22],[4,-12],[9,-4],[17,-24],[14,-12],[15,-7],[5,1],[15,18],[6,0],[20,-3],[12,-7],[38,-31],[22,-12],[9,2],[16,17],[6,22],[8,11],[4,22],[5,2],[23,-10],[13,-1],[5,5],[13,25],[-1,10],[-39,5],[0,8],[4,11],[7,12],[38,-13],[16,-1],[4,22],[-4,10],[-13,18],[3,4],[7,-1],[7,-4],[6,3],[3,19],[9,19],[-8,10],[-7,2],[-26,25],[-30,14],[0,4],[-4,7],[-2,10],[-5,10],[-14,-1],[-10,2],[-11,20],[-24,20],[-28,16],[-12,11],[-21,16],[-24,14],[-11,5],[-33,25],[-11,11],[-24,9],[-15,2],[-22,-4],[-13,5],[-12,17],[-6,17],[-8,13],[-22,24],[-11,13],[-7,15],[-10,43],[6,28],[0,13],[-11,35],[5,21],[12,32],[1,21],[-6,10],[-24,18],[-8,9],[-1,10],[7,39],[4,15],[6,14],[2,13],[-3,24],[-6,9],[-18,15],[-29,8],[-11,0],[-14,-5],[-15,4],[-15,0],[-10,-4],[-15,0],[-19,6],[-15,9],[-10,10],[-7,12],[-5,26],[3,30],[-2,11],[10,11],[-4,18],[-1,22],[-7,5],[-5,10],[1,14],[3,10],[7,13],[34,34],[8,13],[4,12],[1,11],[-10,27],[-20,38]],[[6901,6771],[17,14],[9,9],[19,11],[31,4],[3,4],[72,39],[28,-9],[10,0],[10,2],[17,10],[8,1],[10,-3],[22,-22],[27,-5],[7,-6],[3,-15],[6,-9],[9,-7],[14,-17],[2,-9],[6,-9],[19,-8],[38,-25],[9,-8],[13,-19],[30,-10],[30,-21],[12,-10],[7,-10],[15,-18],[7,-18],[16,-7],[12,-12],[13,2],[5,-9],[3,-20],[-6,-10],[2,-11],[5,-11],[25,-37],[6,-16],[25,-16],[8,-8],[8,-3],[8,-7],[2,-5],[14,-7],[4,-8],[1,-14],[20,-10],[6,1],[9,-12],[-8,-3],[-6,-14],[-3,-23],[48,-34],[12,10],[9,2],[9,-4],[5,-12],[-4,-10],[-7,-11],[-18,-20],[1,-10],[5,-9],[9,-9],[4,-9],[-3,-10],[-1,-16],[8,-27],[19,-28],[18,-41],[3,-13],[2,-29],[-1,-7],[14,-11],[4,-15],[9,-16],[5,-6],[8,-2],[7,-8],[16,-33],[8,-12],[10,-1],[7,-3],[7,-10],[0,-11],[-2,-7],[-6,-9],[-33,-16],[-27,-17],[-52,-27],[-2,-32],[0,-28],[5,-55],[23,-16],[38,-5],[53,3],[25,5],[28,30],[0,12],[15,9],[2,12],[-2,51],[1,15],[-2,15],[3,15],[12,6],[12,1],[10,-2],[12,-13],[43,-4],[5,-11],[13,-35],[0,-10],[-4,-6],[-10,-5],[-10,-1],[-16,5],[-2,-7],[1,-11],[8,-23],[0,-13],[-2,-24],[9,-41],[-1,-12],[1,-10],[6,-9],[7,-6],[1,-10],[42,0],[26,5],[17,0],[25,10],[43,27],[9,7],[2,6],[16,5],[13,18],[9,7],[25,3],[18,0],[0,-3],[0,-22],[2,-15],[-4,-21],[-12,-13],[-39,-36],[-4,-16],[5,-32],[0,-13],[-4,-17],[-5,-18],[-4,-8],[18,-22],[25,-54],[5,-15],[-8,-29],[1,-1],[3,-17],[5,-14],[5,-17],[3,-21],[3,-14],[3,-10],[2,-40],[10,-67],[4,-9],[1,-14],[6,-12],[3,-30],[16,-8],[6,-13],[16,-121],[6,-64],[18,-53],[43,-66],[12,-9],[16,-5],[24,-3],[21,4],[17,5],[13,21],[17,20],[4,19],[19,15],[25,15],[27,12],[84,60],[37,-9],[16,1],[18,-5],[47,-35],[15,-9],[17,-7],[57,-35],[20,-4],[76,-1],[38,6],[24,0],[20,-3],[20,1],[29,-2],[22,-6],[15,-7],[21,-4],[2,7],[20,4],[19,-7],[14,-1],[11,13],[0,15],[11,11],[15,1],[17,-13],[8,-1],[48,23],[16,0],[7,-4],[6,-13],[4,-19],[9,-13],[6,-5],[10,0],[23,9],[33,1],[31,10],[62,14],[23,23],[10,5],[13,-1],[42,-20],[12,-9],[25,-1],[10,17],[19,6],[16,14],[11,15],[14,7],[7,19],[0,23],[6,15],[8,14],[10,11],[13,10],[11,4],[21,-2],[12,4],[11,13],[21,-22],[4,-14],[8,-21],[51,31],[70,48],[11,-20],[12,-16],[28,-20],[13,-20],[11,-24],[4,-21],[-14,-12],[-12,-17],[-41,-5],[-24,-29],[-31,8],[-20,-5],[-13,-10],[-31,-25],[-12,-14],[-13,-37],[-15,-21],[-14,-13],[-22,-8],[-48,-4],[-24,0],[-41,-7],[-10,-10],[-13,-29],[-8,-8],[-59,-32],[-12,-11],[-8,-18],[-2,-17],[-2,-22],[0,-36],[-6,-13],[-18,-15],[-14,-25],[-17,-38],[-4,-13],[-22,-37],[-33,-28],[-16,-22],[-5,-16],[0,-12],[-3,-8],[-11,-13],[21,-17],[18,-17],[7,-8],[-1,-7],[-7,-13],[-15,-18],[-10,-19],[-17,-24],[-4,-20],[-3,-52],[3,-21],[-3,-28],[-10,-32],[1,-27],[4,-14],[-1,-16],[-4,-12],[-25,-40],[-21,-31],[-33,-35],[-13,-17],[-12,-19],[-10,-22],[-17,-17],[-29,-6],[-4,-15],[-6,-11],[-20,-1],[-47,-15],[-29,5],[-17,7],[-31,20],[-15,18],[-1,24],[-12,11],[-15,5],[-13,-4],[-4,-3],[-24,-35],[-22,-37],[-6,-19],[-21,-35],[-17,-20],[-32,-23],[-10,4],[-11,2],[-51,0],[-34,-2],[-62,13],[-19,-12],[-8,-19],[-13,-22],[-3,-22],[1,-73],[8,-15],[13,-15],[-28,-30],[-11,-23],[-38,-3],[-60,-17],[-74,-27],[-49,-23],[-18,14],[-16,9],[-6,-22],[-8,-12],[-12,-6],[-7,-12],[-12,-14],[-45,-6],[-17,-6],[-14,-5],[-13,-1],[-42,12],[-22,9],[-18,13],[-20,17],[-18,11],[-22,2],[-15,-1],[-18,-10],[5,-20],[-2,-23],[3,-14],[10,-10],[5,-10],[-2,-22],[-4,-18],[2,-18],[-8,-9],[-12,-3],[-17,-1],[-16,1],[-27,10],[-14,3],[-8,-53],[-7,-17],[-19,-16],[21,-38],[-4,-25],[0,-10],[-13,-32],[5,-43],[-9,-16],[-9,-10],[-13,-18],[-27,-17],[-7,16],[-13,13],[-44,12],[-23,1],[-16,11],[-11,3],[-31,4],[-43,11],[-46,23],[-29,2],[-38,7],[-24,1],[-6,-11],[-13,-7],[-17,-3],[-16,-8],[-25,-5],[-21,1],[-12,9],[8,16],[0,16],[15,13],[24,16],[3,10],[-23,16],[-22,6],[-24,12],[10,20],[-13,5],[-16,9],[-8,2],[-20,-3],[-19,10],[-33,28],[-15,11],[-29,6],[-24,-35],[-17,-8],[-13,-1],[-14,-16],[-21,-13],[-17,-5],[-34,4],[1,-16],[-10,-21],[-8,-13],[-4,-11],[-5,-37],[1,-28],[-6,-15],[-15,-18],[-8,-11],[-16,-3],[-25,0],[-15,-49],[-29,12],[-27,7],[-6,9],[-8,32],[-29,31],[-4,13],[1,14],[-5,21],[-5,9],[-4,0],[-7,-4],[-24,-24],[-11,-8],[-15,-16],[1,-9],[9,-13],[15,-32],[-3,-16],[2,-11],[12,-9],[11,-13],[-1,-17],[-4,-11],[-9,-7],[-24,-10],[0,-7],[1,-14],[-4,-11],[-19,-20],[-6,-10],[4,0],[45,-20],[37,-13],[32,-7],[66,-22],[24,-16],[22,-20],[14,-9],[16,-13],[24,-9],[-5,23],[3,24],[9,28],[41,-14],[24,-15],[24,34],[83,-57],[32,-1],[11,-24],[2,-12],[-2,-11],[-7,-7],[-8,-3],[-2,-15],[4,-15],[6,-9],[2,-32],[-23,-2],[-25,-10],[0,-47],[-2,-18],[-4,-15],[-17,-28],[3,-16],[12,-3],[13,0],[10,-12],[31,-14],[17,-21],[9,-14],[14,-11],[-14,-6],[-62,-35],[-15,-20],[-35,12],[-36,6],[-27,-4],[-15,3],[-47,15],[-11,13],[-12,9],[-18,8],[-32,4],[-3,40],[-5,22],[-17,10],[-29,11],[1,8],[-21,5],[-3,19],[-6,13],[-41,18],[1,-31],[-2,-13],[-11,-16],[-33,-14],[-3,-17],[-4,-5],[-7,1],[-13,39],[-5,29],[-8,28],[-5,11],[-17,-4],[-35,6],[5,28],[-22,10],[-18,-1],[-2,16],[-5,16],[0,26],[-6,43],[5,1],[-17,28],[-8,38],[-6,40],[-27,51],[-28,40],[-31,43],[-26,-8],[-20,-12],[-12,-1],[-8,7],[-31,36],[-11,-2],[-26,-14],[-12,12],[1,18],[-4,41],[-27,6],[-25,-35],[-7,-17],[-40,-38],[-15,-16],[-4,-20],[-14,-20],[-16,0],[-15,4],[-12,-2],[-4,-9],[-15,-3],[-14,4],[-26,11],[-8,-24],[1,-35],[-84,5]],[[7555,5594],[25,22],[-5,16],[-19,25],[-8,7],[-9,-18],[-5,-19],[-1,-17],[-2,-11],[-4,-16],[11,-12],[17,23]],[[3205,2693],[36,-15],[33,-16],[37,-25],[-19,-24],[-23,-46],[-7,-25],[18,-27],[33,-14],[22,28],[20,21],[17,15],[14,-31],[0,-24],[-14,-35],[14,-14],[20,-29],[24,-8],[-4,-22],[-16,-21],[4,-33],[0,-31],[-9,-46],[-10,-19],[-14,-15],[-11,-5],[-32,0],[-8,-17],[9,-26],[-12,-50],[-21,-7],[-16,-10],[-29,-30],[-19,-16],[-15,-28],[12,-51],[-35,1],[-26,-2],[-21,2],[-13,-2],[8,-24],[16,-37],[24,-9],[33,-57],[16,-37],[-19,-27],[-16,-17],[-16,-5],[-22,-19],[-12,5],[-2,20],[-11,14],[-5,-14],[-5,-23],[-6,-30],[-21,13],[-38,7],[-5,-31],[-4,-6],[-16,-4],[-10,-7],[-11,-4],[-9,-14],[8,-11],[30,17],[11,-3],[24,23],[26,-16],[12,-2],[19,4],[12,13],[7,10],[25,-6],[53,6],[69,-4],[20,0],[17,-5],[14,-7],[13,-13],[35,-23],[22,3],[46,37],[22,23],[20,13],[25,7],[13,-2],[18,-13],[7,-3],[32,12],[41,6],[13,0],[26,-34],[8,-31],[9,-15],[66,-41],[41,-17],[41,3],[38,-13],[113,-72],[66,-51],[42,-41],[78,-43],[82,-57],[62,-30]],[[4339,1314],[25,-30],[11,-34],[4,-89],[-10,-123],[-14,-25],[-25,-22],[-34,-20],[-34,-13],[-30,7],[-25,11],[-20,11],[-20,18],[-22,3],[-120,1],[-32,10],[-25,6],[-25,2],[-24,-4],[-22,-9],[-39,-30],[-31,-13],[-42,-14],[-39,-18],[-35,-19],[-38,-27],[-5,-23],[0,-41],[33,-76],[3,-29],[-10,-21],[-9,-11],[-6,-9],[-21,-19],[-26,3],[-36,28],[-7,28],[-4,33],[-3,21],[-8,23],[-14,13],[-22,3],[-19,-7],[-12,-13],[-4,-23],[2,-22],[6,-32],[9,-23],[5,-19],[-2,-21],[-7,-17],[-32,-62],[-17,-24],[-13,-15],[-39,-33],[-33,-22],[-47,-7],[-32,1],[-29,4],[-27,9],[-60,34],[-25,21],[-15,16],[-23,38],[-24,28],[-23,21],[-42,18],[-30,-6],[-24,-22],[-35,-42],[-21,-20],[-17,-14],[-27,0],[-31,15],[-26,6],[-56,20],[-98,19],[-66,4],[-33,-4],[-47,-23],[-31,-29],[-37,-13],[-28,-4],[-21,-14],[-16,-25],[-16,-19],[-53,-2],[-25,9],[-28,6],[-25,-8],[-12,-14],[16,-50],[3,-26],[-15,-40],[-4,-18],[-6,-6],[-2,-21],[-8,-32],[-2,-24],[-11,-19],[-22,-14],[-49,-16],[-20,-12],[-36,-29],[-2,-13],[5,-18],[-5,-19],[-12,-18],[-7,-15],[-4,-32],[-9,-10],[-30,0],[-5,2],[-23,0],[-27,-3],[2,-34],[-15,-11],[-23,-8],[-18,2],[-82,40],[-12,15],[-21,49],[-18,4],[-2,63],[-8,10],[-16,1],[-10,-10],[-16,-8],[-5,-16],[-18,-41],[-10,-31],[-18,4],[-46,32],[-21,5],[-42,-3],[-35,4],[-45,20],[-44,27],[-25,0],[-20,-8],[-25,-41],[-12,-5],[-23,0],[-13,4],[-19,-4],[-16,-11],[-19,-6],[-22,-4],[-21,3],[-24,7],[-19,9],[-22,9],[-23,-2],[-24,6],[-15,9],[-15,6],[-20,5],[-19,-6],[-17,-9],[-15,-13],[-20,-3],[-54,6],[-24,6],[-19,10],[-16,21],[-14,18],[-15,11],[-11,10],[-17,10],[-17,-7],[-22,-5],[-18,8],[-19,5],[-50,3],[-38,6],[-49,12],[12,55],[2,34],[-2,14],[-13,11],[-7,13],[0,14],[6,42],[4,16],[-19,8],[-3,14],[-4,6],[1,8],[-15,21],[-3,12],[11,42],[-3,5],[4,12],[7,-1],[8,47],[-22,15],[0,10],[11,33],[12,11],[13,5],[-15,14],[-16,13],[-11,3],[-8,-1],[4,27],[-1,51],[-3,14],[-7,13],[11,49],[14,21],[0,20],[-3,27],[4,16],[15,7],[14,-2],[6,6],[-1,15],[-19,3],[-19,-4],[-11,3],[1,43],[-3,19],[25,20],[2,7],[3,17],[26,8],[13,0],[12,-3],[3,-7],[17,-10],[13,49],[8,11],[14,8],[34,18],[9,-7],[11,-15],[14,-7],[21,2],[5,8],[-9,14],[6,22],[-1,18],[-9,20],[-5,19],[16,23],[-11,1],[-32,-5],[-38,14],[-11,8],[-12,12],[-20,8],[-14,13],[-22,29],[-19,0],[-34,13],[-29,5],[-44,-6],[-27,1],[-24,-3],[-7,-4],[-16,-19],[-12,-5],[-23,-1],[-23,8],[-29,14],[-33,20],[-45,-8],[-21,8],[-23,20],[-56,14],[-27,14],[-22,8],[-14,19],[-8,17],[-12,13],[-11,17],[-13,43],[-13,14],[-38,36],[8,12],[12,-2],[16,-10],[74,9],[15,5],[8,19],[2,11],[0,14],[27,-6],[10,-4],[24,-16],[12,-1],[30,4],[0,7],[10,1],[8,-5],[14,0],[18,2],[2,7],[0,17],[4,20],[8,9],[14,12],[5,2],[16,1],[11,7],[15,3],[25,-5],[8,10],[0,64],[-31,6],[-2,9],[-8,6],[-1,7],[-4,6],[-4,3],[-5,1],[2,13],[13,-4],[11,7],[33,-6],[8,3],[34,40],[15,2],[29,-3],[8,6],[9,2],[0,7],[-6,9],[-6,3],[3,9],[9,-1],[1,5],[-2,18],[-22,7],[0,15],[4,16],[12,11],[3,11],[7,16],[12,19],[-4,8],[-17,5],[-15,-10],[-14,-14],[-10,-8],[-12,1],[-12,4],[7,12],[-8,1],[-5,4],[-5,13],[-15,5],[-9,6],[-1,20],[45,9],[21,19],[33,-4],[7,14],[6,45],[0,14],[3,15],[-5,8],[-12,3],[-11,-6],[-17,7],[-7,1],[-17,-15],[-9,3],[-8,7],[-10,0],[-4,7],[2,8],[5,1],[2,7],[-3,4],[-1,10],[5,6],[7,17],[9,32],[4,33],[-4,36],[5,14],[15,-8],[50,-8],[9,6],[1,14],[0,28],[-13,11],[-7,9],[-7,32],[-6,15],[8,50],[0,25],[-6,61],[-11,5],[-1,0],[4,11],[4,46],[-4,4],[-1,6],[14,10],[12,3],[5,7],[0,17],[-7,2],[-2,10],[5,14],[-4,13],[1,16],[-1,15],[11,3],[10,14],[12,21],[2,17],[-4,37],[8,17],[3,4],[23,17],[12,4],[-2,19],[-14,16],[3,28],[-3,14],[-11,14],[-9,22],[-10,18],[-6,22],[5,6],[-2,9],[-19,12],[-10,14],[-8,15],[6,27]],[[499,3120],[5,12],[10,11],[18,7],[8,35],[-11,9],[-8,13],[8,17],[-3,61],[21,5],[22,-4],[17,-9],[15,6],[37,-14],[20,-5],[13,-20],[5,-32],[10,-12],[17,-6],[21,-11],[24,-7],[11,22],[9,28],[15,-1],[4,1],[12,-5],[9,1],[11,1],[3,7],[8,3],[12,-1],[-5,10],[-8,24],[60,17],[10,20],[37,1],[8,-5],[3,2],[18,-4],[12,-11],[27,3],[15,-6],[2,8],[-15,8],[-2,10],[7,17],[-8,16],[16,14],[15,-8],[10,6],[11,0],[-3,13],[19,-6],[6,-8],[-5,-24],[1,-14],[14,-12],[14,-4],[-8,55],[-6,16],[0,30],[8,21],[23,-7],[13,1],[3,-15],[11,0],[2,10],[23,5],[0,8],[9,4],[-4,10],[11,-6],[28,-9],[-5,-13],[-4,-17],[-24,-15],[-5,-7],[-8,-3],[-12,-15],[2,-14],[11,-5],[8,-18],[7,-22],[7,-2],[11,-8],[3,-18],[-3,-19],[1,-13],[-38,-60],[9,-7],[7,-14],[-3,-9],[5,-8],[2,-6],[-24,-10],[-16,-42],[5,-19],[-5,-18],[-15,-31],[8,-8],[19,4],[17,-4],[8,-25],[21,-14],[-11,-34],[-10,-26],[-22,3],[-12,-21],[3,-19],[-3,-6],[-3,-17],[-9,-15],[8,-13],[2,-11],[-8,-20],[-20,-34],[-14,-16],[-27,-15],[1,-8],[20,-5],[2,-35],[8,-26],[-7,-30],[-1,-19],[-4,-11],[-3,-19],[45,-20],[10,-1],[13,11],[9,5],[20,-2],[29,-8],[20,25],[11,10],[10,2],[16,-14],[1,-13],[-1,-33],[14,-10],[30,-10],[2,5],[5,2],[11,-7],[19,-6],[10,13],[9,5],[3,-6],[-5,-9],[-1,-6],[16,1],[8,5],[73,14],[12,-6],[-2,-14],[7,-7],[14,-7],[12,2],[18,32],[9,7],[31,8],[17,-28],[9,-11],[10,-5],[12,1],[12,13],[9,13],[7,32],[-13,12],[-6,-13],[-7,-8],[-21,-2],[-3,8],[8,19],[-4,22],[15,3],[17,15],[34,6],[24,7],[8,10],[-1,14],[6,7],[-2,14],[-5,17],[-9,19],[11,21],[-1,16],[-31,6],[-16,8],[-9,10],[22,32],[3,7],[7,5],[-5,4],[-2,1],[-6,7],[0,16],[-27,26],[-3,3],[-11,3],[2,15],[-11,2],[-12,7],[-14,-1],[-25,10],[0,9],[-11,1],[-12,9],[-9,12],[-7,22],[-1,20],[-16,14],[-6,27],[15,11],[21,11],[9,8],[16,-2],[-7,15],[-20,1],[-8,7],[3,6],[13,1],[7,6],[19,4],[4,18],[19,0],[17,4],[12,-3],[18,12],[11,1],[2,17],[5,16],[-2,10],[-2,5],[1,10],[17,10],[20,21],[13,21],[19,47],[8,14],[33,10],[15,22],[13,24],[27,7],[21,-3],[18,-6],[7,-20],[-3,-27],[16,-12],[8,-48],[-26,-41],[-3,-23],[12,-23],[26,-35],[35,19],[30,8],[24,-7],[46,-19],[41,-5],[3,10],[2,24],[-11,48],[25,17],[3,14],[-13,7],[-18,4],[-15,13],[-3,17],[6,20],[37,16],[17,5],[35,15],[14,18],[6,23],[8,9],[36,0],[22,-4],[20,4],[7,22],[12,24],[25,8],[26,-10],[10,-29],[6,-40],[13,-30],[6,-25],[-1,-26],[-4,-30],[4,-11],[21,-15],[21,-19],[24,-29],[12,-31],[15,-19],[4,-20],[16,-5],[13,-11],[-18,-13],[-19,7],[0,-20],[34,-13],[12,-19],[20,-42],[19,-23],[28,-17],[25,-11],[28,-13],[37,-26],[22,-19],[1,-16],[11,-7],[5,-21],[12,0],[17,8],[11,7],[11,10],[7,19],[8,12],[12,11],[17,10],[14,0],[11,-5],[4,-7],[1,-10],[-2,-11],[12,-19],[20,-12],[38,-6],[29,-10],[13,-33],[13,-16],[24,-22],[40,9],[25,9],[17,-1],[60,-8],[15,-10],[13,-14],[30,-18],[24,-18],[32,5]],[[4069,5367],[-1,1],[-22,-2],[-20,-11],[-20,5],[-16,16],[-21,12],[-14,-6],[-21,-15],[-71,-59],[-5,-3],[-18,26],[-16,11],[7,11],[-11,9],[-23,22],[-10,6],[-3,-8],[-13,-14],[-13,-18],[0,-17],[4,-10],[-5,-10],[-5,-10],[-3,-11],[-18,-4],[-27,2],[-21,-27],[-4,-17],[-23,-39],[-32,6],[-27,3],[-17,-43],[-20,-29],[-18,-33],[-9,-38],[-13,-6],[-5,-20],[-24,-2],[-9,-35],[4,-13],[25,-7],[67,-11],[1,-35],[8,-58],[-15,-9],[-3,-17],[3,-21]],[[3572,4839],[-6,-11],[-1,-14],[1,-43],[-8,-24],[-3,-29],[-5,-20],[-15,-7],[-18,-5],[-19,-3],[-19,-7],[-12,-22],[-6,-16],[-8,-10],[-7,-20],[-1,-20],[-18,2],[-15,11],[-9,-8],[-12,-1],[-4,-4],[8,-16],[10,-13],[-30,-27],[-3,-18],[-7,-1],[-22,19],[-23,-1],[-24,-7],[-15,-21],[-14,-13],[-22,0]],[[3245,4490],[-37,43],[-38,3],[-7,18],[-17,6],[-24,1],[-16,-31],[-9,-15],[-20,-15],[-21,-8],[-19,0],[-21,4],[-4,28],[-12,15],[-21,34],[-36,0],[-13,-21],[-10,-12],[-27,-1],[-19,5],[-34,20],[-19,6],[-17,-6],[-12,-27],[-25,-5],[-13,12],[-28,5],[-23,11],[-17,15],[-19,13],[-12,14],[-24,-32],[-21,4],[-4,-32],[-18,-45],[-40,8],[-14,0],[-18,-19],[-7,-58],[-5,-21],[-13,-11],[-34,-12],[1,-13],[20,-20],[12,-16],[-7,-31],[-1,-20],[-16,-21],[0,-19],[-5,-20],[-9,-8],[-20,-27],[9,-22],[3,-14],[0,-14],[-23,-22],[-18,-24],[-19,-9],[-22,-8],[-14,-14],[-30,-1],[20,-64],[-7,-24],[-17,-24],[-14,-31],[-34,5],[0,-14],[-5,-16],[-18,-10],[-15,10],[-20,8],[-22,4],[-15,29],[-25,0],[0,27],[1,29],[-11,58],[-28,7],[-28,2],[13,-25],[-32,-23],[-28,-17],[-20,3],[-27,20],[5,21],[-11,14],[-18,2],[-34,-13],[-18,0],[-16,24],[-40,12],[-6,27],[-1,39],[-24,-8],[-10,-31],[-16,1],[-2,-16],[15,-13],[-1,-19],[-3,-15],[-18,3],[-8,-20],[20,-11],[-14,-29],[-21,2],[-19,11],[-18,15],[-18,11],[-15,14],[-14,17],[-14,19],[-9,10],[-9,17],[-20,-52],[-15,-5],[-23,0],[6,26],[-4,25],[19,34],[-25,40],[-20,5],[-14,-1],[-21,6],[3,33],[-8,13],[-5,18],[-24,22],[-19,3],[-27,9],[-60,5],[-6,13],[-2,16],[6,9],[4,9],[-3,9],[-14,17],[-2,23],[-12,3],[-5,16],[-6,38],[-62,6],[-6,-25],[-20,-23],[-32,3],[-7,-6],[-23,31],[-8,3],[-8,-26],[-6,-4],[-18,-1],[-36,-7],[-12,3],[-3,-17],[8,1],[0,-14],[21,7],[8,-6],[11,-1],[14,-26],[-7,-38],[-12,-4],[-8,-8],[-5,-19],[3,-35],[-39,-23],[-79,-54],[-15,3],[-22,-4],[-8,-18],[7,-28]],[[988,4103],[-6,-4],[-2,6],[-7,-3],[-28,11],[-11,12],[-10,16],[-15,0],[-10,-6],[-27,10],[-26,-2],[-10,18],[-19,4],[-10,-1],[-9,8],[-16,-3],[1,40],[-1,15],[-5,18],[-9,-1],[0,-9],[-54,-12],[-11,-4],[-7,-5],[-10,-1],[-9,12],[-16,41],[-10,4],[-11,1],[-29,-39],[-10,-20],[-17,-20],[-11,6],[-3,7],[0,9],[-12,40],[-35,-3],[-4,10],[-7,-3],[-8,16],[-9,6],[-47,11],[5,35],[-4,20],[2,6],[12,2],[-2,12],[7,26],[9,19],[-5,4],[-7,36],[-6,3],[2,23],[7,21],[4,36],[1,17],[-2,8],[9,7],[7,12],[30,12],[6,-6],[10,4],[5,9],[8,-7],[10,7],[6,15],[5,8],[25,-4],[9,14],[28,10],[11,7],[14,-5],[12,1],[11,20],[17,2],[6,16],[16,15],[9,42],[-26,-7],[-38,22],[-5,10],[-16,5],[-10,8],[-30,1],[-10,6],[5,25],[9,21],[15,15],[18,10],[0,37],[39,-1],[2,-23],[11,3],[10,30],[11,20],[9,8],[-3,18],[9,1],[3,40],[11,17],[11,-4],[8,11],[25,-15],[9,2],[2,16],[-11,6],[-16,32],[-5,14],[5,24],[32,-11],[10,5],[27,-7],[5,26],[-1,21],[2,20],[-6,19],[7,16],[9,-2],[11,12],[0,13],[-12,9],[13,13],[5,-23],[8,-7],[11,-2],[8,-8],[7,16],[-10,10],[3,14],[17,3],[3,13],[-13,2],[-8,8],[12,12],[1,18],[-4,4],[-3,14],[-9,7],[-9,1],[-12,-3],[-9,-7],[-16,15],[6,7],[-4,8],[-14,4],[-13,10],[-7,19],[-16,-6],[-16,-14],[-11,8],[-5,28],[-23,15],[-36,11],[-11,-2],[-2,30],[-9,3],[-5,14],[4,24],[20,-3],[8,21],[15,13],[23,2],[27,8],[17,10],[6,37],[-8,53],[-7,16],[9,59],[-19,4],[-21,21],[-4,15],[-11,26],[-6,25],[-12,2],[0,26],[22,-2],[23,42],[-9,14],[-9,26],[-9,18],[19,38],[23,14],[16,27]],[[797,5979],[39,2],[18,22],[40,3],[46,-6],[48,-40],[1,-12],[40,-3],[10,-6],[25,5],[11,-15],[7,-28],[-4,-19],[18,1],[4,-23],[8,0],[3,-37],[-3,-11],[7,1],[26,1],[3,-10],[25,-31],[13,5],[1,8],[7,11],[12,-3],[19,15],[22,-3],[12,-13],[38,-6],[6,11],[22,8],[15,-4],[14,12],[26,-11],[-5,-11],[1,-13],[14,-5],[24,-5],[51,12],[-5,-26],[1,-26],[6,-10],[-20,-20],[7,-11],[12,-3],[-3,-18],[5,-5],[11,7],[8,-10],[5,3],[1,6],[8,-3],[11,5],[-9,9],[16,12],[17,-13],[-11,-12],[2,-12],[-3,-3],[-14,4],[-7,-14],[7,-7],[2,-7],[-17,-15],[-11,2],[-7,-5],[18,-20],[26,4],[-7,-29],[-10,-1],[-9,6],[-5,-10],[-12,-2],[-11,8],[3,-17],[-12,-2],[-7,-7],[-4,-6],[1,-6],[34,20],[34,3],[18,18],[10,14],[26,5],[30,-4],[25,1],[46,-1],[9,2],[13,-6],[14,-29],[14,-7],[41,0],[27,-14],[21,-7],[27,-14],[7,-7],[28,0],[3,-6],[2,0],[1,-1],[7,7],[9,30],[16,15],[10,0],[8,-46],[14,-6],[38,-1],[12,7],[10,10],[6,10],[9,5],[1,3],[6,8],[9,7],[10,12],[8,12],[8,20],[1,32],[-10,61],[-4,42],[4,22],[7,27],[17,35],[22,26],[20,11],[21,-1],[10,-38],[13,-37],[-11,-23],[16,-8],[14,-9],[19,-18],[18,-11],[29,-31],[24,-8],[22,12],[30,40],[27,26],[12,20],[7,21],[11,19],[9,-1],[30,-27],[43,-41],[18,-31],[-1,-21],[13,-8],[22,-43],[11,-14],[14,17],[19,-4],[24,7],[21,24],[6,18],[1,20],[30,21],[10,-26],[5,-27],[8,-17],[9,-13],[15,-8],[20,-1],[30,6],[11,3],[15,17],[-19,23],[1,21],[13,18],[20,16],[16,7],[14,3],[13,13],[25,8],[21,-6],[18,1],[17,6],[17,9],[-2,33],[4,48],[-2,21]],[[6168,2790],[-20,-70],[-18,-23],[-22,-21],[-20,-28],[-15,-39],[-17,-34],[-7,-35],[5,-2],[44,-23],[42,-1],[3,-11],[0,-21],[5,-17],[11,-15],[61,-31],[-10,-27],[-16,-50],[-13,-26],[-9,-64],[-10,-13],[-23,-20],[-20,-32],[-15,-17],[-31,-21],[-19,-21],[-5,-5],[-41,-81],[-32,-42],[-34,-24],[-42,-4],[-21,6],[-26,11],[-25,29],[-22,65],[-16,30],[-25,23],[-38,-4],[-41,-12],[-35,-3],[-59,84],[-18,12],[-26,-6],[-28,-17],[-36,-55],[-25,-13],[-87,-5],[-31,-16],[-29,-24],[-16,-30],[-33,-3],[-36,9],[-37,-3],[-31,-29],[-26,-19],[-22,-14],[-22,-8],[-37,-8],[-54,5],[-33,-7],[-60,-29],[-42,-24],[-17,-38],[-19,-19],[-17,-8],[-52,-5],[-126,-3],[-27,-2],[-29,-7],[-54,-21],[-28,-4],[-36,-10],[-12,-37],[-66,-66],[-11,-28],[-3,-39],[15,-25],[9,-27],[3,-30],[-22,-15],[-16,-35],[-9,-55],[-5,-53],[2,-48],[-4,-28]],[[3205,2693],[-7,16],[7,14],[11,42],[24,15],[27,2],[26,-2],[28,-6],[1,10],[9,19],[37,-1],[30,-10],[10,17],[7,25],[21,22],[25,18],[26,27],[-4,17],[-19,18],[-37,13],[-32,3],[10,12],[13,12],[62,-20],[24,6],[17,22],[-2,28],[2,15],[21,24],[-12,20],[-19,18],[-37,28],[3,19],[34,-8],[4,18],[-9,17],[-15,5],[-31,7],[-22,9],[-28,18],[-21,26],[-5,24],[24,29],[-9,23],[1,27],[-21,7],[-4,23],[-10,17],[-12,16],[32,-10],[65,-15],[29,67],[-20,19],[-25,12],[-77,23],[-18,15],[-16,18],[12,19],[-10,18],[-21,24],[15,13],[30,18],[4,5],[-6,9],[-22,9],[-21,17],[14,13],[25,14],[12,10],[-1,19],[-40,25],[-24,1],[5,27],[2,19],[8,19],[1,17],[-5,13],[17,21],[10,22],[9,30],[-4,40],[-12,8],[-16,-14],[-22,-4],[-29,7],[-24,-9],[3,59],[9,12],[17,9],[1,13],[-14,9],[-21,19],[6,74],[-1,13],[-15,24],[-5,26],[-11,37],[-25,45],[8,14],[12,13],[-13,11],[-2,7],[12,13],[10,5],[-4,24],[9,30],[17,23],[9,40],[13,37]],[[3572,4839],[41,-13],[25,-3],[20,2],[8,-5],[43,-9],[7,-15],[28,-6],[63,-5],[26,3],[11,-17],[14,-54],[25,-66],[8,-32],[21,-25],[33,21],[27,11],[19,-12],[31,-13],[12,-26],[10,-30],[26,-26],[20,-12],[20,-9],[20,-6],[5,-39],[27,-55],[23,-12],[6,-10],[-9,-30],[1,-37],[10,-20],[19,-15],[5,2],[21,9],[5,25],[7,16],[14,6],[18,32],[30,23],[20,-42],[-14,-13],[4,-27],[14,-15],[11,-18],[7,-34],[21,2],[35,-11],[12,3],[7,21],[10,18],[7,8],[15,-5],[11,-16],[9,-25],[9,-11],[11,-4],[16,-2],[15,2],[12,-14],[7,-17],[5,-34],[16,-9],[72,-18],[30,-19],[25,-14],[29,-11],[14,0],[40,38],[18,3],[30,-7],[29,5],[25,-1],[25,-7],[13,-8],[14,-21],[30,-12],[28,-2],[11,42],[15,17],[18,11],[38,-43],[8,-11],[24,2],[35,-14],[17,11],[39,-13],[38,-11],[23,9],[21,17],[11,5],[3,-11],[1,-24],[-4,-45],[31,-21],[33,-16],[28,-2],[16,-7],[14,-18],[11,-19],[13,-12],[16,-4],[54,2],[12,-3],[2,-38],[7,-17],[35,-30],[18,-21],[-30,-15],[-11,-7],[-2,-8],[7,-18],[28,-37],[7,-22],[11,-54],[3,-5]],[[797,5979],[9,12],[-12,8],[-31,5],[-20,9],[0,6],[-9,3],[-21,-18],[-24,20],[11,17],[34,24],[-8,24],[-30,33],[-24,6],[-33,13],[-17,25],[4,37],[20,27],[25,24],[17,6],[12,73],[-24,7],[-20,1],[2,6],[-22,10],[6,32],[13,4],[26,-4],[30,-14],[15,9],[16,2],[19,9],[5,6],[-4,4],[1,16],[-54,11],[-20,-1],[-2,7],[-6,7],[0,5],[26,-1],[5,6],[22,-2],[13,42],[31,-7],[6,-18],[17,1],[6,27],[-2,15],[-20,6],[-16,22],[1,17],[21,13],[11,17],[-2,7],[-16,-4],[0,12],[11,17],[-2,31],[30,0],[5,-13],[5,1],[2,14],[28,5],[11,-13],[14,21],[18,-3],[1,-7],[6,0],[-6,-20],[-9,-13],[27,-22],[10,15],[30,20],[15,-2],[65,34],[35,-7],[18,8],[-2,20],[26,64],[2,39],[-11,40],[-16,23],[-14,29],[1,7],[0,6],[2,18],[5,0],[0,16],[-11,5],[10,29],[26,19],[11,15],[1,20],[17,22],[15,2],[9,-15],[2,-27],[37,-16],[0,25],[35,53],[1,32],[16,27],[29,70],[9,42],[22,53],[48,16],[106,38],[46,-19],[31,1],[5,24],[-2,25]],[[499,3120],[-23,9],[-9,9],[-21,8],[-11,-8],[-22,7],[-26,15],[-18,7],[-10,21],[-50,15],[-2,26],[-19,7],[-15,25],[11,8],[-3,11],[10,17],[-1,17],[7,16],[13,8],[11,1],[21,-3],[5,36],[11,4],[1,7],[-13,0],[-19,3],[-7,9],[-2,8],[8,9],[18,13],[8,10],[6,-2],[15,13],[21,-18],[6,7],[5,22],[1,18],[4,10],[33,20],[11,18],[16,3],[10,14],[-3,27],[-13,5],[-29,-1],[9,20],[6,3],[16,38],[4,4],[4,30],[2,2],[6,24],[2,17],[-7,10],[-7,3],[0,32],[4,18],[61,-2],[-9,-4],[-6,-12],[4,-10],[18,-11],[22,2],[14,-3],[24,13],[24,6],[16,25],[5,14],[-8,2],[-12,19],[27,30],[4,13],[-4,5],[-15,0],[-35,16],[-2,36],[29,23],[23,10],[33,-14],[20,1],[33,-15],[-2,23],[3,38],[38,-15],[12,-13],[19,1],[13,3],[2,21],[-3,28],[2,13],[10,4],[24,0],[16,2],[15,9],[4,19],[4,28],[8,10],[11,10],[-9,-29],[-2,-25],[37,-12],[42,-8],[2,30],[5,16],[2,17],[-5,17]],[[6803,6764],[4,-6],[7,-4],[15,5],[9,6],[7,7],[3,11],[5,9],[6,4],[10,2],[8,-3],[24,-24]]],"transform":{"scale":[0.0004564475860190883,0.00040836948720818396],"translate":[77.23899106623934,15.833175517494336]}}