{"type":"Topology","transform":{"scale":[0.005027721999634125,0.003517180290725156],"translate":[-124.73276931255424,24.06561818167825]},"objects":{"type":"GeometryCollection","geometries":[{"arcs":[[[0]],[[1]],[[2]],[[3]],[[4]],[[5]]],"type":"MultiPolygon","properties":{"NAME_1":"Hawaii","DRAWSEQ":1,"STATE_FIPS":"15","SUB_REGION":"Pacific","iso_a2":"US_HI"}},{"arcs":[[[6,7,8]],[[9]],[[10]]],"type":"MultiPolygon","properties":{"NAME_1":"Washington","DRAWSEQ":2,"STATE_FIPS":"53","SUB_REGION":"Pacific","iso_a2":"US_WA"}},{"arcs":[[11,12,13,14,15]],"type":"Polygon","properties":{"NAME_1":"Montana","DRAWSEQ":3,"STATE_FIPS":"30","SUB_REGION":"Mountain","iso_a2":"US_MT"}},{"arcs":[[[16,17]],[[18]]],"type":"MultiPolygon","properties":{"NAME_1":"Maine","DRAWSEQ":4,"STATE_FIPS":"23","SUB_REGION":"New England","iso_a2":"US_ME"}},{"arcs":[[-13,19,20,21]],"type":"Polygon","properties":{"NAME_1":"North Dakota","DRAWSEQ":5,"STATE_FIPS":"38","SUB_REGION":"West North Central","iso_a2":"US_ND"}},{"arcs":[[22,-14,-22,23,24,25]],"type":"Polygon","properties":{"NAME_1":"South Dakota","DRAWSEQ":6,"STATE_FIPS":"46","SUB_REGION":"West North Central","iso_a2":"US_SD"}},{"arcs":[[26,27,28,-15,-23,29]],"type":"Polygon","properties":{"NAME_1":"Wyoming","DRAWSEQ":7,"STATE_FIPS":"56","SUB_REGION":"Mountain","iso_a2":"US_WY"}},{"arcs":[[[30,31,32,33,34,35]],[[36]]],"type":"MultiPolygon","properties":{"NAME_1":"Wisconsin","DRAWSEQ":8,"STATE_FIPS":"55","SUB_REGION":"East North Central","iso_a2":"US_WI"}},{"arcs":[[-7,37,-16,-29,38,39,40]],"type":"Polygon","properties":{"NAME_1":"Idaho","DRAWSEQ":9,"STATE_FIPS":"16","SUB_REGION":"Mountain","iso_a2":"US_ID"}},{"arcs":[[41,42,43,44]],"type":"Polygon","properties":{"NAME_1":"Vermont","DRAWSEQ":10,"STATE_FIPS":"50","SUB_REGION":"New England","iso_a2":"US_VT"}},{"arcs":[[-24,-21,45,-33,46]],"type":"Polygon","properties":{"NAME_1":"Minnesota","DRAWSEQ":11,"STATE_FIPS":"27","SUB_REGION":"West North Central","iso_a2":"US_MN"}},{"arcs":[[47,-8,-41,48,49]],"type":"Polygon","properties":{"NAME_1":"Oregon","DRAWSEQ":12,"STATE_FIPS":"41","SUB_REGION":"Pacific","iso_a2":"US_OR"}},{"arcs":[[-44,50,-17,51,52]],"type":"Polygon","properties":{"NAME_1":"New Hampshire","DRAWSEQ":13,"STATE_FIPS":"33","SUB_REGION":"New England","iso_a2":"US_NH"}},{"arcs":[[53,54,-25,-47,-32,55]],"type":"Polygon","properties":{"NAME_1":"Iowa","DRAWSEQ":14,"STATE_FIPS":"19","SUB_REGION":"West North Central","iso_a2":"US_IA"}},{"arcs":[[[56,57,-45,-53,58,59,60,61]],[[62]],[[63]]],"type":"MultiPolygon","properties":{"NAME_1":"Massachusetts","DRAWSEQ":15,"STATE_FIPS":"25","SUB_REGION":"New England","iso_a2":"US_MA"}},{"arcs":[[64,-30,-26,-55,65,66]],"type":"Polygon","properties":{"NAME_1":"Nebraska","DRAWSEQ":16,"STATE_FIPS":"31","SUB_REGION":"West North Central","iso_a2":"US_NE"}},{"arcs":[[[67,-42,-58,68,69,70,71]],[[72]]],"type":"MultiPolygon","properties":{"NAME_1":"New York","DRAWSEQ":17,"STATE_FIPS":"36","SUB_REGION":"Middle Atlantic","iso_a2":"US_NY"}},{"arcs":[[73,74,75,-72,76,77,78]],"type":"Polygon","properties":{"NAME_1":"Pennsylvania","DRAWSEQ":18,"STATE_FIPS":"42","SUB_REGION":"Middle Atlantic","iso_a2":"US_PA"}},{"arcs":[[-57,79,80,-69]],"type":"Polygon","properties":{"NAME_1":"Connecticut","DRAWSEQ":19,"STATE_FIPS":"09","SUB_REGION":"New England","iso_a2":"US_CT"}},{"arcs":[[[-62,81,-80]],[[-60,82]],[[83]]],"type":"MultiPolygon","properties":{"NAME_1":"Rhode Island","DRAWSEQ":20,"STATE_FIPS":"44","SUB_REGION":"New England","iso_a2":"US_RI"}},{"arcs":[[84,-77,-71,85]],"type":"Polygon","properties":{"NAME_1":"New Jersey","DRAWSEQ":21,"STATE_FIPS":"34","SUB_REGION":"Middle Atlantic","iso_a2":"US_NJ"}},{"arcs":[[86,87,88,89,90]],"type":"Polygon","properties":{"NAME_1":"Indiana","DRAWSEQ":22,"STATE_FIPS":"18","SUB_REGION":"East North Central","iso_a2":"US_IN"}},{"arcs":[[-49,-40,91,92,93]],"type":"Polygon","properties":{"NAME_1":"Nevada","DRAWSEQ":23,"STATE_FIPS":"32","SUB_REGION":"Mountain","iso_a2":"US_NV"}},{"arcs":[[-39,-28,94,95,-92]],"type":"Polygon","properties":{"NAME_1":"Utah","DRAWSEQ":24,"STATE_FIPS":"49","SUB_REGION":"Mountain","iso_a2":"US_UT"}},{"arcs":[[[-50,-94,96,97]],[[98]],[[99]],[[100]],[[101]]],"type":"MultiPolygon","properties":{"NAME_1":"California","DRAWSEQ":25,"STATE_FIPS":"06","SUB_REGION":"Pacific","iso_a2":"US_CA"}},{"arcs":[[-90,102,103,-75,104,105]],"type":"Polygon","properties":{"NAME_1":"Ohio","DRAWSEQ":26,"STATE_FIPS":"39","SUB_REGION":"East North Central","iso_a2":"US_OH"}},{"arcs":[[106,-56,-31,107,-87,108]],"type":"Polygon","properties":{"NAME_1":"Illinois","DRAWSEQ":27,"STATE_FIPS":"17","SUB_REGION":"East North Central","iso_a2":"US_IL"}},{"arcs":[[109,110]],"type":"Polygon","properties":{"NAME_1":"District of Columbia","DRAWSEQ":28,"STATE_FIPS":"11","SUB_REGION":"South Atlantic","iso_a2":"US_DC"}},{"arcs":[[-78,-85,111,112,113,114]],"type":"Polygon","properties":{"NAME_1":"Delaware","DRAWSEQ":29,"STATE_FIPS":"10","SUB_REGION":"South Atlantic","iso_a2":"US_DE"}},{"arcs":[[115,-105,-74,116,117]],"type":"Polygon","properties":{"NAME_1":"West Virginia","DRAWSEQ":30,"STATE_FIPS":"54","SUB_REGION":"South Atlantic","iso_a2":"US_WV"}},{"arcs":[[[118,119,120,121,-111,122,-117,-79,-115]],[[123]],[[-113,124]],[[125,126]]],"type":"MultiPolygon","properties":{"NAME_1":"Maryland","DRAWSEQ":31,"STATE_FIPS":"24","SUB_REGION":"South Atlantic","iso_a2":"US_MD"}},{"arcs":[[127,128,-95,-27,-65,129]],"type":"Polygon","properties":{"NAME_1":"Colorado","DRAWSEQ":32,"STATE_FIPS":"08","SUB_REGION":"Mountain","iso_a2":"US_CO"}},{"arcs":[[[130,-109,-91,-106,-116,131,132]],[[133,134]]],"type":"MultiPolygon","properties":{"NAME_1":"Kentucky","DRAWSEQ":33,"STATE_FIPS":"21","SUB_REGION":"East South Central","iso_a2":"US_KY"}},{"arcs":[[-130,-67,135,136]],"type":"Polygon","properties":{"NAME_1":"Kansas","DRAWSEQ":34,"STATE_FIPS":"20","SUB_REGION":"West North Central","iso_a2":"US_KS"}},{"arcs":[[[137,-132,-118,-123,-110,-122,138,139,140,141,142,143]],[[-127,144]],[[-120,145]]],"type":"MultiPolygon","properties":{"NAME_1":"Virginia","DRAWSEQ":35,"STATE_FIPS":"51","SUB_REGION":"South Atlantic","iso_a2":"US_VA"}},{"arcs":[[146,-134,147,148,149,-136,-66,-54,-107,-131]],"type":"Polygon","properties":{"NAME_1":"Missouri","DRAWSEQ":36,"STATE_FIPS":"29","SUB_REGION":"West North Central","iso_a2":"US_MO"}},{"arcs":[[-93,-96,150,151,-97]],"type":"Polygon","properties":{"NAME_1":"Arizona","DRAWSEQ":37,"STATE_FIPS":"04","SUB_REGION":"Mountain","iso_a2":"US_AZ"}},{"arcs":[[152,153,-128,-137,-150,154]],"type":"Polygon","properties":{"NAME_1":"Oklahoma","DRAWSEQ":38,"STATE_FIPS":"40","SUB_REGION":"West South Central","iso_a2":"US_OK"}},{"arcs":[[[155,-144,156,157,158]],[[-142,159]],[[-140,160]],[[161]]],"type":"MultiPolygon","properties":{"NAME_1":"North Carolina","DRAWSEQ":39,"STATE_FIPS":"37","SUB_REGION":"South Atlantic","iso_a2":"US_NC"}},{"arcs":[[162,163,164,165,-148,-135,-147,-133,-138,-156]],"type":"Polygon","properties":{"NAME_1":"Tennessee","DRAWSEQ":40,"STATE_FIPS":"47","SUB_REGION":"East South Central","iso_a2":"US_TN"}},{"arcs":[[[166,-153,167,168,169]],[[170]],[[171]],[[172]],[[173]],[[174]]],"type":"MultiPolygon","properties":{"NAME_1":"Texas","DRAWSEQ":41,"STATE_FIPS":"48","SUB_REGION":"West South Central","iso_a2":"US_TX"}},{"arcs":[[-129,-154,-167,175,-151]],"type":"Polygon","properties":{"NAME_1":"New Mexico","DRAWSEQ":42,"STATE_FIPS":"35","SUB_REGION":"Mountain","iso_a2":"US_NM"}},{"arcs":[[176,177,178,-164,179]],"type":"Polygon","properties":{"NAME_1":"Alabama","DRAWSEQ":43,"STATE_FIPS":"01","SUB_REGION":"East South Central","iso_a2":"US_AL"}},{"arcs":[[180,181,182,-165,-179]],"type":"Polygon","properties":{"NAME_1":"Mississippi","DRAWSEQ":44,"STATE_FIPS":"28","SUB_REGION":"East South Central","iso_a2":"US_MS"}},{"arcs":[[[-163,-159,183,184,185,-180]],[[186]]],"type":"MultiPolygon","properties":{"NAME_1":"Georgia","DRAWSEQ":45,"STATE_FIPS":"13","SUB_REGION":"South Atlantic","iso_a2":"US_GA"}},{"arcs":[[[-158,187,-184]],[[188]]],"type":"MultiPolygon","properties":{"NAME_1":"South Carolina","DRAWSEQ":46,"STATE_FIPS":"45","SUB_REGION":"South Atlantic","iso_a2":"US_SC"}},{"arcs":[[-149,-166,-183,189,-168,-155]],"type":"Polygon","properties":{"NAME_1":"Arkansas","DRAWSEQ":47,"STATE_FIPS":"05","SUB_REGION":"West South Central","iso_a2":"US_AR"}},{"arcs":[[[-190,-182,190,-169]],[[191]],[[192]],[[193]]],"type":"MultiPolygon","properties":{"NAME_1":"Louisiana","DRAWSEQ":48,"STATE_FIPS":"22","SUB_REGION":"West South Central","iso_a2":"US_LA"}},{"arcs":[[[-177,-186,194]],[[195]],[[196]],[[197]],[[198]]],"type":"MultiPolygon","properties":{"NAME_1":"Florida","DRAWSEQ":49,"STATE_FIPS":"12","SUB_REGION":"South Atlantic","iso_a2":"US_FL"}},{"arcs":[[[199]],[[200]],[[-35,201]],[[202]],[[203,-103,-89]]],"type":"MultiPolygon","properties":{"NAME_1":"Michigan","DRAWSEQ":50,"STATE_FIPS":"26","SUB_REGION":"East North Central","iso_a2":"US_MI"}},{"arcs":[[[204]],[[205]],[[206]],[[207]],[[208]],[[209]],[[210]],[[211]],[[212]],[[213]],[[214]],[[215]],[[216]],[[217]],[[218]],[[219]],[[220]],[[221]],[[222]],[[223]],[[224]],[[225]]],"type":"MultiPolygon","properties":{"NAME_1":"Alaska","DRAWSEQ":51,"STATE_FIPS":"02","SUB_REGION":"Pacific","iso_a2":"US_AK"}}]},"arcs":[[[3410,1212],[-20,-23],[-27,4],[-45,44],[18,32],[64,23],[18,-30],[-8,-50]],[[3741,1027],[-84,-2],[-34,84],[31,-2],[25,34],[62,-114]],[[3932,981],[-35,-25],[-79,9],[-3,16],[15,27],[102,-27]],[[3868,922],[25,0],[19,-39],[-31,-18],[-13,57]],[[4035,838],[-40,-19],[-19,64],[-29,4],[-2,60],[34,-35],[44,10],[49,-37],[-7,-41],[-30,-6]],[[4141,351],[-39,25],[-3,103],[-34,116],[44,64],[-7,76],[131,-78],[25,-78],[20,5],[0,-25],[37,-32],[-45,-59],[-100,-60],[-29,-57]],[[1532,7089],[-7,-753],[30,-101]],[[1555,6235],[-412,1],[-31,-21],[-89,-3],[-123,-55],[-83,6],[-109,-40],[-29,27],[-98,1],[-97,-45],[-92,31],[-28,122],[-43,29],[-37,-10]],[[284,6278],[-34,36],[-120,-2],[3,107],[11,-74],[33,7],[-23,60],[23,29],[-49,3],[-10,48],[22,-22],[-3,18],[46,23],[-60,22],[-9,-32],[-43,201],[-71,145],[3,65],[144,-62],[174,-3],[39,-23],[31,22],[23,-80],[-42,-10],[-58,-136],[64,25],[-56,-18],[39,69],[33,13],[28,78],[27,-52],[-30,-16],[25,-54],[-15,-73],[-25,12],[13,30],[-25,-67],[-8,56],[-62,-43],[7,-34],[31,-12],[44,15],[30,62],[26,-17],[19,25],[-18,90],[39,98],[-37,62],[-10,-27],[19,-20],[-31,21],[1,34],[27,10],[-65,58],[45,-8],[9,39],[-17,44],[-37,13],[-12,56],[1140,0]],[[350,6931],[-37,22],[4,29],[33,-51]],[[398,6883],[25,37],[16,-34],[-41,-17],[70,-55],[-1,-36],[-44,36],[-25,69]],[[1725,7089],[770,0],[535,0],[1081,0]],[[4111,7089],[2,-869]],[[4113,6220],[-1,-268]],[[4112,5952],[-763,0],[-628,-1],[0,-148]],[[2721,5803],[-63,77],[-22,-15],[-2,-47],[-152,9],[-23,-32],[-69,14],[-25,-41],[-34,24],[-25,92],[-61,26],[-2,55],[-56,79],[-17,79],[-37,24],[-64,-65],[-46,26],[-1,61],[35,31],[-26,75],[37,147],[-55,-7],[-13,30],[-21,-8],[-108,154],[-84,50],[22,15],[-21,17],[2,46],[-64,80],[-1,290]],[[10724,5418],[1,32],[-33,46],[-22,542]],[[10670,6038],[25,11],[17,-33],[15,57],[32,-9],[-16,34],[92,110],[-6,82],[48,67],[12,76],[151,217],[35,-9],[3,-47],[28,-21],[133,48],[87,-83],[-2,-393],[72,-24],[5,-26],[-19,-5],[14,-84],[18,-19],[36,9],[19,-55],[-16,-16],[36,-22],[-46,-49],[-38,11],[-45,-44],[-39,4],[-17,-29],[-13,15],[-10,-34],[-24,26],[-59,-3],[-24,-19],[-1,-40],[-51,20],[14,64],[-16,32],[2,-49],[-28,-18],[-23,-103],[-29,-35],[-36,23],[-17,-39],[-37,-10],[11,51],[-27,-77],[-5,89],[-17,-21],[13,-70],[-18,35],[-17,-31],[-3,22],[-34,-16],[-13,-61],[-63,-68],[-25,-70],[-30,9]],[[11206,5775],[30,17],[15,-29],[-31,-32],[-14,44]],[[4111,7089],[771,0],[588,0]],[[5470,7089],[27,-92],[-8,-150],[56,-156],[13,-275],[37,-84],[8,-114]],[[5603,6218],[-786,1],[-704,1]],[[4112,5385],[0,567]],[[5603,6218],[-58,-93],[32,-56],[47,-32],[-1,-511]],[[5623,5526],[-27,0],[8,-79],[22,-28],[-38,-107],[40,-74]],[[5628,5238],[-33,6],[-19,42],[-108,55],[-115,5],[-42,-28],[-93,63],[-544,-1],[-562,5]],[[4113,4815],[-993,0]],[[3120,4815],[-399,-1],[1,284]],[[2722,5098],[-1,705]],[[4112,5385],[1,-570]],[[7347,5238],[-566,6]],[[6781,5244],[-11,36],[-74,31],[-20,96],[20,56],[-31,63]],[[6665,5526],[-29,127],[-96,69],[-24,50],[-165,108],[31,197],[-47,58],[35,71],[83,51],[0,167]],[[6453,6424],[39,23],[34,-18],[211,78],[17,-19],[-30,-85],[39,17],[64,-22]],[[6827,6398],[40,-18],[19,-47],[401,-119],[-7,-29],[70,-38],[-20,-91],[47,-1],[-19,-47],[13,-16]],[[7371,5992],[18,-13],[-8,-30],[-43,-18],[-39,-101],[21,-9],[62,84],[37,16],[23,-27],[-111,-409],[-4,-94],[28,-71],[-8,-82]],[[7498,6034],[-2,-55],[-53,-84],[-19,32],[74,107]],[[1532,7089],[193,0]],[[2722,5098],[-595,-1]],[[2127,5097],[-593,0]],[[1534,5097],[-4,514],[27,98],[-17,29],[-44,11],[-2,53],[71,113],[78,209],[-88,111]],[[10238,5311],[4,218],[-12,32],[-18,-16],[-6,18],[12,42],[-15,81],[28,105],[-17,53],[6,110]],[[10220,5954],[367,2]],[[10587,5956],[-25,-77],[9,-71],[-90,-55],[0,-62],[-71,-160],[-32,-187],[19,-39]],[[10397,5305],[-159,6]],[[5470,7089],[413,0],[1,106],[63,-12],[28,-157],[169,-43],[12,-33],[95,36],[71,-3],[61,-24],[-13,-23],[42,-6],[25,-62],[18,37],[48,1],[92,-89],[67,11],[75,49],[24,-47],[118,7],[50,-34],[73,3],[-195,-84],[-354,-298]],[[6665,5526],[-1042,0]],[[105,5098],[-42,71],[2,107],[-31,60],[67,219],[48,535],[25,4],[-19,19],[-4,181],[35,-26],[-4,23],[59,12],[43,-25]],[[1534,5097],[-592,-1]],[[942,5096],[-837,2]],[[10587,5956],[12,63],[29,17],[29,-16],[13,18]],[[10724,5418],[-17,-10],[33,-8],[-16,-54]],[[10724,5346],[-73,-18],[-20,-31],[-234,8]],[[6621,4636],[-59,68],[-801,-6]],[[5761,4698],[-22,40],[-11,208],[-30,22],[1,72],[-54,107],[-17,91]],[[6781,5244],[46,-76],[46,-35],[-4,-89],[-51,-79],[-119,-36],[-9,-48],[28,-37],[-1,-43],[-33,-76],[-56,-32],[8,-48],[-15,-9]],[[10528,5100],[-335,13]],[[10193,5113],[45,198]],[[10724,5346],[15,-59],[30,-4],[-74,-61],[-15,-42],[52,-10],[70,-144],[44,-8],[36,19],[-16,63],[-31,16],[24,4],[44,-87],[-8,-28],[-136,-37],[4,56],[-99,-69]],[[10664,4955],[-16,53]],[[10648,5008],[-6,8]],[[10642,5016],[-23,22],[-7,65],[-84,-3]],[[10766,4937],[23,-25],[-56,-12],[-15,14],[48,23]],[[10880,4903],[-3,23],[16,-39],[-50,5],[37,11]],[[4511,4530],[1,284],[-399,1]],[[5761,4698],[21,-9],[3,-71],[67,-88]],[[5852,4530],[-678,0],[-663,0]],[[8944,5175],[180,150],[-4,65],[-36,19],[0,50],[118,30],[144,-10],[33,-27],[170,23],[107,89],[-11,57],[21,51],[-45,23],[205,203],[119,52],[275,4]],[[10193,5113],[-13,-215],[14,-24],[-48,-31],[14,-28]],[[10160,4815],[-71,-85]],[[10089,4730],[22,85],[-159,100]],[[9952,4915],[-54,37],[-22,94],[-60,53],[-871,1],[-1,75]],[[10140,4700],[-34,-11],[32,23],[-49,-16],[-4,16],[25,45],[30,-2],[31,32],[192,23],[62,47],[-57,-69],[147,48],[-130,-74],[-245,-62]],[[9000,4451],[-207,0],[0,261]],[[8793,4712],[0,383]],[[8793,5095],[151,80]],[[9952,4915],[-88,-107],[16,-34],[-29,-49],[4,-36],[21,-3],[4,-36],[66,-77],[-76,-49],[-7,-27],[-55,-23]],[[9808,4474],[-45,10],[-29,-32]],[[9734,4452],[-734,-1]],[[10528,5100],[-13,-193]],[[10515,4907],[-83,-12],[-18,22],[0,-23],[-106,-2],[-148,-77]],[[10642,5016],[-33,15],[-20,-105],[-74,-19]],[[10664,4955],[-16,-9],[0,62]],[[10634,4992],[6,-42],[-22,-9],[16,51]],[[9794,4449],[14,25]],[[10089,4730],[-24,-15],[3,16],[-33,-55],[60,-53],[-39,-172],[-31,-56],[-16,5],[-7,-46],[-42,-26],[-44,-94],[-18,4],[10,56],[-40,5],[-86,87],[12,63]],[[7299,3907],[-13,28],[15,0],[-4,40],[22,32],[-10,22],[26,14],[69,128],[-32,117],[25,57],[3,675]],[[7400,5020],[58,-27],[80,40]],[[7538,5033],[406,-2],[0,-18]],[[7944,5013],[-4,-738]],[[7940,4275],[-15,-10],[14,-78],[-68,-28],[-57,9],[3,-53],[-36,-26],[-14,-41],[-32,-8],[-17,-69],[-24,-18],[-40,20],[-27,44],[11,-14],[-27,-4],[-11,-58],[-25,-23],[-43,40],[-48,-57],[-99,52],[-1,-36],[-58,23],[-11,-42],[-16,9]],[[2127,5097],[0,-698],[-1,-723]],[[2126,3676],[1,-221],[-17,-50],[-22,-6],[-29,37],[-69,-18],[33,-247],[-12,-62]],[[2011,3109],[-505,557],[-564,579],[0,851]],[[3120,4815],[0,-1139]],[[3120,3676],[-994,0]],[[2011,3109],[-1,-36],[50,-118],[50,-53],[-80,-91],[-1,-112],[-39,-42],[-1,-30],[5,-60],[48,-33],[1,-38],[-22,-31],[-30,-4]],[[1991,2461],[-479,-53],[-14,52],[16,-33],[-1,22],[-15,17],[-9,-17],[-32,158],[-139,146],[-60,-3],[-26,85],[-80,1],[-133,107],[-169,7],[-36,37],[1,162],[-45,19],[-2,62],[-80,68],[-122,183],[-13,78],[28,19],[10,48],[-25,41],[-57,11],[-48,67],[6,33],[-23,48],[1,74],[19,7],[8,-56],[76,-42],[-23,10],[-57,135],[75,24],[60,-10],[8,18],[22,-6],[-1,21],[-21,-12],[-1,21],[-23,-29],[-40,21],[-49,-20],[-18,38],[9,-31],[-50,15],[17,-47],[-15,-46],[-61,53],[-38,-3],[4,85],[-145,179],[-23,256],[-101,121],[-9,52],[56,155],[10,136],[-36,91],[7,62]],[[967,2846],[69,-12],[-64,-18],[-16,26],[11,4]],[[908,2803],[-14,25],[38,9],[17,-27],[-41,-7]],[[1221,2677],[46,-20],[12,-29],[-30,5],[-28,44]],[[1270,2489],[-14,-4],[-36,61],[50,-57]],[[7944,5013],[260,8]],[[8204,5021],[95,-53],[42,0],[-54,-24],[103,-18],[106,35],[55,-7],[76,66],[166,75]],[[8793,4712],[-28,-16],[12,-79],[-55,-194],[-71,-67],[-28,-12],[-17,18],[-22,-40],[-23,-2],[-26,-52],[11,-42],[-25,-16],[-7,32],[-23,8],[-34,-66],[5,-53],[-20,-4],[-8,-40],[-51,-8]],[[8383,4079],[-54,54],[-7,40],[-57,-38],[-69,25],[-30,-22],[-36,36],[-74,19],[-43,85],[-73,-3]],[[7081,3674],[-26,28],[-5,-25],[-19,14],[-27,65],[18,38],[-19,81],[-65,60],[-17,-8],[-4,24],[-76,64],[-4,51],[49,132],[-60,37],[-42,-23],[-22,105],[-125,135],[-30,117],[14,67]],[[7347,5238],[-8,-50],[61,-168]],[[7299,3907],[-25,-41],[14,-53],[-74,-22],[-3,-93],[-102,42],[-36,-44],[8,-22]],[[9485,4186],[-16,41]],[[9469,4227],[16,17],[27,-29],[-27,-29]],[[9794,4449],[-24,-29],[5,-42],[36,-58],[20,-89],[23,-39],[22,-3],[7,-100]],[[9883,4089],[-5,1]],[[9878,4090],[-5,0]],[[9873,4090],[-120,4],[-19,358]],[[8507,3829],[-36,7],[-71,104],[-29,64],[12,75]],[[9000,4451],[-1,-149],[76,78],[27,-9],[40,58],[20,-30],[37,-5],[10,28],[50,21],[68,-25],[-10,-14],[23,-16],[10,-52]],[[9350,4336],[-21,-52],[-104,92],[-19,-96],[-83,-101],[-24,23],[-14,-16],[-43,-100],[-43,7],[-31,37],[-17,-68],[-114,-191],[16,-16],[-12,-32],[-28,-22],[-24,10],[-44,-28],[-17,15],[-16,-35],[-58,-17],[-27,28],[-61,-38],[-46,38],[-13,55]],[[9873,4090],[-56,-124]],[[9817,3966],[-54,-13]],[[9763,3953],[-43,3],[19,33],[-25,23],[19,25],[-19,-2],[1,33],[-36,-33],[-45,51],[21,31],[-12,14],[43,-6],[-38,54],[-25,-18],[16,38],[15,-20],[24,36],[-25,23],[18,42],[-23,-7],[1,31],[36,44],[38,6],[-26,4],[-11,50],[-24,-47],[-41,-3],[-7,-46],[-42,8],[3,-28],[33,-12],[-24,-102],[25,-125],[-45,37],[60,-68],[4,-47],[-50,50],[-37,3],[-20,45],[-8,-26],[-20,36],[-50,-4],[25,67]],[[9468,4146],[17,40]],[[9469,4227],[-77,52],[10,29],[-21,23],[-31,5]],[[9634,4220],[-9,14],[-7,-30],[15,54],[1,-38]],[[9883,4089],[-8,-36],[3,37]],[[9838,3970],[35,83],[-29,-83]],[[9844,3970],[-6,0]],[[4514,3674],[-191,3]],[[4323,3677],[-691,-2],[-512,1]],[[4511,4530],[3,-856]],[[7025,3536],[9,35],[31,-13],[16,116]],[[8507,3829],[-150,-120],[-32,-61],[-38,-13],[-14,-31],[-107,-41]],[[8166,3563],[-874,23],[5,-51],[-272,1]],[[7001,3535],[1,19],[10,-19]],[[7012,3535],[-11,0]],[[5852,4530],[41,-36],[34,7],[11,-45],[-45,-59],[57,-91],[43,-20],[-3,-610]],[[5990,3676],[-742,1],[-734,-3]],[[8565,3561],[-399,2]],[[9468,4146],[-20,1],[-18,-87],[53,8],[24,-48],[68,-24],[4,-33],[64,-43],[-19,-65],[-32,9],[-62,75],[49,-79],[51,-25],[-39,0],[31,-10],[21,-36],[-10,-16],[-30,35],[12,-47],[-14,-11],[-48,46],[57,-75],[15,7],[11,-16],[-22,-4],[20,-25],[-26,-15],[-44,74],[-19,-10],[-27,37],[-12,-24],[42,-25],[8,14],[5,-41],[34,-26],[-13,-48],[42,34],[-11,-25],[21,1],[3,38],[57,-12],[23,-104]],[[9717,3551],[-4,0]],[[9713,3551],[-11,48],[-9,-47]],[[9693,3552],[-6,0]],[[9687,3552],[-3,0]],[[9684,3552],[-547,-5],[-572,14]],[[9844,3970],[-29,-43],[23,43]],[[9817,3966],[-65,-148],[-38,-36],[-15,-68],[-9,52],[12,60],[18,9],[-15,2],[58,116]],[[7025,3536],[-11,-16],[-2,15]],[[7001,3535],[3,-41],[-20,-6],[17,-20],[-32,-3],[20,-35],[-26,-36]],[[6963,3394],[-130,-4],[66,88],[-21,55],[-888,-1]],[[5990,3532],[0,144]],[[3120,3676],[0,-913],[0,-694]],[[3120,2069],[-403,-2],[-745,328],[19,66]],[[6017,2720],[-150,94],[-19,-26],[-55,20],[-43,-28],[-23,13],[-75,-53],[-54,55],[-32,-18],[-36,37],[-45,-67],[-11,51],[-39,-25],[-53,48],[-36,-37],[-20,7],[-31,76],[-47,-2],[-20,-25],[-36,30],[-109,15],[-38,67],[-9,-23],[-54,3],[-62,53],[-1,548],[-596,0]],[[4323,3533],[0,144]],[[5990,3532],[38,-309],[-11,-503]],[[8037,3106],[7,63],[50,17],[32,68],[75,14],[71,58],[31,3],[18,49],[17,-8],[34,38],[17,-27],[48,47],[59,2],[22,46],[39,12],[8,73]],[[9684,3552],[-9,-15],[27,-40],[5,17],[26,-100],[-28,63],[-14,7],[6,-42],[-41,41],[8,-48],[-31,19],[5,-30],[-63,-28],[-20,11],[1,70],[-47,28],[43,-36],[-6,-93],[129,7],[12,-13],[-3,-66],[-24,3],[12,-9],[16,1],[7,64],[34,8],[13,-15],[-5,-83],[-22,15],[-59,-82],[-63,21],[12,38],[-15,8],[-37,-47],[-79,39],[118,-85],[-26,-22],[-8,-42],[-34,-12],[-18,25],[-34,-1],[40,-37],[52,-9],[-4,19],[45,13],[3,-21],[22,1],[-61,-65],[-85,-5],[-20,18],[-1,-30],[-118,-101],[-29,-67],[-14,34],[-13,-77],[-110,-10]],[[9179,2791],[-216,261],[-225,5],[3,35],[-28,45],[-23,-18],[-1,33],[-267,16],[-142,-59]],[[8280,3109],[-243,-3]],[[9693,3552],[15,-24],[-21,24]],[[9717,3551],[67,-218],[-39,74],[-32,144]],[[9794,3299],[-8,28],[15,-43],[-14,-110],[-45,-11],[46,26],[6,110]],[[8037,3106],[-256,0]],[[7781,3106],[-513,4]],[[7268,3110],[-421,-1]],[[6847,3109],[48,42],[-20,38],[18,35],[-20,5],[35,6],[-6,31],[20,-6],[-5,21],[21,11],[-20,26],[50,26],[-7,25],[17,-6],[-15,31]],[[3618,2195],[-15,9],[-1,52],[709,1],[12,1276]],[[6017,2720],[22,-24],[67,2],[-1,-151]],[[6105,2547],[1,-293],[40,-54],[0,-61],[25,-19],[5,-59],[31,-39],[3,-40],[-44,-140],[10,-113],[-16,-40]],[[6160,1689],[-19,-4],[-19,-49],[23,-41],[-45,0],[-140,-88],[60,54],[-65,-5],[18,34],[-6,38],[-31,-35],[-39,38],[19,-35],[-5,-34],[20,-17],[-14,-11],[34,-26],[-15,7],[-2,-24],[-52,-31],[-17,-63],[-87,-72],[-50,-10],[-5,-19],[51,27],[-100,-65],[43,47],[-49,-24],[17,55],[-42,-41],[-17,38],[15,-41],[-23,-15],[6,28],[-5,-16],[-18,11],[0,48],[-1,-33],[-17,-3],[10,-34],[25,-15],[-15,-11],[34,-10],[-54,-36],[-25,48],[2,-24],[-15,4],[15,-50],[-34,-33],[8,41],[-13,-41],[-10,25],[-46,-39],[46,12],[-34,-84],[-65,15],[26,-9],[15,-34],[-17,-22],[30,15],[-32,-105],[-18,0],[-1,34],[-18,-39],[-30,33],[14,-35],[-21,-2],[71,-6],[-26,-119],[40,-189],[16,-52],[21,-12],[-28,2],[-25,-34],[-42,51],[-110,9],[-50,47],[-45,6],[-28,38],[-57,12],[-36,125],[-33,49],[-19,166],[-65,52],[-14,54],[-70,83],[-74,227],[-80,113],[-38,15],[2,29],[-11,-14],[-18,54],[-132,4],[-52,28],[-13,-33],[-57,-6],[-41,-112],[3,-35],[-57,-71],[-26,2],[-87,58],[-9,26],[-55,13],[-98,100],[-70,253],[-64,69],[-36,12],[-121,154],[-42,24],[-35,72],[-31,15]],[[5931,1477],[32,17],[-70,-63],[38,46]],[[5636,1217],[-87,-79],[6,30],[76,62],[5,-13]],[[5528,1132],[21,16],[-43,-74],[22,58]],[[5444,915],[-3,-21],[24,126],[10,-12],[30,63],[-61,-156]],[[5456,721],[-15,171],[40,-321],[-25,150]],[[3618,2195],[-331,0],[-1,-126],[-166,0]],[[7903,1972],[-517,0],[-4,-44],[44,-51],[-5,-53]],[[7421,1824],[-34,-57],[-82,-13],[50,18],[-30,35],[-1,57],[-22,35],[-23,-116],[-53,16]],[[7226,1799],[-14,425],[76,855],[-20,31]],[[7781,3106],[86,-602],[43,-126],[-8,-29],[22,-17],[-31,-40],[-18,-77],[19,-86],[-12,-101],[21,-56]],[[7226,1799],[-12,-19],[-44,5],[-38,25],[-79,-33],[-13,18],[-20,-51],[-27,-1]],[[6993,1743],[-54,134],[23,97],[-378,-2],[16,16],[-18,61],[27,8],[-13,34],[18,-12],[-5,44],[20,16],[-21,15],[21,-5],[7,37],[21,1],[-20,4],[5,20],[18,-7],[35,58],[-15,18],[16,-8],[13,32],[-31,-7],[0,17],[36,5],[20,45],[-21,-7],[3,24],[-30,17],[6,14],[19,-15],[-16,19],[15,18],[-30,5],[18,23],[-20,10],[16,55],[-24,-11],[7,28]],[[6677,2544],[9,15],[-16,21],[21,2],[10,39],[-13,-10],[-6,21],[16,39],[-16,-20],[-13,7],[15,22],[-21,-14],[1,42],[15,8],[-11,26],[34,-8],[-20,12],[0,16],[31,2],[-21,59],[24,-8],[20,38],[-18,16],[30,3],[-24,24],[18,-6],[14,38],[17,-13],[20,32],[3,77],[5,-18],[15,10],[-17,34],[12,-18],[4,43],[33,-8],[12,24],[-13,18]],[[8280,3109],[-47,-92],[94,-62],[57,-142],[132,-144],[12,-60],[72,-67],[16,-108],[43,-46],[18,-102]],[[8677,2286],[42,-29],[-15,-32],[-34,-8],[-28,24],[48,-36],[-18,-27],[-31,21],[31,-44],[-21,-1],[6,-50],[-41,-44],[21,-19],[-15,-27],[-29,-5],[0,-117]],[[8593,1892],[-73,31],[-24,-11],[-4,-117],[-25,-5],[-11,59],[-525,41],[-28,82]],[[8602,1944],[13,19],[-8,-72],[-5,53]],[[9179,2791],[-83,-88],[-30,-72],[-23,-6],[8,-45],[-24,4],[12,-14],[-25,-26],[-33,1],[-35,-63],[-31,-2],[22,40],[-22,-19],[-10,12],[13,-64],[-20,-21],[-70,-27],[-14,45],[4,-46],[-50,3],[32,-25],[6,-31],[-44,-10],[-38,71],[18,-82],[-22,-51],[-43,11]],[[8744,2329],[21,-11],[-30,-33],[9,44]],[[6677,2544],[-572,3]],[[6993,1743],[-31,-5],[-69,54],[-32,3],[-37,-55],[6,-27],[56,-14],[44,32],[18,-14],[27,16],[-37,-43],[45,-38],[10,38],[27,10],[14,-70],[-56,-9],[33,-37],[-39,18],[8,-21],[-26,-4],[46,-60],[31,-1],[24,-29],[14,15],[34,-57],[-8,-18],[-12,14],[-5,-34],[-18,31],[-31,-52],[26,59],[-12,9],[-13,-23],[-14,45],[-67,19],[-4,43],[-30,-1],[-37,35],[-5,-28],[28,-14],[1,-39],[-16,4],[7,-42],[-30,-22],[-3,44],[-42,28],[-31,-13],[-14,-47],[-40,-1],[-8,13],[21,21],[-24,24],[-32,-8],[-33,50],[-57,12],[0,31],[-18,1],[5,36],[-49,-13],[7,32],[-74,-21],[28,-44],[-47,-19],[-186,70],[-114,-18],[-20,24],[22,12],[6,44]],[[6507,1572],[23,16],[40,-21],[-30,-26],[-33,31]],[[6641,1500],[23,11],[20,-44],[-43,33]],[[6723,1477],[-14,-21],[-7,26],[-3,-25],[-15,30],[25,8],[14,-18]],[[8593,1892],[42,-254],[110,-310],[-17,14],[21,-110],[110,-345],[-27,18],[36,-39],[20,-90],[-16,-233],[-35,-103],[0,-60],[-23,-60],[-55,-11],[-84,-5],[-5,53],[26,-30],[19,9],[-46,42],[-22,116],[-91,34],[-29,147],[-21,22],[38,55],[-49,-53],[-12,54],[-3,59],[24,31],[-35,-26],[-26,24],[26,-66],[-49,59],[11,-27],[-8,13],[-37,92],[8,17],[-31,40],[1,15],[50,-1],[-41,4],[46,72],[1,33],[-13,10],[-9,-31],[-38,61],[12,-23],[-16,-7],[31,-18],[-22,-49],[-23,35],[10,-41],[-20,47],[34,165],[7,129],[-33,77],[-46,7],[-15,42],[-54,55],[-5,42],[-29,20],[-20,49],[-64,47],[-51,9],[-24,-11],[-2,-26],[-16,4],[19,-24],[-202,-64],[-11,52],[12,-49],[11,33],[-65,80],[49,-16],[-65,41],[27,38],[-55,-9],[24,-43],[-155,80],[78,-7],[-21,29],[-194,-38],[52,31],[-17,35],[-9,-39],[-21,31],[-21,-57],[-30,-9],[16,30],[-15,14]],[[7538,1801],[62,0],[-153,-19],[91,19]],[[8753,1341],[39,-90],[-11,-16],[-3,55],[-36,5],[5,33],[22,-23],[-16,36]],[[8760,1284],[16,-2],[-11,-77],[12,-45],[-23,68],[6,56]],[[8480,717],[7,-25],[-25,52],[18,-27]],[[7207,6855],[-26,-41],[-112,-53],[7,27],[131,67]],[[7207,6604],[57,44],[84,7],[17,-16],[-103,-61],[-38,-61],[-12,35],[-24,7],[19,45]],[[6827,6398],[122,73],[81,7],[151,107],[37,-67],[-1,-54],[54,42],[55,-11],[47,-21],[58,-94],[73,9],[27,-27],[21,13],[25,-18],[97,71],[129,0],[109,27],[-13,-83],[77,2],[12,-22],[52,23],[26,-68],[-14,-22],[26,1],[43,-48],[-119,-8],[-37,17],[-9,-51],[-129,69],[-107,-52],[-68,8],[-73,-92],[-14,20],[23,34],[-36,4],[-27,-32],[-45,-5],[-93,-167],[-16,9]],[[8130,6240],[42,26],[34,-33],[-20,-20],[-45,6],[-11,21]],[[7538,5033],[43,40],[66,146],[2,199],[-53,154],[28,29],[-23,82],[49,84],[2,100],[30,10],[8,46],[54,25],[37,60],[-6,-119],[23,-4],[30,145],[90,39],[-31,15],[-8,30],[30,48],[49,12],[51,-36],[51,-7],[21,-37],[121,-40],[36,-74],[-29,-28],[35,-85],[-15,-104],[-34,-21],[-14,-55],[-63,-43],[-4,-62],[57,-26],[65,95],[76,36],[42,-27],[22,-52],[39,-232],[-19,-97],[-60,0],[-22,-76],[-35,-21],[-16,-73],[-59,-88]],[[1673,610],[-37,-7],[27,38],[-20,4],[13,30],[-34,68],[27,35],[-37,-38],[9,-22],[-71,-14],[-38,60],[-19,1],[21,32],[29,-12],[-7,-20],[22,19],[6,-16],[16,8],[-22,15],[17,3],[-72,5],[18,13],[-26,8],[29,36],[-29,-47],[-36,44],[49,80],[22,-8],[-12,12],[16,15],[-14,-12],[-3,20],[25,15],[-3,17],[28,0],[-3,-20],[33,7],[32,41],[52,-3],[16,20],[-8,42],[-25,13],[31,20],[-7,27],[-79,-51],[-16,27],[-2,-21],[-81,3],[-53,13],[-32,52],[40,4],[-91,36],[82,43],[33,-3],[-16,6],[64,32],[35,-2],[-25,-32],[24,-10],[113,5],[-2,18],[-34,-6],[-26,58],[39,-43],[60,-4],[-1,20],[-55,-9],[-17,17],[17,22],[-98,11],[-42,61],[-94,45],[23,3],[3,41],[84,4],[47,31],[13,42],[44,45],[-8,-13],[88,39],[16,-36],[-1,26],[23,3],[-37,7],[19,16],[80,5],[61,47],[41,-24],[-28,-18],[10,-13],[37,33],[41,-32],[77,8],[-3,-19],[19,-6],[-24,-2],[60,-16],[77,13],[199,-47],[74,13],[100,-40],[1,-797],[84,4],[-5,-23],[70,-72],[6,-28],[38,22],[11,37],[38,17],[90,-115],[71,-159],[76,-40],[5,-72],[-42,-40],[21,44],[-26,-17],[19,15],[-26,57],[9,12],[-52,-44],[9,49],[21,5],[-46,34],[8,17],[-18,2],[0,21],[-35,7],[23,17],[-17,-3],[6,21],[-15,10],[27,-17],[-23,35],[19,-5],[-26,-6],[2,31],[-18,-5],[13,36],[-17,-27],[-27,16],[-25,93],[1,-33],[-10,12],[21,-85],[-18,21],[-19,-8],[-7,37],[14,7],[-18,11],[-3,-24],[-37,27],[-2,-21],[24,2],[22,-28],[-25,-25],[-80,83],[-61,29],[15,39],[10,-36],[0,23],[17,-2],[-28,20],[-39,-30],[-46,16],[4,22],[-15,-16],[-107,6],[-35,23],[14,36],[-32,-31],[-25,10],[14,17],[-28,-3],[9,14],[-27,-8],[25,11],[-30,10],[21,16],[-47,-22],[-9,24],[-13,-28],[5,38],[-42,-42],[22,-14],[-21,-15],[32,1],[-22,-43],[-29,8],[-7,-15],[-6,21],[-6,-34],[-8,21],[-1,-26],[-13,12],[-40,-51],[-45,6],[43,43],[-38,-3],[24,55],[-5,29],[43,26],[62,-16],[-45,27],[36,28],[-34,-21],[-25,10],[-50,-38],[-30,-53],[-31,0],[24,-18],[-6,-14],[-23,-4],[0,-20],[-10,13],[-36,-55],[45,-25],[-38,-31],[-5,-30],[-102,-70],[0,-29],[-82,-46],[-11,-15],[24,-3],[-15,-20],[-8,18],[-1,-21],[-39,-7],[-3,-26],[-10,24],[-62,-43],[-10,11],[15,5],[-18,8],[-19,-45],[-20,-6],[-10,23],[5,-29],[-28,15],[-8,-27],[3,26],[66,66],[40,8],[4,-24],[1,14],[23,-9],[-14,14],[9,28],[66,54],[10,-11],[15,47],[39,15],[-13,13],[4,38],[21,6],[-19,20],[35,64],[-62,-46],[-14,34],[22,-8],[-23,23],[-14,-67],[-34,47],[-13,-15],[-18,25],[-44,-28]],[[1463,753],[25,-37],[-25,-19],[-59,38],[59,18]],[[1548,258],[-21,-18],[-14,16],[52,40],[32,-33],[-49,-5]],[[1440,166],[-53,-19],[49,35],[-19,12],[34,13],[-9,-26],[14,-3],[-16,-12]],[[1388,163],[-57,-58],[33,56],[24,2]],[[1109,71],[2,-26],[-54,-8],[52,34]],[[987,0],[16,34],[6,-22],[-22,-12]],[[944,1],[-13,24],[26,-2],[-13,-22]],[[1244,1011],[-28,-6],[0,36],[133,-42],[-43,-30],[-62,42]],[[2079,578],[1,-17],[-31,-14],[-20,15],[25,26],[25,-10]],[[2876,488],[-29,-25],[14,32],[-29,87],[35,-21],[9,-73]],[[2791,546],[42,-20],[5,-23],[-44,24],[12,-25],[-13,-7],[-25,37],[3,15],[14,-13],[-15,32],[12,-14],[14,19],[13,-10],[-13,-16],[17,14],[22,-18],[-15,-12],[-29,17]],[[2022,476],[-34,-36],[18,33],[-16,-14],[7,13],[-23,1],[16,-1],[-8,-23],[-23,42],[26,28],[26,-34],[-13,46],[33,-9],[-4,26],[17,-24],[24,8],[-1,-34],[-26,9],[13,-18],[-32,-13]],[[2845,391],[-17,31],[9,13],[-23,13],[9,17],[-23,26],[7,14],[28,-15],[10,-99]],[[2916,460],[5,-30],[-19,18],[12,-26],[-24,-8],[-16,49],[42,-3]],[[2876,384],[-5,20],[-7,-22],[-2,75],[11,-25],[13,10],[-10,-58]],[[2927,444],[12,-18],[-11,-7],[-1,25]],[[2931,416],[1,-17],[-17,7],[16,10]],[[2941,334],[22,-23],[-11,-20],[11,3],[-1,-29],[-29,48],[-25,3],[16,6],[-2,23],[-20,-2],[10,24],[-21,40],[18,-2],[46,-73],[-14,2]],[[2945,405],[11,-34],[-25,15],[14,19]],[[2979,319],[-3,44],[19,10],[12,-48],[-21,-10],[5,31],[-12,-27]],[[2914,312],[18,-49],[-20,23],[2,26]]]}