{"type":"Topology","objects":{"type":"GeometryCollection","geometries":[{"type":"Polygon","properties":{"NAME_1":"Almora","ST_NM":"Uttarakhand","ST_CEN_CD":5,"DT_CEN_CD":9,"CENSUSCODE":64,"iso_a2":"IN_UK_AL"},"arcs":[[0,1,2,3,4,5]]},{"type":"Polygon","properties":{"NAME_1":"Bageshwar","ST_NM":"Uttarakhand","ST_CEN_CD":5,"DT_CEN_CD":8,"CENSUSCODE":63,"iso_a2":"IN_UK_BA"},"arcs":[[-6,6,7]]},{"type":"Polygon","properties":{"NAME_1":"Chamoli","ST_NM":"Uttarakhand","ST_CEN_CD":5,"DT_CEN_CD":2,"CENSUSCODE":57,"iso_a2":"IN_UK_CL"},"arcs":[[8,-7,-5,9,10,11,12]]},{"type":"Polygon","properties":{"NAME_1":"Champawat","ST_NM":"Uttarakhand","ST_CEN_CD":5,"DT_CEN_CD":10,"CENSUSCODE":65,"iso_a2":"IN_UK_CP"},"arcs":[[13,14,15,-2,16]]},{"type":"Polygon","properties":{"NAME_1":"Dehradun","ST_NM":"Uttarakhand","ST_CEN_CD":5,"DT_CEN_CD":5,"CENSUSCODE":60,"iso_a2":"IN_UK_DD"},"arcs":[[17,18,19,20,21]]},{"type":"Polygon","properties":{"NAME_1":"Garhwal","ST_NM":"Uttarakhand","ST_CEN_CD":5,"DT_CEN_CD":6,"CENSUSCODE":61,"iso_a2":"IN_UK_PG"},"arcs":[[-10,-4,22,23,24,-19,25,26]]},{"type":"Polygon","properties":{"NAME_1":"Haridwar","ST_NM":"Uttarakhand","ST_CEN_CD":5,"DT_CEN_CD":13,"CENSUSCODE":68,"iso_a2":"IN_UK_HA"},"arcs":[[-25,27,-20]]},{"type":"Polygon","properties":{"NAME_1":"Nainital","ST_NM":"Uttarakhand","ST_CEN_CD":5,"DT_CEN_CD":11,"CENSUSCODE":66,"iso_a2":"IN_UK_NA"},"arcs":[[-16,28,29,-23,-3]]},{"type":"Polygon","properties":{"NAME_1":"Pithoragarh","ST_NM":"Uttarakhand","ST_CEN_CD":5,"DT_CEN_CD":7,"CENSUSCODE":62,"iso_a2":"IN_UK_PI"},"arcs":[[-17,-1,-8,-9,30]]},{"type":"Polygon","properties":{"NAME_1":"Rudraprayag","ST_NM":"Uttarakhand","ST_CEN_CD":5,"DT_CEN_CD":3,"CENSUSCODE":58,"iso_a2":"IN_UK_RP"},"arcs":[[-11,-27,31,32]]},{"type":"Polygon","properties":{"NAME_1":"Tehri Garhwal","ST_NM":"Uttarakhand","ST_CEN_CD":5,"DT_CEN_CD":4,"CENSUSCODE":59,"iso_a2":"IN_UK_TG"},"arcs":[[-32,-26,-18,33]]},{"type":"Polygon","properties":{"NAME_1":"Udham Singh Nagar","ST_NM":"Uttarakhand","ST_CEN_CD":5,"DT_CEN_CD":12,"CENSUSCODE":67,"iso_a2":"IN_UK_US"},"arcs":[[-29,-15,34]]},{"type":"Polygon","properties":{"NAME_1":"Uttarkashi","ST_NM":"Uttarakhand","ST_CEN_CD":5,"DT_CEN_CD":1,"CENSUSCODE":56,"iso_a2":"IN_UK_UT"},"arcs":[[-12,-33,-34,-22,35]]}]},"arcs":[[[6693,3597],[2,-5],[11,-8],[34,-9],[16,-2],[13,7],[33,-22],[23,-30],[9,9],[16,-9],[16,-13],[8,-24],[-2,-16],[10,-11],[1,-16],[-8,-14],[9,-16],[13,-16],[33,-73],[15,-27],[6,-32],[14,-33],[7,-30],[3,-28],[5,-24],[12,-43],[7,-28],[8,-20],[12,-22],[17,-8],[21,2],[21,-3],[41,-11],[24,-11],[14,-12],[13,-8],[7,-12],[1,-17],[3,-8],[14,-3],[4,-10]],[[7199,2941],[2,-4],[0,-12],[-22,-17],[-66,-21],[-29,-1],[-7,-8],[-7,-22],[-10,-5],[-20,-18],[-17,-5],[-10,-10],[-10,2],[-11,-5],[-17,6],[-10,1],[-12,-9],[-21,-6],[-10,-13],[-44,-18],[-46,8],[-50,-12],[-16,1],[-6,16],[-12,22],[-10,10],[-12,6],[-30,-11],[-31,-15],[-28,-32],[-16,-39],[-13,-23],[2,-6],[-17,-21],[-10,12],[-12,7],[-8,-7],[-7,-31],[2,-20],[7,-13]],[[6565,2628],[-10,-13],[-9,-8],[-24,-9],[-24,3],[-32,25],[-23,14],[-35,2],[-30,41],[-30,1],[-20,-8],[-9,-40],[-9,-9],[-41,-6],[-15,-6],[-12,3],[-17,10],[-14,20],[-2,27],[10,51],[-39,-14],[-16,10],[-14,4],[-38,27],[-11,16],[-24,54],[-8,31],[8,32],[5,39],[-5,20],[-13,19],[-17,13],[-14,6],[-1,16],[-11,13],[-31,9],[-19,12],[-30,-16],[-23,28],[-15,12],[-21,6],[-52,-20],[-18,-2],[-38,-28],[-57,-9],[-26,3],[1,38],[-12,1],[-14,-15],[-8,-5],[-11,5],[-11,0],[-7,-19],[-1,-25],[-11,-49],[-15,-21],[-9,-20],[-39,-34],[-16,1],[-48,-19],[5,27],[-8,20],[-13,4],[-14,1],[-16,28],[-25,-1],[-17,14],[-11,27],[-13,25],[-91,91],[-15,8],[-25,41],[-11,4],[-12,21],[-23,28],[-29,6],[-17,19],[-15,4],[-11,-6],[0,27],[-10,11],[-27,17],[-16,0],[-23,-17],[-55,-19],[-24,-28],[-31,-23],[-12,-27],[-17,-9],[-18,-15],[-12,-24],[-30,-27],[-12,-15],[-20,-42],[-13,-18],[-13,-15],[-15,-9],[-16,-19],[-14,-11],[-25,4],[-32,-3],[-18,8],[-45,26],[-21,4],[-20,0],[-35,11],[-21,10],[-6,32],[-7,14],[-15,1],[-14,-11],[-41,-5],[-20,5],[-3,39],[-16,-1],[-15,12],[-23,19],[-34,40],[-26,3],[-30,-1],[-34,6],[-24,10],[-12,10]],[[4214,3176],[25,7],[34,-3],[13,2],[6,20],[-3,22],[2,20],[10,9],[10,21],[1,21],[30,-8],[19,10],[13,19],[-28,35],[-8,16],[20,68],[8,17],[27,35],[6,0],[11,-43],[11,7],[9,15],[-1,22],[18,36],[-3,31],[-13,5],[-8,6],[-4,12],[22,32],[18,10],[4,37],[-5,5],[-10,1],[3,16],[-19,20],[-3,19],[3,23],[7,32],[2,33],[-2,28],[13,0],[12,10],[11,16],[7,23],[-3,17],[-20,65],[5,19],[-29,77],[-15,17],[-12,7],[-2,33],[-48,40],[-23,11],[-25,6],[22,42],[16,44],[16,13],[14,4],[40,1],[18,9],[19,10],[12,15],[9,20],[38,7],[26,10],[42,24],[24,-31],[21,5],[31,36],[4,9],[4,72],[8,13],[22,-19],[9,-5],[48,28],[16,6],[13,40],[2,26],[-9,21],[-9,23]],[[4766,4598],[29,-6],[18,-16],[29,-34],[25,2],[25,-8],[7,-3],[37,-30],[-3,-89],[75,11],[20,-13],[21,10],[6,30],[19,15],[0,11],[-19,67],[6,25],[12,8],[15,-5],[13,-13],[10,-17],[8,-21],[17,-25],[9,-28],[23,-14],[9,-26],[12,-15],[41,9],[59,43],[12,5],[10,-3],[18,-24],[6,-2],[13,8],[9,26],[13,26],[37,21],[-3,25],[45,30],[10,16],[4,15],[1,7]],[[5464,4616],[11,-8],[41,-27],[8,-13],[-1,-9],[-11,-28],[3,-10],[16,-27],[11,-11],[9,-1],[16,-17],[18,-30],[-24,1],[-3,-17],[5,-22],[2,-52],[-6,-26],[-23,-44],[30,-26],[9,-23],[-1,-13],[5,-1],[57,-32],[43,3],[16,-23],[24,-3],[35,-50],[66,-3],[50,6],[33,-4],[34,-51],[-4,-8],[42,-35],[11,16],[26,18],[43,7],[21,-32],[24,27],[47,-25],[22,-21],[18,-24],[-80,-100],[-12,-32],[19,-27],[43,-53],[19,11],[3,-30],[-18,-28],[8,-9],[23,14],[25,-28],[28,-50],[-5,-46],[26,-46],[19,2],[7,-13],[25,9],[55,2],[28,9],[38,-17],[16,20],[11,13],[34,31],[26,-20],[41,-14],[54,-40],[15,23],[58,38]],[[5464,4616],[14,66],[21,46],[14,37],[20,-5],[17,-17],[16,-7],[50,-4],[13,-15],[8,-16],[13,-18],[0,-9],[26,-13],[29,9],[3,13],[6,7],[13,4],[19,3],[26,4],[24,0],[27,8],[7,6],[9,18],[32,14],[18,2],[29,-5],[24,-3],[38,-12],[45,-35],[7,-1],[30,9],[27,1],[14,-6],[11,-8],[5,-2],[23,1],[102,7],[20,3],[16,-1],[40,8],[16,-14],[11,-2],[22,12],[21,28],[18,1],[15,4],[12,7],[21,17],[-4,28],[6,41],[10,18],[14,10],[17,24],[-15,19],[-18,31],[-30,21],[-40,4],[-16,4],[-14,33],[-10,34],[-1,15],[5,30],[-1,21],[-14,20],[-10,29],[-7,10],[-15,11],[-1,10],[4,8],[17,22],[26,23],[8,14],[7,18],[-2,18],[-5,12],[-5,14],[1,25],[5,10],[26,27],[13,20],[5,13],[9,44],[36,22],[13,15],[4,10],[-3,25],[-11,18],[7,19],[-11,14],[-5,23],[-15,46],[-23,57],[-2,6],[3,10],[25,6],[30,2],[64,10],[35,-14],[13,-8],[45,-49],[15,6],[26,4],[9,5],[27,10],[16,19],[40,20],[12,10],[9,13],[12,10],[10,4],[22,0],[16,-5],[8,-6],[12,-16],[7,0],[32,8],[22,11],[28,53],[24,21]],[[6973,5818],[17,1],[24,1],[20,1],[24,-3],[19,-7],[22,-29],[21,-38],[19,-20],[53,-34],[-6,-16],[-5,-29],[11,-9],[13,0],[5,-12],[-2,-10],[3,-41],[14,-38],[8,-15],[13,-13],[46,-9],[29,5],[9,-1],[5,-11],[1,-17],[-4,-19],[-17,-57],[-3,-74],[-13,-59],[-2,-62],[-5,-20],[-16,-37],[-20,-20],[-18,-37],[-3,-39],[0,-18],[4,-15],[-7,-40],[9,-61],[-1,-18],[-11,-39],[-10,-18],[-3,-26],[-17,-49],[0,-19],[10,-50],[10,-17],[29,-85],[12,-20],[14,-19],[59,-39],[18,-16],[56,-39],[8,-26],[8,-12],[21,-50],[10,-27],[0,-12],[-9,-22],[-14,-10],[-5,-5],[-13,8],[-3,6],[-39,-3],[-14,3],[-12,8],[-26,9],[-41,-23],[-24,-37],[-11,2],[-12,10],[-17,29],[-13,8],[-14,4],[-30,0],[-7,-10],[-9,-4],[-43,-3],[-42,-18],[-15,-11],[-10,-15],[-11,-34],[-2,-25],[1,-17],[10,-34],[-1,-7],[-36,-8],[-67,-2],[9,-23],[7,-8],[30,4],[10,-18],[11,-11],[11,-1],[40,-10],[8,-7],[2,-10],[-2,-37],[4,-12],[7,-13],[22,-11],[9,-26],[8,-12],[5,-15],[-7,-16],[-7,-11],[-37,-6],[-12,-21],[-9,-5],[-25,2],[-17,-21],[-14,-16],[-18,-14],[-25,-11],[-50,15],[-53,2],[-31,12],[-5,16],[-4,64],[-28,7],[-21,3],[-8,-6],[-5,16],[-6,12],[-9,-1],[-11,-19],[-18,-3],[-13,-33],[-6,-28],[-18,-8],[-17,-1],[-12,-14],[-43,-1],[-43,37],[-23,12],[-24,2],[-7,-15],[-2,-20],[9,-15],[10,-26],[5,-24],[9,-17],[85,-35],[22,-5],[24,-23],[34,-43],[10,-17],[-1,-36],[8,-16]],[[7285,7530],[-9,-9],[-24,-45],[-3,-30],[4,-20],[17,-40],[3,-14],[17,-32],[4,-32],[-3,-10],[-26,4],[-20,9],[-21,3],[-23,1],[-22,-5],[-80,26],[-16,-1],[-13,-4],[-10,-11],[-16,-10],[-53,-22],[-26,-27],[-27,-14],[-2,-11],[14,-43],[3,-18],[4,-10],[21,-21],[13,-5],[7,-4],[9,-15],[14,-33],[11,0],[8,-9],[0,-18],[6,-42],[9,-17],[7,-8],[29,-12],[2,-9],[-10,-19],[9,-10],[1,-12],[-5,-16],[-10,-9],[36,-47],[0,-20],[-6,-16],[-13,-5],[-14,-1],[-13,-18],[-23,-39],[-8,-20],[-12,-52],[-9,-18],[-19,-19],[-7,-12],[-8,-9],[-1,-11],[4,-22],[5,-3],[21,-28],[10,-32],[3,-37],[5,-5],[4,-13],[0,-11],[-4,-12],[12,-7],[6,-27],[5,-9],[1,-10],[-11,-7],[-8,-12],[-1,-19],[28,-32],[6,-33],[7,-11],[24,-13],[2,-27],[-2,-15],[0,-25],[-10,-20],[2,-17],[9,-11],[2,-19],[-13,-37],[-9,-16],[-11,-10],[-24,-33],[-13,-28],[-41,-19],[-7,-9],[-1,-8],[7,-9],[12,-7],[0,-9],[-12,-11],[-8,-51],[-5,-13],[-5,-23],[0,-11],[-6,-16],[8,-14]],[[4766,4598],[-17,23],[0,12],[10,12],[0,15],[-3,21],[0,5],[-18,27],[-3,49],[-4,15],[-4,1],[-16,18],[-13,10],[-14,4],[-22,1],[-7,5],[-3,10],[1,25],[7,32],[8,12],[26,22],[1,8],[-11,21],[-10,31],[-21,29],[-5,7],[-15,13],[-18,3],[-30,-1],[-22,7],[-8,13],[-9,40],[-34,19],[-11,13],[0,98],[5,14],[18,19],[2,12],[-2,8],[-7,9],[-35,17],[-6,5],[-6,9],[-6,27],[-9,13],[-40,29],[-27,27],[-1,14],[10,29],[-1,4],[-9,9],[-11,5],[-38,10]],[[4338,5478],[0,11],[3,14],[12,14],[10,14],[6,15],[8,12],[6,9],[10,26],[21,20],[3,22],[4,17],[-2,12],[-2,5],[-5,9],[0,4],[15,15],[2,16],[11,16],[15,9],[11,-3],[29,-9],[17,-4],[24,24],[18,4],[11,-4],[13,-2],[17,4],[1,7],[-11,7],[-12,2],[-33,0],[-9,12],[-2,12],[2,21],[8,19],[2,20],[2,9],[9,0],[2,-4],[6,-7],[5,6],[6,6],[-1,13],[-5,11],[-8,2],[-8,2],[-3,8],[-4,8],[-6,1],[-7,2],[-15,9],[1,6],[-4,13],[-6,10],[-6,6],[-8,1],[-11,-7],[-9,-2],[-6,9],[3,9],[-1,7],[-6,2],[-5,2],[-8,5],[-13,15],[3,7],[-4,5],[-6,5],[-8,8],[-1,17],[-6,13],[2,8],[12,12],[16,9],[19,0],[31,-12],[9,-3],[10,-4],[6,5],[12,-5],[11,-2],[13,8],[10,9],[6,-1],[9,4],[7,16],[1,21],[0,19],[-3,17],[3,15],[9,13],[16,14],[5,20],[-1,24],[-10,15],[-11,16],[-3,34],[11,11],[9,5],[3,9],[8,5],[4,9],[3,11],[10,6],[11,12],[0,18],[11,20],[15,16],[15,9],[35,20],[14,0],[12,13],[4,14],[6,14],[-5,16],[-1,21],[14,54],[40,42],[5,11],[0,18],[9,34],[3,19],[8,13],[16,11],[17,9],[12,1],[16,-5],[6,-7],[10,-1],[14,1],[12,-3],[19,-6],[7,1],[15,25],[2,21],[5,19],[7,12],[1,35],[15,9],[12,4],[35,-6],[17,0],[15,11],[7,15],[1,13],[4,3],[10,5],[5,13],[1,29],[-3,16],[4,9],[20,3],[-4,62],[-12,25],[-30,19],[-12,3],[-11,4],[-11,18],[-19,23],[-17,6],[-7,-1],[-18,12],[-6,13],[3,19],[-6,20],[-7,9],[1,23],[-5,30],[-1,8],[-2,30],[-12,14],[-18,10],[-32,11]],[[4912,7312],[6,2],[-4,12],[5,24],[21,37],[7,14],[-1,4],[-25,23],[-22,13],[-14,12],[-14,19],[-9,33],[-9,5],[-10,0],[-5,14],[-12,10],[-23,33],[-3,6],[0,23],[-28,13],[-12,21],[-2,21],[8,6],[45,24],[1,5],[-8,31],[0,12],[27,19],[4,7],[9,24],[9,9],[10,44],[34,19],[11,14],[-2,19],[-16,61],[-2,18],[5,22],[17,8],[16,12],[-5,31],[8,34],[-17,29],[-4,5],[-35,21],[-3,7],[0,8],[6,9],[12,11],[29,16],[14,12],[11,6],[21,5],[5,0],[48,-29],[13,-2],[10,4],[14,17],[5,10],[-1,8],[-12,28],[-2,16],[1,8],[10,12],[7,18],[1,5],[-7,15],[-27,13],[-22,17],[-2,5],[1,10],[7,15],[22,22],[28,16],[27,6],[24,0],[36,17],[10,14],[27,23],[11,15],[34,67],[52,26]],[[5283,8575],[21,2],[19,-13],[7,-20],[1,-54],[7,-33],[5,-36],[25,-6],[33,7],[70,6],[24,7],[18,-4],[23,-8],[21,11],[18,-1],[22,-6],[5,-42],[7,-14],[16,-15],[16,-12],[11,-21],[7,-22],[-9,-33],[34,-13],[18,-1],[-7,-23],[-11,-26],[5,-17],[22,-22],[19,-17],[18,-13],[17,-8],[47,-8],[14,-15],[8,-17],[18,-10],[12,12],[15,16],[20,14],[28,26],[25,13],[17,4],[36,5],[19,10],[2,34],[5,16],[31,10],[25,-10],[64,-9],[33,6],[27,8],[31,19],[6,16],[15,23],[17,16],[22,0],[14,-18],[28,-29],[70,-23],[23,-9],[36,-24],[17,0],[15,6],[22,13],[19,4],[31,-11],[17,1],[15,-4],[12,-13],[10,-19],[12,-19],[6,-18],[8,-30],[14,-43],[3,-38],[8,-15],[43,-10],[15,-7],[13,-22],[11,-22],[6,-23],[10,-15],[10,-25],[18,-5],[38,8],[15,-4],[20,-6],[38,-17],[23,-12],[37,-30],[20,-15],[21,-9],[13,-11],[12,-13],[14,-17],[27,-30],[21,-15],[38,-3],[17,4],[11,-17],[7,-23],[40,-31],[15,-18],[3,-26],[10,-46],[26,-16],[11,-12]],[[7703,2658],[-1,-6],[0,-1],[0,-4],[0,-8],[2,-16],[2,-1],[1,-8],[2,-16],[0,-23],[-3,-19],[1,-17],[2,-2],[0,-4],[22,-13],[11,-9],[2,-4],[22,-13],[8,-2],[6,1],[8,-5],[2,-3],[2,-3],[5,-23],[2,-16],[1,-6],[2,-29],[-7,-8],[-8,-8],[-2,-5],[1,-11],[14,-12],[0,-2],[2,-1],[6,-6],[1,-2],[2,-6],[2,-41],[2,-7],[17,-11],[2,1],[7,-2],[1,-2],[6,-22],[-1,-25],[15,-7],[3,-2],[7,-1],[17,5],[3,-1],[5,-2],[4,-4],[4,-3],[0,-19],[0,-5],[1,-12],[4,-17],[3,-11],[0,-20],[-2,-6],[-22,-24],[-9,-30],[-3,-30],[-7,-38],[-4,-41],[0,-8],[-1,-12],[2,0],[1,-6],[1,-17],[-14,-15],[-5,-3],[0,-4],[1,-50],[5,-18],[2,-1],[3,-3],[4,-29],[1,-15],[-1,-6],[-2,-10],[-11,-13],[-4,-1],[-15,4],[-7,4],[-3,8],[-1,1],[-5,22],[-4,3],[-3,3],[-1,1],[-3,1],[-21,0],[-8,1],[-22,10],[-1,3],[-1,1],[-7,24],[-3,2],[-8,3],[-11,-2],[-2,-2],[-1,-6],[-7,-53],[2,-4],[13,-15],[4,-3],[6,-11],[3,-1],[4,-5],[1,-3],[2,-2],[4,-11],[2,-7],[3,-21],[0,-13],[-6,-17],[-1,-24],[7,-9],[2,-9],[3,-2],[0,-4],[1,-3],[1,-2],[2,-2],[3,-5],[1,-3],[3,-3],[8,-14],[0,-15],[-1,-2],[-5,-4],[-14,-5],[-12,-6],[-7,-6],[-14,-10],[-4,-4],[-5,-4],[-7,-8],[-21,-40],[-6,-5],[-1,-1],[-22,3],[-6,2],[-2,0],[-12,-2],[-3,1],[-16,-3],[-3,3],[-13,7],[-3,1],[-7,4],[0,3],[-2,5],[-9,10],[-15,5],[-4,-1],[-5,4],[-19,8],[-4,2],[-12,-4],[-2,-1],[-3,-5],[-1,-3],[-15,-16],[-26,-18],[-8,-7],[-2,0],[-9,-14]],[[7462,1468],[-22,39],[-12,8],[-10,-2],[-34,-25],[-25,-9],[-15,-2],[-51,2],[-20,-5],[-46,23],[-6,-8],[11,-33],[4,-28],[-16,-71],[-14,-30],[-9,-8],[-8,0],[-8,13],[-10,25],[-7,6],[-9,2],[-11,-9],[-10,-13],[-24,-23],[-25,-7],[-16,5],[-14,10],[-30,42],[-12,8],[-9,-3],[-8,-11],[-4,-62],[-82,-60],[-5,4]],[[6905,1246],[-11,10],[-13,16],[-6,16],[-2,24],[7,67],[11,37],[15,25],[29,21],[-6,14],[-8,8],[-13,6],[-34,7],[-28,12],[-75,17],[-16,-17],[-5,-3],[-41,30],[-17,54],[-39,17],[-7,12],[-2,7],[1,42],[7,8],[31,3],[26,21],[3,30],[6,26],[14,9],[12,11],[15,22],[17,12],[1,24],[-5,17],[-26,28],[-7,20],[-29,58],[-13,13],[-18,-7],[-7,0],[-21,12],[-20,21],[-18,0],[-7,24],[-13,9],[-6,15],[-13,5],[-23,-4],[-56,-25],[-9,2],[-11,11],[-14,18],[-6,20],[9,17],[-8,16],[5,36],[8,20],[-2,9],[-16,17],[-14,8],[-3,6],[-4,38],[-18,29],[63,24],[8,-9],[11,-6],[15,-2],[-3,-45],[20,-7],[43,-27],[14,-5],[10,6],[6,9],[2,37],[10,15],[3,12],[1,20],[5,13],[18,11],[28,7],[37,-5],[5,20],[-3,14],[-25,39],[-14,-4],[-39,12],[-39,-6],[-6,4],[-2,36],[-20,14],[-24,44],[-7,5],[-10,1],[-5,12],[5,16],[47,60],[13,29],[1,12],[-7,6],[-8,-1]],[[7199,2941],[19,9],[17,-2],[26,-4],[21,18],[17,-8],[17,-27],[30,-18],[15,-19],[-15,-39],[18,-27],[21,0],[9,-23],[15,-12],[4,-23],[37,13],[2,-13],[-3,-8],[13,-4],[3,-12],[27,4],[15,-4],[3,-27],[43,6],[23,-25],[43,2],[56,-31],[28,-9]],[[1269,6900],[2,-22],[-5,-25],[8,-20],[0,-14],[-6,-3],[-4,-8],[-3,-30],[-18,-24],[1,-13],[-5,-15],[-3,-4],[-12,-4],[-2,-1],[-7,-3],[-10,-5],[-4,-4],[-9,-5],[-10,-16],[-4,-6],[-2,-5],[-1,-10],[-1,-10],[0,-10],[2,-17],[1,-11],[5,-25],[4,-17],[2,-9],[3,-22],[-1,-8],[-3,-3],[-5,-6],[-9,-3],[-5,0],[-13,8],[-3,0],[-3,0],[-2,1],[-3,2],[-4,-1],[-2,-2],[-3,0],[-11,6],[-13,7],[-11,5],[-5,3],[-13,6],[-3,0],[-9,-6],[-12,-9],[-1,-2],[-4,-6],[-1,-2],[-1,-9],[2,-9],[6,-8],[4,-5],[2,-4],[13,-20],[12,-11],[6,-8],[5,-4],[4,-2],[24,-8],[5,-1],[8,-4],[3,-3],[3,-6],[-1,-14],[1,-2],[1,-5],[2,-4],[4,-5],[5,-3],[14,-16],[14,-13],[5,-2],[7,1],[6,1],[10,2],[6,1],[2,2],[28,17],[24,12],[12,-7],[14,-15],[17,4],[21,31],[15,13],[6,1],[17,-9],[7,0],[35,3],[11,-2],[14,-16],[8,-3],[22,11],[29,7],[16,1],[10,-5],[9,-8],[55,-19],[26,-29],[40,-10],[27,-17],[16,-17],[14,-1],[30,4],[24,-1],[51,-18],[24,-14],[15,-5],[25,-17],[15,-20],[19,-15],[5,-8],[1,-16],[-7,-10],[-24,-19],[-28,-16],[-23,-9],[-35,-19],[-28,-11],[-44,-36],[-17,-5],[-10,0],[-5,-2],[-9,-3],[-40,-34],[-12,-17],[-9,-19],[-7,-32],[-1,-22],[10,-52],[11,-23],[1,-9],[8,-13],[35,-24],[16,-26],[27,-15],[32,-10],[9,6],[6,1],[8,-3],[5,6],[1,2],[17,3],[9,14],[5,1],[22,-1],[27,-12],[22,-6],[12,2],[9,7],[6,2],[14,-27],[8,-9],[12,-1],[17,7],[8,-1],[19,10],[19,-14],[19,-17],[3,-7],[-5,-16],[-7,-22],[4,-23],[-8,-16],[0,-6],[59,-97],[0,-7],[-12,-27],[-14,-18],[-55,-27],[-23,-18],[-20,-27],[-26,-20],[-26,-62],[-2,-23],[6,-20],[8,-11],[14,-12],[9,-3],[18,-2],[9,-7],[0,-8],[-15,-57],[4,-18],[84,-65],[37,-15],[41,-28]],[[2124,5087],[-2,-11],[-4,-8],[-14,-13],[-34,-14],[-3,-14],[3,-36],[-3,-20],[-12,-28],[-20,-32],[-32,-34],[-32,-23],[-21,-18],[-8,-22],[-4,-48],[-5,-6],[-23,-10],[-13,-2],[-12,-7],[-2,-12],[4,-23],[10,-25],[4,-28],[-7,-20],[-46,-42],[-40,-66],[-25,-47]],[[1783,4478],[-27,-8],[-12,1],[6,38],[9,27],[16,26],[-3,35],[-6,16],[-5,4],[-6,-10],[-31,-81],[-14,-31],[-23,15],[-22,26],[-13,32],[-12,32],[-28,81],[-38,16],[-10,16],[-11,10],[-32,2],[-22,16],[-1,12],[10,13],[2,6],[0,5],[-5,12],[-51,32],[-17,14],[-7,12],[-2,20],[6,54],[-2,29],[-12,19],[-28,28],[-22,30],[-22,23],[-19,28],[-2,6],[-21,61],[-6,33],[-31,57],[-9,33],[-15,35],[-21,38],[-3,5],[-11,19],[-3,4],[-5,10],[-4,5],[-2,3],[-2,5],[-6,9],[-4,9],[-6,9],[-4,5],[-25,24],[-1,3],[-2,13],[-2,6],[-1,5],[-2,1],[-17,15],[-13,14],[-9,8],[-2,4],[4,19],[3,11],[1,8],[-7,3],[-8,7],[-9,4],[-6,0],[-6,-2],[-2,-2],[-2,-4],[-3,-6]],[[1065,5555],[-10,3],[-8,4],[-4,4],[-6,7],[-6,8],[-9,8],[-9,5],[-9,6],[-7,5],[-13,8],[-9,6],[-12,6],[-13,4],[-4,4],[-23,8],[-7,5],[-17,8],[-7,1],[-8,-8],[-5,-4],[-5,-2],[-13,3],[-9,4],[-5,5],[-12,10],[-12,8],[-15,6],[-6,3],[-12,4],[-10,5],[-12,4],[-13,6],[-16,10],[-18,6],[-9,5],[-5,5],[-16,9],[-7,6],[-30,21],[-14,7],[-3,4],[-14,10],[-3,2],[-12,12],[-24,15],[-6,4],[-6,3],[-6,3],[-4,3],[-17,14],[-9,2],[-16,8],[-7,3],[-7,0],[-6,3],[-9,3],[-8,6],[-12,5],[-9,4],[-5,5],[-9,2],[-7,3],[-6,4],[-7,3],[-2,4],[-7,5],[-8,10],[-11,13],[-9,10],[-2,5],[-8,13],[-3,2],[-2,5],[-4,4],[-2,5],[-10,18],[-3,8],[-5,5],[-1,5],[-4,6],[-7,11],[-1,5],[-7,13],[-1,6],[-9,13],[-2,4],[-4,-6],[-9,-1],[-5,0],[-3,-1],[-5,2],[-3,3],[1,3],[1,7],[-2,11],[-2,4],[-3,4],[0,2],[-3,2],[-2,0],[-5,1],[-8,2],[-9,3],[-13,9],[-5,15],[-4,2],[-4,7],[-5,3],[-4,4],[-1,2],[-8,8],[-3,3],[-4,3],[-4,1],[-7,-1],[-14,-14],[-6,-7],[-4,-1],[-12,2],[-3,0],[-7,2],[-10,6],[-6,10],[-2,-1],[-4,-2],[-3,0],[-5,-3],[-4,-1],[-11,2],[-3,0],[-16,2],[-4,-2],[-9,-2],[-3,-1],[-1,0],[-5,2],[-1,5],[-14,7],[-6,2],[-7,-3],[-6,-5],[-5,-6],[-5,-3],[-3,-4],[-4,-7],[-12,-1],[-2,20],[2,26],[14,16],[20,18],[18,14],[27,12],[39,13],[24,4],[13,-8],[40,0],[8,13],[7,16],[6,19],[7,10],[19,1],[19,-11],[24,-3],[50,11],[9,22],[23,19],[26,21],[16,17],[19,14],[30,1],[22,17],[21,18],[32,24],[22,16],[24,7],[12,15],[59,6],[17,9],[15,10],[4,7],[4,8],[6,18],[3,16],[16,30],[5,18],[-7,21],[-9,20],[1,18],[-3,23],[-8,11],[-14,1],[-9,-10],[-13,-4],[-12,5],[-24,-15],[-11,6],[-10,12],[-13,4],[-13,-2],[-13,10],[-11,17],[-5,16],[-7,19],[-9,16],[-8,20],[-14,11],[-19,12],[-7,8],[5,11],[1,12],[1,9],[8,3],[10,0],[12,-3],[21,-21],[13,-3],[9,15],[-5,41],[3,15],[13,-3],[17,-4],[15,-2],[18,1],[10,5],[-7,12],[-9,12],[-15,9],[3,14],[9,19],[-1,13],[-8,14],[-11,23],[5,14],[14,12],[12,19],[-6,7],[-8,0],[-6,-1],[-8,-4],[-10,4],[-9,11],[-12,14],[-13,14],[-18,7],[-15,9],[-18,8],[-9,11],[0,28],[1,14],[6,15],[3,13],[11,7],[2,13],[-11,10],[-9,12],[-6,15],[-4,13],[-16,11],[-9,12],[1,10],[-2,11],[-4,6],[-8,3],[-7,-3],[-7,5],[-3,9],[-7,8],[-6,5],[-8,1],[-11,-3],[-8,0],[-11,4],[-7,8],[-4,11],[4,14],[4,10],[-4,8],[-9,31],[12,10],[17,7],[17,20],[12,20],[20,36],[5,19],[3,20],[4,12],[13,10],[7,12],[13,18],[9,17],[10,8],[8,5],[12,8],[-1,23],[-9,14],[-22,27],[-5,12],[5,12],[7,10],[11,12],[6,14],[-2,21],[0,16],[2,14],[8,11],[10,4],[9,2],[10,-1],[11,-8],[6,-9],[4,-10],[3,-25],[7,-11],[11,-8],[13,-7],[14,-4],[32,-5],[-2,23],[-5,11],[-10,15],[0,24],[2,12],[1,23],[2,18],[3,10],[13,17],[11,10],[12,19],[6,14],[-10,15],[-7,13],[2,13],[-7,7],[-6,1]],[[663,8020],[1,4],[4,5],[10,18],[3,5],[8,8],[4,7],[3,3],[4,2],[8,1],[3,-2],[10,-1],[20,-6],[5,-1],[13,2],[6,0],[1,0],[2,8],[3,9],[4,7],[7,6],[7,11],[10,12],[5,5],[3,2],[4,1],[8,6],[6,3],[3,3],[6,4],[3,-1],[6,-2],[1,-3],[3,-7],[1,-7],[-1,-17],[3,-2],[11,-3],[3,1],[5,2],[7,10],[11,2],[5,-1],[10,-3],[5,3],[2,4],[4,7],[8,8],[2,3],[2,2],[7,-1],[5,-2],[4,-4],[6,0],[5,3],[10,4],[14,15],[9,14],[7,6],[11,8],[10,9],[6,4],[10,3],[13,5],[5,2],[17,-5],[9,2],[7,4],[6,6],[8,1],[3,0],[16,-4],[1,3],[17,2],[10,2],[5,-6],[12,-14],[3,-2],[10,-4],[4,-2],[6,-9],[4,-2],[7,-2],[5,-9],[3,-16],[8,-4],[9,-3],[7,-4],[20,-35],[34,-66],[11,-51],[-21,-18],[-21,-10],[-23,3],[-3,-2],[-2,-3],[-8,-6],[-4,-4],[-5,-4],[-5,-1],[-7,-1],[-9,-3],[-9,-1],[-3,-2],[-1,-2],[-2,-7],[-3,-11],[-3,-16],[2,-5],[4,-5],[3,-6],[10,-20],[1,-7],[-1,-11],[1,-11],[9,-13],[5,-8],[0,-11],[-3,-31],[0,-13],[2,-7],[7,-12],[11,-28],[1,-7],[2,-6],[7,-18],[3,-5],[14,-13],[25,-15],[19,-17],[23,-38],[6,-25],[-4,-24],[5,-12],[8,-9],[16,-10],[9,-16],[18,-6],[11,-8],[23,-42],[17,-8],[4,-6],[6,-18],[8,-11],[0,-23],[3,-7],[21,-8],[11,-8],[-3,-8],[-8,-13],[3,-12],[10,-15],[12,-18],[0,-5],[-15,-27],[-6,-8],[-11,-6],[-5,-13],[-3,-40],[-12,-25],[2,-43],[-9,-20],[-10,-11],[-37,-15],[-16,-23],[-10,-29],[-12,-9],[-10,4],[-14,9],[-9,11],[-11,5],[-11,0],[-14,-9],[-5,-7],[0,-14],[12,-48],[-2,-18],[-8,-15],[2,-14],[5,-6],[-3,-8]],[[4214,3176],[-12,0],[-13,4],[-11,-3],[-9,-6],[-23,3],[-12,-5],[-1,-34],[-2,-8],[-19,-24],[0,-11],[8,-24],[-12,-25],[-13,1],[-15,-6],[-10,-9],[-35,-11],[-9,-7],[-15,-3],[-8,-9],[-10,-21],[-17,-24],[-12,-62],[6,-26],[-12,-24],[-13,-34],[-11,-30],[-2,-15],[-9,-5],[-27,-23],[-15,-8],[-12,-10],[-14,-6],[-6,-9],[-5,-17]],[[3844,2685],[-17,5],[-22,2],[-21,7],[-28,-1],[-56,15],[-47,17],[-18,5],[-20,-5],[-15,5],[-42,22],[-33,1],[-31,17],[-26,11],[-68,63],[-9,14],[-22,2],[-14,11],[-53,3],[-43,-2],[-23,17],[-25,28],[-76,70],[-31,26],[-52,18],[-18,19],[-29,14],[-83,68],[-44,48],[-88,109],[-9,2],[-6,19],[-22,34],[-18,42],[-6,33],[1,32],[-6,16],[-1,15],[1,50],[-4,11],[-12,65],[-5,13],[-29,35],[-7,59],[-41,26],[-25,9],[-36,4],[-58,22],[-23,13],[-34,39],[-12,4],[-28,-5],[-36,6],[-100,45],[-37,23],[-19,13],[-1,0]],[[2217,3919],[-13,10],[-13,14],[-6,18],[-8,38],[-11,29],[-6,36],[-9,80],[-9,15],[-13,11],[-19,21],[-63,53],[-16,35],[-21,3],[-4,12],[2,31],[13,44],[-5,11],[-51,3],[-14,2],[-11,12],[-53,30],[-84,42],[-20,9]],[[2124,5087],[4,17],[7,20],[9,4],[40,7],[11,28],[9,3],[10,-1],[42,-24],[32,-25],[9,-5],[29,12],[27,2],[3,15],[-4,25],[4,8],[12,6],[28,1],[21,-9],[13,-18],[11,-22],[8,-28],[-1,-6],[27,-7],[7,-4],[5,-6],[1,-8],[-9,-34],[-1,-15],[4,-30],[10,-28],[29,-28],[17,-9],[36,-10],[24,8],[5,-5],[3,-9],[10,-27],[5,-1],[19,21],[18,46],[9,9],[5,-2],[1,-39],[4,-13],[13,-20],[7,-4],[8,5],[10,27],[17,5],[4,4],[4,19],[13,9],[9,0],[36,-10],[39,-5],[9,-7],[15,-24],[30,1],[5,-1],[5,-6],[15,-22],[5,-4],[5,0],[4,11],[2,19],[5,14],[15,-9],[4,2],[11,9],[-1,11],[-6,9],[-23,6],[-17,0],[-3,1],[-3,7],[1,8],[3,7],[11,10],[5,17],[-4,18],[-11,15],[-12,27],[3,5],[9,4],[6,12],[-5,42],[1,7],[2,5],[33,9],[2,5],[-13,19],[-7,23],[2,28],[4,13],[3,2],[6,-2],[14,-16],[4,0],[6,13],[17,2],[6,9],[9,40],[6,48],[6,20],[13,9],[33,18],[17,16],[5,15],[-1,25],[4,13],[4,2],[7,-1],[25,-3],[7,3],[7,7],[15,10],[18,3],[13,13],[4,9],[2,12],[-6,32],[1,8],[9,15],[17,8],[20,-7],[31,-16],[6,4],[4,9],[5,5],[9,3],[13,0],[19,-24],[59,-50],[12,-17],[5,-3],[8,-1],[14,3],[12,5],[17,33],[14,8],[25,6],[9,3],[6,-3],[38,-28],[10,-3],[7,2],[13,24],[24,4],[9,29],[14,14],[21,-1],[22,-7],[12,12],[4,14],[6,10],[12,-2],[15,-9],[12,2],[37,27],[16,28],[8,-2],[26,-20]],[[3809,5609],[5,-3],[10,-13],[7,-16],[8,-3],[10,15],[17,37],[10,8],[12,3],[15,-26],[7,1],[7,6],[5,40],[3,2],[14,4],[18,-1],[19,6],[62,33],[17,20],[0,4],[11,5],[25,26],[17,16],[5,-4],[10,-3],[38,8],[24,8],[24,16],[11,7],[14,2],[9,-4],[17,-15],[8,-13],[6,-3],[21,-1],[28,-8],[46,3],[4,-3],[-3,-7],[-13,-14],[-18,-26],[-36,-34],[-26,-31],[-17,-15],[-12,-14],[-3,-10],[-6,-12],[-9,-8],[-2,-5],[-9,-30],[-6,-32],[0,-8],[8,-27],[9,-14],[6,-6],[7,-3],[23,-1],[37,9],[10,7],[9,1],[16,-5]],[[2217,3919],[-83,-140],[-61,-55],[-49,-56],[-97,-83],[-29,50],[-80,-28],[-3,-12],[-30,-55],[-47,-43],[-77,-13],[-15,-64],[-55,-48],[-17,-31],[-6,-13],[-27,-8],[-2,-1],[-8,-9],[-10,-12],[-6,-42],[-19,-41],[-10,-8],[-16,1],[-14,5],[-26,1],[-25,-13],[-19,-18],[-12,-18],[-10,-26],[3,-11],[10,-9],[5,-13],[-16,-24],[3,-14],[-4,-32],[-12,-3],[-38,9],[-8,2],[-38,5],[-27,-4],[-18,-33],[-26,30],[-5,14],[-1,21],[6,16],[6,2],[9,40],[2,17],[-3,13],[-4,4],[-4,-5],[-6,-9],[-5,-7],[-12,0],[-1,-1],[-9,8],[-6,2],[-3,-5],[-9,-2],[-4,8],[-6,0],[-11,-6],[-8,1],[-5,8],[-5,4],[-4,8],[-3,1],[3,3],[1,8],[0,7],[7,11],[6,14],[-2,4],[-4,16],[-2,11],[-2,8],[6,11],[11,2],[8,-8],[4,-8],[8,-8],[11,6],[11,6],[13,-8],[6,10],[-4,16],[-1,15],[-4,15],[-1,19],[4,23],[7,14],[-5,8],[-2,0],[-8,1],[-12,16],[-6,24],[3,14],[4,8],[3,3],[0,7],[1,8],[3,7],[4,7],[3,7],[-2,8],[0,4],[-2,0],[-6,-7],[-18,-13],[-2,0],[-2,8],[-10,16],[-4,8],[-8,8],[-7,16],[-13,5],[-5,1],[-2,8],[-3,0],[4,7],[-6,1],[1,7],[9,7],[-8,4],[-7,12],[3,8],[12,6],[16,6],[-7,8],[-20,17],[-5,8],[-5,1],[-7,-3],[-18,-3],[-9,5],[-7,-7],[-14,4],[-11,-7],[-16,-23],[-3,3],[-5,-4],[5,-5],[-4,-3],[-6,4],[-4,-5],[16,-14],[-30,-4],[-38,11],[-13,-3],[-15,2],[-9,5],[-11,-11],[-1,-17],[-10,-3],[-23,-19],[-12,3],[-16,-17],[-5,-13],[-12,3],[-6,-7],[-7,-14],[-12,-14],[-15,-9],[-22,-1],[-30,13],[-19,16],[-34,18],[-10,14],[24,44],[-7,9],[-35,29],[-37,6],[-23,6],[-9,6],[-3,9],[17,37],[12,16],[4,15],[-5,12],[-16,22],[-3,32],[2,11],[12,29],[-6,24],[5,19],[-13,11],[-1,9],[12,16],[-34,43],[-10,25],[-21,19],[-2,7],[7,17],[-4,31],[-10,20],[-20,16],[-8,11],[5,15],[-2,41],[-49,12],[-11,11],[-10,16],[-8,14],[-3,15],[3,24],[-2,26],[2,15],[23,-6],[6,13],[13,11],[7,29],[14,12],[7,11],[11,8],[5,8],[-10,34],[-2,21],[-13,5],[-15,10],[-4,8],[9,15],[14,16],[10,8],[1,22],[10,12],[21,14],[10,18],[4,13],[-2,16],[-38,45],[-3,11],[19,12],[12,13],[7,43],[4,10],[5,9],[8,10],[12,12],[13,8],[6,3],[9,4],[14,5],[5,3],[8,9],[4,12],[1,9],[-2,4],[-2,2],[-7,12],[-13,10],[-5,9],[-5,4],[-7,6],[-4,6],[-2,6],[2,8],[9,18],[9,20],[2,8],[8,14],[3,4],[2,1],[6,15],[5,5],[5,9],[2,5],[4,17],[4,11],[4,13],[5,6],[3,9],[7,13],[2,8],[1,3],[9,6],[7,1],[6,-2],[3,-2],[8,-7],[3,-3],[6,-6],[5,-6],[4,-4],[4,-6],[8,-6],[7,-2],[7,0],[6,2],[8,5],[6,8],[6,11],[0,8],[6,8],[4,13],[3,3],[6,2],[6,4],[6,3],[10,7],[4,5],[3,3],[12,16],[2,6],[4,4],[7,15],[2,3],[7,15],[6,9],[8,9],[8,17],[3,8],[3,4],[4,9],[9,22],[1,7],[2,11],[9,14],[10,15],[3,3],[10,11],[4,6],[4,4],[25,33],[6,6],[8,11],[9,10],[3,7],[4,15],[1,10],[3,33],[2,6],[5,15],[3,11],[3,8],[10,7],[10,6],[10,11],[10,11],[11,18],[4,7],[11,17],[6,13],[2,7],[1,4],[4,14]],[[6905,1246],[1,-5],[-3,-8],[-4,-7],[-7,-6],[-12,0],[-9,-3],[-4,-4],[-7,3],[-9,-2],[-7,-5],[-8,-3],[-6,1],[-18,0],[-12,-10],[-4,-6],[-11,-3],[-11,-18],[-4,-4],[-9,-4],[-13,10],[-4,-1],[-2,-4],[1,-8],[-2,-5],[-7,-3],[-7,-8],[-14,-25],[-3,-5],[-1,-8],[1,-6],[-3,-6],[2,-6],[5,-3],[1,-5],[-1,-6],[-9,0],[-8,-3],[-3,-11],[6,-19],[-2,-5],[-5,-5],[-4,-7],[-7,2],[-6,8],[-4,5],[-7,-2],[-13,-8],[-3,-8],[1,-15],[1,-16],[-6,-8],[-5,-6],[-5,0],[-11,9],[-1,5],[1,13],[6,8],[5,9],[-1,6],[-2,2],[-11,10],[-10,11],[-6,12],[-4,14],[0,8],[-2,6],[-16,12],[-6,-5],[-3,-4],[-4,1],[-7,-3],[-3,-8],[-6,-7],[-7,-12],[-4,-15],[-6,-9],[-7,1],[0,7],[2,6],[-4,1],[-20,-14],[-10,-8],[-8,-13],[-7,-5],[-12,-4],[-10,-5],[-4,1],[1,14],[-3,9],[-16,-4],[-2,6],[0,12],[2,14],[-3,6],[-22,16],[-7,14],[1,8],[8,7],[15,0],[4,1],[-7,30],[-10,4],[-4,0],[-5,-1],[-10,-5],[-13,2],[-14,7],[-13,7],[-10,-7],[-11,0],[-2,8],[2,12],[-6,14],[-16,11],[-6,0],[-5,-9],[-16,-2],[-10,3],[-11,-7],[-3,-8],[7,-7],[1,-9],[-9,-6],[-36,6],[-30,7],[-11,9],[-18,0],[-15,6],[-15,18],[-12,10],[-11,14],[2,15],[-9,21],[-17,20],[-13,7],[-12,7],[-55,35],[-26,11],[-12,-10],[-10,-30],[-14,-9],[-13,-17],[-10,-20],[-104,-5],[-39,-5],[-41,9],[-148,-4],[-158,3],[-55,-2],[-65,-1],[-15,4],[-14,19],[-24,23],[-15,13],[-28,37],[-44,38],[-19,17],[-41,30],[-25,27],[-24,30],[-21,31],[-28,25],[-36,31],[-8,8],[-15,22],[-3,4],[-21,10],[-26,25],[-17,29],[-15,22],[-36,19],[-12,10],[-8,23],[-2,22],[-7,16],[8,12],[1,21],[13,24],[29,26],[36,53],[0,12],[-61,11],[-82,15],[-20,7],[-80,26],[-63,24],[-14,5],[-16,11],[-9,-2],[-19,10],[-24,18],[-21,4],[-21,-6],[-32,-26],[-3,-14],[-10,-22],[-7,1],[-29,3],[-10,2],[-11,7],[8,15],[1,8],[3,12],[-14,13],[-11,-1],[-23,-18],[-4,-9],[-3,-8],[1,-18],[0,-6],[-4,-13],[-7,6],[-5,4],[-13,7],[-33,-4],[-16,4],[-16,1],[-15,16],[-11,4],[-10,5],[-11,19],[-7,10],[-4,10],[0,16],[-10,10],[-10,14],[-2,7],[-1,4],[2,8],[9,11],[17,18],[8,22],[-3,7],[-12,4],[-11,1],[-5,-2],[-4,1],[-2,5],[-1,9],[-4,7],[-7,7],[-15,2],[-13,-8],[-15,-9],[-7,-3],[-12,3],[-6,-3],[-7,-4],[-14,-10],[-6,0],[-7,6],[-8,14],[-8,6],[-21,11],[-13,12],[-11,9],[-4,2],[-5,6],[-21,12],[-6,4],[-13,12],[-12,5],[-5,4],[-3,9],[-20,9],[-24,5],[-7,3],[-26,4],[-5,-1],[-17,0],[-6,-4],[-10,-4],[-10,5],[-6,5],[-8,16],[-6,3],[-12,-16],[-8,0],[-16,7],[-32,9],[-20,9],[-16,17],[-8,16]],[[3649,2366],[17,6],[5,6],[-4,11],[-9,8],[2,17],[11,0],[12,-5],[47,21],[9,7],[1,6],[-4,8],[4,9],[7,2],[10,-5],[12,-3],[7,23],[29,22],[13,15],[10,27],[17,26],[11,84],[20,19],[45,15],[-9,15],[-56,-15],[-12,0]],[[7285,7530],[3,-4],[0,-2],[38,-32],[1,-2],[5,-4],[14,-3],[15,7],[16,20],[5,4],[6,13],[8,9],[2,2],[33,7],[3,3],[1,4],[-3,27],[3,17],[2,4],[15,7],[9,1],[26,-3],[2,1],[6,-3],[12,-7],[11,-11],[2,-5],[1,-2],[3,-7],[4,-3],[0,-1],[4,-4],[2,-1],[3,-8],[1,-1],[5,-10],[2,-2],[4,-5],[8,-15],[9,-8],[2,-2],[1,-4],[1,-19],[-2,-20],[3,-16],[2,-1],[6,-12],[2,-2],[2,-5],[1,-4],[14,-10],[6,-4],[28,-9],[3,1],[8,23],[5,6],[6,3],[7,2],[2,0],[9,-4],[2,-3],[3,0],[1,-2],[2,-2],[5,-11],[2,-2],[2,-7],[2,-1],[1,-1],[1,-5],[4,-10],[1,-1],[7,-17],[2,-2],[3,-10],[2,-2],[7,-16],[0,-10],[-1,-5],[-12,-25],[-6,-25],[-15,-18],[-6,-11],[-6,-37],[-2,-12],[-2,-2],[-1,-12],[-7,-8],[-21,-14],[-3,1],[-29,-5],[-5,-2],[-11,-7],[0,-3],[-1,-2],[-1,-1],[-21,-13],[-7,-10],[-2,-6],[-3,-12],[-2,-18],[7,-16],[16,-11],[0,-4],[25,-16],[9,-5],[2,-1],[0,-5],[6,-6],[0,-1],[10,-11],[5,-13],[2,0],[1,-14],[-5,-17],[-6,-8],[-8,-14],[-10,-11],[-2,-3],[0,-13],[1,-14],[2,-2],[18,-9],[9,-2],[5,0],[1,-1],[0,-1],[3,-2],[1,-4],[-1,-17],[-1,-4],[-16,-19],[-1,-4],[0,-14],[14,-55],[11,-9],[3,-3],[16,-10],[0,-2],[9,-3],[16,-8],[6,-6],[1,-6],[5,-3],[0,-3],[9,-5],[4,-3],[5,-1],[11,5],[5,3],[5,4],[6,14],[4,5],[3,4],[3,1],[4,0],[2,0],[3,-1],[2,-2],[-1,-12],[1,-10],[2,-1],[1,-2],[7,-3],[2,3],[3,2],[0,3],[1,5],[3,3],[12,10],[13,1],[17,1],[7,-2],[2,0],[2,-2],[5,-3],[1,-1],[8,-2],[7,-2],[9,-4],[4,-2],[2,0],[2,1],[5,0],[3,0],[3,0],[0,-3],[7,-2],[2,-1],[10,-2],[5,-2],[1,-3],[-1,-4],[5,-6],[0,-2],[7,-11],[1,0],[3,-9],[2,-1],[2,-2],[4,-9],[13,-10],[24,-16],[27,-13],[8,-7],[2,-4],[12,-8],[57,-34],[9,-6],[37,-12],[18,16],[12,7],[26,4],[5,-2],[1,-4],[10,-11],[9,-28],[9,-10],[3,-3],[6,-14],[2,-2],[2,-2],[19,-16],[71,-34],[25,-9],[43,-5],[5,-1],[5,-1],[29,-5],[13,-5],[13,-12],[0,-4],[2,0],[1,-5],[5,-5],[2,-2],[2,-6],[1,0],[16,-34],[2,-2],[2,-4],[11,-12],[6,-8],[1,-1],[5,-6],[1,-2],[16,-12],[1,-3],[12,-4],[7,-4],[4,3],[4,15],[1,3],[3,3],[13,9],[-1,2],[13,2],[14,-4],[22,4],[11,9],[16,31],[15,47],[7,3],[2,0],[21,1],[21,-9],[27,-18],[102,-81],[6,-8],[8,-8],[0,-3],[9,-8],[0,-2],[2,-3],[2,-2],[15,-11],[4,-1],[5,-3],[2,-1],[5,-3],[5,2],[8,-2],[21,2],[15,-9],[4,-3],[1,-5],[5,-2],[2,-3],[19,-17],[0,-3],[66,-58],[58,-37],[33,-21],[18,-15],[23,-24],[0,-2],[11,-11],[0,-1],[7,-8],[2,-5],[10,-15],[2,-2],[2,-8],[3,-4],[3,-3],[13,-35],[2,-1],[5,-15],[2,0],[0,-5],[3,-3],[2,-1],[11,-38],[4,-9],[1,-1],[5,-8],[18,-17],[1,-3],[32,-27],[51,-37],[19,-12],[8,-4],[17,-8],[55,-22],[22,-5],[33,-7],[3,0],[13,-4],[38,-12],[37,-21],[26,-10],[32,-11],[39,-8],[12,-2],[6,0],[12,-3],[5,-1],[14,-6],[58,-24],[15,-5],[17,-5],[45,-10],[49,-27],[3,-3],[9,-9],[2,-2],[4,-6],[6,-15],[1,-1],[1,-8],[0,-2],[-4,-59],[8,-27],[2,-2],[2,-2],[9,-24],[3,-5],[2,-7],[1,-15],[2,-1],[0,-19],[0,-6],[-6,-1],[-21,-1],[-3,1],[-13,-2],[-50,-19],[-39,-16],[-11,-5],[-5,1],[-17,7],[-3,7],[-1,1],[-3,1],[-9,-2],[-7,-5],[-4,-1],[-9,-17],[-7,-5],[-22,7],[-14,-2],[-19,-8],[-28,-13],[-11,-7],[-4,-1],[-2,1],[-25,8],[-5,3],[-2,6],[-1,3],[-3,2],[-7,11],[-2,1],[-2,10],[1,1],[-1,5],[3,9],[0,10],[1,33],[1,9],[-6,21],[-2,2],[-3,6],[-15,11],[-18,-3],[-10,-6],[-9,-15],[-3,-3],[-5,-19],[-6,-6],[-17,-29],[-3,-4],[-14,-39],[-21,-22],[-10,-7],[-4,-3],[-9,-13],[-1,-7],[4,0],[22,-71],[3,-23],[0,-28],[-8,-21],[-21,-18],[-21,-13],[-10,-5],[-15,-13],[-16,-39],[-1,-3],[-10,-13],[-2,-2],[-9,-4],[-16,-3],[-24,3],[-8,-2],[-9,-5],[-19,-12],[-3,-1],[-3,-5],[-4,-4],[-1,-1],[-7,-17],[-7,-8],[-2,-2],[-10,-28],[-10,-10],[-10,-13],[-3,-2],[-6,-12],[-6,-4],[-12,-12],[-6,-6],[-21,-8],[-4,-2],[-8,-8],[-2,-4],[-2,-5],[-16,-18],[-1,-6],[0,-3],[-1,-11],[-1,-38],[-19,-49],[-14,-25],[-7,-21],[-9,-13],[-26,-18],[-21,10],[-9,3],[-11,-5],[-5,-7],[-12,-8],[-1,-5],[-3,-1],[-6,-7],[-1,-4],[-4,-2],[-8,-11],[-3,-5],[-8,-6],[-1,-2],[-31,-31],[-3,-6],[-10,-13],[-4,-4],[-4,-20],[-10,-9],[-24,-4],[-9,1],[-8,-1],[-16,-3],[-7,1],[-2,-1],[-35,1],[-14,2],[-3,0],[-4,1],[-11,7],[-3,6],[-2,3],[-7,-2],[-3,1],[-4,0],[-32,-21],[-2,-2],[-9,0],[-4,1],[-10,0],[-3,-1],[-10,-5],[-12,-9],[-50,-61],[-11,-11],[-20,-39],[-1,-19],[3,-10],[4,-73],[-5,-17],[-5,-13],[-13,-17],[-5,-9],[-7,-11],[-4,-20],[1,-15],[2,-6],[-3,-10],[-13,-15],[-4,-16],[-1,-2],[-13,-5],[-18,-9],[-5,-4],[-1,-1],[-16,-29],[-23,-23],[-8,-13],[-41,-24],[-9,-11],[-20,-29],[-14,-59],[-5,-5],[-11,2],[-3,0],[0,-4],[0,-2],[-7,2],[-13,9],[-36,16],[-8,-1],[-4,1],[-12,-3],[-23,-9],[-9,2],[-6,2],[-3,2],[-7,5],[-5,12],[-6,5],[-10,-1],[-8,-7],[-6,-15],[-2,-3],[-23,-9],[-17,-15],[-21,-6],[-2,-1],[-2,0],[-1,-5],[-16,-76],[-1,-10],[-5,-18],[-2,-2],[-8,-6],[-3,1],[-8,-2],[-4,-1],[-4,-5],[-2,-13],[-1,-2],[-5,-6],[-6,-5],[-4,-2],[-22,9],[-10,-4],[-2,-1],[-1,-4],[-6,-14],[-3,-5],[-1,-9],[0,-46],[1,-9],[6,-16],[5,-5],[4,-1],[11,-3],[1,-7],[1,-3],[0,-4],[-1,-7],[-1,-3],[-1,-4],[1,-14],[2,-1],[4,-15],[1,-1],[3,-6],[4,-4],[1,-5],[0,-2],[1,-1],[2,-1],[2,-9],[2,-1],[10,-30],[12,-61],[2,-2],[1,0],[1,-3],[2,-1],[31,-27],[7,-6],[2,-3],[2,-3],[3,-1],[24,-24],[9,-32],[2,-19],[-3,-17],[-2,-6],[-22,-35],[-6,-14],[0,-27],[1,-8],[1,-29],[-6,-7],[-1,-1],[-4,-9],[-2,-2],[-3,-8],[-1,-3],[0,-2],[-12,-9],[-5,-25],[-7,-7],[-1,-4],[-1,-14],[-1,0],[-2,-6],[-1,-2],[-12,-3],[-3,-1],[-14,5],[-5,-1],[-12,-7],[-2,-5],[-13,-14],[-3,-2],[-4,-4],[-21,-8],[-25,-25],[-19,-8],[-6,-11],[1,-23],[-4,-13],[2,-4],[23,-14],[2,-4],[0,-16],[-1,-7],[-6,-19],[-2,-5],[-3,-7],[-5,-6],[-13,-8],[-5,-4],[-14,-5],[-10,-2],[0,-2],[-8,-5],[-7,-7],[-12,-12],[-1,-5],[-7,-11],[-3,-3],[-9,-8],[-4,-5],[-2,0],[-1,-3],[-1,0],[-8,-21],[2,-23],[-4,-2],[-7,2],[-8,6],[-5,15],[-3,2],[-8,-1],[-4,-3],[-4,-11],[-9,-25],[-14,-17],[-3,0],[0,-7],[2,-9],[23,-21],[1,-2],[2,-2],[5,-21],[1,-4],[-1,-7],[-2,-3],[-8,-7],[-17,7],[-12,-3],[-2,-3],[-4,-4],[-9,6],[-2,3],[-1,4],[-4,12],[-2,2],[0,6],[-4,2],[-13,-4],[0,-2],[-8,-13],[-8,-6],[-3,-1],[-18,2],[-8,-2],[-14,-13],[-6,-2],[-8,4],[-10,-4],[-1,-12]],[[3809,5609],[-1,13],[-6,12],[-3,3],[-7,9],[-4,4],[-10,3],[-4,0],[-1,9],[-1,6],[-9,5],[-7,10],[-3,12],[0,3],[-3,9],[-2,5],[-3,6],[-5,2],[-5,13],[-4,1],[-6,7],[-6,9],[-7,3],[-6,11],[-4,15],[4,11],[0,9],[-2,14],[-1,11],[4,12],[16,8],[3,10],[-9,10],[-17,12],[-7,12],[6,17],[6,29],[-3,8],[-13,7],[-16,18],[-18,3],[-9,3],[-3,9],[2,18],[-1,11],[-5,13],[4,10],[2,10],[-5,11],[-4,15],[2,6],[2,9],[1,10],[-2,8],[-17,8],[-20,8],[-24,16],[13,11],[5,5],[13,15],[7,11],[12,17],[18,22],[10,12],[10,16],[2,21],[0,11],[-4,18],[-2,13],[-1,6],[9,14],[3,17],[-10,16],[-2,5],[-8,16],[-29,27],[-13,12],[-7,7],[-3,12],[13,6],[14,1],[12,10],[7,5],[9,-4],[12,2],[14,5],[13,9],[8,10],[7,13],[8,17],[7,8],[8,26],[-5,9],[-2,8],[-4,20],[-6,9],[-3,9],[3,12],[0,5],[0,8],[-5,18],[-3,17],[-6,16],[4,7],[9,5],[2,11],[-2,23],[3,12],[7,6],[3,3],[7,7],[6,8],[3,17],[12,9],[12,7],[13,1],[11,7],[4,10],[-4,20],[-3,18],[-6,11],[2,10],[15,16],[21,15],[9,10],[1,23],[8,7],[7,9],[2,8],[1,12],[-3,9],[0,16],[3,16],[-3,20],[-5,10],[2,13],[2,10],[3,13],[2,4],[7,54],[7,30],[-2,21],[33,83],[14,20],[44,11],[19,32],[13,14],[20,2],[36,15],[44,7],[14,5],[17,22],[18,1],[27,12],[9,36],[14,15],[-9,54],[16,28],[-1,18],[14,43]],[[4204,7604],[35,-4],[19,-9],[28,-10],[15,-1],[3,-8],[14,-14],[20,-30],[34,-34],[8,-3],[20,1],[24,-8],[27,1],[23,-10],[6,-6],[3,-11],[0,-19],[3,-18],[10,-16],[15,-7],[10,0],[14,9],[22,7],[16,8],[17,2],[63,-29],[23,-21],[9,-29],[25,12],[24,4],[36,-12],[56,-12],[30,-33],[6,-2],[39,5],[11,5]],[[1269,6900],[16,-1],[22,-6],[41,-37],[16,-11],[16,13],[40,13],[18,8],[-1,17],[-7,14],[-3,8],[1,4],[20,28],[29,14],[30,5],[16,8],[30,3],[28,11],[10,-2],[19,-16],[14,-5],[13,-1],[30,10],[1,1],[5,-2],[0,2],[0,2],[4,-6],[9,-14],[5,-6],[4,-3],[9,-33],[9,-20],[2,-14],[7,-12],[4,-5],[-7,-2],[-3,1],[-7,2],[-3,-5],[0,-6],[0,-6],[3,-14],[-2,-6],[-1,-5],[2,-5],[8,-8],[8,-3],[14,0],[9,-7],[24,-3],[4,-2],[35,-16],[3,-2],[9,-4],[3,-2],[42,17],[6,4],[19,11],[16,4],[16,25],[5,36],[3,6],[13,12],[4,2],[24,-10],[21,14],[1,1],[7,5],[9,0],[2,1],[12,-3],[14,-9],[13,-21],[19,-19],[11,-15],[0,-1],[7,-9],[5,-15],[2,-1],[3,-2],[-1,-3],[-1,-2],[-16,-11],[-8,-10],[-11,-23],[18,-17],[2,-3],[5,-8],[2,-2],[4,-1],[-3,-1],[-24,-8],[-11,-3],[-2,-15],[8,-22],[1,-2],[2,1],[5,3],[17,10],[9,-1],[17,3],[16,13],[2,11],[-14,31],[-2,4],[4,2],[26,-2],[4,-9],[4,-7],[15,-21],[4,-6],[3,1],[10,12],[2,2],[6,1],[5,-3],[6,-3],[6,-7],[0,-22],[2,-7],[9,-8],[3,-17],[4,-13],[15,-26],[10,2],[6,-3],[2,0],[0,-3],[1,-7],[-3,-21],[2,-3],[21,-15],[18,-4],[16,-5],[18,-15],[25,-36],[2,-7],[5,-21],[21,-14],[5,-2],[3,-10],[0,-11],[0,-5],[0,-14],[4,-13],[1,-26],[4,-4],[7,-2],[6,-1],[5,3],[-5,21],[0,12],[0,15],[5,7],[3,3],[4,12],[22,21],[13,19],[-3,27],[3,24],[22,24],[16,13],[10,8],[2,15],[10,14],[12,18],[4,5],[1,7],[-4,10],[0,17],[-5,47],[-5,3],[-19,10],[-10,7],[-3,34],[0,3],[1,20],[0,5],[1,5],[0,3],[0,3],[0,2],[0,1],[1,2],[9,49],[3,8],[4,3],[7,8],[3,10],[4,14],[11,-1],[23,-7],[17,0],[10,7],[3,4],[10,12],[20,27],[8,4],[4,-19],[23,-22],[11,-8],[10,-18],[10,-24],[19,-30],[-16,-30],[-9,-11],[-4,-2],[-10,-8],[-3,-8],[2,-6],[4,-13],[0,-7],[-6,-20],[1,-20],[-3,-15],[-3,-42],[-1,-20],[2,-10],[1,-8],[4,-6],[22,-9],[11,-3],[18,-3],[13,0],[15,8],[11,5],[25,-12],[15,4],[5,5],[2,1],[2,7],[-1,5],[-7,62],[2,8],[7,8],[3,9],[4,8],[-3,9],[-4,13],[2,15],[4,6],[7,6],[5,3],[7,9],[1,9],[0,4],[11,19],[44,48],[1,7],[-6,15],[1,3],[3,7],[4,3],[10,9],[8,17],[6,14],[1,5],[9,9],[19,13],[1,1],[4,8],[-3,6],[0,7],[-1,10],[1,5],[3,7],[-2,24],[5,59],[3,9],[-4,32],[-13,16],[-19,9],[14,24],[31,13],[8,-3],[10,-15],[10,2],[22,14],[12,-10],[19,4],[19,-15],[44,16],[31,8],[2,10],[-3,14],[2,7],[23,24],[29,23],[9,-3],[9,1],[45,17],[38,30],[13,24],[5,2],[8,-2],[24,-24],[23,-29],[15,-12],[20,-7],[13,12],[8,12],[39,12],[16,3],[56,0],[14,6],[11,-10],[9,2],[1,12],[11,11],[4,3],[29,5],[17,16],[9,14],[12,-5],[18,-2],[8,6],[1,20],[4,15],[11,25],[-2,46],[-10,44],[2,20],[13,33],[1,17],[-5,11],[3,5],[1,16],[13,21],[1,15],[-9,20],[-17,51],[-2,27],[2,14],[9,15],[17,21],[23,15],[4,6],[3,24],[23,21],[16,-1],[20,-7],[8,-9],[20,3],[22,0],[11,6],[25,14],[7,-3],[11,-11],[23,-9],[9,-7],[12,-17],[10,-33],[17,-6],[68,2],[45,25],[24,-1],[15,-13],[15,-17],[6,-10],[9,-9],[7,-21],[0,-83],[44,-49]],[[7462,1468],[-4,-6],[-10,-12],[-10,-10],[-5,-5],[-2,-2],[-3,-7],[-7,-12],[-12,-25],[-19,-53],[-6,-20],[-2,-14],[1,-12],[2,-5],[2,0],[19,-18],[0,-11],[-16,-23],[-12,-28],[-11,-27],[5,-2],[2,-1],[3,-13],[0,-17],[-9,-31],[0,-9],[19,-6],[11,-8],[0,-15],[-8,-7],[-13,-3],[-3,2],[-7,1],[-14,-7],[-2,-5],[-2,-29],[-7,-24],[-1,-4],[-10,-5],[-20,-2],[-13,-4],[-6,-3],[-5,0],[-1,-6],[-8,-13],[-4,-3],[-2,-6],[-9,-11],[-6,-18],[-9,-13],[-21,-65],[-2,-4],[-2,-6],[-19,-38],[-11,-17],[-9,-28],[-10,-54],[2,-53],[0,-17],[-1,-142],[3,-20],[16,-38],[-70,-92],[-1,-16],[-5,-7],[-18,-14],[5,-8],[15,-12],[10,-13],[12,-27],[-6,-29],[-11,-22],[-1,-10],[2,-11],[-4,-7],[-6,-3],[-7,-9],[-17,-34],[-27,-41],[-23,-29],[-8,-9],[-10,-5],[-32,-31],[-39,-1],[-20,-4],[-44,7],[-34,14],[-33,19],[-20,22],[-1,20],[-2,25],[-10,26],[-18,25],[-5,15],[6,6],[-18,26],[-19,6],[-14,19],[-7,8],[-9,16],[13,22],[14,11],[7,17],[2,10],[-19,-3],[-25,-9],[-17,-8],[-20,-1],[-17,0],[-22,7],[-18,9],[-20,15],[-17,13],[8,23],[8,23],[10,2],[13,-4],[18,-10],[31,-6],[13,7],[0,11],[-1,33],[-12,1],[-30,13],[-15,18],[-2,8],[-2,10],[-13,4],[-16,-6],[-7,-4],[-22,7],[-13,8],[-14,-7],[-7,-11],[-24,-36],[-3,-6],[8,-20],[2,-10],[-5,-10],[1,-16],[3,-9],[-6,-6],[-8,3],[-6,-2],[-12,-7],[-2,-7],[-3,-5],[-6,-4],[-18,-2],[-8,-3],[-19,11],[-6,-2],[-4,28],[12,28],[9,-5],[7,-16],[9,-2],[6,7],[3,15],[6,14],[3,18],[1,14],[-6,10],[-16,11],[2,14],[11,11],[0,7],[-5,6],[-5,12],[15,5],[23,7],[3,10],[-1,14],[-5,12],[-3,10],[-9,10],[-17,-5],[-6,-2],[-9,2],[-1,13],[-2,13],[-47,52],[-36,-8],[-6,-1],[-28,14],[-4,-6],[-11,-7],[-10,-16],[-3,-8],[-9,-2],[-13,2],[-13,7],[-29,-8],[-7,-4],[-10,-4],[-8,-5],[-8,-14],[-3,-11],[-1,-8],[-10,-1],[-14,2],[-13,-7],[-13,-1],[-5,-4],[-6,-35],[-33,1],[-16,-13],[0,-15],[-3,-6],[-19,-2],[-16,4],[-29,15],[-2,1],[-6,12],[-19,7],[-11,1],[-20,14],[-14,18],[-16,4],[-14,-7],[-14,-8],[-17,1],[-16,6],[-30,-39],[-9,-12],[-7,-8],[-6,-3],[-7,-1],[-18,1],[-6,-2],[-4,-3],[-8,-5],[-7,-4],[-10,-2],[-8,3],[-7,15],[-2,16],[7,21],[3,11],[0,11],[2,7],[6,24],[0,14],[-4,10],[-6,10],[-20,24],[-14,6],[-6,0],[-10,-8],[-9,-12],[-12,-18],[-9,-20],[-8,-11],[-7,-10],[-10,-11],[-11,-11],[-9,-5],[-13,-2],[-16,-1],[-16,1],[-14,7],[-11,6],[-18,3],[-25,-8],[-9,-8],[-4,-8],[-11,-5],[-13,4],[-21,0],[-23,3],[-18,2],[-9,-6],[-8,-10],[-11,-7],[-12,0],[-7,2],[-18,0],[-7,8],[-7,16],[-4,18],[0,14],[-1,13],[-7,9],[-12,14],[-6,16],[13,36],[3,16],[0,7],[-3,33],[-4,22],[7,16],[4,28],[-3,11],[-9,11],[-8,6],[-18,5],[-13,-3],[-16,-4],[-7,3],[-6,8],[-4,9],[-3,21],[-1,13],[-4,12],[-5,12],[-4,8],[-7,7],[-5,17],[-11,14],[-7,-9],[-6,-10],[-6,-15],[-1,-8],[4,-8],[2,-12],[-8,-4],[-7,-1],[-16,4],[-18,5],[-12,2],[-14,1],[-23,5],[-12,0],[-13,5],[-14,1],[-7,-16],[-10,-4],[-7,1],[-10,4],[-27,23],[-21,16],[-15,29],[-9,9],[-6,7],[-12,17],[-18,18],[-23,19],[-18,15],[-13,13],[-4,25],[-47,38],[-30,23],[-21,20],[-14,-14],[-4,-12],[-42,8],[5,-23],[-21,6],[-26,-13],[-8,5],[-5,12],[-17,8],[-10,16],[-1,20],[13,5],[4,33],[15,29],[-34,13],[-28,19],[-20,33],[-6,46],[6,33],[18,29],[3,28],[-5,47],[-25,16],[-8,19],[-38,16],[-12,-11],[-15,-1],[-22,5],[-25,18],[-55,55],[-39,16],[-15,-4],[-23,-2],[-23,42],[-13,17],[-20,5],[-2,-1],[-9,-5],[-4,-12],[6,-14],[11,-10],[-1,-18],[4,-12],[-6,-10],[-15,4],[-13,11],[-10,14],[-7,-2],[-1,-15],[6,-14],[-2,-16],[-10,-20],[1,-11],[9,-5],[20,1],[13,-7],[12,-1],[10,-10],[-4,-17],[-11,-14],[-12,-10],[-14,-4],[-30,10],[-17,-14],[-6,23],[-11,9],[2,14],[-8,16],[-13,5],[-13,8],[-3,35],[-10,28],[-17,22],[-19,17],[-12,5],[-5,-3],[-1,-5],[3,-5],[-2,-6],[-13,-4],[-14,-3],[-7,-25],[-13,-11],[-31,16],[-29,11],[-8,-16],[-18,-14],[-41,6],[-6,16],[-7,3],[-2,4],[13,16],[15,7],[2,7],[-6,9],[3,11],[-6,14],[10,11],[-1,10],[-12,9],[-6,28],[-14,20],[8,10],[6,14],[-16,8],[-17,20],[13,9],[-1,7],[-3,6],[-12,5],[-7,6],[-4,21],[-37,12],[-2,4],[10,9],[2,11],[-7,20],[-20,32],[-18,10],[-10,11],[-2,14],[-3,8],[-6,3],[-11,-14],[-5,-1],[-8,-14],[-24,7],[-2,12],[-6,5],[-11,-10],[-13,-8],[-20,-7],[-6,-6],[-41,20],[-20,18],[-8,1],[-8,8],[-3,28],[-13,-6],[-66,56],[23,-3],[-3,15],[-13,12],[-42,34],[-22,13],[-22,17],[-11,7],[-19,-2],[-20,18],[0,7],[17,-3],[3,4],[18,-7],[4,5],[-8,22],[0,18],[6,5],[1,10],[10,1],[9,-10],[19,3],[1,12],[13,19],[2,8],[30,24],[18,-9],[5,-6],[-4,-9],[6,-8],[11,-1],[27,5],[5,5],[5,11],[5,-13],[-9,-40],[22,-10],[7,21],[18,7],[1,5],[-15,19],[-3,16],[-4,9],[0,6],[20,13],[28,63],[3,26],[3,10],[8,6],[10,3],[-12,-19],[2,-29],[7,-8],[28,-6],[14,-1]],[[663,8020],[-7,1],[-20,-1],[-21,-3],[-8,-4],[-13,-13],[-12,-2],[-14,1],[-17,2],[-19,5],[5,23],[-3,20],[-8,4],[-13,5],[-7,11],[-5,16],[-5,20],[4,37],[5,14],[16,15],[35,33],[29,1],[20,-5],[21,-12],[27,-24],[26,-27],[16,-12],[16,-5],[14,-3],[13,2],[7,12],[-2,12],[-7,7],[-9,2],[-25,-6],[-9,10],[-12,15],[-2,7],[2,12],[4,11],[13,13],[6,7],[3,7],[1,6],[-1,11],[4,21],[9,5],[8,13],[-9,12],[-1,11],[42,0],[2,10],[-7,14],[-12,14],[7,19],[1,32],[-8,9],[-10,6],[-13,35],[-16,38],[-1,17],[-12,12],[18,1],[8,-3],[0,-6],[15,4],[14,14],[15,35],[18,9],[18,2],[16,14],[22,50],[-1,33],[4,25],[19,19],[43,25],[17,5],[1,25],[4,21],[15,21],[12,21],[-7,21],[16,9],[27,6],[21,-12],[15,4],[57,39],[14,0],[5,14],[14,18],[25,9],[43,-49],[27,4],[18,6],[21,-3],[44,-37],[19,-7],[7,13],[-4,27],[3,20],[31,31],[8,19],[26,6],[3,2],[40,19],[16,-2],[47,2],[13,-8],[22,1],[14,7],[24,25],[17,10],[9,11],[11,3],[16,28],[45,7],[7,23],[19,6],[6,10],[6,17],[22,-4],[14,6],[16,-4],[16,3],[14,-6],[25,-25],[7,-4],[16,3],[21,10],[11,30],[8,12],[15,5],[19,0],[40,-13],[15,17],[0,15],[14,-2],[16,12],[5,14],[10,8],[5,14],[9,14],[32,39],[26,-17],[30,-9],[14,7],[6,25],[4,42],[4,14],[23,-8],[31,-4],[28,12],[27,-3],[33,9],[26,3],[20,-3],[17,-8],[12,-31],[23,8],[5,-26],[9,-17],[20,-27],[-6,-34],[18,-18],[22,3],[27,8],[15,32],[22,-14],[13,-23],[36,-20],[37,-59],[27,-25],[2,-33],[8,-29],[20,5],[28,-4],[79,-1],[67,10],[38,43],[17,32],[16,8],[14,15],[37,5],[13,-3],[33,8],[15,-2],[27,-18],[10,-13],[11,-8],[32,-12],[18,0],[4,-8],[6,-41],[21,-21],[7,-29],[8,12],[27,19],[17,-2],[30,2],[56,-25],[15,1],[19,-6],[16,6],[21,2],[84,-10],[24,1],[20,5],[18,5],[52,26],[18,2],[15,-10],[8,-11],[-6,-20],[-9,-18],[-1,-23],[8,-15],[33,-33],[-5,-20],[17,-36],[8,-24],[17,-13],[12,-27],[26,-20],[19,-10],[22,-6],[29,-50],[27,-19],[25,-13],[12,2],[18,7],[18,-2],[8,7],[3,16],[9,13],[12,3],[14,-1],[22,-31],[35,-2],[14,-6],[14,-1],[29,12],[10,9],[29,16],[55,4],[17,2],[17,-6],[0,3],[0,5],[-17,48],[-4,24],[-6,12],[-7,1],[-19,17],[-7,18],[6,15],[-1,56],[-8,29],[-8,15],[-10,4],[-7,9],[-15,2],[-23,12],[-19,14],[-4,12],[-9,14],[-17,18],[-7,32],[5,17],[0,11],[-45,3],[-11,8],[-17,31],[-11,59],[3,33],[6,-1],[12,7],[3,3],[1,2],[6,16],[1,5],[-1,25],[-1,6],[-1,39],[22,51],[4,19],[1,28],[-6,40],[7,23],[2,3],[12,20],[19,16],[44,21],[4,2],[22,12],[20,4],[2,-1],[34,15],[26,17],[6,8],[5,13],[-1,25],[4,18],[36,77],[14,22],[6,7],[3,2],[2,4],[1,3],[16,13],[17,20],[3,2],[2,7],[2,1],[2,4],[5,11],[3,1],[3,2],[-1,61],[5,31],[4,15],[4,5],[6,12],[14,22],[8,8],[12,5],[4,1],[9,1],[10,-13],[6,-4],[0,-3],[4,-3],[3,-3],[3,-3],[1,-2],[29,-20],[38,-11],[1,-1],[3,-2],[2,-3],[7,-4],[1,-3],[17,-13],[65,-24],[11,-6],[1,-2],[6,-2],[2,-2],[10,-12],[1,-4],[7,-13],[2,0],[16,-37],[2,-2],[3,-8],[3,-4],[3,-5],[3,-5],[5,-8],[27,-26],[1,-2],[15,-16],[19,-45],[2,-6],[2,-3],[2,-7],[6,-17],[2,-2],[0,-2],[2,-2],[1,-3],[2,0],[2,-10],[4,-3],[3,-2],[6,-12],[12,-14],[6,-13],[4,-4],[4,-4],[3,-5],[3,-3],[3,-3],[2,-5],[10,-6],[26,-20],[9,-5],[2,-1],[3,-1],[8,-6],[19,-20],[3,-9],[0,-12],[-3,-6],[-2,-2],[0,-3],[-1,-2],[2,-7],[-2,-5],[1,-6],[1,-10],[1,-3],[4,-7],[2,-2],[7,-6],[0,-4],[36,-36],[4,-4],[2,-5],[21,-19],[1,-5],[2,-2],[1,-18],[-5,-15],[-3,-6],[-2,-2],[-25,-27],[-10,-24],[-3,-26],[3,-29],[10,-12],[17,-14],[7,-1],[5,1],[12,-1],[4,-2],[5,1],[2,1],[22,-5],[4,-5],[2,-5],[4,-11],[1,-1],[2,-6],[1,-1],[2,-2],[7,-18],[3,0],[1,-3],[1,-1],[11,-28],[2,-1],[5,-19],[21,-64],[6,-15],[-1,-22],[-1,-4],[-8,-10],[-5,-15],[-3,-2],[0,-6],[2,-14],[1,-4],[5,-16],[2,-1],[3,-3],[8,-17],[7,-6],[5,-13],[7,-7],[4,-10],[1,-1],[5,-17],[23,-26],[3,-6],[0,-2],[9,-3],[3,0],[5,-1],[10,0],[3,1],[7,-6],[1,-6],[3,-1],[1,-1],[6,-20],[3,-1],[13,-3],[21,2],[8,-1],[3,-1],[8,-4],[5,-4],[12,-10],[10,-7],[5,-2],[14,-4],[4,2],[23,-1],[21,1],[6,-1],[7,-7],[7,-22],[3,-9],[2,-1],[1,-1],[2,-7],[8,-32],[4,-59],[1,-4],[2,-5]]],"transform":{"scale":[0.0003467904858807276,0.0002757953590090871],"translate":[77.57540233684546,28.70955607208198]}}